filename,time_s,peak_memory_mb
img_0.npy,7.05,205.19
img_1.npy,5.91,198.16
img_10.npy,6.15,198.73
img_100.npy,6.26,199.79
img_1000.npy,5.56,199.48
img_1001.npy,5.65,199.33
img_1002.npy,5.20,199.60
img_1003.npy,5.58,200.45
img_1004.npy,5.62,204.89
img_1005.npy,5.42,207.51
img_1006.npy,5.91,198.43
img_1007.npy,5.49,209.15
img_1008.npy,5.71,203.18
img_1009.npy,5.44,200.61
img_101.npy,5.65,199.59
img_1010.npy,5.96,199.99
img_1011.npy,5.17,197.70
img_1012.npy,5.67,199.99
img_1013.npy,5.18,210.45
img_1014.npy,5.87,211.84
img_1015.npy,5.35,199.54
img_1016.npy,5.47,216.13
img_1017.npy,5.74,221.33
img_1018.npy,5.69,208.18
img_1019.npy,5.23,226.72
img_102.npy,5.46,202.40
img_1020.npy,5.76,220.40
img_1021.npy,5.87,217.09
img_1022.npy,5.24,209.02
img_1023.npy,5.25,212.34
img_1024.npy,5.32,199.60
img_1025.npy,5.71,196.98
img_1026.npy,5.38,200.14
img_1027.npy,5.62,198.38
img_1028.npy,5.23,199.55
img_1029.npy,5.57,200.77
img_103.npy,5.78,197.23
img_1030.npy,5.51,199.82
img_1031.npy,5.46,199.07
img_1032.npy,5.69,199.93
img_1033.npy,5.73,200.22
img_1034.npy,5.60,197.69
img_1035.npy,5.59,201.35
img_1036.npy,5.67,197.80
img_1037.npy,5.49,198.84
img_1038.npy,6.01,199.03
img_1039.npy,5.41,199.38
img_104.npy,5.32,200.22
img_1040.npy,5.80,201.99
img_1041.npy,6.02,201.07
img_1042.npy,5.74,200.14
img_1043.npy,5.68,200.51
img_1044.npy,5.77,199.60
img_1045.npy,5.91,204.95
img_1046.npy,5.70,209.30
img_1047.npy,5.33,211.06
img_1048.npy,5.58,201.05
img_1049.npy,5.66,210.72
img_105.npy,5.67,215.01
img_1050.npy,5.84,216.55
img_1051.npy,5.37,218.77
img_1052.npy,5.87,200.82
img_1053.npy,5.69,217.71
img_1054.npy,5.33,215.88
img_1055.npy,5.34,213.65
img_1056.npy,5.58,209.16
img_1057.npy,6.04,203.52
img_1058.npy,5.66,201.46
img_1059.npy,5.80,198.93
img_106.npy,5.53,200.19
img_1060.npy,5.80,206.99
img_1061.npy,5.48,202.27
img_1062.npy,5.57,214.57
img_1063.npy,5.28,222.71
img_1064.npy,5.79,212.34
img_1065.npy,5.38,215.08
img_1066.npy,5.56,200.21
img_1067.npy,5.18,199.33
img_1068.npy,6.11,202.35
img_1069.npy,5.67,198.08
img_107.npy,5.31,199.66
img_1070.npy,5.28,198.79
img_1071.npy,5.09,200.62
img_1072.npy,5.66,199.91
img_1073.npy,5.28,199.40
img_1074.npy,5.67,200.34
img_1075.npy,5.41,200.81
img_1076.npy,5.91,197.98
img_1077.npy,5.29,203.37
img_1078.npy,5.04,201.11
img_1079.npy,5.35,200.33
img_108.npy,5.66,196.52
img_1080.npy,5.43,198.89
img_1081.npy,5.41,201.09
img_1082.npy,5.54,199.06
img_1083.npy,5.77,198.45
img_1084.npy,5.67,196.16
img_1085.npy,5.56,209.71
img_1086.npy,5.53,209.44
img_1087.npy,5.47,208.62
img_1088.npy,5.59,206.91
img_1089.npy,5.75,200.34
img_109.npy,5.38,198.52
img_1090.npy,5.15,199.04
img_1091.npy,5.44,216.56
img_1092.npy,5.46,217.59
img_1093.npy,5.62,199.94
img_1094.npy,5.25,221.09
img_1095.npy,5.89,216.61
img_1096.npy,5.38,197.75
img_1097.npy,5.44,201.00
img_1098.npy,5.82,199.30
img_1099.npy,5.65,202.74
img_11.npy,5.70,200.14
img_110.npy,5.70,198.84
img_1100.npy,4.79,200.99
img_1101.npy,5.23,201.89
img_1102.npy,5.07,202.01
img_1103.npy,5.61,198.78
img_1104.npy,5.20,204.18
img_1105.npy,5.56,199.94
img_1106.npy,5.13,194.94
img_1107.npy,5.25,200.93
img_1108.npy,6.00,204.09
img_1109.npy,5.45,203.61
img_111.npy,5.57,202.40
img_1110.npy,5.46,200.59
img_1111.npy,5.44,201.98
img_1112.npy,5.35,199.81
img_1113.npy,5.75,198.76
img_1114.npy,5.65,199.27
img_1115.npy,5.31,207.91
img_1116.npy,4.91,203.70
img_1117.npy,5.51,196.90
img_1118.npy,5.49,195.26
img_1119.npy,5.45,198.24
img_112.npy,5.16,200.55
img_1120.npy,5.53,215.09
img_1121.npy,5.54,199.00
img_1122.npy,5.39,203.60
img_1123.npy,5.40,199.29
img_1124.npy,5.50,216.58
img_1125.npy,5.28,226.93
img_1126.npy,5.41,208.98
img_1127.npy,5.41,226.63
img_1128.npy,5.21,200.53
img_1129.npy,5.47,219.20
img_113.npy,5.57,214.88
img_1130.npy,5.31,215.30
img_1131.npy,5.77,212.88
img_1132.npy,5.69,199.37
img_1133.npy,5.37,211.11
img_1134.npy,5.43,211.19
img_1135.npy,5.13,207.38
img_1136.npy,5.24,199.89
img_1137.npy,5.32,200.55
img_1138.npy,5.48,203.16
img_1139.npy,5.61,202.57
img_114.npy,5.18,198.08
img_1140.npy,5.20,207.28
img_1141.npy,5.49,209.20
img_1142.npy,5.36,208.78
img_1143.npy,5.21,201.95
img_1144.npy,5.54,210.22
img_1145.npy,5.33,199.70
img_1146.npy,5.42,219.32
img_1147.npy,5.72,218.66
img_1148.npy,5.60,206.07
img_1149.npy,5.19,220.57
img_115.npy,5.47,203.88
img_1150.npy,5.22,208.43
img_1151.npy,5.36,203.05
img_1152.npy,5.03,200.02
img_1153.npy,5.32,199.26
img_1154.npy,5.52,196.50
img_1155.npy,5.40,206.10
img_1156.npy,5.20,202.90
img_1157.npy,5.46,198.25
img_1158.npy,4.94,201.37
img_1159.npy,5.66,198.78
img_116.npy,5.59,197.93
img_1160.npy,5.11,200.01
img_1161.npy,5.14,206.89
img_1162.npy,5.03,208.48
img_1163.npy,5.68,199.57
img_1164.npy,5.35,208.32
img_1165.npy,5.45,206.35
img_1166.npy,5.28,202.56
img_1167.npy,5.01,201.56
img_1168.npy,5.14,200.43
img_1169.npy,5.16,201.64
img_117.npy,5.06,226.35
img_1170.npy,5.18,204.05
img_1171.npy,5.15,204.38
img_1172.npy,4.93,198.65
img_1173.npy,5.00,200.65
img_1174.npy,4.99,198.39
img_1175.npy,5.05,199.77
img_1176.npy,5.05,201.88
img_1177.npy,4.92,198.91
img_1178.npy,4.98,200.27
img_1179.npy,4.95,199.68
img_118.npy,5.20,201.91
img_1180.npy,4.72,198.70
img_1181.npy,4.73,198.36
img_1182.npy,4.77,199.32
img_1183.npy,4.62,197.06
img_1184.npy,5.25,201.74
img_1185.npy,4.79,201.89
img_1186.npy,4.61,202.40
img_1187.npy,4.96,200.93
img_1188.npy,4.61,202.37
img_1189.npy,4.66,198.95
img_119.npy,5.15,197.14
img_1190.npy,4.74,198.21
img_1191.npy,4.55,199.34
img_1192.npy,4.79,201.06
img_1193.npy,4.61,208.84
img_1194.npy,4.76,208.86
img_1195.npy,4.60,210.04
img_1196.npy,4.93,206.70
img_1197.npy,4.62,199.54
img_1198.npy,4.74,198.39
img_1199.npy,4.37,200.79
img_12.npy,5.27,198.62
img_120.npy,4.99,216.95
img_1200.npy,4.82,217.61
img_1201.npy,4.45,216.33
img_1202.npy,4.62,218.93
img_1203.npy,4.70,208.14
img_1204.npy,4.87,215.46
img_1205.npy,4.52,199.68
img_1206.npy,4.80,207.74
img_1207.npy,4.92,199.09
img_1208.npy,4.91,199.11
img_1209.npy,4.47,201.35
img_121.npy,4.73,200.41
img_1210.npy,4.56,202.79
img_1211.npy,4.88,200.20
img_1212.npy,5.01,208.14
img_1213.npy,4.63,202.27
img_1214.npy,5.06,201.07
img_1215.npy,5.09,201.04
img_1216.npy,4.77,197.61
img_1217.npy,4.65,198.15
img_1218.npy,5.12,198.77
img_1219.npy,4.83,209.92
img_122.npy,4.62,208.62
img_1220.npy,4.70,214.38
img_1221.npy,4.49,219.52
img_1222.npy,4.85,212.64
img_1223.npy,5.02,224.00
img_1224.npy,5.00,201.04
img_1225.npy,4.23,213.89
img_1226.npy,5.12,198.25
img_1227.npy,5.03,207.58
img_1228.npy,4.51,202.63
img_1229.npy,5.08,200.81
img_123.npy,4.92,197.71
img_1230.npy,4.74,206.17
img_1231.npy,4.79,213.93
img_1232.npy,4.94,213.24
img_1233.npy,4.56,217.04
img_1234.npy,4.64,218.66
img_1235.npy,4.88,214.91
img_1236.npy,4.36,217.38
img_1237.npy,4.95,211.89
img_1238.npy,4.86,217.37
img_1239.npy,4.65,196.18
img_124.npy,4.23,197.96
img_1240.npy,4.84,197.88
img_1241.npy,5.02,199.04
img_1242.npy,4.58,200.82
img_1243.npy,4.90,202.30
img_1244.npy,4.83,201.44
img_1245.npy,4.59,200.18
img_1246.npy,4.42,198.80
img_1247.npy,4.13,200.17
img_1248.npy,4.53,202.01
img_1249.npy,4.30,199.89
img_125.npy,4.46,200.69
img_1250.npy,4.39,199.36
img_1251.npy,4.36,199.86
img_1252.npy,4.48,198.46
img_1253.npy,4.23,198.38
img_1254.npy,4.24,204.34
img_1255.npy,4.19,202.13
img_1256.npy,4.13,210.17
img_1257.npy,4.31,200.81
img_1258.npy,4.28,198.07
img_1259.npy,4.28,196.12
img_126.npy,4.03,201.25
img_1260.npy,4.39,200.45
img_1261.npy,4.68,204.21
img_1262.npy,4.25,229.58
img_1263.npy,4.20,209.78
img_1264.npy,4.10,205.82
img_1265.npy,4.15,203.70
img_1266.npy,4.31,203.15
img_1267.npy,4.37,204.98
img_1268.npy,4.18,207.83
img_1269.npy,4.22,205.23
img_127.npy,4.72,204.45
img_1270.npy,4.51,200.87
img_1271.npy,4.16,207.39
img_1272.npy,4.30,208.19
img_1273.npy,4.35,209.30
img_1274.npy,4.66,200.55
img_1275.npy,4.47,198.88
img_1276.npy,4.91,197.33
img_1277.npy,4.61,207.81
img_1278.npy,4.33,221.36
img_1279.npy,4.75,215.73
img_128.npy,4.99,215.30
img_1280.npy,4.88,210.42
img_1281.npy,4.50,210.42
img_1282.npy,5.02,200.56
img_1283.npy,4.66,208.79
img_1284.npy,4.76,198.92
img_1285.npy,4.26,207.75
img_1286.npy,4.24,210.77
img_1287.npy,4.62,205.11
img_1288.npy,4.75,202.67
img_1289.npy,4.95,198.90
img_129.npy,4.80,197.99
img_1290.npy,5.26,200.37
img_1291.npy,4.69,205.67
img_1292.npy,4.80,204.02
img_1293.npy,4.72,198.01
img_1294.npy,4.78,201.88
img_1295.npy,4.88,198.56
img_1296.npy,4.75,199.68
img_1297.npy,5.01,199.07
img_1298.npy,4.76,201.66
img_1299.npy,4.79,201.00
img_13.npy,5.16,199.54
img_130.npy,5.03,200.30
img_1300.npy,4.86,202.16
img_1301.npy,4.64,202.11
img_1302.npy,5.02,200.95
img_1303.npy,4.73,198.66
img_1304.npy,4.71,203.31
img_1305.npy,4.70,202.14
img_1306.npy,4.61,210.00
img_1307.npy,4.61,210.26
img_1308.npy,4.50,210.98
img_1309.npy,5.33,200.83
img_131.npy,4.80,213.41
img_1310.npy,4.87,203.85
img_1311.npy,4.09,210.78
img_1312.npy,4.20,209.55
img_1313.npy,4.40,207.55
img_1314.npy,4.47,200.44
img_1315.npy,4.70,200.06
img_1316.npy,4.08,197.08
img_1317.npy,4.85,201.81
img_1318.npy,4.87,200.71
img_1319.npy,4.73,229.66
img_132.npy,4.90,226.04
img_1320.npy,4.58,218.62
img_1321.npy,4.85,208.74
img_1322.npy,4.60,208.78
img_1323.npy,4.37,199.20
img_1324.npy,4.48,204.95
img_1325.npy,4.53,198.29
img_1326.npy,4.70,195.62
img_1327.npy,4.70,200.30
img_1328.npy,4.61,199.47
img_1329.npy,4.45,201.74
img_133.npy,4.67,200.71
img_1330.npy,4.47,200.48
img_1331.npy,4.25,203.75
img_1332.npy,4.59,196.11
img_1333.npy,4.14,202.13
img_1334.npy,4.29,203.61
img_1335.npy,4.46,204.38
img_1336.npy,4.90,201.77
img_1337.npy,4.62,199.43
img_1338.npy,4.26,199.32
img_1339.npy,5.27,208.01
img_134.npy,4.85,208.21
img_1340.npy,4.75,201.15
img_1341.npy,4.68,201.99
img_1342.npy,4.74,197.70
img_1343.npy,4.75,197.48
img_1344.npy,4.96,196.30
img_1345.npy,4.55,209.28
img_1346.npy,4.87,207.89
img_1347.npy,4.98,201.79
img_1348.npy,4.73,200.17
img_1349.npy,5.32,200.54
img_135.npy,5.07,203.23
img_1350.npy,4.86,199.12
img_1351.npy,4.90,208.58
img_1352.npy,4.77,203.38
img_1353.npy,4.72,199.72
img_1354.npy,4.39,198.71
img_1355.npy,4.56,198.56
img_1356.npy,4.87,196.49
img_1357.npy,5.06,199.50
img_1358.npy,4.92,197.20
img_1359.npy,5.02,201.74
img_136.npy,4.80,199.43
img_1360.npy,4.19,220.18
img_1361.npy,4.30,199.84
img_1362.npy,4.03,198.99
img_1363.npy,4.44,198.78
img_1364.npy,4.37,198.34
img_1365.npy,4.36,195.88
img_1366.npy,4.32,198.82
img_1367.npy,4.44,198.88
img_1368.npy,4.40,197.19
img_1369.npy,4.73,197.15
img_137.npy,4.12,199.76
img_1370.npy,4.50,204.15
img_1371.npy,4.23,202.28
img_1372.npy,4.03,203.55
img_1373.npy,4.36,198.31
img_1374.npy,4.27,200.50
img_1375.npy,4.75,203.96
img_1376.npy,4.76,220.16
img_1377.npy,4.39,218.79
img_1378.npy,4.40,211.05
img_1379.npy,4.40,214.38
img_138.npy,5.03,207.69
img_1380.npy,4.40,211.43
img_1381.npy,4.98,197.44
img_1382.npy,4.69,201.39
img_1383.npy,4.53,200.73
img_1384.npy,4.62,198.24
img_1385.npy,4.47,201.50
img_1386.npy,4.81,199.52
img_1387.npy,4.86,198.00
img_1388.npy,4.91,198.12
img_1389.npy,4.89,200.30
img_139.npy,4.98,210.50
img_1390.npy,4.81,204.05
img_1391.npy,4.93,199.12
img_1392.npy,4.72,198.99
img_1393.npy,4.16,197.87
img_1394.npy,4.92,208.61
img_1395.npy,4.49,202.93
img_1396.npy,4.73,201.62
img_1397.npy,5.02,198.09
img_1398.npy,4.75,198.92
img_1399.npy,5.42,196.86
img_14.npy,4.73,217.88
img_140.npy,4.74,213.77
img_1400.npy,4.57,212.48
img_1401.npy,4.86,208.57
img_1402.npy,4.65,199.27
img_1403.npy,4.89,198.79
img_1404.npy,4.83,198.45
img_1405.npy,4.54,197.51
img_1406.npy,4.80,199.83
img_1407.npy,4.65,201.58
img_1408.npy,4.97,209.99
img_1409.npy,4.94,202.02
img_141.npy,4.80,203.15
img_1410.npy,5.05,197.78
img_1411.npy,4.70,199.84
img_1412.npy,4.75,212.78
img_1413.npy,4.42,210.39
img_1414.npy,4.59,209.91
img_1415.npy,4.36,201.38
img_1416.npy,4.20,196.71
img_1417.npy,4.23,196.84
img_1418.npy,4.82,195.48
img_1419.npy,4.25,201.95
img_142.npy,4.44,198.92
img_1420.npy,4.36,209.34
img_1421.npy,4.42,198.91
img_1422.npy,4.18,199.71
img_1423.npy,4.32,199.66
img_1424.npy,4.53,209.41
img_1425.npy,3.99,209.10
img_1426.npy,4.40,201.29
img_1427.npy,4.68,200.98
img_1428.npy,4.97,198.01
img_1429.npy,5.23,198.19
img_143.npy,4.47,211.57
img_1430.npy,4.18,209.47
img_1431.npy,4.16,207.28
img_1432.npy,4.53,198.96
img_1433.npy,4.23,198.35
img_1434.npy,4.20,195.85
img_1435.npy,4.37,198.00
img_1436.npy,4.53,195.95
img_1437.npy,4.54,198.22
img_1438.npy,4.43,201.89
img_1439.npy,4.35,200.75
img_144.npy,4.36,216.45
img_1440.npy,4.22,220.11
img_1441.npy,4.21,219.27
img_1442.npy,4.57,209.39
img_1443.npy,4.87,215.23
img_1444.npy,4.24,211.24
img_1445.npy,4.66,211.52
img_1446.npy,4.41,208.73
img_1447.npy,5.03,199.75
img_1448.npy,4.39,207.54
img_1449.npy,4.92,208.98
img_145.npy,4.87,200.26
img_1450.npy,4.65,202.25
img_1451.npy,4.90,200.60
img_1452.npy,4.87,199.03
img_1453.npy,4.65,200.70
img_1454.npy,4.67,209.17
img_1455.npy,4.53,229.71
img_1456.npy,4.41,229.34
img_1457.npy,4.71,227.91
img_1458.npy,4.42,227.56
img_1459.npy,4.65,205.87
img_146.npy,4.80,223.54
img_1460.npy,4.96,199.97
img_1461.npy,4.65,213.15
img_1462.npy,4.58,209.52
img_1463.npy,4.60,208.99
img_1464.npy,4.69,204.91
img_1465.npy,4.80,198.75
img_1466.npy,4.44,196.16
img_1467.npy,4.66,199.25
img_1468.npy,4.70,196.79
img_1469.npy,5.01,207.24
img_147.npy,4.97,208.20
img_1470.npy,4.56,209.25
img_1471.npy,4.71,213.46
img_1472.npy,4.66,200.97
img_1473.npy,4.88,211.67
img_1474.npy,4.88,208.54
img_1475.npy,4.60,203.80
img_1476.npy,5.05,199.21
img_1477.npy,4.75,198.42
img_1478.npy,4.72,200.29
img_1479.npy,5.19,202.19
img_148.npy,4.70,201.97
img_1480.npy,4.88,196.34
img_1481.npy,4.58,199.75
img_1482.npy,4.76,202.78
img_1483.npy,4.48,201.27
img_1484.npy,4.75,202.09
img_1485.npy,4.46,201.87
img_1486.npy,4.74,199.21
img_1487.npy,4.68,195.44
img_1488.npy,4.23,199.71
img_1489.npy,4.94,201.30
img_149.npy,4.76,199.14
img_1490.npy,4.51,197.94
img_1491.npy,4.94,196.80
img_1492.npy,4.88,198.71
img_1493.npy,4.64,198.26
img_1494.npy,4.94,203.09
img_1495.npy,4.70,203.00
img_1496.npy,5.01,230.37
img_1497.npy,4.69,208.47
img_1498.npy,4.52,214.47
img_1499.npy,4.91,199.57
img_15.npy,4.61,228.82
img_150.npy,4.84,224.90
img_1500.npy,4.96,208.58
img_1501.npy,4.72,215.86
img_1502.npy,4.88,211.34
img_1503.npy,5.06,210.34
img_1504.npy,4.89,205.89
img_1505.npy,4.59,201.18
img_1506.npy,4.76,200.85
img_1507.npy,4.76,196.19
img_1508.npy,4.47,200.05
img_1509.npy,4.84,198.43
img_151.npy,4.44,202.12
img_1510.npy,4.73,195.95
img_1511.npy,4.56,208.48
img_1512.npy,4.80,202.25
img_1513.npy,4.77,204.08
img_1514.npy,4.65,200.02
img_1515.npy,4.34,202.32
img_1516.npy,4.73,199.28
img_1517.npy,4.80,197.45
img_1518.npy,4.72,200.24
img_1519.npy,4.49,203.96
img_152.npy,4.68,203.15
img_1520.npy,4.42,198.57
img_1521.npy,4.48,201.31
img_1522.npy,4.74,199.48
img_1523.npy,4.74,205.83
img_1524.npy,4.41,205.83
img_1525.npy,4.56,202.27
img_1526.npy,4.39,203.89
img_1527.npy,4.52,201.28
img_1528.npy,4.79,200.08
img_1529.npy,4.80,199.05
img_153.npy,4.69,213.82
img_1530.npy,4.40,207.15
img_1531.npy,4.52,209.63
img_1532.npy,4.38,209.35
img_1533.npy,4.17,208.87
img_1534.npy,4.55,207.78
img_1535.npy,4.88,207.89
img_1536.npy,4.64,205.70
img_1537.npy,4.83,199.41
img_1538.npy,4.82,198.61
img_1539.npy,4.45,198.93
img_154.npy,4.37,195.51
img_1540.npy,4.11,198.86
img_1541.npy,4.59,199.43
img_1542.npy,4.82,202.25
img_1543.npy,4.28,200.38
img_1544.npy,4.76,197.84
img_1545.npy,4.81,207.64
img_1546.npy,4.66,205.36
img_1547.npy,4.85,198.40
img_1548.npy,4.63,202.01
img_1549.npy,4.29,199.54
img_155.npy,4.74,197.87
img_1550.npy,4.87,202.14
img_1551.npy,4.85,199.37
img_1552.npy,4.79,209.37
img_1553.npy,4.93,204.72
img_1554.npy,5.02,196.97
img_1555.npy,4.75,198.67
img_1556.npy,4.45,201.49
img_1557.npy,4.67,198.09
img_1558.npy,4.58,211.64
img_1559.npy,4.89,217.95
img_156.npy,4.60,203.48
img_1560.npy,4.25,211.39
img_1561.npy,4.45,211.36
img_1562.npy,4.07,209.22
img_1563.npy,4.36,211.09
img_1564.npy,4.78,194.96
img_1565.npy,4.36,202.08
img_1566.npy,4.39,201.95
img_1567.npy,4.28,199.75
img_1568.npy,4.43,199.63
img_1569.npy,4.18,199.16
img_157.npy,4.24,195.75
img_1570.npy,4.54,201.59
img_1571.npy,4.42,200.05
img_1572.npy,4.68,203.27
img_1573.npy,4.59,227.34
img_1574.npy,4.43,207.68
img_1575.npy,4.42,226.73
img_1576.npy,4.50,226.72
img_1577.npy,4.56,214.77
img_1578.npy,4.30,220.43
img_1579.npy,4.44,199.95
img_158.npy,3.83,210.56
img_1580.npy,4.71,209.58
img_1581.npy,4.58,207.52
img_1582.npy,4.71,203.66
img_1583.npy,3.83,201.52
img_1584.npy,4.42,201.66
img_1585.npy,4.42,200.44
img_1586.npy,3.93,197.46
img_1587.npy,4.56,219.68
img_1588.npy,3.90,202.95
img_1589.npy,4.57,225.83
img_159.npy,4.85,219.97
img_1590.npy,4.48,201.40
img_1591.npy,4.18,213.08
img_1592.npy,4.39,210.41
img_1593.npy,4.02,208.32
img_1594.npy,4.15,205.39
img_1595.npy,4.50,199.06
img_1596.npy,4.24,199.22
img_1597.npy,4.23,198.67
img_1598.npy,4.36,196.32
img_1599.npy,3.98,200.10
img_16.npy,4.47,201.95
img_160.npy,4.33,212.19
img_1600.npy,4.41,209.08
img_1601.npy,4.22,210.00
img_1602.npy,4.55,203.80
img_1603.npy,4.17,200.53
img_1604.npy,4.17,199.25
img_1605.npy,4.83,198.21
img_1606.npy,4.40,207.09
img_1607.npy,3.94,206.88
img_1608.npy,4.04,203.08
img_1609.npy,3.96,200.91
img_161.npy,4.24,200.39
img_1610.npy,4.13,197.36
img_1611.npy,4.53,203.02
img_1612.npy,4.36,200.33
img_1613.npy,4.41,227.27
img_1614.npy,4.69,226.92
img_1615.npy,4.62,210.02
img_1616.npy,4.27,213.46
img_1617.npy,4.32,203.52
img_1618.npy,4.41,207.56
img_1619.npy,4.30,203.43
img_162.npy,4.51,199.96
img_1620.npy,4.40,201.59
img_1621.npy,4.30,199.31
img_1622.npy,3.82,200.71
img_1623.npy,4.15,202.37
img_1624.npy,4.33,198.77
img_1625.npy,4.07,230.33
img_1626.npy,3.88,230.61
img_1627.npy,3.97,219.88
img_1628.npy,4.07,226.68
img_1629.npy,4.17,203.39
img_163.npy,4.24,221.14
img_1630.npy,4.46,219.63
img_1631.npy,4.40,210.52
img_1632.npy,4.48,213.72
img_1633.npy,4.31,200.01
img_1634.npy,4.11,211.59
img_1635.npy,4.47,210.59
img_1636.npy,4.52,209.49
img_1637.npy,4.29,203.90
img_1638.npy,4.21,202.34
img_1639.npy,4.40,199.29
img_164.npy,4.28,204.57
img_1640.npy,4.22,199.36
img_1641.npy,4.67,208.64
img_1642.npy,4.48,230.08
img_1643.npy,4.28,214.49
img_1644.npy,4.18,230.52
img_1645.npy,4.73,200.78
img_1646.npy,4.31,226.82
img_1647.npy,4.29,228.42
img_1648.npy,4.48,202.26
img_1649.npy,4.39,226.70
img_165.npy,4.87,225.24
img_1650.npy,4.44,218.54
img_1651.npy,4.43,218.12
img_1652.npy,4.53,199.83
img_1653.npy,4.52,211.98
img_1654.npy,4.36,212.45
img_1655.npy,4.44,210.08
img_1656.npy,4.10,209.60
img_1657.npy,4.16,199.49
img_1658.npy,4.13,211.33
img_1659.npy,4.90,203.53
img_166.npy,4.24,199.47
img_1660.npy,4.35,202.27
img_1661.npy,4.05,201.57
img_1662.npy,3.96,214.11
img_1663.npy,3.87,229.35
img_1664.npy,3.90,206.64
img_1665.npy,3.95,227.92
img_1666.npy,3.86,217.58
img_1667.npy,4.06,211.51
img_1668.npy,3.89,208.66
img_1669.npy,4.32,206.25
img_167.npy,3.88,199.26
img_1670.npy,4.30,196.61
img_1671.npy,3.98,200.38
img_1672.npy,4.45,197.66
img_1673.npy,4.19,200.33
img_1674.npy,4.08,200.46
img_1675.npy,4.27,199.81
img_1676.npy,4.27,198.73
img_1677.npy,4.22,205.22
img_1678.npy,4.63,198.98
img_1679.npy,4.13,208.89
img_168.npy,4.22,201.11
img_1680.npy,4.45,198.05
img_1681.npy,4.32,197.93
img_1682.npy,4.45,194.64
img_1683.npy,4.44,198.86
img_1684.npy,4.43,201.36
img_1685.npy,4.39,198.16
img_1686.npy,4.44,208.89
img_1687.npy,4.89,200.48
img_1688.npy,4.39,197.59
img_1689.npy,4.16,196.13
img_169.npy,4.28,196.96
img_1690.npy,4.22,198.54
img_1691.npy,4.38,200.29
img_1692.npy,4.11,198.24
img_1693.npy,4.51,196.72
img_1694.npy,4.72,201.40
img_1695.npy,4.70,199.31
img_1696.npy,5.05,199.40
img_1697.npy,4.26,196.58
img_1698.npy,4.67,228.47
img_1699.npy,4.02,226.43
img_17.npy,4.49,213.47
img_170.npy,4.43,211.40
img_1700.npy,4.43,198.33
img_1701.npy,4.38,208.71
img_1702.npy,4.26,209.87
img_1703.npy,4.49,208.16
img_1704.npy,4.58,204.95
img_1705.npy,4.49,200.00
img_1706.npy,4.13,199.68
img_1707.npy,4.42,200.36
img_1708.npy,4.52,197.27
img_1709.npy,4.30,203.40
img_171.npy,4.44,202.86
img_1710.npy,4.48,197.32
img_1711.npy,4.59,221.02
img_1712.npy,4.50,198.89
img_1713.npy,4.71,209.11
img_1714.npy,4.46,205.58
img_1715.npy,4.57,200.50
img_1716.npy,4.37,198.12
img_1717.npy,4.58,197.61
img_1718.npy,4.42,201.33
img_1719.npy,4.03,201.04
img_172.npy,4.37,199.42
img_1720.npy,4.32,199.11
img_1721.npy,4.41,199.94
img_1722.npy,4.59,197.51
img_1723.npy,4.58,211.15
img_1724.npy,4.28,208.79
img_1725.npy,3.96,206.39
img_1726.npy,4.05,200.71
img_1727.npy,3.96,197.74
img_1728.npy,4.17,217.16
img_1729.npy,4.36,216.88
img_173.npy,4.32,212.23
img_1730.npy,4.06,210.59
img_1731.npy,4.29,198.84
img_1732.npy,4.34,204.36
img_1733.npy,3.96,200.57
img_1734.npy,3.85,197.90
img_1735.npy,3.92,202.31
img_1736.npy,3.79,199.76
img_1737.npy,3.83,230.01
img_1738.npy,3.76,227.00
img_1739.npy,3.81,218.89
img_174.npy,3.94,218.28
img_1740.npy,3.90,200.92
img_1741.npy,3.85,211.22
img_1742.npy,3.88,210.50
img_1743.npy,4.33,208.77
img_1744.npy,3.87,204.02
img_1745.npy,3.83,200.84
img_1746.npy,3.94,201.47
img_1747.npy,4.17,199.16
img_1748.npy,3.93,205.48
img_1749.npy,3.78,230.25
img_175.npy,4.08,212.64
img_1750.npy,4.06,227.94
img_1751.npy,3.93,203.53
img_1752.npy,4.07,226.51
img_1753.npy,4.34,216.45
img_1754.npy,4.14,211.00
img_1755.npy,4.03,210.34
img_1756.npy,4.41,200.93
img_1757.npy,4.32,201.60
img_1758.npy,3.99,203.52
img_1759.npy,4.62,200.65
img_176.npy,4.21,230.07
img_1760.npy,4.04,230.42
img_1761.npy,4.28,220.64
img_1762.npy,4.22,230.14
img_1763.npy,4.24,209.81
img_1764.npy,4.29,227.59
img_1765.npy,4.26,226.65
img_1766.npy,4.24,224.27
img_1767.npy,4.10,226.82
img_1768.npy,4.42,206.95
img_1769.npy,4.26,215.19
img_177.npy,4.32,211.28
img_1770.npy,4.31,211.82
img_1771.npy,4.05,209.76
img_1772.npy,4.94,198.15
img_1773.npy,4.36,200.84
img_1774.npy,4.20,211.95
img_1775.npy,4.28,210.34
img_1776.npy,4.01,230.62
img_1777.npy,4.31,202.09
img_1778.npy,4.32,226.39
img_1779.npy,4.27,227.50
img_178.npy,4.12,203.95
img_1780.npy,4.29,224.65
img_1781.npy,4.28,217.87
img_1782.npy,4.70,209.31
img_1783.npy,3.92,208.68
img_1784.npy,4.02,197.88
img_1785.npy,4.29,200.80
img_1786.npy,4.20,200.09
img_1787.npy,4.05,197.83
img_1788.npy,4.16,204.45
img_1789.npy,4.41,228.72
img_179.npy,4.42,219.00
img_1790.npy,4.07,218.19
img_1791.npy,4.44,200.37
img_1792.npy,5.02,208.46
img_1793.npy,4.15,199.34
img_1794.npy,4.27,207.71
img_1795.npy,4.44,199.86
img_1796.npy,4.16,197.73
img_1797.npy,3.93,203.51
img_1798.npy,4.42,201.84
img_1799.npy,4.19,199.66
img_18.npy,4.35,201.39
img_180.npy,4.20,202.09
img_1800.npy,4.42,219.33
img_1801.npy,4.25,220.04
img_1802.npy,4.36,212.57
img_1803.npy,4.39,209.18
img_1804.npy,4.42,196.93
img_1805.npy,4.33,200.74
img_1806.npy,4.19,200.16
img_1807.npy,4.19,200.86
img_1808.npy,3.98,210.49
img_1809.npy,4.05,211.29
img_181.npy,4.01,208.32
img_1810.npy,4.65,201.57
img_1811.npy,4.35,197.50
img_1812.npy,4.07,197.42
img_1813.npy,3.84,199.53
img_1814.npy,4.29,203.38
img_1815.npy,4.18,208.79
img_1816.npy,4.29,202.70
img_1817.npy,4.22,198.86
img_1818.npy,4.32,204.16
img_1819.npy,4.09,209.82
img_182.npy,4.10,210.76
img_1820.npy,4.77,196.78
img_1821.npy,4.21,200.32
img_1822.npy,4.21,199.21
img_1823.npy,4.34,198.98
img_1824.npy,4.23,200.53
img_1825.npy,4.36,197.99
img_1826.npy,4.13,200.91
img_1827.npy,4.16,201.58
img_1828.npy,4.14,198.88
img_1829.npy,3.86,230.24
img_183.npy,4.02,227.05
img_1830.npy,4.35,216.35
img_1831.npy,3.93,217.14
img_1832.npy,4.24,202.41
img_1833.npy,4.16,208.73
img_1834.npy,4.13,208.59
img_1835.npy,4.34,204.58
img_1836.npy,4.43,199.82
img_1837.npy,4.09,199.80
img_1838.npy,3.97,204.34
img_1839.npy,4.12,202.00
img_184.npy,4.01,200.81
img_1840.npy,4.51,200.52
img_1841.npy,4.36,198.76
img_1842.npy,4.00,218.23
img_1843.npy,4.07,215.18
img_1844.npy,4.18,212.06
img_1845.npy,4.19,212.39
img_1846.npy,4.43,199.16
img_1847.npy,4.00,210.09
img_1848.npy,4.06,207.61
img_1849.npy,4.33,202.99
img_185.npy,4.34,200.70
img_1850.npy,5.07,197.78
img_1851.npy,4.26,210.71
img_1852.npy,4.19,211.66
img_1853.npy,4.55,208.71
img_1854.npy,3.86,201.58
img_1855.npy,4.09,197.04
img_1856.npy,4.02,197.62
img_1857.npy,3.93,199.93
img_1858.npy,4.32,206.29
img_1859.npy,4.13,211.00
img_186.npy,4.33,210.31
img_1860.npy,4.77,205.52
img_1861.npy,4.44,198.09
img_1862.npy,4.42,195.67
img_1863.npy,4.00,215.51
img_1864.npy,4.39,212.60
img_1865.npy,4.20,210.02
img_1866.npy,4.30,209.41
img_1867.npy,4.01,198.83
img_1868.npy,4.10,208.41
img_1869.npy,4.30,202.52
img_187.npy,4.42,203.40
img_1870.npy,4.71,200.51
img_1871.npy,4.28,199.11
img_1872.npy,4.33,196.47
img_1873.npy,4.26,202.40
img_1874.npy,4.32,200.71
img_1875.npy,4.20,230.42
img_1876.npy,4.58,227.25
img_1877.npy,4.30,222.14
img_1878.npy,4.39,220.13
img_1879.npy,4.21,201.00
img_188.npy,4.24,216.86
img_1880.npy,4.68,211.16
img_1881.npy,4.52,208.96
img_1882.npy,4.26,206.75
img_1883.npy,4.25,197.78
img_1884.npy,4.23,198.84
img_1885.npy,4.38,198.11
img_1886.npy,4.17,199.57
img_1887.npy,4.33,204.69
img_1888.npy,4.47,229.46
img_1889.npy,4.05,215.71
img_189.npy,4.19,230.10
img_1890.npy,4.41,209.45
img_1891.npy,4.41,229.70
img_1892.npy,4.16,229.82
img_1893.npy,4.51,214.38
img_1894.npy,4.37,226.91
img_1895.npy,4.36,203.64
img_1896.npy,4.46,230.09
img_1897.npy,4.48,219.15
img_1898.npy,4.14,199.85
img_1899.npy,4.31,213.29
img_19.npy,4.16,209.84
img_190.npy,4.87,208.02
img_1900.npy,4.33,202.15
img_1901.npy,4.31,201.55
img_1902.npy,4.23,199.48
img_1903.npy,4.31,201.87
img_1904.npy,4.36,201.65
img_1905.npy,4.25,229.35
img_1906.npy,4.08,227.68
img_1907.npy,4.45,214.61
img_1908.npy,4.48,219.29
img_1909.npy,4.30,201.10
img_191.npy,4.01,215.70
img_1910.npy,4.29,216.41
img_1911.npy,4.77,210.46
img_1912.npy,4.51,208.12
img_1913.npy,4.51,199.43
img_1914.npy,4.38,199.83
img_1915.npy,4.53,197.66
img_1916.npy,4.25,199.39
img_1917.npy,4.02,206.41
img_1918.npy,4.27,203.30
img_1919.npy,4.30,202.53
img_192.npy,4.07,202.91
img_1920.npy,4.19,200.39
img_1921.npy,4.30,203.54
img_1922.npy,4.80,204.97
img_1923.npy,4.40,216.72
img_1924.npy,4.40,211.24
img_1925.npy,4.34,208.90
img_1926.npy,4.41,207.32
img_1927.npy,4.23,199.51
img_1928.npy,4.14,201.53
img_1929.npy,4.28,197.98
img_193.npy,4.25,208.23
img_1930.npy,4.20,213.39
img_1931.npy,4.32,202.13
img_1932.npy,3.88,210.46
img_1933.npy,4.43,210.51
img_1934.npy,4.04,205.86
img_1935.npy,3.97,202.68
img_1936.npy,4.41,199.45
img_1937.npy,4.18,200.78
img_1938.npy,4.38,199.08
img_1939.npy,4.33,213.22
img_194.npy,4.34,209.62
img_1940.npy,4.21,199.98
img_1941.npy,3.90,208.12
img_1942.npy,4.47,201.64
img_1943.npy,4.43,198.40
img_1944.npy,4.70,196.66
img_1945.npy,4.42,200.66
img_1946.npy,4.12,210.88
img_1947.npy,4.05,210.54
img_1948.npy,4.10,208.74
img_1949.npy,4.49,207.27
img_195.npy,4.32,199.10
img_1950.npy,4.40,199.87
img_1951.npy,4.48,199.71
img_1952.npy,4.58,200.41
img_1953.npy,4.20,209.14
img_1954.npy,4.42,207.93
img_1955.npy,4.95,204.02
img_1956.npy,4.29,203.25
img_1957.npy,4.24,199.80
img_1958.npy,4.32,202.04
img_1959.npy,4.15,211.90
img_196.npy,4.37,202.07
img_1960.npy,4.30,209.52
img_1961.npy,4.29,208.55
img_1962.npy,4.31,201.64
img_1963.npy,4.49,199.70
img_1964.npy,4.44,198.94
img_1965.npy,4.34,203.39
img_1966.npy,4.81,210.03
img_1967.npy,4.33,209.23
img_1968.npy,4.21,207.14
img_1969.npy,4.36,201.03
img_197.npy,4.46,201.23
img_1970.npy,4.35,202.65
img_1971.npy,4.23,199.65
img_1972.npy,4.57,223.08
img_1973.npy,4.33,220.46
img_1974.npy,4.32,210.03
img_1975.npy,4.13,215.02
img_1976.npy,4.96,197.70
img_1977.npy,4.69,209.96
img_1978.npy,4.21,207.45
img_1979.npy,4.29,203.29
img_198.npy,4.27,203.59
img_1980.npy,4.41,200.47
img_1981.npy,4.15,202.76
img_1982.npy,4.30,203.04
img_1983.npy,4.50,199.93
img_1984.npy,4.17,201.32
img_1985.npy,4.49,229.05
img_1986.npy,4.39,214.59
img_1987.npy,4.72,227.36
img_1988.npy,4.31,207.77
img_1989.npy,4.29,225.91
img_199.npy,4.41,219.38
img_1990.npy,4.36,216.12
img_1991.npy,4.42,211.27
img_1992.npy,4.36,199.90
img_1993.npy,4.30,206.65
img_1994.npy,4.26,207.41
img_1995.npy,4.31,203.48
img_1996.npy,4.48,202.29
img_1997.npy,4.17,201.16
img_1998.npy,4.43,201.75
img_1999.npy,3.99,230.18
img_2.npy,3.93,219.23
img_20.npy,4.09,229.93
img_200.npy,4.27,203.67
img_2000.npy,4.20,230.73
img_2001.npy,4.27,224.52
img_2002.npy,4.33,210.30
img_2003.npy,4.16,215.82
img_2004.npy,4.12,209.46
img_2005.npy,4.91,210.50
img_2006.npy,5.54,205.43
img_2007.npy,5.04,202.09
img_2008.npy,5.01,201.55
img_2009.npy,4.05,203.70
img_201.npy,4.21,198.79
img_2010.npy,3.99,230.14
img_2011.npy,4.00,230.62
img_2012.npy,3.97,228.45
img_2013.npy,4.26,227.52
img_2014.npy,4.17,204.03
img_2015.npy,4.39,221.66
img_2016.npy,4.22,215.37
img_2017.npy,4.51,210.34
img_2018.npy,3.96,211.93
img_2019.npy,4.54,199.80
img_202.npy,4.41,199.57
img_2020.npy,4.48,198.71
img_2021.npy,4.54,197.96
img_2022.npy,4.03,230.00
img_2023.npy,4.18,212.96
img_2024.npy,3.86,227.20
img_2025.npy,4.30,226.72
img_2026.npy,4.18,201.66
img_2027.npy,4.57,212.62
img_2028.npy,4.20,211.95
img_2029.npy,3.80,210.63
img_203.npy,4.02,210.49
img_2030.npy,3.55,202.86
img_2031.npy,3.81,200.62
img_2032.npy,3.66,198.75
img_2033.npy,3.55,199.33
img_2034.npy,3.68,205.04
img_2035.npy,3.86,209.95
img_2036.npy,3.54,228.21
img_2037.npy,3.65,216.59
img_2038.npy,3.71,209.04
img_2039.npy,4.41,206.55
img_204.npy,3.76,199.48
img_2040.npy,3.72,200.18
img_2041.npy,3.73,198.15
img_2042.npy,3.67,200.39
img_2043.npy,3.71,203.05
img_2044.npy,3.60,201.89
img_2045.npy,3.62,204.59
img_2046.npy,3.88,198.54
img_2047.npy,3.58,213.72
img_2048.npy,3.70,213.42
img_2049.npy,3.66,205.07
img_205.npy,3.81,201.30
img_2050.npy,4.19,196.14
img_2051.npy,3.95,214.71
img_2052.npy,3.54,204.75
img_2053.npy,3.61,209.25
img_2054.npy,3.51,204.33
img_2055.npy,3.35,201.52
img_2056.npy,3.45,201.94
img_2057.npy,3.35,198.53
img_2058.npy,3.38,204.83
img_2059.npy,3.80,202.69
img_206.npy,3.40,228.85
img_2060.npy,3.52,228.16
img_2061.npy,3.38,220.10
img_2062.npy,3.37,225.31
img_2063.npy,3.84,207.92
img_2064.npy,3.36,213.12
img_2065.npy,3.73,198.93
img_2066.npy,3.60,201.10
img_2067.npy,3.52,201.32
img_2068.npy,3.47,200.50
img_2069.npy,3.36,223.96
img_207.npy,3.47,202.68
img_2070.npy,3.46,218.61
img_2071.npy,3.26,216.15
img_2072.npy,3.48,212.70
img_2073.npy,3.37,202.66
img_2074.npy,3.54,201.52
img_2075.npy,3.64,204.04
img_2076.npy,4.04,196.42
img_2077.npy,3.29,201.06
img_2078.npy,3.68,197.08
img_2079.npy,3.38,212.35
img_208.npy,3.39,213.62
img_2080.npy,3.56,208.04
img_2081.npy,3.52,201.02
img_2082.npy,3.65,200.77
img_2083.npy,3.40,203.09
img_2084.npy,3.33,208.82
img_2085.npy,3.38,206.50
img_2086.npy,3.42,199.48
img_2087.npy,3.52,199.50
img_2088.npy,3.39,198.57
img_2089.npy,4.05,197.83
img_209.npy,3.39,198.26
img_2090.npy,3.49,202.48
img_2091.npy,3.33,202.48
img_2092.npy,3.58,225.37
img_2093.npy,3.45,213.36
img_2094.npy,3.25,215.70
img_2095.npy,3.54,202.27
img_2096.npy,3.33,207.41
img_2097.npy,3.45,201.56
img_2098.npy,3.63,196.29
img_2099.npy,3.50,203.41
img_21.npy,3.47,199.39
img_210.npy,3.48,229.80
img_2100.npy,3.95,199.63
img_2101.npy,3.47,225.47
img_2102.npy,3.42,221.40
img_2103.npy,3.42,211.98
img_2104.npy,3.56,210.25
img_2105.npy,3.54,206.17
img_2106.npy,3.56,203.97
img_2107.npy,3.60,199.61
img_2108.npy,3.26,202.22
img_2109.npy,3.46,204.39
img_211.npy,3.58,219.43
img_2110.npy,3.30,232.02
img_2111.npy,3.54,208.84
img_2112.npy,3.41,213.50
img_2113.npy,4.08,209.75
img_2114.npy,3.34,205.83
img_2115.npy,3.55,202.99
img_2116.npy,3.55,198.80
img_2117.npy,3.59,202.58
img_2118.npy,3.51,204.82
img_2119.npy,3.55,232.32
img_212.npy,3.84,220.30
img_2120.npy,3.55,213.01
img_2121.npy,3.48,210.94
img_2122.npy,3.46,206.84
img_2123.npy,3.45,201.22
img_2124.npy,3.70,200.86
img_2125.npy,3.36,202.67
img_2126.npy,4.02,203.73
img_2127.npy,3.55,202.50
img_2128.npy,3.53,227.00
img_2129.npy,3.45,213.16
img_213.npy,3.38,222.05
img_2130.npy,3.45,202.84
img_2131.npy,3.42,210.42
img_2132.npy,3.54,207.82
img_2133.npy,3.18,203.00
img_2134.npy,3.42,202.41
img_2135.npy,3.36,197.61
img_2136.npy,3.52,208.80
img_2137.npy,3.42,200.51
img_2138.npy,3.29,203.81
img_2139.npy,4.01,203.06
img_214.npy,3.59,203.32
img_2140.npy,3.37,216.35
img_2141.npy,3.56,213.27
img_2142.npy,3.40,209.33
img_2143.npy,3.40,206.58
img_2144.npy,3.26,205.07
img_2145.npy,3.51,199.33
img_2146.npy,3.55,202.22
img_2147.npy,3.49,210.45
img_2148.npy,3.44,215.23
img_2149.npy,3.38,209.24
img_215.npy,3.53,202.12
img_2150.npy,3.42,200.96
img_2151.npy,3.88,200.64
img_2152.npy,3.50,215.06
img_2153.npy,3.52,209.59
img_2154.npy,3.54,207.74
img_2155.npy,3.43,207.15
img_2156.npy,3.57,201.46
img_2157.npy,3.40,201.38
img_2158.npy,3.61,198.69
img_2159.npy,3.59,219.41
img_216.npy,3.25,212.30
img_2160.npy,3.60,214.67
img_2161.npy,3.57,208.97
img_2162.npy,3.66,196.53
img_2163.npy,3.94,200.46
img_2164.npy,3.65,199.24
img_2165.npy,3.39,202.41
img_2166.npy,3.50,202.66
img_2167.npy,3.62,198.90
img_2168.npy,3.23,227.87
img_2169.npy,3.40,201.81
img_217.npy,3.40,227.49
img_2170.npy,3.39,216.05
img_2171.npy,3.40,216.70
img_2172.npy,3.41,212.50
img_2173.npy,3.65,209.79
img_2174.npy,3.50,209.42
img_2175.npy,3.54,201.53
img_2176.npy,4.07,200.02
img_2177.npy,3.47,203.52
img_2178.npy,3.35,227.36
img_2179.npy,3.53,226.43
img_218.npy,3.51,220.50
img_2180.npy,3.48,216.67
img_2181.npy,3.50,204.50
img_2182.npy,3.51,208.00
img_2183.npy,3.60,203.68
img_2184.npy,3.12,199.22
img_2185.npy,3.49,199.00
img_2186.npy,3.48,198.14
img_2187.npy,3.27,208.98
img_2188.npy,3.44,201.74
img_2189.npy,3.62,201.67
img_219.npy,3.57,200.38
img_2190.npy,3.47,205.05
img_2191.npy,3.55,212.65
img_2192.npy,3.52,214.24
img_2193.npy,3.34,212.20
img_2194.npy,3.51,204.59
img_2195.npy,3.51,203.18
img_2196.npy,3.43,200.38
img_2197.npy,3.49,203.62
img_2198.npy,3.58,216.59
img_2199.npy,3.49,214.10
img_22.npy,3.52,209.65
img_220.npy,3.30,198.68
img_2200.npy,3.93,200.32
img_2201.npy,3.44,202.04
img_2202.npy,3.45,204.13
img_2203.npy,3.42,203.08
img_2204.npy,3.46,201.73
img_2205.npy,3.37,201.22
img_2206.npy,3.61,209.93
img_2207.npy,3.50,229.27
img_2208.npy,3.51,220.73
img_2209.npy,3.45,215.50
img_221.npy,3.40,211.87
img_2210.npy,3.29,209.56
img_2211.npy,3.36,208.51
img_2212.npy,3.40,205.21
img_2213.npy,3.60,203.07
img_2214.npy,3.32,205.54
img_2215.npy,3.50,223.73
img_2216.npy,3.31,229.89
img_2217.npy,3.35,230.91
img_2218.npy,3.49,231.69
img_2219.npy,3.48,227.41
img_222.npy,3.45,217.80
img_2220.npy,3.53,212.99
img_2221.npy,3.35,208.64
img_2222.npy,3.50,207.26
img_2223.npy,3.53,200.32
img_2224.npy,3.43,198.71
img_2225.npy,3.57,202.77
img_2226.npy,3.70,202.48
img_2227.npy,3.37,229.16
img_2228.npy,3.28,227.39
img_2229.npy,3.31,228.57
img_223.npy,3.37,220.43
img_2230.npy,3.32,211.11
img_2231.npy,3.49,213.24
img_2232.npy,3.43,201.57
img_2233.npy,3.48,201.93
img_2234.npy,3.38,198.49
img_2235.npy,3.32,202.71
img_2236.npy,3.41,202.11
img_2237.npy,3.39,204.89
img_2238.npy,3.35,227.92
img_2239.npy,3.97,228.15
img_224.npy,3.52,219.66
img_2240.npy,3.45,216.71
img_2241.npy,3.59,212.03
img_2242.npy,3.47,205.37
img_2243.npy,3.37,206.10
img_2244.npy,3.43,201.96
img_2245.npy,3.46,199.66
img_2246.npy,3.38,208.97
img_2247.npy,3.31,209.89
img_2248.npy,3.56,207.84
img_2249.npy,3.36,201.16
img_225.npy,3.52,202.00
img_2250.npy,3.53,206.63
img_2251.npy,3.74,211.59
img_2252.npy,3.45,210.27
img_2253.npy,3.48,204.49
img_2254.npy,3.55,203.16
img_2255.npy,3.50,202.87
img_2256.npy,3.53,223.76
img_2257.npy,3.41,219.75
img_2258.npy,3.12,212.53
img_2259.npy,3.42,211.86
img_226.npy,3.63,205.29
img_2260.npy,3.41,200.57
img_2261.npy,3.46,202.06
img_2262.npy,3.54,204.74
img_2263.npy,3.38,200.98
img_2264.npy,3.57,202.32
img_2265.npy,3.35,203.49
img_2266.npy,3.52,229.63
img_2267.npy,3.29,226.65
img_2268.npy,3.41,221.47
img_2269.npy,3.53,215.16
img_227.npy,3.26,212.55
img_2270.npy,3.38,201.25
img_2271.npy,3.44,202.30
img_2272.npy,3.34,202.50
img_2273.npy,3.58,201.88
img_2274.npy,3.35,227.31
img_2275.npy,3.48,227.60
img_2276.npy,3.43,229.83
img_2277.npy,3.74,227.09
img_2278.npy,3.22,221.11
img_2279.npy,3.52,220.46
img_228.npy,3.41,212.00
img_2280.npy,3.52,211.63
img_2281.npy,3.47,204.06
img_2282.npy,3.39,198.35
img_2283.npy,3.44,203.05
img_2284.npy,3.38,203.85
img_2285.npy,3.18,214.87
img_2286.npy,3.38,227.50
img_2287.npy,3.62,219.55
img_2288.npy,3.37,209.71
img_2289.npy,3.45,210.82
img_229.npy,3.71,207.12
img_2290.npy,3.50,202.37
img_2291.npy,3.43,199.84
img_2292.npy,3.32,202.02
img_2293.npy,3.26,211.66
img_2294.npy,3.51,201.70
img_2295.npy,3.53,198.59
img_2296.npy,3.37,198.94
img_2297.npy,3.26,211.26
img_2298.npy,3.36,211.66
img_2299.npy,3.46,203.14
img_23.npy,3.42,200.32
img_230.npy,3.52,204.76
img_2300.npy,3.45,199.17
img_2301.npy,3.79,226.42
img_2302.npy,3.35,221.69
img_2303.npy,3.20,212.92
img_2304.npy,3.45,212.38
img_2305.npy,3.36,212.99
img_2306.npy,3.53,204.97
img_2307.npy,3.58,202.85
img_2308.npy,3.40,202.76
img_2309.npy,3.35,201.21
img_231.npy,3.41,230.43
img_2310.npy,3.51,230.15
img_2311.npy,3.58,227.49
img_2312.npy,3.51,222.61
img_2313.npy,4.05,210.99
img_2314.npy,3.71,211.55
img_2315.npy,3.41,210.97
img_2316.npy,3.44,204.51
img_2317.npy,3.34,200.90
img_2318.npy,3.58,200.99
img_2319.npy,3.50,204.64
img_232.npy,3.40,228.20
img_2320.npy,3.46,222.07
img_2321.npy,3.50,219.29
img_2322.npy,3.30,209.29
img_2323.npy,3.14,209.74
img_2324.npy,3.16,203.96
img_2325.npy,3.37,201.36
img_2326.npy,3.66,202.62
img_2327.npy,3.29,204.25
img_2328.npy,3.17,223.09
img_2329.npy,3.12,217.44
img_233.npy,3.20,217.77
img_2330.npy,3.02,210.84
img_2331.npy,2.99,209.61
img_2332.npy,3.16,208.13
img_2333.npy,2.95,201.60
img_2334.npy,3.12,197.86
img_2335.npy,3.14,214.67
img_2336.npy,3.11,216.31
img_2337.npy,2.98,208.12
img_2338.npy,3.23,201.87
img_2339.npy,3.07,201.66
img_234.npy,3.28,202.89
img_2340.npy,3.52,206.32
img_2341.npy,3.04,200.68
img_2342.npy,3.21,199.96
img_2343.npy,3.15,200.80
img_2344.npy,3.13,204.66
img_2345.npy,3.20,220.68
img_2346.npy,3.03,220.62
img_2347.npy,3.04,213.39
img_2348.npy,3.13,207.13
img_2349.npy,3.14,206.45
img_235.npy,3.20,203.20
img_2350.npy,2.88,197.70
img_2351.npy,3.15,199.78
img_2352.npy,3.27,205.20
img_2353.npy,3.07,203.82
img_2354.npy,3.62,200.47
img_2355.npy,3.04,219.70
img_2356.npy,3.10,213.13
img_2357.npy,3.24,210.50
img_2358.npy,3.20,201.89
img_2359.npy,3.21,200.23
img_236.npy,3.21,199.95
img_2360.npy,3.16,200.42
img_2361.npy,3.09,209.18
img_2362.npy,3.07,202.33
img_2363.npy,2.94,201.02
img_2364.npy,3.03,202.50
img_2365.npy,3.08,207.59
img_2366.npy,3.21,203.18
img_2367.npy,3.23,206.81
img_2368.npy,3.58,200.05
img_2369.npy,3.13,204.23
img_237.npy,3.15,198.64
img_2370.npy,3.04,199.17
img_2371.npy,3.11,210.68
img_2372.npy,3.01,206.66
img_2373.npy,3.18,202.94
img_2374.npy,3.26,201.82
img_2375.npy,3.07,212.01
img_2376.npy,3.30,206.80
img_2377.npy,3.16,201.23
img_2378.npy,3.00,200.42
img_2379.npy,3.14,208.52
img_238.npy,3.05,203.16
img_2380.npy,3.26,200.28
img_2381.npy,3.68,197.51
img_2382.npy,3.15,203.11
img_2383.npy,3.11,204.00
img_2384.npy,3.20,200.75
img_2385.npy,3.17,207.26
img_2386.npy,3.18,204.91
img_2387.npy,3.13,201.73
img_2388.npy,3.07,210.74
img_2389.npy,2.96,209.29
img_239.npy,3.14,212.81
img_2390.npy,3.20,199.07
img_2391.npy,3.15,200.76
img_2392.npy,3.22,200.37
img_2393.npy,3.12,202.89
img_2394.npy,3.12,201.77
img_2395.npy,3.74,203.11
img_2396.npy,3.25,222.19
img_2397.npy,2.95,222.12
img_2398.npy,2.99,215.59
img_2399.npy,3.14,209.46
img_24.npy,3.18,210.40
img_240.npy,3.10,200.96
img_2400.npy,3.19,205.09
img_2401.npy,3.08,201.61
img_2402.npy,3.06,202.33
img_2403.npy,3.13,232.55
img_2404.npy,3.08,229.02
img_2405.npy,3.01,230.18
img_2406.npy,3.17,224.42
img_2407.npy,3.23,217.29
img_2408.npy,3.17,212.94
img_2409.npy,3.22,205.57
img_241.npy,3.13,201.75
img_2410.npy,2.99,202.64
img_2411.npy,3.15,203.22
img_2412.npy,3.66,230.01
img_2413.npy,3.13,228.85
img_2414.npy,3.10,231.29
img_2415.npy,3.22,219.17
img_2416.npy,3.23,213.56
img_2417.npy,3.16,209.25
img_2418.npy,3.15,206.01
img_2419.npy,3.25,201.97
img_242.npy,2.95,198.77
img_2420.npy,3.14,204.91
img_2421.npy,3.09,204.94
img_2422.npy,3.15,203.27
img_2423.npy,3.21,225.73
img_2424.npy,3.17,216.28
img_2425.npy,3.17,209.90
img_2426.npy,3.08,209.20
img_2427.npy,3.12,203.48
img_2428.npy,3.28,199.20
img_2429.npy,3.87,198.81
img_243.npy,3.15,207.34
img_2430.npy,3.04,204.18
img_2431.npy,3.08,201.30
img_2432.npy,3.06,203.00
img_2433.npy,3.04,211.20
img_2434.npy,3.08,202.06
img_2435.npy,2.98,204.87
img_2436.npy,3.09,198.68
img_2437.npy,3.05,205.89
img_2438.npy,2.98,201.69
img_2439.npy,3.10,201.95
img_244.npy,3.04,207.53
img_2440.npy,3.13,208.91
img_2441.npy,3.22,209.76
img_2442.npy,3.13,205.30
img_2443.npy,3.18,200.19
img_2444.npy,3.04,199.53
img_2445.npy,3.07,214.55
img_2446.npy,3.93,210.51
img_2447.npy,3.16,203.88
img_2448.npy,3.02,205.87
img_2449.npy,3.03,204.40
img_245.npy,3.15,202.00
img_2450.npy,3.19,210.65
img_2451.npy,3.14,208.89
img_2452.npy,3.17,206.50
img_2453.npy,3.20,201.73
img_2454.npy,3.18,198.65
img_2455.npy,3.12,201.90
img_2456.npy,3.12,213.95
img_2457.npy,2.94,209.27
img_2458.npy,3.14,200.52
img_2459.npy,3.20,198.30
img_246.npy,3.14,201.38
img_2460.npy,3.23,208.97
img_2461.npy,3.06,200.32
img_2462.npy,3.79,203.07
img_2463.npy,3.07,201.15
img_2464.npy,3.15,198.90
img_2465.npy,3.18,200.05
img_2466.npy,3.07,219.09
img_2467.npy,3.10,213.75
img_2468.npy,3.22,210.61
img_2469.npy,3.04,204.05
img_247.npy,3.04,205.62
img_2470.npy,3.10,201.54
img_2471.npy,2.96,198.40
img_2472.npy,3.18,213.50
img_2473.npy,3.14,209.19
img_2474.npy,3.05,210.39
img_2475.npy,3.08,209.01
img_2476.npy,3.10,202.18
img_2477.npy,3.14,203.42
img_2478.npy,3.19,199.19
img_2479.npy,3.85,205.52
img_248.npy,3.00,206.49
img_2480.npy,3.08,202.51
img_2481.npy,3.10,202.44
img_2482.npy,3.13,206.65
img_2483.npy,3.15,220.93
img_2484.npy,3.10,216.45
img_2485.npy,3.03,214.02
img_2486.npy,3.02,208.23
img_2487.npy,3.11,205.97
img_2488.npy,3.22,203.03
img_2489.npy,3.00,201.05
img_249.npy,3.21,203.75
img_2490.npy,3.08,228.29
img_2491.npy,2.85,231.54
img_2492.npy,3.02,229.65
img_2493.npy,3.19,227.14
img_2494.npy,3.05,219.98
img_2495.npy,3.58,211.89
img_2496.npy,3.05,207.93
img_2497.npy,3.12,206.88
img_2498.npy,3.20,203.23
img_2499.npy,3.16,200.81
img_25.npy,3.12,202.46
img_250.npy,3.20,200.61
img_2500.npy,3.07,228.65
img_2501.npy,3.21,230.07
img_2502.npy,2.90,217.04
img_2503.npy,3.05,213.12
img_2504.npy,3.18,210.90
img_2505.npy,3.14,205.59
img_2506.npy,3.17,202.69
img_2507.npy,3.17,200.97
img_2508.npy,3.13,202.17
img_2509.npy,3.07,205.64
img_251.npy,3.89,201.78
img_2510.npy,3.17,227.12
img_2511.npy,2.93,216.09
img_2512.npy,3.21,211.20
img_2513.npy,3.24,206.88
img_2514.npy,3.20,201.54
img_2515.npy,2.88,196.99
img_2516.npy,3.13,201.91
img_2517.npy,3.21,203.33
img_2518.npy,2.98,201.46
img_2519.npy,3.17,202.70
img_252.npy,3.19,199.75
img_2520.npy,3.16,213.18
img_2521.npy,3.18,213.01
img_2522.npy,3.21,201.06
img_2523.npy,3.12,201.51
img_2524.npy,3.12,198.54
img_2525.npy,3.96,197.73
img_2526.npy,2.96,210.52
img_2527.npy,3.18,209.29
img_2528.npy,2.99,202.70
img_2529.npy,3.19,203.61
img_253.npy,3.22,201.48
img_2530.npy,3.08,211.14
img_2531.npy,3.08,207.27
img_2532.npy,3.19,204.22
img_2533.npy,3.03,197.48
img_2534.npy,3.07,200.59
img_2535.npy,3.17,199.38
img_2536.npy,3.08,220.95
img_2537.npy,3.10,216.08
img_2538.npy,3.11,212.08
img_2539.npy,3.12,209.30
img_254.npy,2.97,205.51
img_2540.npy,3.66,200.78
img_2541.npy,3.06,201.00
img_2542.npy,2.84,207.61
img_2543.npy,2.90,202.16
img_2544.npy,2.93,203.58
img_2545.npy,2.93,198.25
img_2546.npy,2.84,215.33
img_2547.npy,2.82,213.07
img_2548.npy,2.84,202.35
img_2549.npy,2.86,199.63
img_255.npy,3.00,198.86
img_2550.npy,2.88,199.41
img_2551.npy,2.93,199.89
img_2552.npy,3.01,208.24
img_2553.npy,2.83,206.30
img_2554.npy,2.99,203.71
img_2555.npy,3.63,198.78
img_2556.npy,2.96,208.72
img_2557.npy,3.23,209.34
img_2558.npy,3.02,200.82
img_2559.npy,3.21,201.71
img_256.npy,3.19,203.43
img_2560.npy,3.17,202.67
img_2561.npy,3.05,199.86
img_2562.npy,3.15,207.00
img_2563.npy,3.02,207.20
img_2564.npy,3.08,201.79
img_2565.npy,3.10,200.49
img_2566.npy,3.08,199.04
img_2567.npy,3.13,202.07
img_2568.npy,3.07,218.43
img_2569.npy,3.15,216.59
img_257.npy,3.19,210.49
img_2570.npy,3.01,210.04
img_2571.npy,3.33,201.80
img_2572.npy,4.00,198.07
img_2573.npy,3.11,199.23
img_2574.npy,3.12,203.15
img_2575.npy,3.03,202.00
img_2576.npy,3.14,203.84
img_2577.npy,3.20,226.85
img_2578.npy,3.12,223.02
img_2579.npy,3.05,218.67
img_258.npy,3.19,213.34
img_2580.npy,3.25,209.35
img_2581.npy,3.18,207.98
img_2582.npy,3.20,204.22
img_2583.npy,3.24,207.09
img_2584.npy,3.19,203.69
img_2585.npy,2.99,229.67
img_2586.npy,3.02,232.53
img_2587.npy,3.34,230.22
img_2588.npy,3.19,218.51
img_2589.npy,3.21,213.46
img_259.npy,3.22,209.09
img_2590.npy,3.14,202.07
img_2591.npy,3.27,199.92
img_2592.npy,3.14,199.87
img_2593.npy,3.11,202.54
img_2594.npy,3.19,205.55
img_2595.npy,3.12,201.93
img_2596.npy,3.10,221.77
img_2597.npy,2.98,217.22
img_2598.npy,3.13,214.18
img_2599.npy,3.21,203.47
img_26.npy,2.97,198.25
img_260.npy,2.97,199.31
img_2600.npy,3.08,200.70
img_2601.npy,3.69,198.50
img_2602.npy,2.99,209.50
img_2603.npy,3.04,209.82
img_2604.npy,3.16,203.86
img_2605.npy,3.19,203.86
img_2606.npy,3.19,199.52
img_2607.npy,3.19,199.42
img_2608.npy,3.19,202.19
img_2609.npy,3.08,209.55
img_261.npy,2.93,207.29
img_2610.npy,3.13,201.88
img_2611.npy,3.09,199.54
img_2612.npy,3.14,201.30
img_2613.npy,3.15,212.52
img_2614.npy,3.08,205.94
img_2615.npy,3.15,198.80
img_2616.npy,3.52,199.09
img_2617.npy,3.15,198.47
img_2618.npy,3.05,212.84
img_2619.npy,2.88,208.36
img_262.npy,3.07,209.73
img_2620.npy,3.06,202.61
img_2621.npy,3.09,197.74
img_2622.npy,3.10,209.77
img_2623.npy,2.98,207.15
img_2624.npy,3.02,203.49
img_2625.npy,3.09,197.95
img_2626.npy,3.21,203.29
img_2627.npy,3.19,201.75
img_2628.npy,3.06,202.82
img_2629.npy,3.14,202.23
img_263.npy,2.99,208.04
img_2630.npy,3.12,202.61
img_2631.npy,3.85,196.84
img_2632.npy,3.12,199.12
img_2633.npy,3.03,219.57
img_2634.npy,2.99,210.68
img_2635.npy,3.17,210.64
img_2636.npy,3.24,208.11
img_2637.npy,3.09,200.12
img_2638.npy,3.21,201.56
img_2639.npy,2.97,201.57
img_264.npy,3.10,203.81
img_2640.npy,3.13,203.99
img_2641.npy,3.11,228.89
img_2642.npy,2.98,227.41
img_2643.npy,3.24,228.30
img_2644.npy,3.15,218.61
img_2645.npy,3.06,216.55
img_2646.npy,3.37,213.56
img_2647.npy,3.03,207.75
img_2648.npy,3.17,200.90
img_2649.npy,3.05,203.40
img_265.npy,3.15,202.29
img_2650.npy,3.18,229.98
img_2651.npy,3.00,228.36
img_2652.npy,3.13,221.64
img_2653.npy,3.20,215.64
img_2654.npy,3.20,208.89
img_2655.npy,3.23,205.93
img_2656.npy,3.22,200.66
img_2657.npy,3.26,202.41
img_2658.npy,3.05,202.79
img_2659.npy,3.12,200.19
img_266.npy,3.08,201.45
img_2660.npy,3.07,201.60
img_2661.npy,3.84,213.23
img_2662.npy,3.12,210.52
img_2663.npy,3.04,208.55
img_2664.npy,3.11,201.40
img_2665.npy,3.17,201.09
img_2666.npy,3.21,203.09
img_2667.npy,2.97,199.44
img_2668.npy,3.16,197.80
img_2669.npy,3.18,208.95
img_267.npy,3.05,206.64
img_2670.npy,3.04,202.18
img_2671.npy,3.23,200.29
img_2672.npy,3.08,198.36
img_2673.npy,3.14,201.84
img_2674.npy,2.91,211.48
img_2675.npy,3.09,208.83
img_2676.npy,3.94,206.13
img_2677.npy,3.05,201.80
img_2678.npy,3.01,206.02
img_2679.npy,2.98,206.00
img_268.npy,3.16,200.88
img_2680.npy,3.09,200.43
img_2681.npy,2.93,201.12
img_2682.npy,3.01,200.80
img_2683.npy,3.12,215.07
img_2684.npy,3.21,213.12
img_2685.npy,2.97,208.68
img_2686.npy,3.12,204.60
img_2687.npy,3.00,200.60
img_2688.npy,3.02,201.05
img_2689.npy,3.12,200.59
img_269.npy,2.92,213.37
img_2690.npy,3.01,214.02
img_2691.npy,3.63,202.41
img_2692.npy,3.20,203.49
img_2693.npy,3.21,201.01
img_2694.npy,3.03,209.58
img_2695.npy,3.12,210.54
img_2696.npy,3.08,201.49
img_2697.npy,3.04,203.02
img_2698.npy,3.24,200.20
img_2699.npy,3.08,199.55
img_27.npy,3.05,217.71
img_270.npy,3.09,214.20
img_2700.npy,2.98,207.93
img_2701.npy,3.09,206.52
img_2702.npy,3.21,202.96
img_2703.npy,3.10,199.08
img_2704.npy,3.18,200.34
img_2705.npy,3.86,201.27
img_2706.npy,3.05,205.66
img_2707.npy,3.14,206.62
img_2708.npy,3.16,203.06
img_2709.npy,3.18,199.57
img_271.npy,3.09,220.27
img_2710.npy,3.12,212.09
img_2711.npy,3.19,212.59
img_2712.npy,3.16,206.48
img_2713.npy,3.13,198.55
img_2714.npy,3.09,201.80
img_2715.npy,3.04,203.05
img_2716.npy,2.99,198.55
img_2717.npy,3.14,207.34
img_2718.npy,3.66,200.55
img_2719.npy,3.15,201.59
img_272.npy,3.15,209.67
img_2720.npy,3.18,204.88
img_2721.npy,3.25,203.44
img_2722.npy,3.19,213.93
img_2723.npy,2.98,211.09
img_2724.npy,3.04,202.36
img_2725.npy,3.12,200.27
img_2726.npy,3.08,199.11
img_2727.npy,3.19,200.54
img_2728.npy,3.02,199.74
img_2729.npy,3.10,198.41
img_273.npy,2.91,203.26
img_2730.npy,3.29,210.43
img_2731.npy,3.18,230.57
img_2732.npy,3.12,221.02
img_2733.npy,3.21,217.09
img_2734.npy,3.40,211.38
img_2735.npy,3.12,210.52
img_2736.npy,3.18,201.02
img_2737.npy,3.12,200.97
img_2738.npy,3.23,203.05
img_2739.npy,3.05,206.43
img_274.npy,3.08,226.84
img_2740.npy,3.24,224.68
img_2741.npy,3.09,211.07
img_2742.npy,3.14,211.72
img_2743.npy,3.06,202.91
img_2744.npy,3.13,196.91
img_2745.npy,3.15,199.79
img_2746.npy,3.06,211.83
img_2747.npy,3.09,206.70
img_2748.npy,3.21,203.04
img_2749.npy,3.87,199.24
img_275.npy,3.07,211.08
img_2750.npy,3.08,209.90
img_2751.npy,3.06,201.73
img_2752.npy,3.06,202.02
img_2753.npy,2.96,197.64
img_2754.npy,3.15,201.39
img_2755.npy,3.14,215.60
img_2756.npy,3.10,213.72
img_2757.npy,3.09,212.25
img_2758.npy,2.96,206.38
img_2759.npy,2.91,203.24
img_276.npy,3.14,201.48
img_2760.npy,3.09,200.66
img_2761.npy,3.02,202.27
img_2762.npy,3.03,208.86
img_2763.npy,3.90,205.65
img_2764.npy,3.31,201.80
img_2765.npy,3.11,201.25
img_2766.npy,2.89,209.12
img_2767.npy,3.11,206.83
img_2768.npy,3.01,200.92
img_2769.npy,3.08,198.14
img_277.npy,3.20,202.71
img_2770.npy,3.15,220.33
img_2771.npy,3.08,213.54
img_2772.npy,3.01,208.22
img_2773.npy,3.06,203.80
img_2774.npy,3.22,202.87
img_2775.npy,3.15,201.22
img_2776.npy,3.06,197.11
img_2777.npy,3.05,200.69
img_2778.npy,3.87,212.10
img_2779.npy,3.07,203.91
img_278.npy,3.19,203.12
img_2780.npy,2.99,199.96
img_2781.npy,3.09,200.43
img_2782.npy,3.06,208.62
img_2783.npy,3.12,203.20
img_2784.npy,3.12,201.18
img_2785.npy,2.92,202.28
img_2786.npy,3.10,224.51
img_2787.npy,3.05,218.93
img_2788.npy,3.13,213.99
img_2789.npy,2.87,211.25
img_279.npy,3.08,209.41
img_2790.npy,3.17,199.10
img_2791.npy,3.16,202.44
img_2792.npy,3.52,198.20
img_2793.npy,3.42,208.21
img_2794.npy,3.14,210.46
img_2795.npy,3.32,201.72
img_2796.npy,3.12,200.89
img_2797.npy,3.26,204.73
img_2798.npy,3.22,203.55
img_2799.npy,3.02,201.95
img_28.npy,3.11,199.73
img_280.npy,3.13,200.20
img_2800.npy,3.09,200.15
img_2801.npy,3.06,207.99
img_2802.npy,3.07,209.16
img_2803.npy,3.07,210.55
img_2804.npy,3.13,204.75
img_2805.npy,3.11,202.55
img_2806.npy,3.75,198.86
img_2807.npy,3.13,200.23
img_2808.npy,3.05,215.43
img_2809.npy,3.16,211.94
img_281.npy,3.14,208.77
img_2810.npy,3.19,199.14
img_2811.npy,3.23,200.29
img_2812.npy,3.04,202.45
img_2813.npy,3.06,209.97
img_2814.npy,3.13,201.63
img_2815.npy,3.15,202.61
img_2816.npy,3.21,202.09
img_2817.npy,2.96,202.62
img_2818.npy,3.19,218.94
img_2819.npy,2.97,213.48
img_282.npy,3.00,214.40
img_2820.npy,3.85,209.57
img_2821.npy,3.25,202.26
img_2822.npy,3.18,200.93
img_2823.npy,3.06,203.22
img_2824.npy,3.24,201.23
img_2825.npy,3.14,207.63
img_2826.npy,3.28,223.70
img_2827.npy,2.86,213.93
img_2828.npy,3.08,211.83
img_2829.npy,3.21,203.09
img_283.npy,3.27,199.90
img_2830.npy,3.17,203.41
img_2831.npy,3.11,202.53
img_2832.npy,3.05,204.51
img_2833.npy,3.20,205.29
img_2834.npy,3.15,198.31
img_2835.npy,3.74,218.66
img_2836.npy,3.10,216.93
img_2837.npy,3.14,212.27
img_2838.npy,3.14,207.17
img_2839.npy,3.28,200.83
img_284.npy,3.22,198.81
img_2840.npy,2.90,210.75
img_2841.npy,3.15,209.41
img_2842.npy,3.12,204.05
img_2843.npy,3.18,199.11
img_2844.npy,2.83,199.34
img_2845.npy,2.93,210.64
img_2846.npy,3.16,208.77
img_2847.npy,3.16,202.87
img_2848.npy,3.00,203.05
img_2849.npy,2.98,210.98
img_285.npy,3.55,212.88
img_2850.npy,2.95,210.43
img_2851.npy,3.00,204.38
img_2852.npy,2.95,200.64
img_2853.npy,2.91,199.02
img_2854.npy,3.05,206.36
img_2855.npy,2.81,206.54
img_2856.npy,2.99,205.45
img_2857.npy,2.85,202.19
img_2858.npy,2.93,224.02
img_2859.npy,3.17,220.23
img_286.npy,3.24,214.09
img_2860.npy,3.00,209.23
img_2861.npy,2.92,200.31
img_2862.npy,3.03,201.89
img_2863.npy,3.12,199.53
img_2864.npy,3.65,202.08
img_2865.npy,3.34,228.09
img_2866.npy,3.16,229.03
img_2867.npy,3.19,218.12
img_2868.npy,3.20,216.78
img_2869.npy,3.12,212.50
img_287.npy,2.98,203.18
img_2870.npy,3.13,201.14
img_2871.npy,2.95,200.88
img_2872.npy,3.16,209.77
img_2873.npy,3.19,228.73
img_2874.npy,3.05,227.07
img_2875.npy,3.12,224.09
img_2876.npy,3.11,218.29
img_2877.npy,3.20,212.07
img_2878.npy,3.22,205.55
img_2879.npy,3.74,203.71
img_288.npy,3.21,198.65
img_2880.npy,3.13,202.37
img_2881.npy,3.12,202.68
img_2882.npy,3.06,205.09
img_2883.npy,3.01,219.16
img_2884.npy,3.01,213.76
img_2885.npy,3.04,209.46
img_2886.npy,3.16,211.21
img_2887.npy,3.25,203.31
img_2888.npy,3.10,200.09
img_2889.npy,2.98,199.25
img_289.npy,3.11,203.68
img_2890.npy,3.63,207.41
img_2891.npy,2.97,201.98
img_2892.npy,3.09,202.15
img_2893.npy,3.17,204.66
img_2894.npy,3.18,199.87
img_2895.npy,3.18,201.11
img_2896.npy,3.12,199.00
img_2897.npy,2.97,205.66
img_2898.npy,3.17,206.90
img_2899.npy,3.08,201.66
img_29.npy,3.20,202.25
img_290.npy,3.15,212.08
img_2900.npy,3.05,211.34
img_2901.npy,3.06,208.56
img_2902.npy,3.12,200.82
img_2903.npy,3.02,201.68
img_2904.npy,3.02,199.38
img_2905.npy,3.12,201.06
img_2906.npy,3.07,209.83
img_2907.npy,3.42,211.12
img_2908.npy,3.04,204.63
img_2909.npy,3.19,201.52
img_291.npy,3.04,200.93
img_2910.npy,3.08,212.10
img_2911.npy,3.04,205.02
img_2912.npy,3.08,200.25
img_2913.npy,3.10,202.74
img_2914.npy,3.17,203.60
img_2915.npy,3.04,201.35
img_2916.npy,3.08,212.50
img_2917.npy,3.14,209.27
img_2918.npy,3.05,211.02
img_2919.npy,3.17,206.43
img_292.npy,3.12,201.14
img_2920.npy,3.13,202.72
img_2921.npy,3.91,206.62
img_2922.npy,2.92,213.54
img_2923.npy,3.20,209.45
img_2924.npy,3.03,203.63
img_2925.npy,3.06,204.74
img_2926.npy,3.08,201.95
img_2927.npy,3.07,208.94
img_2928.npy,3.11,207.97
img_2929.npy,3.13,205.76
img_293.npy,3.17,203.78
img_2930.npy,3.23,200.35
img_2931.npy,3.12,224.76
img_2932.npy,3.01,222.16
img_2933.npy,3.26,216.03
img_2934.npy,3.18,208.30
img_2935.npy,3.12,206.96
img_2936.npy,3.47,206.61
img_2937.npy,3.16,198.80
img_2938.npy,3.16,200.59
img_2939.npy,2.87,199.44
img_294.npy,2.98,204.00
img_2940.npy,3.03,204.56
img_2941.npy,3.09,200.06
img_2942.npy,3.11,220.47
img_2943.npy,3.07,217.20
img_2944.npy,3.15,209.35
img_2945.npy,2.97,204.44
img_2946.npy,3.17,198.41
img_2947.npy,3.02,199.36
img_2948.npy,3.05,201.38
img_2949.npy,3.12,200.50
img_295.npy,3.07,208.62
img_2950.npy,3.82,202.89
img_2951.npy,3.12,198.93
img_2952.npy,2.97,210.00
img_2953.npy,3.07,206.28
img_2954.npy,3.11,200.18
img_2955.npy,3.13,204.46
img_2956.npy,3.05,200.50
img_2957.npy,2.99,208.16
img_2958.npy,3.09,209.49
img_2959.npy,3.16,202.12
img_296.npy,3.14,200.76
img_2960.npy,3.19,200.04
img_2961.npy,3.08,202.16
img_2962.npy,3.20,208.40
img_2963.npy,3.16,204.18
img_2964.npy,3.17,205.57
img_2965.npy,3.73,227.91
img_2966.npy,2.91,227.98
img_2967.npy,3.01,226.96
img_2968.npy,3.21,220.58
img_2969.npy,3.13,211.78
img_297.npy,3.24,215.34
img_2970.npy,3.09,206.89
img_2971.npy,3.18,200.80
img_2972.npy,3.18,200.21
img_2973.npy,3.22,202.26
img_2974.npy,3.19,228.45
img_2975.npy,3.06,226.73
img_2976.npy,2.96,222.18
img_2977.npy,3.25,213.87
img_2978.npy,3.19,212.20
img_2979.npy,3.65,200.46
img_298.npy,3.36,200.97
img_2980.npy,2.97,198.32
img_2981.npy,3.19,208.99
img_2982.npy,3.16,205.07
img_2983.npy,3.16,200.05
img_2984.npy,3.21,198.93
img_2985.npy,3.14,209.62
img_2986.npy,3.12,207.12
img_2987.npy,3.15,205.45
img_2988.npy,3.25,201.97
img_2989.npy,3.07,196.67
img_299.npy,3.21,200.05
img_2990.npy,3.11,211.98
img_2991.npy,3.05,213.50
img_2992.npy,3.48,208.34
img_2993.npy,3.15,203.67
img_2994.npy,2.88,203.12
img_2995.npy,3.22,198.66
img_2996.npy,3.06,202.37
img_2997.npy,3.08,210.33
img_2998.npy,3.04,208.51
img_2999.npy,3.21,205.82
img_3.npy,3.03,203.68
img_30.npy,3.10,198.76
img_300.npy,3.13,209.82
img_3000.npy,3.17,207.40
img_3001.npy,3.13,200.46
img_3002.npy,3.46,201.06
img_3003.npy,3.47,200.41
img_3004.npy,3.13,199.82
img_3005.npy,3.17,199.85
img_3006.npy,3.18,207.08
img_3007.npy,3.12,207.98
img_3008.npy,3.01,204.38
img_3009.npy,3.23,199.86
img_301.npy,3.12,202.90
img_3010.npy,3.08,202.20
img_3011.npy,3.20,198.38
img_3012.npy,3.16,213.54
img_3013.npy,3.15,207.67
img_3014.npy,3.07,200.60
img_3015.npy,2.98,201.71
img_3016.npy,3.72,202.59
img_3017.npy,3.11,201.98
img_3018.npy,3.05,200.57
img_3019.npy,3.08,201.16
img_302.npy,3.16,215.30
img_3020.npy,2.99,232.41
img_3021.npy,3.06,227.74
img_3022.npy,3.14,229.41
img_3023.npy,3.23,221.34
img_3024.npy,3.09,216.61
img_3025.npy,3.24,214.89
img_3026.npy,3.04,207.39
img_3027.npy,3.20,204.14
img_3028.npy,3.15,203.80
img_3029.npy,3.77,202.10
img_303.npy,2.97,232.65
img_3030.npy,3.25,232.07
img_3031.npy,3.17,229.77
img_3032.npy,3.30,219.00
img_3033.npy,3.28,212.79
img_3034.npy,3.22,208.22
img_3035.npy,3.26,203.21
img_3036.npy,3.27,201.58
img_3037.npy,3.17,202.99
img_3038.npy,3.15,230.10
img_3039.npy,3.26,231.05
img_304.npy,3.16,218.59
img_3040.npy,3.20,214.02
img_3041.npy,3.77,207.77
img_3042.npy,3.16,201.10
img_3043.npy,3.17,201.19
img_3044.npy,3.09,201.72
img_3045.npy,3.15,198.57
img_3046.npy,3.08,203.15
img_3047.npy,3.19,203.37
img_3048.npy,3.10,222.00
img_3049.npy,3.19,214.09
img_305.npy,2.97,209.26
img_3050.npy,3.07,202.07
img_3051.npy,3.19,200.80
img_3052.npy,3.17,195.98
img_3053.npy,3.18,201.67
img_3054.npy,3.25,201.90
img_3055.npy,3.60,204.30
img_3056.npy,3.20,209.73
img_3057.npy,3.18,202.33
img_3058.npy,3.14,202.24
img_3059.npy,3.06,200.85
img_306.npy,3.17,199.91
img_3060.npy,3.21,201.84
img_3061.npy,3.17,210.11
img_3062.npy,3.12,201.36
img_3063.npy,3.04,203.55
img_3064.npy,3.05,201.46
img_3065.npy,3.16,211.12
img_3066.npy,3.01,210.53
img_3067.npy,3.31,209.35
img_3068.npy,3.27,205.45
img_3069.npy,3.29,197.96
img_307.npy,2.93,205.90
img_3070.npy,3.10,212.44
img_3071.npy,3.11,209.16
img_3072.npy,3.11,200.21
img_3073.npy,3.20,202.65
img_3074.npy,3.21,197.13
img_3075.npy,3.15,198.05
img_3076.npy,2.85,214.59
img_3077.npy,2.85,209.83
img_3078.npy,2.85,206.64
img_3079.npy,2.97,202.70
img_308.npy,2.78,198.09
img_3080.npy,2.85,208.23
img_3081.npy,3.05,204.61
img_3082.npy,3.30,203.89
img_3083.npy,2.92,203.67
img_3084.npy,2.93,221.72
img_3085.npy,2.91,217.08
img_3086.npy,3.01,212.74
img_3087.npy,2.99,206.66
img_3088.npy,2.84,200.01
img_3089.npy,2.92,198.49
img_309.npy,2.88,199.42
img_3090.npy,2.95,203.14
img_3091.npy,3.03,204.17
img_3092.npy,2.96,227.90
img_3093.npy,2.96,220.89
img_3094.npy,3.24,213.74
img_3095.npy,3.22,208.30
img_3096.npy,3.78,202.74
img_3097.npy,3.17,197.53
img_3098.npy,3.13,198.52
img_3099.npy,3.00,203.49
img_31.npy,3.24,206.08
img_310.npy,3.14,219.19
img_3100.npy,3.15,217.19
img_3101.npy,3.16,210.86
img_3102.npy,3.21,201.53
img_3103.npy,3.11,199.95
img_3104.npy,3.25,198.50
img_3105.npy,3.16,202.95
img_3106.npy,3.22,202.11
img_3107.npy,3.05,201.48
img_3108.npy,3.74,213.82
img_3109.npy,3.21,210.78
img_311.npy,3.10,207.75
img_3110.npy,3.17,199.96
img_3111.npy,3.20,200.54
img_3112.npy,3.02,212.80
img_3113.npy,3.16,212.33
img_3114.npy,3.08,206.20
img_3115.npy,3.13,200.73
img_3116.npy,3.19,200.40
img_3117.npy,3.22,202.23
img_3118.npy,3.18,208.92
img_3119.npy,3.03,204.38
img_312.npy,3.10,204.65
img_3120.npy,3.53,204.78
img_3121.npy,3.27,225.09
img_3122.npy,3.09,220.36
img_3123.npy,3.19,216.44
img_3124.npy,3.21,211.41
img_3125.npy,3.16,206.60
img_3126.npy,3.21,204.07
img_3127.npy,3.12,202.64
img_3128.npy,3.08,201.89
img_3129.npy,3.08,230.84
img_313.npy,3.09,232.04
img_3130.npy,3.18,226.82
img_3131.npy,3.19,224.46
img_3132.npy,3.13,216.14
img_3133.npy,3.11,209.85
img_3134.npy,3.11,210.21
img_3135.npy,3.74,203.77
img_3136.npy,3.10,205.61
img_3137.npy,3.22,204.37
img_3138.npy,3.05,204.60
img_3139.npy,3.11,227.93
img_314.npy,3.13,229.68
img_3140.npy,3.20,218.24
img_3141.npy,3.01,212.39
img_3142.npy,3.06,207.72
img_3143.npy,3.20,208.82
img_3144.npy,3.19,204.62
img_3145.npy,3.00,198.47
img_3146.npy,2.98,203.76
img_3147.npy,3.19,204.47
img_3148.npy,3.00,204.43
img_3149.npy,3.81,220.72
img_315.npy,2.91,219.67
img_3150.npy,3.28,209.89
img_3151.npy,3.14,209.34
img_3152.npy,3.04,204.43
img_3153.npy,3.15,203.89
img_3154.npy,3.19,198.22
img_3155.npy,3.10,198.45
img_3156.npy,3.07,213.13
img_3157.npy,3.08,213.28
img_3158.npy,3.16,206.38
img_3159.npy,3.14,203.42
img_316.npy,3.17,201.43
img_3160.npy,3.21,200.69
img_3161.npy,3.64,201.83
img_3162.npy,3.26,200.80
img_3163.npy,3.15,205.52
img_3164.npy,3.11,206.91
img_3165.npy,3.24,198.11
img_3166.npy,3.11,219.77
img_3167.npy,3.20,216.50
img_3168.npy,2.99,208.90
img_3169.npy,3.16,203.15
img_317.npy,3.23,197.66
img_3170.npy,2.91,199.67
img_3171.npy,2.97,201.71
img_3172.npy,3.10,209.66
img_3173.npy,3.15,207.40
img_3174.npy,3.02,203.70
img_3175.npy,3.37,197.77
img_3176.npy,2.98,209.58
img_3177.npy,2.94,204.31
img_3178.npy,3.10,199.31
img_3179.npy,3.02,208.28
img_318.npy,3.13,209.10
img_3180.npy,3.30,204.17
img_3181.npy,3.32,203.55
img_3182.npy,3.10,208.18
img_3183.npy,3.14,206.59
img_3184.npy,2.95,204.91
img_3185.npy,3.16,201.03
img_3186.npy,3.15,203.52
img_3187.npy,3.07,226.01
img_3188.npy,3.02,221.58
img_3189.npy,3.38,215.34
img_319.npy,3.46,211.71
img_3190.npy,3.14,202.77
img_3191.npy,3.09,201.54
img_3192.npy,3.19,198.25
img_3193.npy,3.13,199.38
img_3194.npy,3.20,204.37
img_3195.npy,3.09,201.03
img_3196.npy,3.15,204.70
img_3197.npy,2.86,227.54
img_3198.npy,3.07,217.17
img_3199.npy,2.99,214.72
img_32.npy,3.11,211.85
img_320.npy,3.06,206.08
img_3200.npy,3.19,200.93
img_3201.npy,3.17,196.76
img_3202.npy,3.89,198.89
img_3203.npy,3.16,207.86
img_3204.npy,3.18,198.57
img_3205.npy,3.20,201.97
img_3206.npy,3.19,201.95
img_3207.npy,3.18,206.96
img_3208.npy,3.02,200.94
img_3209.npy,3.06,200.43
img_321.npy,3.17,203.15
img_3210.npy,3.23,201.09
img_3211.npy,3.14,198.82
img_3212.npy,3.19,201.58
img_3213.npy,3.12,209.59
img_3214.npy,3.00,207.79
img_3215.npy,3.11,204.84
img_3216.npy,3.81,196.95
img_3217.npy,3.16,209.71
img_3218.npy,3.20,218.04
img_3219.npy,3.16,212.08
img_322.npy,3.11,207.82
img_3220.npy,3.13,204.09
img_3221.npy,2.95,199.05
img_3222.npy,3.20,201.16
img_3223.npy,3.20,199.93
img_3224.npy,3.02,200.30
img_3225.npy,3.15,203.38
img_3226.npy,3.16,206.21
img_3227.npy,2.94,203.80
img_3228.npy,3.20,226.55
img_3229.npy,3.01,218.46
img_323.npy,3.78,210.74
img_3230.npy,3.07,209.95
img_3231.npy,3.15,199.11
img_3232.npy,3.06,197.99
img_3233.npy,3.17,202.61
img_3234.npy,3.11,200.89
img_3235.npy,3.09,202.57
img_3236.npy,3.20,198.46
img_3237.npy,3.11,215.50
img_3238.npy,3.07,212.86
img_3239.npy,3.18,207.96
img_324.npy,3.24,203.08
img_3240.npy,3.22,200.39
img_3241.npy,3.31,210.78
img_3242.npy,3.21,212.14
img_3243.npy,3.06,204.57
img_3244.npy,3.19,200.01
img_3245.npy,3.13,202.50
img_3246.npy,3.04,201.12
img_3247.npy,3.10,209.19
img_3248.npy,3.16,203.64
img_3249.npy,3.06,203.74
img_325.npy,3.21,205.77
img_3250.npy,3.01,219.12
img_3251.npy,3.11,221.66
img_3252.npy,3.02,216.13
img_3253.npy,3.13,208.49
img_3254.npy,3.17,208.34
img_3255.npy,3.22,202.30
img_3256.npy,3.11,199.63
img_3257.npy,3.18,202.59
img_3258.npy,3.85,203.08
img_3259.npy,3.11,232.82
img_326.npy,3.05,229.36
img_3260.npy,3.16,225.16
img_3261.npy,3.10,221.30
img_3262.npy,3.07,214.73
img_3263.npy,3.15,209.15
img_3264.npy,3.11,204.19
img_3265.npy,3.16,200.73
img_3266.npy,3.10,199.73
img_3267.npy,3.16,203.62
img_3268.npy,3.06,226.77
img_3269.npy,3.01,228.54
img_327.npy,2.97,215.47
img_3270.npy,3.07,211.65
img_3271.npy,3.71,204.54
img_3272.npy,3.22,203.89
img_3273.npy,3.14,198.82
img_3274.npy,2.93,198.29
img_3275.npy,2.96,201.66
img_3276.npy,3.01,201.74
img_3277.npy,3.07,203.04
img_3278.npy,3.17,220.82
img_3279.npy,3.09,214.62
img_328.npy,3.17,212.48
img_3280.npy,2.94,205.89
img_3281.npy,3.01,198.65
img_3282.npy,3.19,199.26
img_3283.npy,3.13,201.66
img_3284.npy,2.92,200.50
img_3285.npy,3.18,210.37
img_3286.npy,3.66,212.31
img_3287.npy,3.21,205.04
img_3288.npy,3.24,201.17
img_3289.npy,3.16,199.36
img_329.npy,3.14,211.31
img_3290.npy,3.08,202.57
img_3291.npy,3.16,202.21
img_3292.npy,3.05,200.99
img_3293.npy,3.10,203.92
img_3294.npy,3.04,200.01
img_3295.npy,3.09,220.00
img_3296.npy,3.13,221.71
img_3297.npy,3.19,214.63
img_3298.npy,3.05,209.56
img_3299.npy,3.45,201.52
img_33.npy,3.63,200.50
img_330.npy,3.09,199.36
img_3300.npy,3.06,211.78
img_3301.npy,3.23,204.81
img_3302.npy,3.20,200.52
img_3303.npy,2.95,199.87
img_3304.npy,2.94,211.61
img_3305.npy,2.98,214.65
img_3306.npy,3.07,206.55
img_3307.npy,3.01,199.51
img_3308.npy,3.20,200.48
img_3309.npy,3.09,201.63
img_331.npy,2.96,201.71
img_3310.npy,3.15,198.27
img_3311.npy,3.16,206.74
img_3312.npy,3.91,198.64
img_3313.npy,3.29,201.26
img_3314.npy,3.11,205.59
img_3315.npy,3.03,202.84
img_3316.npy,3.17,201.86
img_3317.npy,3.13,209.80
img_3318.npy,3.16,210.14
img_3319.npy,3.20,204.46
img_332.npy,3.13,203.37
img_3320.npy,3.19,199.23
img_3321.npy,3.09,199.78
img_3322.npy,3.08,201.95
img_3323.npy,3.23,200.53
img_3324.npy,3.02,203.16
img_3325.npy,3.02,226.84
img_3326.npy,3.16,223.59
img_3327.npy,3.61,224.20
img_3328.npy,3.07,217.71
img_3329.npy,3.17,210.34
img_333.npy,3.13,212.29
img_3330.npy,3.04,209.00
img_3331.npy,3.03,201.13
img_3332.npy,3.02,204.58
img_3333.npy,3.17,212.85
img_3334.npy,3.15,228.09
img_3335.npy,3.14,231.00
img_3336.npy,3.24,222.14
img_3337.npy,3.24,210.16
img_3338.npy,3.11,211.32
img_3339.npy,3.22,202.94
img_334.npy,3.20,203.59
img_3340.npy,3.71,200.32
img_3341.npy,3.07,202.13
img_3342.npy,3.11,201.37
img_3343.npy,3.05,203.73
img_3344.npy,3.12,219.31
img_3345.npy,3.20,215.67
img_3346.npy,3.03,208.37
img_3347.npy,3.18,207.05
img_3348.npy,3.19,200.30
img_3349.npy,3.06,198.62
img_335.npy,3.09,201.27
img_3350.npy,2.97,203.18
img_3351.npy,3.04,209.01
img_3352.npy,3.05,205.62
img_3353.npy,3.20,200.31
img_3354.npy,3.84,196.45
img_3355.npy,3.20,202.17
img_3356.npy,3.22,199.68
img_3357.npy,3.15,209.35
img_3358.npy,3.20,204.91
img_3359.npy,3.19,201.51
img_336.npy,3.14,203.45
img_3360.npy,3.08,214.03
img_3361.npy,3.06,211.55
img_3362.npy,3.19,210.58
img_3363.npy,3.18,202.79
img_3364.npy,3.23,196.84
img_3365.npy,3.07,200.16
img_3366.npy,3.22,213.68
img_3367.npy,2.94,210.53
img_3368.npy,3.77,205.80
img_3369.npy,3.48,201.52
img_337.npy,3.07,200.59
img_3370.npy,3.20,207.69
img_3371.npy,3.15,200.49
img_3372.npy,2.90,202.27
img_3373.npy,3.02,204.62
img_3374.npy,2.98,199.75
img_3375.npy,3.19,199.59
img_3376.npy,3.12,212.14
img_3377.npy,3.25,215.48
img_3378.npy,3.18,207.68
img_3379.npy,3.13,201.82
img_338.npy,2.96,203.66
img_3380.npy,3.21,202.60
img_3381.npy,3.13,217.91
img_3382.npy,3.70,212.45
img_3383.npy,3.14,211.30
img_3384.npy,2.92,206.05
img_3385.npy,3.12,204.56
img_3386.npy,3.19,205.30
img_3387.npy,3.22,199.09
img_3388.npy,3.14,200.66
img_3389.npy,3.17,204.28
img_339.npy,2.99,204.78
img_3390.npy,3.23,206.51
img_3391.npy,3.21,212.98
img_3392.npy,3.08,214.24
img_3393.npy,2.90,213.31
img_3394.npy,3.04,207.80
img_3395.npy,3.01,202.70
img_3396.npy,3.75,195.62
img_3397.npy,3.26,198.10
img_3398.npy,3.02,208.88
img_3399.npy,3.03,201.81
img_34.npy,3.11,201.92
img_340.npy,3.23,203.68
img_3400.npy,3.09,205.80
img_3401.npy,3.11,199.21
img_3402.npy,3.14,199.18
img_3403.npy,3.34,208.83
img_3404.npy,3.08,206.67
img_3405.npy,3.18,204.84
img_3406.npy,2.93,197.77
img_3407.npy,3.16,197.91
img_3408.npy,3.17,200.06
img_3409.npy,3.11,202.50
img_341.npy,3.27,209.37
img_3410.npy,3.12,207.82
img_3411.npy,3.17,206.14
img_3412.npy,3.13,199.39
img_3413.npy,3.13,214.59
img_3414.npy,3.04,214.84
img_3415.npy,3.18,213.52
img_3416.npy,3.23,207.75
img_3417.npy,3.20,202.16
img_3418.npy,3.16,197.62
img_3419.npy,2.94,203.44
img_342.npy,3.11,203.00
img_3420.npy,3.14,202.05
img_3421.npy,3.10,228.73
img_3422.npy,3.67,218.53
img_3423.npy,3.29,210.05
img_3424.npy,3.16,211.37
img_3425.npy,3.23,204.36
img_3426.npy,3.11,202.73
img_3427.npy,3.22,203.58
img_3428.npy,3.22,202.32
img_3429.npy,3.15,231.38
img_343.npy,3.09,229.27
img_3430.npy,3.10,224.77
img_3431.npy,3.17,221.32
img_3432.npy,3.10,215.16
img_3433.npy,3.10,208.76
img_3434.npy,3.08,201.73
img_3435.npy,3.10,202.80
img_3436.npy,3.02,198.89
img_3437.npy,3.86,201.11
img_3438.npy,3.30,226.66
img_3439.npy,3.18,219.35
img_344.npy,3.13,215.27
img_3440.npy,3.22,211.71
img_3441.npy,3.18,200.67
img_3442.npy,3.09,200.83
img_3443.npy,2.79,201.93
img_3444.npy,2.76,212.11
img_3445.npy,3.00,207.83
img_3446.npy,2.93,201.14
img_3447.npy,3.06,199.20
img_3448.npy,2.81,199.53
img_3449.npy,3.01,209.61
img_345.npy,3.16,206.42
img_3450.npy,3.16,203.72
img_3451.npy,3.74,196.25
img_3452.npy,3.13,199.57
img_3453.npy,3.01,213.99
img_3454.npy,3.06,209.18
img_3455.npy,2.98,209.19
img_3456.npy,3.20,202.73
img_3457.npy,3.21,199.57
img_3458.npy,3.18,199.23
img_3459.npy,3.19,205.55
img_346.npy,2.97,204.72
img_3460.npy,3.16,204.79
img_3461.npy,3.03,204.62
img_3462.npy,3.22,199.82
img_3463.npy,3.14,211.84
img_3464.npy,3.12,209.70
img_3465.npy,3.13,205.59
img_3466.npy,3.52,200.29
img_3467.npy,3.29,195.59
img_3468.npy,3.13,200.90
img_3469.npy,3.18,202.86
img_347.npy,2.98,209.59
img_3470.npy,3.08,208.18
img_3471.npy,3.16,200.85
img_3472.npy,3.21,201.62
img_3473.npy,3.26,201.41
img_3474.npy,3.08,199.18
img_3475.npy,3.11,198.44
img_3476.npy,3.11,214.02
img_3477.npy,3.19,213.48
img_3478.npy,3.21,210.30
img_3479.npy,3.18,204.26
img_348.npy,3.83,201.18
img_3480.npy,3.23,200.10
img_3481.npy,3.12,202.30
img_3482.npy,3.13,201.79
img_3483.npy,3.02,200.50
img_3484.npy,3.04,227.28
img_3485.npy,3.10,228.50
img_3486.npy,3.09,218.32
img_3487.npy,3.10,213.36
img_3488.npy,3.14,212.24
img_3489.npy,3.22,207.80
img_349.npy,3.11,201.74
img_3490.npy,3.01,201.78
img_3491.npy,3.15,204.07
img_3492.npy,3.03,231.60
img_3493.npy,3.97,227.34
img_3494.npy,3.11,217.70
img_3495.npy,3.09,212.31
img_3496.npy,3.07,209.43
img_3497.npy,3.23,203.68
img_3498.npy,3.12,199.11
img_3499.npy,3.17,197.29
img_35.npy,3.13,204.45
img_350.npy,3.15,204.59
img_3500.npy,3.07,201.04
img_3501.npy,3.18,200.57
img_3502.npy,3.06,210.55
img_3503.npy,3.21,210.59
img_3504.npy,2.97,204.72
img_3505.npy,3.19,204.79
img_3506.npy,3.13,196.36
img_3507.npy,3.62,203.04
img_3508.npy,3.27,203.59
img_3509.npy,3.10,215.76
img_351.npy,3.15,209.42
img_3510.npy,3.13,207.30
img_3511.npy,3.19,207.82
img_3512.npy,3.24,201.72
img_3513.npy,3.13,198.27
img_3514.npy,3.12,201.01
img_3515.npy,3.16,207.86
img_3516.npy,3.02,203.46
img_3517.npy,3.21,205.56
img_3518.npy,3.08,199.19
img_3519.npy,3.06,210.81
img_352.npy,3.11,210.98
img_3520.npy,3.74,202.89
img_3521.npy,3.21,201.96
img_3522.npy,3.18,198.98
img_3523.npy,2.95,198.79
img_3524.npy,2.95,207.73
img_3525.npy,3.11,207.24
img_3526.npy,2.96,200.77
img_3527.npy,3.19,204.34
img_3528.npy,3.30,198.86
img_3529.npy,3.03,201.23
img_353.npy,3.05,202.53
img_3530.npy,3.15,197.21
img_3531.npy,3.18,208.93
img_3532.npy,3.25,199.61
img_3533.npy,3.07,197.35
img_3534.npy,3.48,203.37
img_3535.npy,3.26,210.50
img_3536.npy,3.11,203.34
img_3537.npy,3.15,205.45
img_3538.npy,3.18,205.30
img_3539.npy,3.07,211.07
img_354.npy,3.25,218.28
img_3540.npy,3.07,213.77
img_3541.npy,3.18,212.56
img_3542.npy,3.06,212.44
img_3543.npy,3.11,199.54
img_3544.npy,3.18,203.23
img_3545.npy,3.11,198.17
img_3546.npy,3.09,199.91
img_3547.npy,3.09,204.90
img_3548.npy,3.33,215.55
img_3549.npy,3.79,225.82
img_355.npy,3.15,219.18
img_3550.npy,3.22,213.13
img_3551.npy,3.26,206.36
img_3552.npy,3.20,202.82
img_3553.npy,3.22,200.27
img_3554.npy,2.91,200.98
img_3555.npy,3.27,202.78
img_3556.npy,3.16,226.68
img_3557.npy,3.21,224.56
img_3558.npy,3.23,214.95
img_3559.npy,3.27,209.75
img_356.npy,3.03,201.93
img_3560.npy,3.07,201.61
img_3561.npy,3.07,207.98
img_3562.npy,3.66,207.59
img_3563.npy,3.04,206.56
img_3564.npy,2.96,203.26
img_3565.npy,3.39,203.67
img_3566.npy,3.20,211.43
img_3567.npy,3.21,207.21
img_3568.npy,2.99,203.50
img_3569.npy,3.25,201.36
img_357.npy,3.00,220.11
img_3570.npy,3.12,214.61
img_3571.npy,3.11,208.81
img_3572.npy,3.17,211.28
img_3573.npy,3.17,204.59
img_3574.npy,3.18,200.76
img_3575.npy,3.38,200.36
img_3576.npy,3.18,202.34
img_3577.npy,3.09,204.48
img_3578.npy,3.26,227.64
img_3579.npy,3.13,226.62
img_358.npy,3.32,217.40
img_3580.npy,3.14,214.42
img_3581.npy,3.19,209.33
img_3582.npy,3.22,207.12
img_3583.npy,3.44,205.12
img_3584.npy,3.13,200.27
img_3585.npy,3.00,205.43
img_3586.npy,3.11,235.07
img_3587.npy,3.17,232.43
img_3588.npy,3.20,228.46
img_3589.npy,3.22,219.46
img_359.npy,3.02,210.23
img_3590.npy,3.10,210.81
img_3591.npy,3.13,200.07
img_3592.npy,3.19,200.19
img_3593.npy,3.21,201.27
img_3594.npy,3.03,205.12
img_3595.npy,3.03,227.66
img_3596.npy,3.20,222.48
img_3597.npy,3.13,212.05
img_3598.npy,3.71,208.52
img_3599.npy,2.92,200.41
img_36.npy,3.16,201.89
img_360.npy,3.36,200.29
img_3600.npy,3.18,201.10
img_3601.npy,3.12,198.54
img_3602.npy,3.12,202.40
img_3603.npy,3.05,204.92
img_3604.npy,3.27,202.10
img_3605.npy,3.14,208.72
img_3606.npy,3.05,207.30
img_3607.npy,3.15,205.40
img_3608.npy,3.22,201.32
img_3609.npy,3.74,205.60
img_361.npy,3.05,204.40
img_3610.npy,3.13,201.59
img_3611.npy,3.02,209.10
img_3612.npy,3.17,205.52
img_3613.npy,3.13,202.72
img_3614.npy,3.11,203.38
img_3615.npy,2.90,197.86
img_3616.npy,3.16,217.04
img_3617.npy,3.22,210.54
img_3618.npy,3.05,210.56
img_3619.npy,3.21,207.39
img_362.npy,3.26,203.01
img_3620.npy,3.62,197.89
img_3621.npy,3.24,213.16
img_3622.npy,3.17,203.70
img_3623.npy,3.05,203.18
img_3624.npy,3.19,198.57
img_3625.npy,3.15,214.64
img_3626.npy,3.10,212.55
img_3627.npy,3.05,206.14
img_3628.npy,3.14,198.74
img_3629.npy,3.32,201.43
img_363.npy,3.16,204.50
img_3630.npy,3.11,201.10
img_3631.npy,3.15,199.74
img_3632.npy,3.24,210.96
img_3633.npy,3.08,201.23
img_3634.npy,3.17,200.73
img_3635.npy,3.26,198.45
img_3636.npy,3.06,211.24
img_3637.npy,2.96,210.59
img_3638.npy,3.05,205.83
img_3639.npy,3.08,201.91
img_364.npy,3.20,202.84
img_3640.npy,3.09,200.68
img_3641.npy,3.14,221.75
img_3642.npy,3.18,215.48
img_3643.npy,3.02,212.61
img_3644.npy,3.24,209.74
img_3645.npy,3.74,199.48
img_3646.npy,3.12,201.77
img_3647.npy,3.22,200.68
img_3648.npy,3.13,206.30
img_3649.npy,2.92,202.81
img_365.npy,3.09,227.07
img_3650.npy,3.34,227.67
img_3651.npy,3.13,217.61
img_3652.npy,3.11,210.30
img_3653.npy,3.02,207.27
img_3654.npy,3.13,201.30
img_3655.npy,3.18,200.27
img_3656.npy,2.92,198.52
img_3657.npy,3.09,200.09
img_3658.npy,3.66,203.39
img_3659.npy,3.09,198.36
img_366.npy,2.97,210.84
img_3660.npy,3.08,209.88
img_3661.npy,3.13,200.28
img_3662.npy,3.04,201.01
img_3663.npy,2.96,208.21
img_3664.npy,3.10,207.67
img_3665.npy,3.11,206.41
img_3666.npy,3.06,204.44
img_3667.npy,3.19,197.20
img_3668.npy,3.24,203.09
img_3669.npy,3.10,209.01
img_367.npy,3.16,205.86
img_3670.npy,3.52,204.53
img_3671.npy,3.12,205.28
img_3672.npy,3.23,221.11
img_3673.npy,3.20,216.59
img_3674.npy,3.02,210.83
img_3675.npy,3.20,206.88
img_3676.npy,3.14,202.70
img_3677.npy,3.08,201.01
img_3678.npy,3.14,199.81
img_3679.npy,3.05,201.88
img_368.npy,2.90,227.86
img_3680.npy,3.06,228.45
img_3681.npy,3.24,223.05
img_3682.npy,3.15,219.66
img_3683.npy,3.45,216.82
img_3684.npy,2.88,212.43
img_3685.npy,3.15,201.80
img_3686.npy,3.15,201.20
img_3687.npy,3.14,202.68
img_3688.npy,3.16,204.04
img_3689.npy,3.24,228.04
img_369.npy,3.22,222.29
img_3690.npy,3.09,216.16
img_3691.npy,3.20,211.53
img_3692.npy,3.09,199.99
img_3693.npy,2.76,199.26
img_3694.npy,3.23,208.01
img_3695.npy,3.22,202.66
img_3696.npy,3.47,204.74
img_3697.npy,3.09,201.52
img_3698.npy,3.17,199.50
img_3699.npy,3.18,211.54
img_37.npy,3.15,213.38
img_370.npy,3.16,206.49
img_3700.npy,3.22,202.02
img_3701.npy,3.20,203.41
img_3702.npy,3.14,213.20
img_3703.npy,3.23,212.12
img_3704.npy,3.03,209.01
img_3705.npy,3.17,204.20
img_3706.npy,3.16,201.70
img_3707.npy,3.02,198.93
img_3708.npy,3.44,208.65
img_3709.npy,2.93,206.40
img_371.npy,3.20,203.50
img_3710.npy,3.19,204.29
img_3711.npy,3.20,225.02
img_3712.npy,3.22,220.04
img_3713.npy,3.18,213.07
img_3714.npy,3.15,209.02
img_3715.npy,3.15,207.06
img_3716.npy,3.22,204.24
img_3717.npy,3.08,203.31
img_3718.npy,3.22,200.62
img_3719.npy,3.14,202.26
img_372.npy,3.01,229.29
img_3720.npy,3.39,232.00
img_3721.npy,2.99,227.28
img_3722.npy,3.19,227.44
img_3723.npy,3.22,217.60
img_3724.npy,3.14,209.80
img_3725.npy,3.06,210.66
img_3726.npy,2.99,206.50
img_3727.npy,3.15,201.72
img_3728.npy,3.14,202.98
img_3729.npy,3.21,201.59
img_373.npy,3.17,227.33
img_3730.npy,3.33,224.59
img_3731.npy,3.26,215.39
img_3732.npy,3.19,211.03
img_3733.npy,3.65,202.12
img_3734.npy,3.05,200.12
img_3735.npy,3.06,204.43
img_3736.npy,3.21,203.03
img_3737.npy,3.14,199.19
img_3738.npy,3.12,204.38
img_3739.npy,3.05,202.79
img_374.npy,3.14,201.07
img_3740.npy,3.14,208.86
img_3741.npy,3.12,202.34
img_3742.npy,3.21,199.13
img_3743.npy,2.99,210.27
img_3744.npy,3.16,209.74
img_3745.npy,3.02,203.17
img_3746.npy,3.52,199.29
img_3747.npy,3.14,202.22
img_3748.npy,3.17,202.21
img_3749.npy,2.87,203.90
img_375.npy,3.09,198.96
img_3750.npy,3.14,199.70
img_3751.npy,3.03,216.37
img_3752.npy,3.03,209.96
img_3753.npy,2.96,210.54
img_3754.npy,3.50,202.45
img_3755.npy,3.16,199.37
img_3756.npy,3.03,199.79
img_3757.npy,3.09,203.20
img_3758.npy,2.83,200.86
img_3759.npy,3.19,205.98
img_376.npy,3.21,231.38
img_3760.npy,3.04,217.93
img_3761.npy,3.25,216.29
img_3762.npy,3.19,208.91
img_3763.npy,3.17,209.34
img_3764.npy,3.23,201.96
img_3765.npy,3.19,199.90
img_3766.npy,3.15,200.41
img_3767.npy,3.05,203.72
img_3768.npy,3.07,224.70
img_3769.npy,2.96,218.92
img_377.npy,3.04,214.09
img_3770.npy,3.03,212.40
img_3771.npy,3.20,201.02
img_3772.npy,3.70,197.58
img_3773.npy,3.01,199.34
img_3774.npy,3.14,203.09
img_3775.npy,3.20,201.21
img_3776.npy,2.95,206.61
img_3777.npy,3.09,201.15
img_3778.npy,3.17,201.73
img_3779.npy,3.19,205.40
img_378.npy,3.17,201.49
img_3780.npy,3.07,205.08
img_3781.npy,3.20,200.08
img_3782.npy,3.04,202.23
img_3783.npy,2.92,203.89
img_3784.npy,3.17,202.49
img_3785.npy,3.18,215.92
img_3786.npy,3.53,212.28
img_3787.npy,2.92,210.03
img_3788.npy,3.18,209.12
img_3789.npy,3.15,202.15
img_379.npy,3.13,199.74
img_3790.npy,3.22,198.74
img_3791.npy,3.18,211.34
img_3792.npy,3.21,207.36
img_3793.npy,3.24,203.83
img_3794.npy,3.21,199.65
img_3795.npy,3.02,209.71
img_3796.npy,3.23,203.89
img_3797.npy,3.05,199.62
img_3798.npy,3.11,202.46
img_3799.npy,3.82,198.76
img_38.npy,3.16,200.09
img_380.npy,3.19,211.91
img_3800.npy,3.19,202.64
img_3801.npy,2.99,198.72
img_3802.npy,3.14,200.70
img_3803.npy,3.13,209.99
img_3804.npy,3.21,201.05
img_3805.npy,3.10,198.18
img_3806.npy,3.10,204.36
img_3807.npy,3.14,203.45
img_3808.npy,3.20,201.64
img_3809.npy,3.19,202.01
img_381.npy,2.99,209.27
img_3810.npy,3.31,204.17
img_3811.npy,3.47,199.26
img_3812.npy,3.20,201.75
img_3813.npy,3.22,199.49
img_3814.npy,2.98,218.72
img_3815.npy,3.17,215.10
img_3816.npy,3.03,207.48
img_3817.npy,3.11,204.06
img_3818.npy,3.16,201.13
img_3819.npy,3.23,197.43
img_382.npy,3.18,201.43
img_3820.npy,3.15,202.64
img_3821.npy,3.16,202.37
img_3822.npy,3.09,200.71
img_3823.npy,3.52,222.91
img_3824.npy,3.18,218.94
img_3825.npy,3.23,214.39
img_3826.npy,3.30,208.02
img_3827.npy,3.32,203.93
img_3828.npy,3.16,198.41
img_3829.npy,3.09,208.77
img_383.npy,3.04,207.32
img_3830.npy,3.08,206.59
img_3831.npy,3.16,200.57
img_3832.npy,3.19,204.10
img_3833.npy,2.99,213.38
img_3834.npy,3.01,214.79
img_3835.npy,3.17,204.72
img_3836.npy,3.11,199.61
img_3837.npy,3.08,196.15
img_3838.npy,3.58,200.99
img_3839.npy,3.11,212.48
img_384.npy,3.16,208.82
img_3840.npy,3.20,209.02
img_3841.npy,3.02,200.88
img_3842.npy,3.19,200.04
img_3843.npy,3.17,200.23
img_3844.npy,3.06,205.15
img_3845.npy,3.15,199.91
img_3846.npy,3.00,201.73
img_3847.npy,3.15,200.73
img_3848.npy,3.15,198.36
img_3849.npy,3.09,200.96
img_385.npy,3.02,210.70
img_3850.npy,3.92,203.72
img_3851.npy,3.32,198.79
img_3852.npy,3.08,216.74
img_3853.npy,3.20,214.16
img_3854.npy,2.92,209.62
img_3855.npy,3.05,210.12
img_3856.npy,3.19,199.78
img_3857.npy,3.21,201.88
img_3858.npy,3.19,200.89
img_3859.npy,3.13,200.43
img_386.npy,3.15,202.35
img_3860.npy,3.15,203.36
img_3861.npy,3.09,199.76
img_3862.npy,3.19,202.80
img_3863.npy,2.98,216.69
img_3864.npy,3.62,210.31
img_3865.npy,3.14,208.14
img_3866.npy,3.22,202.61
img_3867.npy,3.26,198.11
img_3868.npy,3.06,210.25
img_3869.npy,3.21,210.29
img_387.npy,3.22,207.83
img_3870.npy,3.21,202.84
img_3871.npy,3.16,197.77
img_3872.npy,3.18,209.37
img_3873.npy,3.06,207.83
img_3874.npy,3.26,197.42
img_3875.npy,3.20,196.70
img_3876.npy,3.10,201.15
img_3877.npy,3.12,201.14
img_3878.npy,3.53,215.66
img_3879.npy,3.13,208.34
img_388.npy,3.09,210.07
img_3880.npy,3.25,204.67
img_3881.npy,3.15,198.91
img_3882.npy,3.26,197.34
img_3883.npy,3.16,212.54
img_3884.npy,3.06,211.56
img_3885.npy,3.07,206.10
img_3886.npy,3.11,204.43
img_3887.npy,3.21,201.69
img_3888.npy,3.17,209.92
img_3889.npy,3.17,203.91
img_389.npy,3.17,203.31
img_3890.npy,3.56,200.07
img_3891.npy,3.19,199.34
img_3892.npy,3.15,216.30
img_3893.npy,3.26,210.76
img_3894.npy,3.12,208.33
img_3895.npy,3.09,206.53
img_3896.npy,3.29,203.62
img_3897.npy,3.22,196.43
img_3898.npy,3.17,201.32
img_3899.npy,3.19,212.07
img_39.npy,3.19,208.27
img_390.npy,3.30,203.46
img_3900.npy,3.23,199.04
img_3901.npy,3.12,213.38
img_3902.npy,3.17,212.32
img_3903.npy,3.56,201.94
img_3904.npy,3.05,198.26
img_3905.npy,3.14,198.90
img_3906.npy,3.05,199.94
img_3907.npy,3.17,212.10
img_3908.npy,3.15,209.54
img_3909.npy,3.22,199.98
img_391.npy,3.13,200.88
img_3910.npy,3.27,200.21
img_3911.npy,3.14,200.13
img_3912.npy,3.08,199.45
img_3913.npy,3.16,208.15
img_3914.npy,3.10,204.98
img_3915.npy,3.19,201.19
img_3916.npy,3.71,202.82
img_3917.npy,3.23,207.43
img_3918.npy,2.98,204.94
img_3919.npy,3.03,200.89
img_392.npy,3.22,202.29
img_3920.npy,2.99,228.40
img_3921.npy,3.11,219.64
img_3922.npy,3.06,214.39
img_3923.npy,3.25,212.30
img_3924.npy,3.21,201.80
img_3925.npy,3.17,200.18
img_3926.npy,3.03,202.74
img_3927.npy,3.17,199.18
img_3928.npy,3.09,201.76
img_3929.npy,3.35,227.83
img_393.npy,3.21,229.04
img_3930.npy,3.13,218.14
img_3931.npy,3.24,213.04
img_3932.npy,3.10,208.32
img_3933.npy,3.17,202.99
img_3934.npy,3.16,197.89
img_3935.npy,3.04,201.52
img_3936.npy,3.14,203.84
img_3937.npy,3.27,201.84
img_3938.npy,3.04,218.13
img_3939.npy,3.00,210.82
img_394.npy,2.97,208.68
img_3940.npy,3.23,205.73
img_3941.npy,3.17,203.45
img_3942.npy,3.05,208.78
img_3943.npy,3.70,208.95
img_3944.npy,3.18,202.31
img_3945.npy,3.23,202.27
img_3946.npy,3.20,202.17
img_3947.npy,3.20,211.88
img_3948.npy,3.16,206.75
img_3949.npy,3.25,202.68
img_395.npy,3.08,199.68
img_3950.npy,3.09,217.38
img_3951.npy,3.18,216.80
img_3952.npy,3.17,209.79
img_3953.npy,3.17,208.49
img_3954.npy,3.32,203.65
img_3955.npy,3.30,201.18
img_3956.npy,3.58,203.82
img_3957.npy,3.34,203.39
img_3958.npy,3.17,227.31
img_3959.npy,2.97,229.28
img_396.npy,3.28,221.16
img_3960.npy,3.20,212.91
img_3961.npy,3.19,214.64
img_3962.npy,3.22,209.31
img_3963.npy,3.22,201.29
img_3964.npy,3.08,200.45
img_3965.npy,3.05,202.45
img_3966.npy,3.18,228.33
img_3967.npy,3.07,230.58
img_3968.npy,3.21,222.57
img_3969.npy,3.17,213.99
img_397.npy,3.14,210.91
img_3970.npy,3.58,209.18
img_3971.npy,3.26,204.50
img_3972.npy,3.07,200.08
img_3973.npy,2.95,201.48
img_3974.npy,2.90,201.69
img_3975.npy,3.03,203.49
img_3976.npy,3.16,219.40
img_3977.npy,3.21,214.90
img_3978.npy,3.22,211.20
img_3979.npy,3.25,202.83
img_398.npy,3.14,200.74
img_3980.npy,3.18,212.09
img_3981.npy,3.14,210.14
img_3982.npy,3.00,209.35
img_3983.npy,3.85,200.32
img_3984.npy,3.11,197.78
img_3985.npy,3.19,209.34
img_3986.npy,3.16,209.95
img_3987.npy,3.04,203.71
img_3988.npy,3.25,202.89
img_3989.npy,3.02,225.30
img_399.npy,3.15,221.58
img_3990.npy,3.12,217.36
img_3991.npy,3.20,209.18
img_3992.npy,3.18,210.31
img_3993.npy,3.14,203.80
img_3994.npy,3.16,201.43
img_3995.npy,3.21,205.30
img_3996.npy,3.18,230.31
img_3997.npy,3.89,227.79
img_3998.npy,3.22,227.54
img_3999.npy,3.11,217.32
img_4.npy,3.09,209.84
img_40.npy,3.16,209.94
img_400.npy,3.11,203.92
img_4000.npy,3.04,202.25
img_4001.npy,3.14,199.52
img_4002.npy,3.07,201.81
img_4003.npy,3.16,228.49
img_4004.npy,3.23,231.96
img_4005.npy,3.21,219.07
img_4006.npy,3.05,214.98
img_4007.npy,3.06,211.65
img_4008.npy,3.11,204.80
img_4009.npy,3.77,201.38
img_401.npy,3.22,199.70
img_4010.npy,3.09,197.80
img_4011.npy,3.13,203.70
img_4012.npy,3.11,202.73
img_4013.npy,3.13,219.16
img_4014.npy,3.09,215.00
img_4015.npy,3.08,210.98
img_4016.npy,3.15,202.64
img_4017.npy,3.13,201.37
img_4018.npy,3.12,199.85
img_4019.npy,3.07,203.93
img_402.npy,3.14,198.85
img_4020.npy,2.97,208.83
img_4021.npy,3.15,206.69
img_4022.npy,3.82,203.49
img_4023.npy,3.12,198.54
img_4024.npy,3.06,198.09
img_4025.npy,2.91,201.34
img_4026.npy,3.09,203.08
img_4027.npy,3.23,200.52
img_4028.npy,2.90,200.68
img_4029.npy,3.18,202.86
img_403.npy,3.18,218.69
img_4030.npy,3.12,210.77
img_4031.npy,3.12,211.50
img_4032.npy,3.16,209.70
img_4033.npy,3.26,202.70
img_4034.npy,3.16,201.21
img_4035.npy,3.21,198.36
img_4036.npy,3.42,209.39
img_4037.npy,3.11,210.46
img_4038.npy,3.17,201.21
img_4039.npy,3.15,200.64
img_404.npy,3.13,201.44
img_4040.npy,3.14,209.90
img_4041.npy,3.08,208.51
img_4042.npy,3.10,199.35
img_4043.npy,3.10,201.36
img_4044.npy,3.15,198.80
img_4045.npy,3.09,200.95
img_4046.npy,3.16,209.08
img_4047.npy,3.29,206.70
img_4048.npy,3.13,199.71
img_4049.npy,3.20,201.64
img_405.npy,3.82,199.15
img_4050.npy,3.16,201.01
img_4051.npy,3.06,199.91
img_4052.npy,3.24,203.32
img_4053.npy,3.18,201.05
img_4054.npy,3.09,201.48
img_4055.npy,3.05,216.50
img_4056.npy,2.99,214.32
img_4057.npy,3.19,213.17
img_4058.npy,3.12,211.00
img_4059.npy,3.14,202.76
img_406.npy,3.23,199.05
img_4060.npy,3.10,213.86
img_4061.npy,3.11,214.73
img_4062.npy,3.19,211.09
img_4063.npy,3.85,198.81
img_4064.npy,3.17,200.27
img_4065.npy,3.17,203.41
img_4066.npy,3.02,207.73
img_4067.npy,3.18,203.86
img_4068.npy,3.16,199.08
img_4069.npy,3.14,201.73
img_407.npy,3.16,203.52
img_4070.npy,3.02,217.92
img_4071.npy,2.88,211.22
img_4072.npy,3.18,207.46
img_4073.npy,3.18,205.64
img_4074.npy,3.23,200.99
img_4075.npy,3.26,198.53
img_4076.npy,3.14,201.34
img_4077.npy,3.71,206.68
img_4078.npy,3.14,201.64
img_4079.npy,3.13,203.78
img_408.npy,3.28,221.41
img_4080.npy,3.14,212.93
img_4081.npy,3.05,212.65
img_4082.npy,3.16,212.04
img_4083.npy,2.95,204.12
img_4084.npy,3.05,200.19
img_4085.npy,2.90,200.43
img_4086.npy,3.26,209.35
img_4087.npy,3.25,201.19
img_4088.npy,3.20,199.48
img_4089.npy,3.05,208.57
img_409.npy,3.05,210.73
img_4090.npy,3.17,203.21
img_4091.npy,3.19,201.85
img_4092.npy,3.10,199.30
img_4093.npy,3.24,204.45
img_4094.npy,3.17,200.41
img_4095.npy,3.23,199.62
img_4096.npy,3.23,202.40
img_4097.npy,3.08,201.77
img_4098.npy,3.20,207.32
img_4099.npy,3.16,202.88
img_41.npy,3.20,198.45
img_410.npy,3.09,202.66
img_4100.npy,3.03,210.87
img_4101.npy,3.09,207.66
img_4102.npy,3.25,199.05
img_4103.npy,3.63,200.00
img_4104.npy,3.04,199.86
img_4105.npy,3.02,200.53
img_4106.npy,3.17,202.64
img_4107.npy,3.13,203.34
img_4108.npy,3.06,225.42
img_4109.npy,3.07,220.75
img_411.npy,3.08,215.41
img_4110.npy,2.96,212.37
img_4111.npy,3.16,210.25
img_4112.npy,3.17,203.55
img_4113.npy,3.21,201.59
img_4114.npy,3.19,202.16
img_4115.npy,3.12,204.43
img_4116.npy,3.47,229.29
img_4117.npy,3.13,226.89
img_4118.npy,3.15,222.26
img_4119.npy,3.28,213.79
img_412.npy,3.15,208.05
img_4120.npy,3.24,201.01
img_4121.npy,3.20,201.88
img_4122.npy,3.11,201.34
img_4123.npy,3.10,201.74
img_4124.npy,3.21,201.80
img_4125.npy,3.18,224.59
img_4126.npy,3.07,216.76
img_4127.npy,3.31,209.22
img_4128.npy,3.23,209.54
img_4129.npy,3.17,204.58
img_413.npy,3.62,198.56
img_4130.npy,3.30,203.56
img_4131.npy,3.14,204.81
img_4132.npy,3.27,200.49
img_4133.npy,3.04,214.87
img_4134.npy,3.09,212.02
img_4135.npy,3.18,210.12
img_4136.npy,3.07,201.69
img_4137.npy,3.09,203.64
img_4138.npy,3.18,217.06
img_4139.npy,3.01,217.89
img_414.npy,3.04,214.60
img_4140.npy,3.16,212.29
img_4141.npy,3.23,209.59
img_4142.npy,3.18,205.05
img_4143.npy,2.99,201.68
img_4144.npy,3.76,202.41
img_4145.npy,3.18,204.17
img_4146.npy,3.21,231.98
img_4147.npy,3.23,233.33
img_4148.npy,3.19,226.77
img_4149.npy,3.14,217.69
img_415.npy,3.22,211.57
img_4150.npy,3.27,209.18
img_4151.npy,3.14,204.50
img_4152.npy,3.23,204.21
img_4153.npy,3.15,200.86
img_4154.npy,3.06,202.09
img_4155.npy,3.22,228.75
img_4156.npy,3.01,228.12
img_4157.npy,3.39,216.58
img_4158.npy,3.30,214.68
img_4159.npy,2.97,205.74
img_416.npy,3.11,202.26
img_4160.npy,3.07,199.35
img_4161.npy,3.14,201.12
img_4162.npy,3.13,201.65
img_4163.npy,3.22,226.36
img_4164.npy,3.15,220.87
img_4165.npy,3.17,214.13
img_4166.npy,3.25,207.41
img_4167.npy,3.08,201.63
img_4168.npy,3.16,198.00
img_4169.npy,2.98,200.84
img_417.npy,3.11,203.09
img_4170.npy,3.51,199.65
img_4171.npy,3.16,198.65
img_4172.npy,3.02,217.70
img_4173.npy,3.15,212.79
img_4174.npy,3.15,206.19
img_4175.npy,3.18,200.72
img_4176.npy,3.21,197.23
img_4177.npy,2.97,206.56
img_4178.npy,2.95,206.00
img_4179.npy,3.12,202.60
img_418.npy,3.30,198.42
img_4180.npy,3.17,199.72
img_4181.npy,3.15,200.86
img_4182.npy,3.13,209.81
img_4183.npy,3.47,203.63
img_4184.npy,3.31,201.55
img_4185.npy,3.12,212.04
img_4186.npy,2.95,208.91
img_4187.npy,2.88,209.63
img_4188.npy,3.11,204.31
img_4189.npy,3.21,200.55
img_419.npy,3.10,196.55
img_4190.npy,2.86,202.75
img_4191.npy,3.01,211.95
img_4192.npy,3.09,203.92
img_4193.npy,3.05,203.57
img_4194.npy,3.08,218.17
img_4195.npy,3.12,214.39
img_4196.npy,3.04,208.14
img_4197.npy,3.52,201.97
img_4198.npy,3.20,201.95
img_4199.npy,3.29,200.50
img_42.npy,3.13,200.09
img_420.npy,2.94,201.53
img_4200.npy,3.08,229.25
img_4201.npy,3.22,226.56
img_4202.npy,3.14,222.09
img_4203.npy,3.16,216.78
img_4204.npy,3.17,211.73
img_4205.npy,3.12,208.54
img_4206.npy,3.20,204.50
img_4207.npy,3.06,201.40
img_4208.npy,2.97,218.53
img_4209.npy,3.52,228.92
img_421.npy,3.39,219.78
img_4210.npy,3.18,217.07
img_4211.npy,3.05,213.02
img_4212.npy,3.02,209.82
img_4213.npy,3.01,202.33
img_4214.npy,3.23,199.94
img_4215.npy,3.00,200.46
img_4216.npy,2.93,204.44
img_4217.npy,3.17,232.09
img_4218.npy,3.21,228.25
img_4219.npy,3.04,217.99
img_422.npy,3.12,208.95
img_4220.npy,3.06,209.53
img_4221.npy,3.19,202.12
img_4222.npy,3.82,201.18
img_4223.npy,3.11,200.06
img_4224.npy,3.19,203.63
img_4225.npy,3.13,228.45
img_4226.npy,3.17,227.00
img_4227.npy,3.23,216.62
img_4228.npy,3.13,211.91
img_4229.npy,3.20,209.78
img_423.npy,3.23,204.36
img_4230.npy,3.15,198.66
img_4231.npy,3.15,200.91
img_4232.npy,3.11,203.37
img_4233.npy,2.79,200.80
img_4234.npy,3.14,201.50
img_4235.npy,3.57,220.55
img_4236.npy,3.18,214.08
img_4237.npy,3.27,208.81
img_4238.npy,3.17,201.34
img_4239.npy,3.29,201.69
img_424.npy,3.26,207.39
img_4240.npy,3.12,206.12
img_4241.npy,2.99,201.96
img_4242.npy,3.26,197.77
img_4243.npy,3.27,199.95
img_4244.npy,3.02,212.49
img_4245.npy,3.12,209.50
img_4246.npy,3.25,199.17
img_4247.npy,3.12,200.48
img_4248.npy,3.20,201.24
img_4249.npy,3.55,208.20
img_425.npy,3.09,208.07
img_4250.npy,3.25,203.62
img_4251.npy,3.15,198.85
img_4252.npy,3.18,200.02
img_4253.npy,3.12,200.27
img_4254.npy,3.03,211.06
img_4255.npy,3.21,205.25
img_4256.npy,3.14,199.02
img_4257.npy,3.36,203.54
img_4258.npy,3.14,221.25
img_4259.npy,3.20,208.89
img_426.npy,3.24,210.34
img_4260.npy,3.25,203.72
img_4261.npy,3.29,199.32
img_4262.npy,3.03,201.66
img_4263.npy,3.18,204.38
img_4264.npy,3.03,201.59
img_4265.npy,3.15,228.36
img_4266.npy,3.15,232.63
img_4267.npy,3.16,227.50
img_4268.npy,3.21,222.13
img_4269.npy,3.22,213.81
img_427.npy,3.12,212.54
img_4270.npy,3.23,208.33
img_4271.npy,3.14,203.12
img_4272.npy,3.23,203.55
img_4273.npy,3.15,216.69
img_4274.npy,3.13,228.47
img_4275.npy,3.76,228.89
img_4276.npy,3.15,229.13
img_4277.npy,3.19,218.32
img_4278.npy,3.07,211.37
img_4279.npy,3.17,211.20
img_428.npy,3.03,204.23
img_4280.npy,3.21,204.04
img_4281.npy,3.18,199.84
img_4282.npy,2.97,202.23
img_4283.npy,2.91,230.34
img_4284.npy,3.11,228.25
img_4285.npy,3.07,216.97
img_4286.npy,3.10,209.25
img_4287.npy,3.13,202.52
img_4288.npy,3.75,200.05
img_4289.npy,3.13,204.77
img_429.npy,3.17,206.59
img_4290.npy,3.11,200.21
img_4291.npy,2.89,198.98
img_4292.npy,3.13,218.52
img_4293.npy,3.17,217.84
img_4294.npy,3.11,209.72
img_4295.npy,3.04,206.24
img_4296.npy,3.14,203.05
img_4297.npy,3.09,203.12
img_4298.npy,3.38,203.71
img_4299.npy,3.12,201.18
img_43.npy,3.16,198.07
img_430.npy,3.19,202.31
img_4300.npy,3.58,200.36
img_4301.npy,3.20,213.49
img_4302.npy,3.07,205.84
img_4303.npy,3.18,200.55
img_4304.npy,3.17,201.17
img_4305.npy,3.10,214.30
img_4306.npy,2.91,211.69
img_4307.npy,3.25,205.16
img_4308.npy,2.91,198.06
img_4309.npy,3.12,200.55
img_431.npy,3.22,199.50
img_4310.npy,3.12,198.81
img_4311.npy,3.05,202.11
img_4312.npy,3.20,204.32
img_4313.npy,3.16,209.88
img_4314.npy,3.76,215.24
img_4315.npy,3.17,209.81
img_4316.npy,3.00,202.60
img_4317.npy,2.92,198.54
img_4318.npy,2.87,198.66
img_4319.npy,2.90,204.85
img_432.npy,2.92,229.05
img_4320.npy,2.90,226.70
img_4321.npy,2.90,221.10
img_4322.npy,2.92,219.33
img_4323.npy,2.89,210.58
img_4324.npy,2.95,210.16
img_4325.npy,3.19,204.15
img_4326.npy,3.06,201.88
img_4327.npy,3.16,204.15
img_4328.npy,3.00,201.38
img_4329.npy,3.63,230.33
img_433.npy,3.12,228.05
img_4330.npy,3.29,215.96
img_4331.npy,3.05,212.99
img_4332.npy,3.24,205.96
img_4333.npy,3.27,200.78
img_4334.npy,3.15,200.41
img_4335.npy,3.15,201.62
img_4336.npy,3.12,202.12
img_4337.npy,3.11,201.49
img_4338.npy,3.14,219.47
img_4339.npy,3.14,211.34
img_434.npy,3.09,210.97
img_4340.npy,3.01,206.20
img_4341.npy,3.87,198.43
img_4342.npy,3.19,203.76
img_4343.npy,3.06,202.42
img_4344.npy,3.15,210.01
img_4345.npy,3.19,211.30
img_4346.npy,3.07,206.34
img_4347.npy,3.17,202.31
img_4348.npy,3.18,201.09
img_4349.npy,3.18,199.91
img_435.npy,3.21,198.29
img_4350.npy,3.23,212.26
img_4351.npy,3.11,211.52
img_4352.npy,3.17,204.62
img_4353.npy,3.16,199.36
img_4354.npy,3.11,199.04
img_4355.npy,3.72,209.68
img_4356.npy,3.10,210.59
img_4357.npy,2.98,206.79
img_4358.npy,2.99,199.11
img_4359.npy,3.11,201.13
img_436.npy,3.18,201.11
img_4360.npy,3.05,213.20
img_4361.npy,2.98,210.68
img_4362.npy,3.23,209.79
img_4363.npy,3.18,205.03
img_4364.npy,3.26,200.19
img_4365.npy,3.12,199.08
img_4366.npy,2.86,200.40
img_4367.npy,3.10,213.14
img_4368.npy,3.15,210.21
img_4369.npy,3.73,204.41
img_437.npy,3.09,201.81
img_4370.npy,3.08,198.39
img_4371.npy,3.14,209.27
img_4372.npy,2.96,209.33
img_4373.npy,3.11,203.47
img_4374.npy,3.07,198.94
img_4375.npy,3.31,205.16
img_4376.npy,3.15,214.41
img_4377.npy,3.27,209.46
img_4378.npy,3.12,207.98
img_4379.npy,3.22,206.11
img_438.npy,3.18,200.97
img_4380.npy,3.01,199.46
img_4381.npy,3.20,203.41
img_4382.npy,3.67,210.17
img_4383.npy,3.07,203.43
img_4384.npy,2.96,203.98
img_4385.npy,3.07,200.55
img_4386.npy,3.13,208.15
img_4387.npy,3.26,213.94
img_4388.npy,3.19,205.45
img_4389.npy,2.91,199.23
img_439.npy,3.19,199.35
img_4390.npy,3.13,200.70
img_4391.npy,3.01,213.44
img_4392.npy,3.09,209.17
img_4393.npy,3.12,206.06
img_4394.npy,3.09,201.70
img_4395.npy,3.63,201.08
img_4396.npy,3.09,199.63
img_4397.npy,3.21,201.34
img_4398.npy,3.17,208.46
img_4399.npy,3.07,204.24
img_44.npy,3.16,201.61
img_440.npy,3.19,201.28
img_4400.npy,3.11,210.46
img_4401.npy,3.29,207.44
img_4402.npy,3.07,200.46
img_4403.npy,3.13,202.11
img_4404.npy,3.17,198.43
img_4405.npy,3.13,215.65
img_4406.npy,3.13,212.55
img_4407.npy,3.18,207.22
img_4408.npy,3.00,206.79
img_4409.npy,3.55,201.48
img_441.npy,3.18,196.61
img_4410.npy,3.14,201.70
img_4411.npy,3.02,203.41
img_4412.npy,3.02,207.81
img_4413.npy,3.01,205.00
img_4414.npy,3.22,203.55
img_4415.npy,3.18,200.41
img_4416.npy,3.15,216.29
img_4417.npy,3.03,210.78
img_4418.npy,3.22,204.62
img_4419.npy,3.26,201.16
img_442.npy,3.18,199.09
img_4420.npy,3.13,214.56
img_4421.npy,3.59,209.48
img_4422.npy,3.20,203.44
img_4423.npy,3.11,200.42
img_4424.npy,3.21,197.42
img_4425.npy,2.92,205.94
img_4426.npy,3.05,202.25
img_4427.npy,3.17,198.55
img_4428.npy,3.02,202.19
img_4429.npy,3.00,201.78
img_443.npy,3.17,203.09
img_4430.npy,3.14,209.37
img_4431.npy,3.18,209.59
img_4432.npy,3.25,203.37
img_4433.npy,3.16,201.35
img_4434.npy,3.24,200.05
img_4435.npy,3.48,216.62
img_4436.npy,3.05,209.38
img_4437.npy,3.19,208.84
img_4438.npy,3.20,204.34
img_4439.npy,3.12,203.99
img_444.npy,3.22,198.39
img_4440.npy,3.08,198.19
img_4441.npy,3.10,206.16
img_4442.npy,3.13,204.90
img_4443.npy,3.00,226.77
img_4444.npy,3.08,223.93
img_4445.npy,3.18,216.38
img_4446.npy,3.12,209.12
img_4447.npy,3.10,202.50
img_4448.npy,3.19,199.88
img_4449.npy,3.86,198.02
img_445.npy,3.11,209.85
img_4450.npy,3.20,204.49
img_4451.npy,3.13,201.29
img_4452.npy,3.11,200.50
img_4453.npy,3.11,209.57
img_4454.npy,2.99,199.91
img_4455.npy,3.12,198.30
img_4456.npy,3.19,202.39
img_4457.npy,3.13,204.56
img_4458.npy,3.20,200.99
img_4459.npy,3.19,211.14
img_446.npy,3.04,205.93
img_4460.npy,3.01,204.11
img_4461.npy,3.15,198.46
img_4462.npy,3.90,198.37
img_4463.npy,3.18,203.27
img_4464.npy,2.72,210.84
img_4465.npy,2.76,207.24
img_4466.npy,2.99,203.07
img_4467.npy,3.12,197.57
img_4468.npy,3.10,208.56
img_4469.npy,2.98,213.11
img_447.npy,3.10,204.14
img_4470.npy,3.12,204.16
img_4471.npy,2.88,204.11
img_4472.npy,3.04,197.96
img_4473.npy,2.87,218.41
img_4474.npy,3.08,214.54
img_4475.npy,2.92,213.54
img_4476.npy,3.16,211.31
img_4477.npy,3.67,205.64
img_4478.npy,2.89,202.86
img_4479.npy,3.19,201.06
img_448.npy,3.18,198.21
img_4480.npy,2.94,209.27
img_4481.npy,3.17,211.36
img_4482.npy,2.82,203.25
img_4483.npy,3.18,204.16
img_4484.npy,3.26,200.64
img_4485.npy,3.08,210.80
img_4486.npy,3.01,212.48
img_4487.npy,3.17,205.01
img_4488.npy,3.17,200.99
img_4489.npy,3.33,197.28
img_449.npy,3.18,214.63
img_4490.npy,3.59,217.74
img_4491.npy,3.19,210.95
img_4492.npy,3.18,208.85
img_4493.npy,3.14,209.03
img_4494.npy,3.18,202.27
img_4495.npy,3.16,198.38
img_4496.npy,3.03,200.37
img_4497.npy,3.16,201.76
img_4498.npy,3.14,209.90
img_4499.npy,3.20,204.55
img_45.npy,2.89,200.06
img_450.npy,3.16,201.38
img_4500.npy,3.22,214.13
img_4501.npy,2.96,211.66
img_4502.npy,3.16,208.80
img_4503.npy,3.55,205.30
img_4504.npy,3.16,200.46
img_4505.npy,3.21,198.70
img_4506.npy,3.17,218.21
img_4507.npy,3.16,211.34
img_4508.npy,3.12,212.83
img_4509.npy,3.21,207.83
img_451.npy,3.21,203.80
img_4510.npy,3.26,198.71
img_4511.npy,3.17,200.13
img_4512.npy,2.97,198.64
img_4513.npy,3.06,204.70
img_4514.npy,2.88,202.86
img_4515.npy,3.10,227.18
img_4516.npy,3.71,215.88
img_4517.npy,3.24,209.79
img_4518.npy,3.08,207.64
img_4519.npy,3.15,200.12
img_452.npy,3.01,197.19
img_4520.npy,3.09,201.27
img_4521.npy,3.09,201.98
img_4522.npy,3.10,205.35
img_4523.npy,3.22,199.31
img_4524.npy,3.17,214.71
img_4525.npy,3.11,211.79
img_4526.npy,3.18,208.76
img_4527.npy,3.14,199.15
img_4528.npy,2.85,199.04
img_4529.npy,3.16,204.84
img_453.npy,3.38,204.38
img_4530.npy,3.21,202.02
img_4531.npy,3.16,202.40
img_4532.npy,3.20,200.57
img_4533.npy,3.11,208.34
img_4534.npy,3.16,207.50
img_4535.npy,3.13,206.61
img_4536.npy,3.22,202.30
img_4537.npy,2.94,214.46
img_4538.npy,3.05,213.12
img_4539.npy,3.07,210.84
img_454.npy,3.06,204.83
img_4540.npy,3.13,202.95
img_4541.npy,3.09,198.69
img_4542.npy,3.09,209.40
img_4543.npy,3.19,207.02
img_4544.npy,3.51,204.15
img_4545.npy,3.25,202.13
img_4546.npy,3.06,222.65
img_4547.npy,3.18,221.98
img_4548.npy,3.14,214.94
img_4549.npy,3.18,208.67
img_455.npy,3.15,207.76
img_4550.npy,3.19,205.04
img_4551.npy,3.18,200.94
img_4552.npy,3.19,203.94
img_4553.npy,3.26,204.75
img_4554.npy,2.97,230.76
img_4555.npy,3.08,232.50
img_4556.npy,3.13,231.16
img_4557.npy,3.01,228.34
img_4558.npy,3.59,222.49
img_4559.npy,3.21,214.50
img_456.npy,3.17,214.35
img_4560.npy,3.13,208.58
img_4561.npy,3.05,200.02
img_4562.npy,3.25,201.11
img_4563.npy,3.00,208.84
img_4564.npy,3.19,229.11
img_4565.npy,3.13,220.06
img_4566.npy,3.20,216.11
img_4567.npy,3.19,209.10
img_4568.npy,3.10,205.01
img_4569.npy,3.25,200.79
img_457.npy,3.10,199.41
img_4570.npy,3.55,202.71
img_4571.npy,3.20,200.49
img_4572.npy,3.19,204.98
img_4573.npy,3.25,198.95
img_4574.npy,3.15,212.11
img_4575.npy,3.18,211.02
img_4576.npy,3.21,206.14
img_4577.npy,3.11,198.20
img_4578.npy,3.20,196.98
img_4579.npy,3.13,202.34
img_458.npy,3.17,201.00
img_4580.npy,3.00,206.55
img_4581.npy,3.06,203.91
img_4582.npy,3.04,205.85
img_4583.npy,3.26,202.46
img_4584.npy,3.67,195.44
img_4585.npy,3.02,199.61
img_4586.npy,3.14,201.59
img_4587.npy,3.22,210.03
img_4588.npy,3.15,209.47
img_4589.npy,3.16,200.94
img_459.npy,3.15,201.61
img_4590.npy,3.24,211.00
img_4591.npy,3.22,210.69
img_4592.npy,3.06,205.95
img_4593.npy,3.19,200.74
img_4594.npy,3.19,199.90
img_4595.npy,3.21,200.44
img_4596.npy,3.23,212.75
img_4597.npy,2.97,209.36
img_4598.npy,3.96,203.71
img_4599.npy,3.03,199.06
img_46.npy,3.26,199.62
img_460.npy,3.19,200.64
img_4600.npy,3.09,200.98
img_4601.npy,3.02,207.84
img_4602.npy,3.14,204.50
img_4603.npy,3.21,199.42
img_4604.npy,3.03,201.47
img_4605.npy,3.05,210.03
img_4606.npy,3.12,211.08
img_4607.npy,3.24,205.86
img_4608.npy,3.40,202.54
img_4609.npy,3.00,215.17
img_461.npy,3.14,211.67
img_4610.npy,3.08,209.91
img_4611.npy,2.97,209.27
img_4612.npy,3.19,202.52
img_4613.npy,3.04,199.03
img_4614.npy,3.12,199.23
img_4615.npy,3.00,201.14
img_4616.npy,3.07,202.91
img_4617.npy,3.14,200.66
img_4618.npy,3.14,201.72
img_4619.npy,3.02,202.64
img_462.npy,3.17,217.71
img_4620.npy,3.21,210.99
img_4621.npy,3.12,207.74
img_4622.npy,3.20,207.12
img_4623.npy,3.24,198.96
img_4624.npy,3.78,201.52
img_4625.npy,3.20,207.75
img_4626.npy,3.13,203.39
img_4627.npy,3.16,201.58
img_4628.npy,3.15,198.80
img_4629.npy,3.18,201.47
img_463.npy,3.19,207.87
img_4630.npy,3.08,205.30
img_4631.npy,3.14,199.66
img_4632.npy,3.09,207.02
img_4633.npy,3.27,204.90
img_4634.npy,3.16,198.76
img_4635.npy,3.13,197.45
img_4636.npy,3.17,207.93
img_4637.npy,3.33,203.42
img_4638.npy,3.22,204.52
img_4639.npy,3.01,200.03
img_464.npy,3.01,200.83
img_4640.npy,3.17,201.88
img_4641.npy,3.15,218.32
img_4642.npy,3.20,215.48
img_4643.npy,3.18,208.44
img_4644.npy,3.14,209.90
img_4645.npy,3.24,205.91
img_4646.npy,3.08,199.31
img_4647.npy,3.06,199.65
img_4648.npy,3.06,200.51
img_4649.npy,3.11,203.37
img_465.npy,3.06,229.64
img_4650.npy,3.09,226.82
img_4651.npy,3.88,220.32
img_4652.npy,3.09,213.14
img_4653.npy,3.16,210.07
img_4654.npy,3.20,204.64
img_4655.npy,3.23,203.57
img_4656.npy,3.05,198.28
img_4657.npy,3.15,204.51
img_4658.npy,3.17,200.93
img_4659.npy,3.13,226.35
img_466.npy,3.17,219.18
img_4660.npy,3.10,212.55
img_4661.npy,3.15,210.35
img_4662.npy,2.95,205.52
img_4663.npy,3.01,205.38
img_4664.npy,3.06,198.25
img_4665.npy,3.46,204.10
img_4666.npy,3.15,205.68
img_4667.npy,2.99,206.67
img_4668.npy,3.19,224.10
img_4669.npy,3.11,212.81
img_467.npy,3.08,210.65
img_4670.npy,3.20,203.98
img_4671.npy,3.19,199.25
img_4672.npy,3.19,205.82
img_4673.npy,3.12,207.51
img_4674.npy,2.82,202.58
img_4675.npy,3.10,203.21
img_4676.npy,3.17,199.72
img_4677.npy,3.05,214.70
img_4678.npy,3.06,210.16
img_4679.npy,3.79,204.40
img_468.npy,3.12,203.87
img_4680.npy,3.25,201.27
img_4681.npy,3.03,216.39
img_4682.npy,2.95,212.49
img_4683.npy,3.01,212.54
img_4684.npy,3.00,209.70
img_4685.npy,2.98,205.35
img_4686.npy,3.23,205.22
img_4687.npy,3.02,199.21
img_4688.npy,3.03,203.84
img_4689.npy,3.21,207.33
img_469.npy,3.03,232.84
img_4690.npy,3.15,224.30
img_4691.npy,3.17,218.56
img_4692.npy,3.66,212.44
img_4693.npy,2.89,209.32
img_4694.npy,3.07,202.80
img_4695.npy,3.08,205.37
img_4696.npy,3.07,202.48
img_4697.npy,3.25,214.57
img_4698.npy,3.10,227.68
img_4699.npy,3.20,226.71
img_47.npy,3.13,212.45
img_470.npy,3.08,213.65
img_4700.npy,3.21,205.40
img_4701.npy,3.19,199.50
img_4702.npy,3.12,208.66
img_4703.npy,3.07,207.75
img_4704.npy,3.15,205.10
img_4705.npy,3.67,196.26
img_4706.npy,3.16,200.55
img_4707.npy,3.08,214.59
img_4708.npy,3.05,212.09
img_4709.npy,2.95,201.80
img_471.npy,3.02,198.45
img_4710.npy,3.23,200.83
img_4711.npy,3.09,213.18
img_4712.npy,3.23,210.76
img_4713.npy,3.21,206.39
img_4714.npy,3.22,204.73
img_4715.npy,3.27,202.05
img_4716.npy,3.06,205.31
img_4717.npy,3.01,204.51
img_4718.npy,3.03,205.07
img_4719.npy,3.91,198.88
img_472.npy,3.11,207.48
img_4720.npy,3.18,211.99
img_4721.npy,3.08,207.98
img_4722.npy,3.13,210.45
img_4723.npy,3.22,204.72
img_4724.npy,3.00,201.78
img_4725.npy,2.97,199.76
img_4726.npy,3.18,203.88
img_4727.npy,3.13,208.37
img_4728.npy,3.02,203.60
img_4729.npy,3.08,227.42
img_473.npy,3.19,228.68
img_4730.npy,3.23,222.28
img_4731.npy,3.21,216.14
img_4732.npy,3.80,210.62
img_4733.npy,3.08,208.21
img_4734.npy,3.22,205.36
img_4735.npy,3.22,206.79
img_4736.npy,3.28,203.12
img_4737.npy,2.90,229.14
img_4738.npy,3.02,228.51
img_4739.npy,3.14,228.93
img_474.npy,3.32,225.27
img_4740.npy,3.26,218.55
img_4741.npy,3.13,213.30
img_4742.npy,3.13,208.76
img_4743.npy,3.27,202.64
img_4744.npy,3.21,200.55
img_4745.npy,3.14,205.89
img_4746.npy,3.02,229.56
img_4747.npy,3.19,226.61
img_4748.npy,3.53,224.16
img_4749.npy,3.08,217.61
img_475.npy,3.13,211.16
img_4750.npy,3.21,206.52
img_4751.npy,3.18,201.59
img_4752.npy,3.22,200.35
img_4753.npy,3.17,206.11
img_4754.npy,3.19,203.25
img_4755.npy,3.18,226.68
img_4756.npy,3.02,220.95
img_4757.npy,3.21,212.88
img_4758.npy,3.13,214.88
img_4759.npy,3.09,207.67
img_476.npy,3.04,199.83
img_4760.npy,3.18,201.51
img_4761.npy,3.15,211.39
img_4762.npy,3.81,205.60
img_4763.npy,3.17,202.84
img_4764.npy,3.16,202.39
img_4765.npy,3.23,203.49
img_4766.npy,3.27,215.62
img_4767.npy,3.14,212.09
img_4768.npy,2.97,209.21
img_4769.npy,3.21,204.06
img_477.npy,3.15,203.29
img_4770.npy,3.28,217.90
img_4771.npy,3.19,214.94
img_4772.npy,3.22,212.94
img_4773.npy,3.12,213.28
img_4774.npy,2.98,205.12
img_4775.npy,3.29,203.31
img_4776.npy,3.09,199.95
img_4777.npy,3.34,201.09
img_4778.npy,3.11,203.07
img_4779.npy,2.93,202.59
img_478.npy,3.07,230.12
img_4780.npy,3.21,233.07
img_4781.npy,3.18,230.05
img_4782.npy,3.18,219.31
img_4783.npy,3.19,211.10
img_4784.npy,3.12,208.68
img_4785.npy,3.12,206.98
img_4786.npy,3.25,204.13
img_4787.npy,3.08,201.89
img_4788.npy,3.15,205.03
img_4789.npy,3.15,231.84
img_479.npy,3.01,229.31
img_4790.npy,3.24,221.50
img_4791.npy,3.77,209.22
img_4792.npy,3.18,212.18
img_4793.npy,3.07,204.37
img_4794.npy,3.02,199.07
img_4795.npy,3.20,201.91
img_4796.npy,3.17,203.00
img_4797.npy,3.21,207.33
img_4798.npy,3.14,224.96
img_4799.npy,3.20,220.06
img_48.npy,3.18,212.14
img_480.npy,3.12,206.16
img_4800.npy,3.27,201.30
img_4801.npy,3.00,197.72
img_4802.npy,3.13,200.01
img_4803.npy,2.96,201.78
img_4804.npy,3.15,201.18
img_4805.npy,3.92,197.89
img_4806.npy,3.11,203.26
img_4807.npy,3.26,208.21
img_4808.npy,3.19,204.43
img_4809.npy,3.07,203.11
img_481.npy,3.12,208.12
img_4810.npy,3.12,207.39
img_4811.npy,3.08,209.79
img_4812.npy,3.14,204.21
img_4813.npy,3.19,199.43
img_4814.npy,3.08,200.95
img_4815.npy,3.16,198.70
img_4816.npy,3.11,207.86
img_4817.npy,3.20,205.19
img_4818.npy,2.85,199.59
img_4819.npy,2.98,221.75
img_482.npy,3.76,216.57
img_4820.npy,3.07,209.19
img_4821.npy,2.93,209.04
img_4822.npy,3.30,205.45
img_4823.npy,3.07,198.84
img_4824.npy,3.17,200.20
img_4825.npy,3.02,204.46
img_4826.npy,3.10,227.41
img_4827.npy,3.03,230.44
img_4828.npy,3.14,221.49
img_4829.npy,3.09,217.97
img_483.npy,3.20,211.63
img_4830.npy,3.12,207.02
img_4831.npy,3.13,202.57
img_4832.npy,3.13,203.39
img_4833.npy,3.21,202.39
img_4834.npy,3.54,201.83
img_4835.npy,3.03,232.89
img_4836.npy,3.15,235.48
img_4837.npy,3.12,230.68
img_4838.npy,3.17,222.24
img_4839.npy,2.89,214.25
img_484.npy,3.11,215.06
img_4840.npy,3.17,206.91
img_4841.npy,3.14,201.39
img_4842.npy,3.12,202.14
img_4843.npy,3.13,200.25
img_4844.npy,3.18,200.95
img_4845.npy,3.30,224.00
img_4846.npy,3.02,218.16
img_4847.npy,3.01,215.18
img_4848.npy,3.20,212.94
img_4849.npy,3.80,199.07
img_485.npy,3.15,202.66
img_4850.npy,3.16,202.35
img_4851.npy,3.26,200.35
img_4852.npy,2.97,200.77
img_4853.npy,3.05,198.80
img_4854.npy,3.00,213.26
img_4855.npy,3.05,209.32
img_4856.npy,3.06,209.86
img_4857.npy,3.07,203.15
img_4858.npy,3.00,200.10
img_4859.npy,3.02,201.77
img_486.npy,3.11,201.95
img_4860.npy,3.17,198.86
img_4861.npy,3.07,207.71
img_4862.npy,3.14,200.08
img_4863.npy,3.76,201.94
img_4864.npy,3.14,207.88
img_4865.npy,3.10,205.04
img_4866.npy,3.11,202.03
img_4867.npy,3.24,211.38
img_4868.npy,3.17,207.09
img_4869.npy,3.14,203.83
img_487.npy,3.15,204.11
img_4870.npy,2.95,196.99
img_4871.npy,3.05,202.12
img_4872.npy,3.13,200.44
img_4873.npy,2.93,201.36
img_4874.npy,2.92,204.61
img_4875.npy,2.92,220.29
img_4876.npy,3.21,214.03
img_4877.npy,3.06,209.52
img_4878.npy,2.94,204.23
img_4879.npy,2.92,202.65
img_488.npy,2.98,203.16
img_4880.npy,3.09,208.96
img_4881.npy,2.88,231.27
img_4882.npy,3.10,228.55
img_4883.npy,2.84,219.28
img_4884.npy,3.01,217.18
img_4885.npy,3.09,214.50
img_4886.npy,3.01,206.55
img_4887.npy,3.25,204.88
img_4888.npy,3.26,198.85
img_4889.npy,3.08,203.44
img_489.npy,3.16,206.39
img_4890.npy,3.16,226.92
img_4891.npy,3.08,226.62
img_4892.npy,3.75,221.27
img_4893.npy,3.10,212.99
img_4894.npy,2.94,212.04
img_4895.npy,3.13,199.74
img_4896.npy,3.25,200.05
img_4897.npy,3.17,199.46
img_4898.npy,3.07,207.69
img_4899.npy,3.19,205.02
img_49.npy,3.18,200.49
img_490.npy,3.23,200.95
img_4900.npy,3.17,211.75
img_4901.npy,3.08,208.29
img_4902.npy,3.13,205.75
img_4903.npy,3.17,204.35
img_4904.npy,3.18,200.32
img_4905.npy,3.18,200.82
img_4906.npy,3.62,200.36
img_4907.npy,2.96,212.21
img_4908.npy,3.14,208.59
img_4909.npy,3.15,202.54
img_491.npy,3.10,203.34
img_4910.npy,3.21,202.23
img_4911.npy,3.08,205.81
img_4912.npy,3.19,201.54
img_4913.npy,3.15,199.13
img_4914.npy,3.11,202.22
img_4915.npy,3.15,200.53
img_4916.npy,3.15,201.42
img_4917.npy,3.07,217.12
img_4918.npy,2.96,209.47
img_4919.npy,3.12,212.23
img_492.npy,3.85,204.27
img_4920.npy,3.42,197.61
img_4921.npy,3.12,215.09
img_4922.npy,3.09,212.43
img_4923.npy,3.03,207.27
img_4924.npy,3.17,204.76
img_4925.npy,3.22,201.93
img_4926.npy,3.11,200.82
img_4927.npy,3.04,204.16
img_4928.npy,3.08,199.55
img_4929.npy,3.13,204.24
img_493.npy,3.19,203.66
img_4930.npy,3.15,200.99
img_4931.npy,3.17,201.51
img_4932.npy,3.27,214.01
img_4933.npy,3.17,209.70
img_4934.npy,3.73,205.50
img_4935.npy,3.16,201.47
img_4936.npy,3.13,202.29
img_4937.npy,3.23,214.57
img_4938.npy,3.08,218.85
img_4939.npy,3.11,214.41
img_494.npy,3.19,209.49
img_4940.npy,3.03,202.52
img_4941.npy,3.27,203.01
img_4942.npy,3.29,201.66
img_4943.npy,3.00,201.77
img_4944.npy,3.08,204.53
img_4945.npy,3.24,202.24
img_4946.npy,3.11,203.62
img_4947.npy,3.18,226.87
img_4948.npy,3.23,216.52
img_4949.npy,3.07,215.62
img_495.npy,3.18,212.85
img_4950.npy,3.10,209.80
img_4951.npy,3.19,201.30
img_4952.npy,3.22,197.62
img_4953.npy,3.16,199.36
img_4954.npy,3.17,203.37
img_4955.npy,3.09,200.48
img_4956.npy,3.16,223.40
img_4957.npy,3.06,216.82
img_4958.npy,3.11,212.10
img_4959.npy,3.13,207.82
img_496.npy,3.14,200.52
img_4960.npy,2.94,196.41
img_4961.npy,3.22,201.45
img_4962.npy,3.64,198.78
img_4963.npy,2.97,202.97
img_4964.npy,3.19,200.54
img_4965.npy,3.03,198.05
img_4966.npy,3.18,214.79
img_4967.npy,3.12,210.14
img_4968.npy,3.09,210.35
img_4969.npy,3.27,203.68
img_497.npy,3.16,197.05
img_4970.npy,3.20,201.69
img_4971.npy,3.22,200.15
img_4972.npy,3.05,200.33
img_4973.npy,3.08,203.79
img_4974.npy,3.01,201.91
img_4975.npy,3.15,199.93
img_4976.npy,3.80,201.46
img_4977.npy,3.26,200.64
img_4978.npy,3.18,206.90
img_4979.npy,3.20,213.76
img_498.npy,3.04,209.52
img_4980.npy,3.27,203.88
img_4981.npy,3.20,200.32
img_4982.npy,3.12,201.38
img_4983.npy,3.16,211.02
img_4984.npy,3.17,208.80
img_4985.npy,3.15,201.68
img_4986.npy,3.13,203.26
img_4987.npy,3.14,201.06
img_4988.npy,3.06,221.87
img_4989.npy,3.20,218.14
img_499.npy,3.09,213.37
img_4990.npy,3.50,208.18
img_4991.npy,3.00,199.46
img_4992.npy,3.04,199.01
img_4993.npy,3.00,209.22
img_4994.npy,3.17,206.73
img_4995.npy,2.94,201.57
img_4996.npy,3.10,214.11
img_4997.npy,3.15,224.44
img_4998.npy,3.14,219.59
img_4999.npy,3.15,214.67
img_5.npy,3.26,212.93
img_50.npy,3.14,203.09
img_500.npy,3.23,203.71
img_5000.npy,3.17,202.48
img_5001.npy,3.13,230.29
img_5002.npy,3.51,228.98
img_5003.npy,3.13,228.81
img_5004.npy,3.11,222.37
img_5005.npy,3.19,217.78
img_5006.npy,2.73,210.59
img_5007.npy,2.84,205.29
img_5008.npy,2.85,200.39
img_5009.npy,2.86,200.21
img_501.npy,2.94,201.82
img_5010.npy,2.88,229.13
img_5011.npy,2.88,222.81
img_5012.npy,2.89,211.66
img_5013.npy,2.91,207.20
img_5014.npy,3.15,202.53
img_5015.npy,2.92,200.64
img_5016.npy,2.82,201.84
img_5017.npy,2.92,203.76
img_5018.npy,3.64,202.16
img_5019.npy,3.12,222.68
img_502.npy,3.11,221.37
img_5020.npy,3.20,214.03
img_5021.npy,3.08,210.16
img_5022.npy,3.16,199.75
img_5023.npy,3.17,199.03
img_5024.npy,3.02,201.99
img_5025.npy,3.24,203.68
img_5026.npy,3.11,201.61
img_5027.npy,3.16,203.45
img_5028.npy,3.23,201.87
img_5029.npy,3.26,197.60
img_503.npy,3.10,207.37
img_5030.npy,3.36,203.26
img_5031.npy,3.33,200.29
img_5032.npy,3.16,202.86
img_5033.npy,3.25,205.26
img_5034.npy,3.14,200.57
img_5035.npy,3.16,199.62
img_5036.npy,3.03,207.90
img_5037.npy,3.11,206.07
img_5038.npy,3.20,204.64
img_5039.npy,2.82,198.58
img_504.npy,2.82,197.96
img_5040.npy,2.77,213.85
img_5041.npy,2.78,215.52
img_5042.npy,2.75,208.96
img_5043.npy,2.69,207.25
img_5044.npy,2.80,202.75
img_5045.npy,2.84,200.48
img_5046.npy,2.86,200.55
img_5047.npy,2.82,204.52
img_5048.npy,2.80,201.89
img_5049.npy,2.84,204.39
img_505.npy,2.88,232.39
img_5050.npy,2.84,224.51
img_5051.npy,2.85,219.23
img_5052.npy,2.81,216.97
img_5053.npy,2.71,215.49
img_5054.npy,2.73,207.12
img_5055.npy,2.85,203.55
img_5056.npy,2.80,198.62
img_5057.npy,2.57,202.74
img_5058.npy,2.60,204.26
img_5059.npy,2.68,230.63
img_506.npy,2.76,221.06
img_5060.npy,2.84,213.52
img_5061.npy,2.85,208.59
img_5062.npy,2.89,203.71
img_5063.npy,2.84,202.45
img_5064.npy,2.78,200.96
img_5065.npy,2.88,204.34
img_5066.npy,2.87,203.19
img_5067.npy,2.85,226.62
img_5068.npy,2.89,222.23
img_5069.npy,2.80,214.16
img_507.npy,2.77,211.15
img_5070.npy,2.89,203.26
img_5071.npy,2.83,200.73
img_5072.npy,2.88,199.33
img_5073.npy,2.80,211.15
img_5074.npy,2.66,205.16
img_5075.npy,2.79,200.82
img_5076.npy,2.64,202.94
img_5077.npy,2.82,201.96
img_5078.npy,2.83,211.19
img_5079.npy,2.61,211.30
img_508.npy,2.77,203.22
img_5080.npy,2.90,202.09
img_5081.npy,2.85,201.11
img_5082.npy,2.81,214.59
img_5083.npy,2.74,210.59
img_5084.npy,2.76,210.35
img_5085.npy,2.73,205.55
img_5086.npy,2.79,201.79
img_5087.npy,2.82,199.15
img_5088.npy,2.80,201.14
img_5089.npy,2.80,210.62
img_509.npy,2.77,203.82
img_5090.npy,2.69,205.16
img_5091.npy,2.81,206.16
img_5092.npy,2.74,228.92
img_5093.npy,2.89,219.97
img_5094.npy,2.79,215.74
img_5095.npy,2.87,212.13
img_5096.npy,2.82,204.92
img_5097.npy,2.77,202.85
img_5098.npy,2.83,203.96
img_5099.npy,2.89,205.88
img_51.npy,2.76,234.66
img_510.npy,2.74,231.62
img_5100.npy,2.78,226.39
img_5101.npy,2.89,216.64
img_5102.npy,2.73,216.17
img_5103.npy,2.87,211.30
img_5104.npy,2.64,203.32
img_5105.npy,2.64,201.62
img_5106.npy,2.77,199.43
img_5107.npy,2.61,204.39
img_5108.npy,2.87,206.76
img_5109.npy,2.77,228.67
img_511.npy,2.59,217.40
img_5110.npy,2.49,209.49
img_5111.npy,2.65,207.80
img_5112.npy,2.62,203.21
img_5113.npy,2.77,199.81
img_5114.npy,2.81,198.36
img_5115.npy,2.80,200.08
img_5116.npy,2.67,204.61
img_5117.npy,2.69,202.34
img_5118.npy,2.80,199.27
img_5119.npy,2.80,215.11
img_512.npy,2.65,208.94
img_5120.npy,2.80,209.94
img_5121.npy,2.86,203.25
img_5122.npy,2.90,198.89
img_5123.npy,2.77,199.84
img_5124.npy,2.84,203.14
img_5125.npy,2.82,203.57
img_5126.npy,2.74,209.78
img_5127.npy,2.83,205.30
img_5128.npy,3.00,201.23
img_5129.npy,2.74,195.71
img_513.npy,2.74,199.43
img_5130.npy,2.66,200.42
img_5131.npy,2.88,215.05
img_5132.npy,2.83,209.03
img_5133.npy,2.80,200.76
img_5134.npy,2.85,199.44
img_5135.npy,2.75,213.29
img_5136.npy,2.58,207.23
img_5137.npy,2.73,204.94
img_5138.npy,2.67,196.65
img_5139.npy,2.65,202.38
img_514.npy,2.71,201.56
img_5140.npy,2.69,202.49
img_5141.npy,2.64,210.83
img_5142.npy,2.68,207.59
img_5143.npy,2.77,206.79
img_5144.npy,2.76,205.00
img_5145.npy,2.70,202.39
img_5146.npy,2.93,200.84
img_5147.npy,2.73,216.77
img_5148.npy,2.77,218.96
img_5149.npy,2.78,213.93
img_515.npy,2.65,206.59
img_5150.npy,2.83,201.09
img_5151.npy,2.82,205.10
img_5152.npy,2.84,199.31
img_5153.npy,2.72,201.83
img_5154.npy,2.69,202.13
img_5155.npy,2.82,199.98
img_5156.npy,2.75,206.47
img_5157.npy,2.75,227.13
img_5158.npy,2.66,228.70
img_5159.npy,2.82,221.00
img_516.npy,2.74,213.71
img_5160.npy,2.93,210.99
img_5161.npy,2.84,203.01
img_5162.npy,2.72,201.70
img_5163.npy,2.83,200.95
img_5164.npy,2.78,200.46
img_5165.npy,2.69,205.80
img_5166.npy,2.79,224.78
img_5167.npy,2.85,218.21
img_5168.npy,2.87,215.64
img_5169.npy,2.74,212.52
img_517.npy,2.90,203.95
img_5170.npy,2.76,201.28
img_5171.npy,2.75,200.72
img_5172.npy,2.87,204.88
img_5173.npy,2.77,199.20
img_5174.npy,2.69,201.43
img_5175.npy,2.97,200.32
img_5176.npy,2.85,202.94
img_5177.npy,2.67,209.97
img_5178.npy,2.65,211.86
img_5179.npy,2.82,206.84
img_518.npy,2.73,202.83
img_5180.npy,2.80,198.60
img_5181.npy,2.65,215.26
img_5182.npy,2.78,214.00
img_5183.npy,2.82,212.87
img_5184.npy,2.64,204.58
img_5185.npy,2.70,202.21
img_5186.npy,2.87,198.69
img_5187.npy,2.68,207.19
img_5188.npy,2.61,204.52
img_5189.npy,2.64,205.11
img_519.npy,2.82,201.04
img_5190.npy,2.74,214.60
img_5191.npy,2.74,210.09
img_5192.npy,2.82,209.34
img_5193.npy,2.88,203.53
img_5194.npy,2.73,203.14
img_5195.npy,2.86,201.24
img_5196.npy,2.75,199.90
img_5197.npy,2.81,204.08
img_5198.npy,2.83,232.05
img_5199.npy,2.86,227.82
img_52.npy,2.84,217.98
img_520.npy,2.69,214.48
img_5200.npy,2.66,212.55
img_5201.npy,2.84,208.08
img_5202.npy,2.71,205.18
img_5203.npy,2.88,201.86
img_5204.npy,2.78,200.98
img_5205.npy,2.69,204.61
img_5206.npy,2.75,233.12
img_5207.npy,2.80,227.38
img_5208.npy,2.73,219.04
img_5209.npy,2.68,213.76
img_521.npy,2.57,210.68
img_5210.npy,2.60,202.79
img_5211.npy,2.85,201.66
img_5212.npy,2.69,199.07
img_5213.npy,2.71,203.56
img_5214.npy,2.82,201.05
img_5215.npy,2.76,205.28
img_5216.npy,2.85,200.62
img_5217.npy,2.83,200.69
img_5218.npy,2.72,210.08
img_5219.npy,2.76,209.47
img_522.npy,2.56,201.10
img_5220.npy,2.64,201.50
img_5221.npy,2.58,200.65
img_5222.npy,2.58,199.02
img_5223.npy,2.75,199.03
img_5224.npy,2.83,201.40
img_5225.npy,2.82,211.08
img_5226.npy,2.69,209.77
img_5227.npy,2.75,201.43
img_5228.npy,2.52,201.41
img_5229.npy,2.82,202.74
img_523.npy,2.81,198.86
img_5230.npy,2.78,210.68
img_5231.npy,2.74,212.84
img_5232.npy,2.80,211.27
img_5233.npy,2.62,210.48
img_5234.npy,2.80,203.23
img_5235.npy,2.80,203.25
img_5236.npy,2.77,201.17
img_5237.npy,2.67,209.04
img_5238.npy,2.96,205.44
img_5239.npy,2.67,202.94
img_524.npy,2.67,198.51
img_5240.npy,2.92,201.52
img_5241.npy,2.78,201.55
img_5242.npy,2.75,211.00
img_5243.npy,2.79,212.48
img_5244.npy,2.78,208.77
img_5245.npy,2.90,203.72
img_5246.npy,2.82,203.57
img_5247.npy,2.79,197.03
img_5248.npy,2.59,214.54
img_5249.npy,2.73,211.93
img_525.npy,2.84,211.62
img_5250.npy,2.83,207.27
img_5251.npy,2.84,200.65
img_5252.npy,2.84,204.56
img_5253.npy,2.88,201.20
img_5254.npy,2.81,200.81
img_5255.npy,2.87,200.77
img_5256.npy,2.81,201.64
img_5257.npy,2.76,204.89
img_5258.npy,2.69,200.83
img_5259.npy,2.78,218.36
img_526.npy,2.86,214.62
img_5260.npy,2.78,214.59
img_5261.npy,2.55,206.77
img_5262.npy,2.74,204.06
img_5263.npy,2.86,201.38
img_5264.npy,2.77,199.91
img_5265.npy,2.56,209.40
img_5266.npy,2.73,212.15
img_5267.npy,2.67,210.12
img_5268.npy,2.83,202.25
img_5269.npy,2.78,197.22
img_527.npy,2.78,202.13
img_5270.npy,2.85,211.29
img_5271.npy,2.80,201.77
img_5272.npy,2.81,200.75
img_5273.npy,2.84,201.36
img_5274.npy,2.75,196.81
img_5275.npy,2.81,202.28
img_5276.npy,2.88,210.32
img_5277.npy,2.78,207.99
img_5278.npy,2.78,205.49
img_5279.npy,2.63,204.68
img_528.npy,2.79,200.69
img_5280.npy,2.70,195.78
img_5281.npy,2.80,200.27
img_5282.npy,2.81,203.93
img_5283.npy,2.60,209.26
img_5284.npy,2.84,208.09
img_5285.npy,2.72,209.73
img_5286.npy,2.79,202.75
img_5287.npy,2.80,200.18
img_5288.npy,2.68,202.50
img_5289.npy,2.86,202.27
img_529.npy,2.78,206.18
img_5290.npy,2.89,201.14
img_5291.npy,2.86,228.91
img_5292.npy,2.90,224.62
img_5293.npy,2.92,217.82
img_5294.npy,2.81,213.05
img_5295.npy,2.82,209.09
img_5296.npy,2.69,204.55
img_5297.npy,2.86,202.88
img_5298.npy,2.69,198.42
img_5299.npy,2.78,202.59
img_53.npy,2.83,208.11
img_530.npy,2.90,203.99
img_5300.npy,2.82,226.44
img_5301.npy,2.83,220.42
img_5302.npy,2.69,216.53
img_5303.npy,2.87,209.82
img_5304.npy,2.83,203.35
img_5305.npy,2.64,198.43
img_5306.npy,2.83,200.36
img_5307.npy,2.74,204.16
img_5308.npy,2.75,201.86
img_5309.npy,2.53,205.03
img_531.npy,2.65,204.73
img_5310.npy,2.89,201.32
img_5311.npy,2.69,209.02
img_5312.npy,2.70,206.61
img_5313.npy,2.86,203.03
img_5314.npy,2.82,203.08
img_5315.npy,2.81,197.75
img_5316.npy,2.80,207.74
img_5317.npy,2.79,208.59
img_5318.npy,2.73,203.50
img_5319.npy,2.87,200.60
img_532.npy,2.88,200.07
img_5320.npy,2.75,201.53
img_5321.npy,2.67,209.17
img_5322.npy,2.81,206.66
img_5323.npy,2.73,202.98
img_5324.npy,2.81,198.59
img_5325.npy,2.57,220.19
img_5326.npy,2.85,217.66
img_5327.npy,2.78,208.91
img_5328.npy,2.86,207.23
img_5329.npy,2.65,204.12
img_533.npy,2.83,201.55
img_5330.npy,2.84,201.69
img_5331.npy,2.77,201.70
img_5332.npy,2.78,204.02
img_5333.npy,2.89,217.01
img_5334.npy,2.81,232.08
img_5335.npy,2.70,226.75
img_5336.npy,2.83,220.74
img_5337.npy,2.85,218.95
img_5338.npy,2.76,215.07
img_5339.npy,2.89,207.62
img_534.npy,2.76,203.57
img_5340.npy,2.94,202.14
img_5341.npy,2.79,226.20
img_5342.npy,2.84,231.51
img_5343.npy,2.87,229.82
img_5344.npy,2.62,223.18
img_5345.npy,2.77,213.96
img_5346.npy,2.75,212.32
img_5347.npy,2.87,203.25
img_5348.npy,2.88,202.32
img_5349.npy,2.76,203.38
img_535.npy,2.70,207.02
img_5350.npy,2.72,202.85
img_5351.npy,2.81,203.01
img_5352.npy,2.82,201.86
img_5353.npy,2.82,217.44
img_5354.npy,2.70,208.86
img_5355.npy,2.72,210.10
img_5356.npy,2.72,204.05
img_5357.npy,2.87,201.12
img_5358.npy,2.80,220.81
img_5359.npy,2.78,219.28
img_536.npy,2.80,215.94
img_5360.npy,2.86,209.30
img_5361.npy,2.86,205.29
img_5362.npy,2.50,199.62
img_5363.npy,2.61,199.23
img_5364.npy,2.87,202.13
img_5365.npy,2.82,204.72
img_5366.npy,2.61,229.45
img_5367.npy,2.74,232.43
img_5368.npy,2.82,233.69
img_5369.npy,2.74,224.81
img_537.npy,2.77,217.45
img_5370.npy,2.76,211.10
img_5371.npy,2.80,211.64
img_5372.npy,2.76,205.53
img_5373.npy,2.72,200.05
img_5374.npy,2.86,201.08
img_5375.npy,2.77,202.66
img_5376.npy,2.82,229.64
img_5377.npy,2.79,226.56
img_5378.npy,2.73,218.18
img_5379.npy,2.76,211.12
img_538.npy,2.71,210.29
img_5380.npy,2.84,204.11
img_5381.npy,2.80,202.25
img_5382.npy,2.86,197.42
img_5383.npy,2.69,203.20
img_5384.npy,2.71,203.63
img_5385.npy,2.84,198.42
img_5386.npy,2.78,201.51
img_5387.npy,2.85,203.32
img_5388.npy,2.75,213.69
img_5389.npy,2.67,207.49
img_539.npy,2.78,203.03
img_5390.npy,2.81,204.42
img_5391.npy,2.74,200.01
img_5392.npy,2.75,207.53
img_5393.npy,2.78,206.29
img_5394.npy,2.86,204.29
img_5395.npy,2.93,198.91
img_5396.npy,2.80,199.55
img_5397.npy,2.69,199.45
img_5398.npy,2.51,199.36
img_5399.npy,2.50,201.61
img_54.npy,2.60,202.47
img_540.npy,2.53,216.94
img_5400.npy,2.52,212.09
img_5401.npy,2.52,208.11
img_5402.npy,2.51,203.38
img_5403.npy,2.54,198.91
img_5404.npy,2.55,200.66
img_5405.npy,2.52,201.93
img_5406.npy,2.53,202.62
img_5407.npy,2.82,224.69
img_5408.npy,2.61,231.84
img_5409.npy,2.81,231.76
img_541.npy,2.84,226.95
img_5410.npy,2.80,218.86
img_5411.npy,2.68,213.29
img_5412.npy,2.72,208.19
img_5413.npy,2.58,203.74
img_5414.npy,2.74,201.59
img_5415.npy,2.58,201.47
img_5416.npy,2.78,203.62
img_5417.npy,2.80,227.07
img_5418.npy,2.76,227.34
img_5419.npy,2.59,221.18
img_542.npy,2.88,213.73
img_5420.npy,2.86,208.04
img_5421.npy,2.81,201.34
img_5422.npy,2.71,202.19
img_5423.npy,2.65,208.33
img_5424.npy,2.76,207.89
img_5425.npy,2.79,205.06
img_5426.npy,2.76,203.72
img_5427.npy,2.76,203.80
img_5428.npy,2.78,215.82
img_5429.npy,2.79,209.58
img_543.npy,2.83,211.64
img_5430.npy,2.78,207.90
img_5431.npy,2.75,205.01
img_5432.npy,2.73,201.46
img_5433.npy,2.70,211.53
img_5434.npy,2.75,217.91
img_5435.npy,2.80,213.14
img_5436.npy,2.82,209.15
img_5437.npy,2.83,210.33
img_5438.npy,2.83,205.36
img_5439.npy,2.75,200.10
img_544.npy,2.67,198.13
img_5440.npy,2.73,204.98
img_5441.npy,2.79,206.92
img_5442.npy,2.77,202.59
img_5443.npy,2.79,227.43
img_5444.npy,2.82,228.82
img_5445.npy,2.88,223.86
img_5446.npy,2.87,218.95
img_5447.npy,2.83,214.52
img_5448.npy,2.82,203.94
img_5449.npy,2.83,202.78
img_545.npy,2.94,202.57
img_5450.npy,2.81,204.92
img_5451.npy,2.55,222.98
img_5452.npy,2.63,230.17
img_5453.npy,2.40,217.86
img_5454.npy,2.54,211.25
img_5455.npy,2.55,210.23
img_5456.npy,2.61,204.68
img_5457.npy,2.50,198.95
img_5458.npy,2.51,202.24
img_5459.npy,2.51,207.46
img_546.npy,2.55,199.30
img_5460.npy,2.80,198.57
img_5461.npy,2.85,199.86
img_5462.npy,2.68,215.21
img_5463.npy,2.67,213.00
img_5464.npy,2.56,207.61
img_5465.npy,2.81,199.20
img_5466.npy,2.71,201.48
img_5467.npy,2.73,211.21
img_5468.npy,2.78,213.28
img_5469.npy,2.72,206.66
img_547.npy,2.66,203.42
img_5470.npy,2.58,202.63
img_5471.npy,2.89,198.50
img_5472.npy,2.75,208.82
img_5473.npy,2.72,205.06
img_5474.npy,2.83,205.22
img_5475.npy,2.65,205.18
img_5476.npy,2.93,226.22
img_5477.npy,2.51,223.77
img_5478.npy,2.79,217.12
img_5479.npy,2.79,215.12
img_548.npy,2.83,210.53
img_5480.npy,2.82,208.27
img_5481.npy,2.68,203.56
img_5482.npy,2.83,203.32
img_5483.npy,2.81,201.83
img_5484.npy,2.76,231.51
img_5485.npy,2.79,233.28
img_5486.npy,2.82,233.31
img_5487.npy,2.75,231.16
img_5488.npy,2.74,229.04
img_5489.npy,2.61,219.88
img_549.npy,2.84,215.53
img_5490.npy,2.57,212.61
img_5491.npy,2.60,202.04
img_5492.npy,2.52,202.72
img_5493.npy,2.63,204.27
img_5494.npy,2.76,204.71
img_5495.npy,2.61,202.91
img_5496.npy,2.78,229.24
img_5497.npy,2.80,227.65
img_5498.npy,2.79,217.18
img_5499.npy,2.71,210.47
img_55.npy,2.81,208.33
img_550.npy,2.86,204.02
img_5500.npy,2.59,205.21
img_5501.npy,2.84,200.98
img_5502.npy,2.50,202.73
img_5503.npy,2.53,200.57
img_5504.npy,2.76,201.89
img_5505.npy,2.82,201.30
img_5506.npy,2.76,216.35
img_5507.npy,2.77,212.62
img_5508.npy,2.77,210.78
img_5509.npy,2.76,203.89
img_551.npy,2.71,198.33
img_5510.npy,2.71,209.65
img_5511.npy,2.78,208.87
img_5512.npy,2.66,202.18
img_5513.npy,2.64,201.45
img_5514.npy,2.68,199.20
img_5515.npy,2.79,200.82
img_5516.npy,2.79,201.76
img_5517.npy,2.79,201.81
img_5518.npy,2.76,205.02
img_5519.npy,2.77,202.98
img_552.npy,2.73,198.36
img_5520.npy,2.81,213.31
img_5521.npy,2.78,212.55
img_5522.npy,2.72,212.89
img_5523.npy,2.72,201.01
img_5524.npy,2.86,200.67
img_5525.npy,2.81,197.23
img_5526.npy,2.75,200.91
img_5527.npy,2.79,206.09
img_5528.npy,2.82,201.45
img_5529.npy,2.75,226.84
img_553.npy,2.76,228.89
img_5530.npy,2.81,222.80
img_5531.npy,2.91,216.40
img_5532.npy,2.87,211.46
img_5533.npy,2.83,207.04
img_5534.npy,2.87,201.70
img_5535.npy,2.80,201.14
img_5536.npy,2.78,203.78
img_5537.npy,2.73,205.42
img_5538.npy,2.66,204.32
img_5539.npy,2.75,202.74
img_554.npy,2.46,224.77
img_5540.npy,2.65,219.66
img_5541.npy,2.54,211.17
img_5542.npy,2.50,203.57
img_5543.npy,2.53,202.45
img_5544.npy,2.53,198.45
img_5545.npy,2.49,198.59
img_5546.npy,2.48,206.61
img_5547.npy,2.52,204.47
img_5548.npy,2.55,198.61
img_5549.npy,2.53,198.37
img_555.npy,2.55,209.96
img_5550.npy,2.54,203.18
img_5551.npy,2.51,202.05
img_5552.npy,2.69,201.78
img_5553.npy,2.58,202.82
img_5554.npy,2.47,202.11
img_5555.npy,2.66,201.04
img_5556.npy,2.68,208.78
img_5557.npy,2.44,202.86
img_5558.npy,2.75,203.11
img_5559.npy,2.76,202.37
img_556.npy,2.52,202.38
img_5560.npy,2.49,199.36
img_5561.npy,2.59,216.99
img_5562.npy,2.55,210.53
img_5563.npy,2.73,211.58
img_5564.npy,2.69,208.16
img_5565.npy,2.80,202.53
img_5566.npy,2.82,199.91
img_5567.npy,2.75,200.98
img_5568.npy,2.77,200.59
img_5569.npy,2.81,201.99
img_557.npy,2.73,205.68
img_5570.npy,2.83,204.50
img_5571.npy,2.80,224.32
img_5572.npy,2.58,221.80
img_5573.npy,2.78,216.27
img_5574.npy,2.84,212.56
img_5575.npy,2.82,204.91
img_5576.npy,2.78,199.38
img_5577.npy,2.78,197.55
img_5578.npy,2.78,201.82
img_5579.npy,2.84,205.08
img_558.npy,2.55,205.13
img_5580.npy,2.79,201.27
img_5581.npy,2.80,200.58
img_5582.npy,2.70,213.31
img_5583.npy,2.80,211.82
img_5584.npy,2.68,206.58
img_5585.npy,2.77,201.79
img_5586.npy,2.73,201.73
img_5587.npy,2.73,199.76
img_5588.npy,2.53,199.56
img_5589.npy,2.64,212.09
img_559.npy,2.83,210.43
img_5590.npy,2.81,213.34
img_5591.npy,2.85,204.16
img_5592.npy,2.77,200.39
img_5593.npy,2.84,202.45
img_5594.npy,2.89,202.49
img_5595.npy,2.72,211.34
img_5596.npy,2.60,209.98
img_5597.npy,2.60,209.45
img_5598.npy,2.72,202.75
img_5599.npy,2.84,204.41
img_56.npy,2.76,197.73
img_560.npy,2.81,202.10
img_5600.npy,2.78,200.30
img_5601.npy,2.78,200.09
img_5602.npy,2.87,204.82
img_5603.npy,2.82,200.32
img_5604.npy,2.81,197.62
img_5605.npy,2.87,210.61
img_5606.npy,2.84,212.02
img_5607.npy,2.75,209.60
img_5608.npy,2.84,205.26
img_5609.npy,2.75,204.46
img_561.npy,2.57,201.01
img_5610.npy,2.53,217.71
img_5611.npy,2.51,212.64
img_5612.npy,2.47,212.64
img_5613.npy,2.73,211.66
img_5614.npy,2.62,202.28
img_5615.npy,2.78,201.56
img_5616.npy,2.58,202.05
img_5617.npy,2.80,201.46
img_5618.npy,2.63,208.75
img_5619.npy,2.80,211.70
img_562.npy,2.56,208.23
img_5620.npy,2.71,201.70
img_5621.npy,2.83,201.33
img_5622.npy,2.80,201.48
img_5623.npy,2.81,212.06
img_5624.npy,2.78,212.69
img_5625.npy,2.80,204.36
img_5626.npy,2.84,202.35
img_5627.npy,2.71,200.31
img_5628.npy,2.89,201.18
img_5629.npy,2.89,204.54
img_563.npy,2.82,208.60
img_5630.npy,2.76,210.54
img_5631.npy,2.76,208.48
img_5632.npy,2.72,201.45
img_5633.npy,2.78,202.02
img_5634.npy,2.86,200.71
img_5635.npy,2.84,201.15
img_5636.npy,2.82,212.52
img_5637.npy,2.83,212.38
img_5638.npy,2.85,212.19
img_5639.npy,2.78,203.90
img_564.npy,2.84,199.17
img_5640.npy,2.81,201.94
img_5641.npy,2.67,212.41
img_5642.npy,2.64,202.93
img_5643.npy,2.86,202.26
img_5644.npy,2.75,202.07
img_5645.npy,2.80,207.01
img_5646.npy,2.81,200.06
img_5647.npy,2.81,215.93
img_5648.npy,2.79,212.04
img_5649.npy,2.78,212.16
img_565.npy,2.72,209.30
img_5650.npy,2.76,203.05
img_5651.npy,2.57,199.38
img_5652.npy,2.68,198.57
img_5653.npy,2.59,210.40
img_5654.npy,2.65,211.20
img_5655.npy,2.78,206.61
img_5656.npy,2.84,200.31
img_5657.npy,2.67,205.50
img_5658.npy,2.68,209.66
img_5659.npy,2.73,206.84
img_566.npy,2.57,204.76
img_5660.npy,2.75,198.67
img_5661.npy,2.59,200.82
img_5662.npy,2.82,200.97
img_5663.npy,2.83,215.23
img_5664.npy,2.80,211.02
img_5665.npy,2.78,211.66
img_5666.npy,2.67,207.98
img_5667.npy,2.81,204.20
img_5668.npy,2.82,197.93
img_5669.npy,2.73,200.83
img_567.npy,2.81,218.38
img_5670.npy,2.77,216.38
img_5671.npy,2.72,217.30
img_5672.npy,2.80,211.76
img_5673.npy,2.80,208.47
img_5674.npy,2.83,204.83
img_5675.npy,2.87,199.31
img_5676.npy,2.84,201.47
img_5677.npy,2.82,201.30
img_5678.npy,2.73,198.39
img_5679.npy,2.75,204.74
img_568.npy,2.78,206.18
img_5680.npy,2.77,206.80
img_5681.npy,2.77,203.93
img_5682.npy,2.77,213.56
img_5683.npy,2.74,212.83
img_5684.npy,2.84,211.76
img_5685.npy,2.92,200.84
img_5686.npy,2.73,200.85
img_5687.npy,2.76,199.23
img_5688.npy,2.80,202.23
img_5689.npy,2.65,204.29
img_569.npy,2.77,211.58
img_5690.npy,2.67,203.16
img_5691.npy,2.75,200.55
img_5692.npy,2.79,202.53
img_5693.npy,2.73,199.45
img_5694.npy,2.77,198.95
img_5695.npy,2.81,202.12
img_5696.npy,2.77,213.95
img_5697.npy,2.75,209.29
img_5698.npy,2.79,210.61
img_5699.npy,2.85,206.62
img_57.npy,2.73,201.68
img_570.npy,2.83,201.45
img_5700.npy,2.85,198.29
img_5701.npy,2.82,203.45
img_5702.npy,2.64,202.23
img_5703.npy,2.77,205.10
img_5704.npy,2.82,206.14
img_5705.npy,2.74,228.83
img_5706.npy,2.77,225.59
img_5707.npy,2.82,220.30
img_5708.npy,2.83,215.45
img_5709.npy,2.85,211.70
img_571.npy,2.64,202.89
img_5710.npy,2.85,199.20
img_5711.npy,2.84,199.99
img_5712.npy,2.74,200.44
img_5713.npy,2.61,200.61
img_5714.npy,2.75,204.41
img_5715.npy,2.66,204.34
img_5716.npy,2.83,201.20
img_5717.npy,2.57,201.04
img_5718.npy,2.56,209.17
img_5719.npy,2.66,204.47
img_572.npy,2.71,203.21
img_5720.npy,2.83,197.69
img_5721.npy,2.76,201.95
img_5722.npy,2.60,202.78
img_5723.npy,2.69,201.84
img_5724.npy,2.61,198.48
img_5725.npy,2.73,204.56
img_5726.npy,2.82,203.59
img_5727.npy,2.77,202.79
img_5728.npy,2.76,197.93
img_5729.npy,2.75,201.63
img_573.npy,2.64,204.18
img_5730.npy,2.71,218.34
img_5731.npy,2.69,215.00
img_5732.npy,2.55,209.32
img_5733.npy,2.36,206.14
img_5734.npy,2.51,203.27
img_5735.npy,2.68,204.52
img_5736.npy,2.79,199.71
img_5737.npy,2.54,202.36
img_5738.npy,2.61,202.17
img_5739.npy,2.67,229.95
img_574.npy,2.58,227.75
img_5740.npy,2.52,226.99
img_5741.npy,2.82,228.39
img_5742.npy,2.81,219.69
img_5743.npy,2.66,214.36
img_5744.npy,2.90,209.57
img_5745.npy,2.87,205.47
img_5746.npy,2.81,201.23
img_5747.npy,2.84,204.50
img_5748.npy,2.67,204.01
img_5749.npy,2.80,228.46
img_575.npy,2.72,226.63
img_5750.npy,2.80,228.26
img_5751.npy,2.71,216.79
img_5752.npy,2.79,213.65
img_5753.npy,2.79,208.57
img_5754.npy,2.65,203.14
img_5755.npy,2.61,199.20
img_5756.npy,2.83,198.54
img_5757.npy,2.82,204.11
img_5758.npy,2.81,200.48
img_5759.npy,2.75,226.00
img_576.npy,2.71,218.82
img_5760.npy,2.64,210.34
img_5761.npy,2.77,209.21
img_5762.npy,2.81,200.71
img_5763.npy,2.68,200.79
img_5764.npy,2.77,201.89
img_5765.npy,2.81,201.45
img_5766.npy,2.81,199.85
img_5767.npy,2.78,208.86
img_5768.npy,2.81,203.38
img_5769.npy,2.79,199.43
img_577.npy,2.66,201.91
img_5770.npy,2.89,206.08
img_5771.npy,2.71,203.09
img_5772.npy,2.81,199.93
img_5773.npy,2.84,201.36
img_5774.npy,2.78,209.48
img_5775.npy,2.77,204.11
img_5776.npy,2.79,202.42
img_5777.npy,2.95,198.34
img_5778.npy,2.78,205.46
img_5779.npy,2.81,206.21
img_578.npy,2.84,201.90
img_5780.npy,2.67,200.27
img_5781.npy,2.77,201.10
img_5782.npy,2.77,199.28
img_5783.npy,2.83,212.84
img_5784.npy,2.85,214.44
img_5785.npy,2.71,210.60
img_5786.npy,2.81,202.39
img_5787.npy,2.81,201.87
img_5788.npy,2.73,204.45
img_5789.npy,2.64,208.98
img_579.npy,2.76,207.07
img_5790.npy,2.84,207.72
img_5791.npy,2.71,204.20
img_5792.npy,2.86,199.21
img_5793.npy,2.90,198.36
img_5794.npy,2.67,219.06
img_5795.npy,2.81,215.77
img_5796.npy,2.61,212.36
img_5797.npy,2.85,205.51
img_5798.npy,2.84,201.71
img_5799.npy,2.55,196.09
img_58.npy,2.76,200.34
img_580.npy,2.86,201.82
img_5800.npy,2.85,207.15
img_5801.npy,2.83,205.34
img_5802.npy,2.85,204.51
img_5803.npy,2.83,201.79
img_5804.npy,2.81,200.15
img_5805.npy,2.71,213.25
img_5806.npy,2.63,210.82
img_5807.npy,2.52,204.02
img_5808.npy,2.51,203.12
img_5809.npy,2.54,198.28
img_581.npy,2.52,219.75
img_5810.npy,2.55,218.91
img_5811.npy,2.46,214.55
img_5812.npy,2.56,208.02
img_5813.npy,2.53,204.95
img_5814.npy,2.54,202.32
img_5815.npy,2.54,198.32
img_5816.npy,2.52,210.82
img_5817.npy,2.54,206.36
img_5818.npy,2.51,204.57
img_5819.npy,2.50,200.93
img_582.npy,2.47,220.97
img_5820.npy,2.52,217.00
img_5821.npy,2.56,210.02
img_5822.npy,2.49,210.39
img_5823.npy,2.53,202.50
img_5824.npy,2.60,197.25
img_5825.npy,2.50,201.83
img_5826.npy,2.68,201.68
img_5827.npy,2.60,209.10
img_5828.npy,2.83,203.61
img_5829.npy,2.54,204.80
img_583.npy,2.78,201.64
img_5830.npy,2.72,198.84
img_5831.npy,2.75,201.05
img_5832.npy,2.74,202.26
img_5833.npy,2.76,214.69
img_5834.npy,2.56,211.53
img_5835.npy,2.82,209.96
img_5836.npy,2.74,201.06
img_5837.npy,2.80,201.03
img_5838.npy,2.81,198.80
img_5839.npy,2.70,207.76
img_584.npy,2.60,207.01
img_5840.npy,2.73,202.66
img_5841.npy,2.75,204.98
img_5842.npy,2.82,202.91
img_5843.npy,2.74,228.87
img_5844.npy,2.76,229.32
img_5845.npy,2.75,221.76
img_5846.npy,2.84,219.52
img_5847.npy,2.76,214.62
img_5848.npy,2.76,208.31
img_5849.npy,2.81,205.37
img_585.npy,2.71,201.76
img_5850.npy,2.80,198.68
img_5851.npy,2.76,203.93
img_5852.npy,2.82,206.62
img_5853.npy,2.77,228.54
img_5854.npy,2.85,221.05
img_5855.npy,2.73,215.48
img_5856.npy,2.78,211.89
img_5857.npy,2.87,209.54
img_5858.npy,2.83,205.70
img_5859.npy,2.77,200.52
img_586.npy,2.71,201.79
img_5860.npy,2.60,203.56
img_5861.npy,2.82,202.59
img_5862.npy,2.72,199.58
img_5863.npy,2.59,203.57
img_5864.npy,2.60,213.33
img_5865.npy,2.79,214.59
img_5866.npy,2.75,208.81
img_5867.npy,2.81,201.64
img_5868.npy,2.88,199.74
img_5869.npy,2.72,209.73
img_587.npy,2.79,213.14
img_5870.npy,2.76,204.97
img_5871.npy,2.79,201.89
img_5872.npy,2.75,202.13
img_5873.npy,2.78,203.24
img_5874.npy,2.71,209.82
img_5875.npy,2.76,207.80
img_5876.npy,2.77,202.65
img_5877.npy,2.81,206.17
img_5878.npy,2.76,201.95
img_5879.npy,2.75,226.55
img_588.npy,2.67,220.45
img_5880.npy,2.79,216.80
img_5881.npy,2.68,212.69
img_5882.npy,2.63,210.62
img_5883.npy,2.75,201.70
img_5884.npy,2.80,202.53
img_5885.npy,2.70,201.35
img_5886.npy,2.82,200.37
img_5887.npy,2.78,203.26
img_5888.npy,2.83,234.45
img_5889.npy,2.81,226.71
img_589.npy,2.67,219.14
img_5890.npy,2.85,214.91
img_5891.npy,2.88,212.10
img_5892.npy,2.64,210.07
img_5893.npy,2.88,204.54
img_5894.npy,2.76,200.76
img_5895.npy,2.78,199.55
img_5896.npy,2.80,205.09
img_5897.npy,2.83,204.58
img_5898.npy,2.73,226.55
img_5899.npy,2.76,220.77
img_59.npy,2.77,216.85
img_590.npy,2.80,208.75
img_5900.npy,2.62,206.54
img_5901.npy,2.73,201.20
img_5902.npy,2.53,198.94
img_5903.npy,2.57,200.96
img_5904.npy,2.51,206.46
img_5905.npy,2.75,203.82
img_5906.npy,2.77,198.75
img_5907.npy,2.79,203.18
img_5908.npy,2.56,208.20
img_5909.npy,2.61,203.55
img_591.npy,2.75,199.91
img_5910.npy,2.82,202.62
img_5911.npy,2.80,208.11
img_5912.npy,2.77,203.36
img_5913.npy,2.76,201.64
img_5914.npy,2.68,209.58
img_5915.npy,2.80,209.89
img_5916.npy,2.78,213.54
img_5917.npy,2.74,207.81
img_5918.npy,2.72,200.94
img_5919.npy,2.73,200.73
img_592.npy,2.78,200.62
img_5920.npy,2.79,211.93
img_5921.npy,2.78,210.36
img_5922.npy,2.74,210.39
img_5923.npy,2.67,203.65
img_5924.npy,2.78,200.05
img_5925.npy,2.79,201.74
img_5926.npy,2.89,204.95
img_5927.npy,2.80,207.68
img_5928.npy,2.87,202.80
img_5929.npy,2.82,203.02
img_593.npy,2.72,204.32
img_5930.npy,2.62,204.05
img_5931.npy,2.76,201.15
img_5932.npy,2.85,205.39
img_5933.npy,2.76,206.68
img_5934.npy,2.61,205.38
img_5935.npy,2.64,207.82
img_5936.npy,2.66,201.98
img_5937.npy,2.79,204.43
img_5938.npy,2.52,217.47
img_5939.npy,2.81,214.50
img_594.npy,2.78,213.66
img_5940.npy,2.79,207.95
img_5941.npy,2.82,203.61
img_5942.npy,2.82,204.37
img_5943.npy,2.76,201.64
img_5944.npy,2.88,198.38
img_5945.npy,2.77,203.46
img_5946.npy,2.83,207.12
img_5947.npy,2.73,203.52
img_5948.npy,2.76,205.50
img_5949.npy,2.80,226.16
img_595.npy,2.85,217.05
img_5950.npy,2.76,214.11
img_5951.npy,2.73,210.89
img_5952.npy,2.87,202.89
img_5953.npy,2.75,200.34
img_5954.npy,2.68,199.50
img_5955.npy,2.60,200.36
img_5956.npy,2.79,203.51
img_5957.npy,2.78,204.46
img_5958.npy,2.88,202.34
img_5959.npy,2.73,213.44
img_596.npy,2.79,213.26
img_5960.npy,2.86,207.62
img_5961.npy,2.78,198.88
img_5962.npy,2.82,201.54
img_5963.npy,2.88,207.23
img_5964.npy,2.77,203.88
img_5965.npy,2.77,199.78
img_5966.npy,2.81,200.99
img_5967.npy,2.66,198.08
img_5968.npy,2.72,204.28
img_5969.npy,2.67,197.85
img_597.npy,2.79,207.31
img_5970.npy,2.78,207.20
img_5971.npy,2.85,202.49
img_5972.npy,2.83,200.05
img_5973.npy,2.79,215.87
img_5974.npy,2.76,214.70
img_5975.npy,2.78,209.71
img_5976.npy,2.72,206.64
img_5977.npy,2.84,202.80
img_5978.npy,2.83,203.34
img_5979.npy,2.76,198.62
img_598.npy,2.76,209.19
img_5980.npy,2.82,204.98
img_5981.npy,2.76,203.81
img_5982.npy,2.73,205.45
img_5983.npy,2.86,229.86
img_5984.npy,2.72,225.73
img_5985.npy,2.72,221.53
img_5986.npy,2.58,215.61
img_5987.npy,2.61,210.90
img_5988.npy,2.83,204.86
img_5989.npy,2.70,204.03
img_599.npy,2.81,201.24
img_5990.npy,2.56,201.45
img_5991.npy,2.57,228.80
img_5992.npy,2.75,229.20
img_5993.npy,2.61,224.32
img_5994.npy,2.79,216.29
img_5995.npy,2.92,211.03
img_5996.npy,2.76,203.45
img_5997.npy,2.49,201.79
img_5998.npy,2.68,200.83
img_5999.npy,2.85,201.27
img_6.npy,2.83,203.18
img_60.npy,2.77,201.31
img_600.npy,2.80,225.54
img_6000.npy,2.88,218.57
img_6001.npy,2.69,213.21
img_6002.npy,2.72,207.34
img_6003.npy,2.78,200.35
img_6004.npy,2.77,201.80
img_6005.npy,2.68,201.61
img_6006.npy,2.77,202.61
img_6007.npy,2.75,197.82
img_6008.npy,2.73,209.49
img_6009.npy,2.78,205.59
img_601.npy,2.78,198.82
img_6010.npy,2.51,198.72
img_6011.npy,2.84,209.46
img_6012.npy,2.81,203.93
img_6013.npy,2.76,200.32
img_6014.npy,2.67,208.70
img_6015.npy,2.52,210.32
img_6016.npy,2.82,206.50
img_6017.npy,2.80,203.76
img_6018.npy,2.54,200.65
img_6019.npy,2.77,210.36
img_602.npy,2.74,208.46
img_6020.npy,2.68,203.82
img_6021.npy,2.75,201.41
img_6022.npy,2.81,201.32
img_6023.npy,2.78,204.98
img_6024.npy,2.84,199.07
img_6025.npy,2.66,216.01
img_6026.npy,2.51,214.68
img_6027.npy,2.49,207.77
img_6028.npy,2.46,203.35
img_6029.npy,2.47,201.78
img_603.npy,2.61,198.46
img_6030.npy,2.50,211.38
img_6031.npy,2.53,210.29
img_6032.npy,2.49,209.14
img_6033.npy,2.54,204.59
img_6034.npy,2.45,202.04
img_6035.npy,2.50,199.30
img_6036.npy,2.48,206.48
img_6037.npy,2.52,202.85
img_6038.npy,2.51,202.81
img_6039.npy,2.46,204.53
img_604.npy,2.62,200.90
img_6040.npy,2.59,199.02
img_6041.npy,2.51,208.52
img_6042.npy,2.47,211.30
img_6043.npy,2.62,206.75
img_6044.npy,2.66,202.56
img_6045.npy,2.79,205.45
img_6046.npy,2.82,201.45
img_6047.npy,2.73,199.45
img_6048.npy,2.81,216.44
img_6049.npy,2.83,212.10
img_605.npy,2.72,209.85
img_6050.npy,2.51,206.02
img_6051.npy,2.55,204.03
img_6052.npy,2.57,196.77
img_6053.npy,2.49,201.84
img_6054.npy,2.76,202.40
img_6055.npy,2.81,203.68
img_6056.npy,2.86,205.00
img_6057.npy,2.76,202.25
img_6058.npy,2.58,199.88
img_6059.npy,2.50,210.64
img_606.npy,2.53,212.95
img_6060.npy,2.51,204.27
img_6061.npy,2.54,200.76
img_6062.npy,2.51,200.46
img_6063.npy,2.53,201.00
img_6064.npy,2.55,210.46
img_6065.npy,2.57,209.61
img_6066.npy,2.59,201.16
img_6067.npy,2.58,200.25
img_6068.npy,2.51,200.18
img_6069.npy,2.61,204.55
img_607.npy,2.55,201.38
img_6070.npy,2.66,201.80
img_6071.npy,2.54,203.44
img_6072.npy,2.65,204.26
img_6073.npy,2.47,200.80
img_6074.npy,2.74,221.69
img_6075.npy,2.71,216.84
img_6076.npy,2.72,210.03
img_6077.npy,2.63,207.92
img_6078.npy,2.78,206.07
img_6079.npy,2.91,199.90
img_608.npy,2.87,198.93
img_6080.npy,2.77,211.29
img_6081.npy,2.80,213.43
img_6082.npy,2.82,208.61
img_6083.npy,2.87,201.35
img_6084.npy,2.81,198.66
img_6085.npy,2.71,200.36
img_6086.npy,2.77,208.75
img_6087.npy,2.76,201.27
img_6088.npy,2.74,200.19
img_6089.npy,2.74,207.88
img_609.npy,2.79,206.41
img_6090.npy,2.83,201.82
img_6091.npy,2.68,201.55
img_6092.npy,2.71,212.00
img_6093.npy,2.76,216.33
img_6094.npy,2.76,208.50
img_6095.npy,2.90,201.86
img_6096.npy,2.84,201.34
img_6097.npy,2.71,200.95
img_6098.npy,2.56,215.05
img_6099.npy,2.75,211.55
img_61.npy,2.82,210.67
img_610.npy,2.77,208.88
img_6100.npy,2.72,202.19
img_6101.npy,2.59,198.96
img_6102.npy,2.50,200.50
img_6103.npy,2.51,201.44
img_6104.npy,2.57,198.12
img_6105.npy,2.49,201.35
img_6106.npy,2.70,204.34
img_6107.npy,2.59,201.46
img_6108.npy,2.53,202.43
img_6109.npy,2.72,213.78
img_611.npy,2.85,212.57
img_6110.npy,2.84,210.80
img_6111.npy,2.75,204.07
img_6112.npy,2.65,198.17
img_6113.npy,2.82,196.90
img_6114.npy,2.75,203.91
img_6115.npy,2.72,211.70
img_6116.npy,2.78,209.38
img_6117.npy,2.84,206.97
img_6118.npy,2.86,202.82
img_6119.npy,2.84,201.15
img_612.npy,2.75,201.73
img_6120.npy,2.77,204.98
img_6121.npy,2.75,198.49
img_6122.npy,2.77,197.97
img_6123.npy,2.71,208.69
img_6124.npy,2.83,203.24
img_6125.npy,2.67,199.95
img_6126.npy,2.64,201.00
img_6127.npy,2.67,204.18
img_6128.npy,2.87,211.73
img_6129.npy,2.72,203.11
img_613.npy,2.82,201.45
img_6130.npy,2.84,203.51
img_6131.npy,2.74,199.54
img_6132.npy,2.80,217.35
img_6133.npy,2.69,217.79
img_6134.npy,2.82,213.88
img_6135.npy,2.82,210.09
img_6136.npy,2.73,210.34
img_6137.npy,2.78,206.11
img_6138.npy,2.81,200.89
img_6139.npy,2.83,196.57
img_614.npy,2.87,201.66
img_6140.npy,2.85,207.32
img_6141.npy,2.80,204.14
img_6142.npy,2.69,202.32
img_6143.npy,2.76,205.37
img_6144.npy,2.62,226.66
img_6145.npy,2.72,220.15
img_6146.npy,2.69,210.60
img_6147.npy,2.69,209.33
img_6148.npy,2.78,204.82
img_6149.npy,2.72,201.73
img_615.npy,2.69,198.60
img_6150.npy,2.73,204.02
img_6151.npy,2.66,210.88
img_6152.npy,2.88,203.43
img_6153.npy,2.85,198.68
img_6154.npy,2.70,200.20
img_6155.npy,2.64,212.08
img_6156.npy,2.72,205.50
img_6157.npy,2.83,202.48
img_6158.npy,2.78,202.54
img_6159.npy,2.82,208.11
img_616.npy,2.87,203.84
img_6160.npy,2.81,203.57
img_6161.npy,2.76,199.32
img_6162.npy,2.65,208.05
img_6163.npy,2.85,207.03
img_6164.npy,2.86,202.95
img_6165.npy,2.70,198.04
img_6166.npy,2.85,201.87
img_6167.npy,2.71,199.42
img_6168.npy,2.73,215.19
img_6169.npy,2.64,215.42
img_617.npy,2.82,214.45
img_6170.npy,2.83,205.99
img_6171.npy,2.67,203.50
img_6172.npy,2.80,202.84
img_6173.npy,2.92,200.69
img_6174.npy,2.78,200.34
img_6175.npy,2.74,201.43
img_6176.npy,2.76,202.21
img_6177.npy,2.80,224.80
img_6178.npy,2.78,229.65
img_6179.npy,2.82,220.98
img_618.npy,2.69,213.81
img_6180.npy,2.82,210.66
img_6181.npy,2.85,206.61
img_6182.npy,2.64,197.57
img_6183.npy,2.65,199.21
img_6184.npy,2.72,201.21
img_6185.npy,2.82,202.36
img_6186.npy,2.56,205.72
img_6187.npy,2.61,221.04
img_6188.npy,2.70,216.89
img_6189.npy,2.78,211.70
img_619.npy,2.77,208.60
img_6190.npy,2.75,202.06
img_6191.npy,2.78,202.24
img_6192.npy,2.79,205.00
img_6193.npy,2.83,206.76
img_6194.npy,2.78,204.71
img_6195.npy,2.55,202.67
img_6196.npy,2.80,199.71
img_6197.npy,2.77,213.07
img_6198.npy,2.66,210.56
img_6199.npy,2.87,207.03
img_62.npy,2.88,201.31
img_620.npy,2.98,200.92
img_6200.npy,2.82,214.30
img_6201.npy,2.70,208.52
img_6202.npy,2.78,209.24
img_6203.npy,2.75,201.59
img_6204.npy,2.77,200.86
img_6205.npy,2.87,202.53
img_6206.npy,2.87,200.43
img_6207.npy,2.85,208.16
img_6208.npy,2.81,203.39
img_6209.npy,2.71,208.55
img_621.npy,2.77,201.83
img_6210.npy,2.78,222.69
img_6211.npy,2.76,221.76
img_6212.npy,2.80,216.79
img_6213.npy,2.67,212.16
img_6214.npy,2.65,209.69
img_6215.npy,2.72,204.09
img_6216.npy,2.79,202.65
img_6217.npy,2.82,200.69
img_6218.npy,2.74,230.16
img_6219.npy,2.74,233.44
img_622.npy,2.79,233.49
img_6220.npy,2.74,232.00
img_6221.npy,2.75,221.83
img_6222.npy,2.89,218.26
img_6223.npy,2.78,212.39
img_6224.npy,2.82,212.12
img_6225.npy,2.85,204.54
img_6226.npy,2.77,205.68
img_6227.npy,2.77,201.80
img_6228.npy,2.86,202.36
img_6229.npy,2.84,229.64
img_623.npy,2.74,231.13
img_6230.npy,2.85,219.81
img_6231.npy,2.87,211.29
img_6232.npy,2.84,207.50
img_6233.npy,2.74,203.37
img_6234.npy,2.84,201.50
img_6235.npy,2.84,199.12
img_6236.npy,2.77,203.24
img_6237.npy,2.80,205.67
img_6238.npy,2.84,201.77
img_6239.npy,2.81,201.07
img_624.npy,2.87,197.75
img_6240.npy,2.57,213.74
img_6241.npy,2.74,214.42
img_6242.npy,2.77,203.49
img_6243.npy,2.76,200.49
img_6244.npy,2.75,200.53
img_6245.npy,2.84,201.25
img_6246.npy,2.79,215.66
img_6247.npy,2.78,211.23
img_6248.npy,2.81,214.07
img_6249.npy,2.83,208.11
img_625.npy,2.82,201.56
img_6250.npy,2.82,201.59
img_6251.npy,2.90,201.26
img_6252.npy,2.85,203.32
img_6253.npy,2.78,210.28
img_6254.npy,2.65,205.66
img_6255.npy,2.64,203.91
img_6256.npy,2.75,201.14
img_6257.npy,2.80,216.89
img_6258.npy,2.80,214.03
img_6259.npy,2.86,214.46
img_626.npy,2.84,202.70
img_6260.npy,2.96,198.26
img_6261.npy,2.86,198.24
img_6262.npy,2.66,205.34
img_6263.npy,2.71,201.50
img_6264.npy,2.49,211.14
img_6265.npy,2.65,204.45
img_6266.npy,2.52,202.62
img_6267.npy,2.74,198.44
img_6268.npy,2.68,208.07
img_6269.npy,2.73,201.36
img_627.npy,2.83,198.07
img_6270.npy,2.83,213.07
img_6271.npy,2.84,207.18
img_6272.npy,2.61,199.34
img_6273.npy,2.73,201.54
img_6274.npy,2.64,200.82
img_6275.npy,2.66,201.59
img_6276.npy,2.86,200.80
img_6277.npy,2.91,201.85
img_6278.npy,2.79,201.86
img_6279.npy,2.88,202.89
img_628.npy,2.85,225.40
img_6280.npy,2.85,222.48
img_6281.npy,2.87,214.11
img_6282.npy,2.79,210.17
img_6283.npy,2.65,211.27
img_6284.npy,2.79,203.39
img_6285.npy,2.58,206.36
img_6286.npy,2.66,205.12
img_6287.npy,2.52,229.24
img_6288.npy,2.53,229.77
img_6289.npy,2.59,229.69
img_629.npy,2.49,224.94
img_6290.npy,2.68,213.80
img_6291.npy,2.56,212.61
img_6292.npy,2.89,204.85
img_6293.npy,2.94,198.68
img_6294.npy,2.79,201.02
img_6295.npy,2.86,205.00
img_6296.npy,2.82,203.50
img_6297.npy,2.77,201.15
img_6298.npy,2.51,222.36
img_6299.npy,2.53,214.64
img_63.npy,2.54,208.45
img_630.npy,2.49,208.12
img_6300.npy,2.54,203.53
img_6301.npy,2.61,200.95
img_6302.npy,2.57,199.00
img_6303.npy,2.45,204.45
img_6304.npy,2.55,199.10
img_6305.npy,2.54,207.52
img_6306.npy,2.59,203.61
img_6307.npy,2.52,203.70
img_6308.npy,2.48,198.73
img_6309.npy,2.59,200.30
img_631.npy,2.62,199.92
img_6310.npy,2.57,210.20
img_6311.npy,2.49,206.76
img_6312.npy,2.70,201.63
img_6313.npy,2.59,199.23
img_6314.npy,2.62,201.67
img_6315.npy,2.78,209.60
img_6316.npy,2.77,211.01
img_6317.npy,2.68,199.47
img_6318.npy,2.72,197.75
img_6319.npy,2.73,200.18
img_632.npy,2.84,198.61
img_6320.npy,2.84,213.50
img_6321.npy,2.81,209.62
img_6322.npy,2.67,208.72
img_6323.npy,2.67,204.29
img_6324.npy,2.67,203.15
img_6325.npy,2.77,198.36
img_6326.npy,2.57,200.43
img_6327.npy,2.76,201.81
img_6328.npy,2.83,208.86
img_6329.npy,2.76,202.55
img_633.npy,2.72,200.80
img_6330.npy,2.84,202.13
img_6331.npy,2.81,204.70
img_6332.npy,2.82,209.25
img_6333.npy,2.72,207.94
img_6334.npy,2.84,206.79
img_6335.npy,2.71,202.51
img_6336.npy,2.73,201.70
img_6337.npy,2.84,203.25
img_6338.npy,2.62,218.99
img_6339.npy,2.53,213.11
img_634.npy,2.51,210.42
img_6340.npy,2.74,209.72
img_6341.npy,2.66,204.35
img_6342.npy,2.51,199.47
img_6343.npy,2.62,197.36
img_6344.npy,2.81,198.52
img_6345.npy,2.86,211.52
img_6346.npy,2.79,202.18
img_6347.npy,2.75,204.10
img_6348.npy,2.78,204.99
img_6349.npy,2.68,198.76
img_635.npy,2.76,215.09
img_6350.npy,2.81,213.20
img_6351.npy,2.86,206.49
img_6352.npy,2.75,202.16
img_6353.npy,2.67,198.21
img_6354.npy,2.84,200.21
img_6355.npy,2.80,202.16
img_6356.npy,2.87,211.08
img_6357.npy,2.81,208.01
img_6358.npy,2.77,210.48
img_6359.npy,2.85,204.90
img_636.npy,2.85,200.79
img_6360.npy,2.79,209.11
img_6361.npy,2.77,201.95
img_6362.npy,2.78,199.73
img_6363.npy,2.75,200.36
img_6364.npy,2.68,208.77
img_6365.npy,2.60,201.94
img_6366.npy,2.80,201.05
img_6367.npy,2.84,200.62
img_6368.npy,2.78,208.23
img_6369.npy,2.87,205.10
img_637.npy,2.72,205.05
img_6370.npy,2.73,206.80
img_6371.npy,2.93,201.50
img_6372.npy,2.77,219.04
img_6373.npy,2.75,216.46
img_6374.npy,2.78,214.11
img_6375.npy,2.81,212.27
img_6376.npy,2.83,206.93
img_6377.npy,2.85,201.99
img_6378.npy,2.81,199.46
img_6379.npy,2.86,198.88
img_638.npy,2.72,203.20
img_6380.npy,2.80,205.09
img_6381.npy,2.71,226.52
img_6382.npy,2.73,224.27
img_6383.npy,2.83,218.47
img_6384.npy,2.84,211.35
img_6385.npy,2.84,207.32
img_6386.npy,2.77,201.24
img_6387.npy,2.88,198.12
img_6388.npy,2.74,202.38
img_6389.npy,2.83,198.67
img_639.npy,2.80,201.33
img_6390.npy,2.82,200.69
img_6391.npy,2.65,218.11
img_6392.npy,2.60,213.57
img_6393.npy,2.71,207.57
img_6394.npy,2.55,202.89
img_6395.npy,2.86,204.29
img_6396.npy,2.81,198.35
img_6397.npy,2.75,209.27
img_6398.npy,2.76,206.94
img_6399.npy,2.75,205.48
img_64.npy,2.81,201.06
img_640.npy,2.50,198.07
img_6400.npy,2.44,200.43
img_6401.npy,2.57,210.94
img_6402.npy,2.60,206.37
img_6403.npy,2.53,202.42
img_6404.npy,2.49,201.59
img_6405.npy,2.48,218.64
img_6406.npy,2.49,217.37
img_6407.npy,2.49,210.51
img_6408.npy,2.55,207.98
img_6409.npy,2.62,202.26
img_641.npy,2.56,200.50
img_6410.npy,2.56,200.71
img_6411.npy,2.54,203.44
img_6412.npy,2.88,202.06
img_6413.npy,2.59,226.73
img_6414.npy,2.75,228.69
img_6415.npy,2.87,222.32
img_6416.npy,2.90,215.91
img_6417.npy,2.87,213.97
img_6418.npy,2.81,208.22
img_6419.npy,2.82,202.31
img_642.npy,2.71,203.75
img_6420.npy,2.91,203.30
img_6421.npy,2.84,228.63
img_6422.npy,2.75,227.05
img_6423.npy,2.69,229.62
img_6424.npy,2.82,228.59
img_6425.npy,2.84,220.92
img_6426.npy,2.83,215.85
img_6427.npy,2.72,209.57
img_6428.npy,2.76,209.12
img_6429.npy,2.83,205.52
img_643.npy,2.83,202.55
img_6430.npy,2.84,201.73
img_6431.npy,2.74,201.88
img_6432.npy,2.73,232.03
img_6433.npy,2.79,231.05
img_6434.npy,2.84,226.91
img_6435.npy,2.75,219.02
img_6436.npy,2.78,212.19
img_6437.npy,2.85,211.46
img_6438.npy,2.82,207.52
img_6439.npy,2.80,203.89
img_644.npy,2.84,197.79
img_6440.npy,2.84,200.27
img_6441.npy,2.86,207.47
img_6442.npy,2.74,201.81
img_6443.npy,2.83,220.87
img_6444.npy,2.83,213.64
img_6445.npy,2.84,211.88
img_6446.npy,2.66,206.40
img_6447.npy,2.80,201.27
img_6448.npy,2.79,202.04
img_6449.npy,2.83,199.69
img_645.npy,2.77,200.11
img_6450.npy,2.76,203.60
img_6451.npy,2.54,208.41
img_6452.npy,2.76,202.49
img_6453.npy,2.82,201.73
img_6454.npy,2.71,199.03
img_6455.npy,2.57,205.18
img_6456.npy,2.55,204.37
img_6457.npy,2.48,200.61
img_6458.npy,2.49,199.41
img_6459.npy,2.55,203.56
img_646.npy,2.45,197.30
img_6460.npy,2.47,215.70
img_6461.npy,2.53,212.53
img_6462.npy,2.54,212.48
img_6463.npy,2.55,206.09
img_6464.npy,2.50,202.16
img_6465.npy,2.60,197.07
img_6466.npy,2.54,202.62
img_6467.npy,2.62,213.64
img_6468.npy,2.62,205.91
img_6469.npy,2.70,198.05
img_647.npy,2.56,197.71
img_6470.npy,2.67,212.36
img_6471.npy,2.64,208.77
img_6472.npy,2.70,201.59
img_6473.npy,2.67,201.43
img_6474.npy,2.60,199.95
img_6475.npy,2.47,201.16
img_6476.npy,2.58,199.69
img_6477.npy,2.81,201.20
img_6478.npy,2.53,207.99
img_6479.npy,2.84,204.95
img_648.npy,2.77,204.20
img_6480.npy,2.76,196.81
img_6481.npy,2.81,199.61
img_6482.npy,2.60,198.02
img_6483.npy,2.78,216.67
img_6484.npy,2.76,211.71
img_6485.npy,2.84,207.71
img_6486.npy,2.81,207.23
img_6487.npy,2.84,204.92
img_6488.npy,2.58,201.97
img_6489.npy,2.83,197.21
img_649.npy,2.83,202.70
img_6490.npy,2.78,206.50
img_6491.npy,2.81,201.70
img_6492.npy,2.79,225.56
img_6493.npy,2.85,230.72
img_6494.npy,2.87,226.91
img_6495.npy,2.87,216.42
img_6496.npy,2.75,210.26
img_6497.npy,2.96,207.90
img_6498.npy,2.83,202.26
img_6499.npy,2.81,201.80
img_65.npy,2.68,201.76
img_650.npy,2.82,201.61
img_6500.npy,2.59,223.57
img_6501.npy,2.88,232.28
img_6502.npy,2.85,222.89
img_6503.npy,2.84,214.20
img_6504.npy,2.84,211.83
img_6505.npy,2.78,207.47
img_6506.npy,2.64,200.41
img_6507.npy,2.67,201.35
img_6508.npy,2.80,206.72
img_6509.npy,2.81,200.89
img_651.npy,2.81,198.91
img_6510.npy,2.67,200.50
img_6511.npy,2.84,204.16
img_6512.npy,2.82,214.31
img_6513.npy,2.77,207.53
img_6514.npy,2.83,204.86
img_6515.npy,2.90,201.41
img_6516.npy,2.79,214.88
img_6517.npy,2.78,213.65
img_6518.npy,2.79,215.25
img_6519.npy,2.80,209.38
img_652.npy,2.56,200.58
img_6520.npy,2.81,201.91
img_6521.npy,2.80,201.91
img_6522.npy,2.73,200.46
img_6523.npy,2.61,210.44
img_6524.npy,2.65,207.82
img_6525.npy,2.83,202.38
img_6526.npy,2.72,226.66
img_6527.npy,2.61,224.57
img_6528.npy,2.74,219.55
img_6529.npy,2.78,211.14
img_653.npy,2.59,210.14
img_6530.npy,2.71,210.53
img_6531.npy,2.86,205.32
img_6532.npy,2.78,201.22
img_6533.npy,2.88,201.93
img_6534.npy,2.78,230.15
img_6535.npy,2.80,234.09
img_6536.npy,2.82,228.91
img_6537.npy,2.82,227.96
img_6538.npy,2.84,217.16
img_6539.npy,2.84,215.29
img_654.npy,2.65,206.87
img_6540.npy,2.69,200.17
img_6541.npy,2.71,202.09
img_6542.npy,2.80,203.46
img_6543.npy,2.61,199.22
img_6544.npy,2.73,202.85
img_6545.npy,2.70,219.62
img_6546.npy,2.69,221.05
img_6547.npy,2.82,217.21
img_6548.npy,2.86,214.65
img_6549.npy,2.83,205.83
img_655.npy,2.66,201.09
img_6550.npy,2.71,200.42
img_6551.npy,2.78,209.52
img_6552.npy,2.80,204.53
img_6553.npy,2.83,201.36
img_6554.npy,2.78,200.33
img_6555.npy,2.75,200.52
img_6556.npy,2.77,204.11
img_6557.npy,2.81,210.99
img_6558.npy,2.80,202.13
img_6559.npy,2.79,201.21
img_656.npy,2.83,201.54
img_6560.npy,2.76,213.68
img_6561.npy,2.81,210.93
img_6562.npy,2.79,201.16
img_6563.npy,2.80,200.59
img_6564.npy,2.81,199.34
img_6565.npy,2.73,199.50
img_6566.npy,2.66,207.64
img_6567.npy,2.78,204.75
img_6568.npy,2.63,204.03
img_6569.npy,2.72,228.47
img_657.npy,2.68,221.13
img_6570.npy,2.67,218.43
img_6571.npy,2.78,214.41
img_6572.npy,2.88,209.84
img_6573.npy,2.85,203.58
img_6574.npy,2.82,200.62
img_6575.npy,2.82,201.53
img_6576.npy,2.74,203.77
img_6577.npy,2.82,202.37
img_6578.npy,2.82,230.42
img_6579.npy,2.77,230.24
img_658.npy,2.63,226.12
img_6580.npy,2.82,221.42
img_6581.npy,2.82,214.07
img_6582.npy,2.86,211.91
img_6583.npy,2.80,204.77
img_6584.npy,2.72,199.01
img_6585.npy,2.74,203.43
img_6586.npy,2.69,205.34
img_6587.npy,2.81,200.96
img_6588.npy,2.77,205.73
img_6589.npy,2.79,203.62
img_659.npy,2.75,217.47
img_6590.npy,2.87,213.64
img_6591.npy,2.85,209.94
img_6592.npy,2.84,204.98
img_6593.npy,2.73,200.29
img_6594.npy,2.79,203.34
img_6595.npy,2.80,201.23
img_6596.npy,2.71,203.36
img_6597.npy,2.84,208.20
img_6598.npy,2.82,202.91
img_6599.npy,2.73,201.54
img_66.npy,2.77,202.14
img_660.npy,2.84,204.81
img_6600.npy,2.82,203.84
img_6601.npy,2.75,202.65
img_6602.npy,2.63,200.35
img_6603.npy,2.74,199.98
img_6604.npy,2.50,199.06
img_6605.npy,2.56,200.80
img_6606.npy,2.68,210.46
img_6607.npy,2.56,211.90
img_6608.npy,2.51,209.68
img_6609.npy,2.43,204.64
img_661.npy,2.81,202.34
img_6610.npy,2.91,198.58
img_6611.npy,2.84,212.16
img_6612.npy,2.82,213.65
img_6613.npy,2.80,206.22
img_6614.npy,2.67,200.45
img_6615.npy,2.71,198.35
img_6616.npy,2.77,209.38
img_6617.npy,2.83,206.60
img_6618.npy,2.78,204.51
img_6619.npy,2.80,202.42
img_662.npy,2.88,199.01
img_6620.npy,2.90,198.71
img_6621.npy,2.89,199.27
img_6622.npy,2.84,208.62
img_6623.npy,2.69,205.59
img_6624.npy,2.74,204.77
img_6625.npy,2.80,201.94
img_6626.npy,2.75,201.03
img_6627.npy,2.78,199.23
img_6628.npy,2.87,202.54
img_6629.npy,2.80,215.23
img_663.npy,2.53,212.74
img_6630.npy,2.62,211.75
img_6631.npy,2.80,205.14
img_6632.npy,2.85,203.72
img_6633.npy,2.87,204.27
img_6634.npy,2.92,198.09
img_6635.npy,2.76,202.42
img_6636.npy,2.71,201.01
img_6637.npy,2.85,205.19
img_6638.npy,2.60,227.73
img_6639.npy,2.81,229.43
img_664.npy,2.90,221.63
img_6640.npy,2.71,217.85
img_6641.npy,2.76,212.73
img_6642.npy,2.72,210.86
img_6643.npy,2.48,205.67
img_6644.npy,2.54,203.63
img_6645.npy,2.65,202.52
img_6646.npy,2.72,202.81
img_6647.npy,2.55,232.05
img_6648.npy,2.76,229.35
img_6649.npy,2.70,223.44
img_665.npy,2.62,216.72
img_6650.npy,2.51,213.58
img_6651.npy,2.62,206.21
img_6652.npy,2.54,197.76
img_6653.npy,2.45,201.89
img_6654.npy,2.48,201.41
img_6655.npy,2.49,203.13
img_6656.npy,2.57,227.09
img_6657.npy,2.53,219.25
img_6658.npy,2.51,214.38
img_6659.npy,2.51,210.49
img_666.npy,2.65,205.30
img_6660.npy,2.55,200.24
img_6661.npy,2.47,197.32
img_6662.npy,2.47,201.15
img_6663.npy,2.71,203.88
img_6664.npy,2.80,202.46
img_6665.npy,2.52,201.45
img_6666.npy,2.56,200.29
img_6667.npy,2.55,208.50
img_6668.npy,2.49,205.14
img_6669.npy,2.55,199.88
img_667.npy,2.59,199.82
img_6670.npy,2.60,205.40
img_6671.npy,2.82,204.29
img_6672.npy,2.81,201.07
img_6673.npy,2.83,205.36
img_6674.npy,2.72,201.99
img_6675.npy,2.80,204.29
img_6676.npy,2.79,203.61
img_6677.npy,2.81,203.45
img_6678.npy,2.79,199.45
img_6679.npy,2.56,204.56
img_668.npy,2.66,217.71
img_6680.npy,2.78,214.07
img_6681.npy,2.78,208.66
img_6682.npy,2.83,199.82
img_6683.npy,2.92,201.52
img_6684.npy,2.86,205.41
img_6685.npy,2.82,203.79
img_6686.npy,2.83,200.77
img_6687.npy,2.78,202.53
img_6688.npy,2.73,206.78
img_6689.npy,2.72,199.49
img_669.npy,2.59,216.30
img_6690.npy,2.66,213.81
img_6691.npy,2.57,213.14
img_6692.npy,2.47,205.71
img_6693.npy,2.84,201.06
img_6694.npy,2.69,202.44
img_6695.npy,2.81,211.99
img_6696.npy,2.71,212.02
img_6697.npy,2.79,209.91
img_6698.npy,2.55,204.57
img_6699.npy,2.80,204.40
img_67.npy,2.80,201.98
img_670.npy,2.87,205.82
img_6700.npy,2.80,209.04
img_6701.npy,2.79,204.27
img_6702.npy,2.79,204.20
img_6703.npy,2.88,203.54
img_6704.npy,2.87,224.29
img_6705.npy,2.84,218.46
img_6706.npy,2.83,216.96
img_6707.npy,2.78,210.84
img_6708.npy,2.80,206.99
img_6709.npy,2.78,201.25
img_671.npy,2.87,197.44
img_6710.npy,2.72,198.97
img_6711.npy,2.76,207.73
img_6712.npy,2.76,207.11
img_6713.npy,2.74,204.32
img_6714.npy,2.82,204.23
img_6715.npy,2.74,203.76
img_6716.npy,2.75,207.34
img_6717.npy,2.82,203.99
img_6718.npy,2.76,201.64
img_6719.npy,2.71,202.44
img_672.npy,2.84,202.33
img_6720.npy,2.82,202.23
img_6721.npy,2.81,200.88
img_6722.npy,2.64,202.55
img_6723.npy,2.56,204.04
img_6724.npy,2.47,201.55
img_6725.npy,2.63,197.49
img_6726.npy,2.82,201.09
img_6727.npy,2.85,201.84
img_6728.npy,2.75,218.35
img_6729.npy,2.80,217.09
img_673.npy,2.84,214.45
img_6730.npy,2.85,209.31
img_6731.npy,2.87,204.14
img_6732.npy,2.77,199.47
img_6733.npy,2.64,200.88
img_6734.npy,2.80,202.52
img_6735.npy,2.85,202.88
img_6736.npy,2.79,230.75
img_6737.npy,2.83,235.66
img_6738.npy,2.80,230.07
img_6739.npy,2.75,229.20
img_674.npy,2.88,222.39
img_6740.npy,2.75,217.14
img_6741.npy,2.60,213.91
img_6742.npy,2.62,202.81
img_6743.npy,2.57,200.28
img_6744.npy,2.77,199.89
img_6745.npy,2.71,202.52
img_6746.npy,2.82,203.78
img_6747.npy,2.76,227.54
img_6748.npy,2.91,221.83
img_6749.npy,2.86,217.59
img_675.npy,2.88,214.69
img_6750.npy,2.89,207.98
img_6751.npy,2.80,199.22
img_6752.npy,2.85,201.66
img_6753.npy,2.85,201.91
img_6754.npy,2.84,198.12
img_6755.npy,2.70,203.85
img_6756.npy,2.72,206.64
img_6757.npy,2.65,202.15
img_6758.npy,2.69,198.61
img_6759.npy,2.76,218.57
img_676.npy,2.82,210.22
img_6760.npy,2.73,208.61
img_6761.npy,2.71,205.39
img_6762.npy,2.76,200.86
img_6763.npy,2.68,197.34
img_6764.npy,2.70,200.07
img_6765.npy,2.79,203.59
img_6766.npy,2.80,213.68
img_6767.npy,2.77,210.63
img_6768.npy,2.81,202.01
img_6769.npy,2.76,205.38
img_677.npy,2.91,202.39
img_6770.npy,2.84,198.80
img_6771.npy,2.66,200.15
img_6772.npy,2.82,202.13
img_6773.npy,2.83,208.81
img_6774.npy,2.71,202.23
img_6775.npy,2.78,199.22
img_6776.npy,2.76,200.71
img_6777.npy,2.77,214.39
img_6778.npy,2.77,211.79
img_6779.npy,2.86,206.54
img_678.npy,2.80,203.81
img_6780.npy,2.79,201.25
img_6781.npy,2.71,198.20
img_6782.npy,2.70,217.03
img_6783.npy,2.68,208.86
img_6784.npy,2.77,209.16
img_6785.npy,2.88,205.59
img_6786.npy,2.80,197.14
img_6787.npy,2.62,196.00
img_6788.npy,2.88,198.34
img_6789.npy,2.78,204.55
img_679.npy,2.86,212.35
img_6790.npy,2.76,210.70
img_6791.npy,2.84,207.66
img_6792.npy,2.81,203.71
img_6793.npy,2.72,201.81
img_6794.npy,2.65,212.47
img_6795.npy,2.63,204.91
img_6796.npy,2.65,205.22
img_6797.npy,2.73,199.73
img_6798.npy,2.59,201.78
img_6799.npy,2.85,204.22
img_68.npy,2.74,219.75
img_680.npy,2.74,217.89
img_6800.npy,2.76,215.03
img_6801.npy,2.79,209.89
img_6802.npy,2.83,204.09
img_6803.npy,2.79,200.48
img_6804.npy,2.45,199.34
img_6805.npy,2.55,201.27
img_6806.npy,2.46,208.90
img_6807.npy,2.74,205.41
img_6808.npy,2.75,201.98
img_6809.npy,2.79,202.00
img_681.npy,2.87,201.60
img_6810.npy,2.77,208.20
img_6811.npy,2.80,208.04
img_6812.npy,2.75,205.88
img_6813.npy,2.81,200.95
img_6814.npy,2.79,202.26
img_6815.npy,2.78,199.80
img_6816.npy,2.83,201.66
img_6817.npy,2.91,208.84
img_6818.npy,2.77,208.65
img_6819.npy,2.83,205.41
img_682.npy,2.76,201.00
img_6820.npy,2.65,202.89
img_6821.npy,2.62,203.71
img_6822.npy,2.85,209.61
img_6823.npy,2.76,220.82
img_6824.npy,2.82,215.95
img_6825.npy,2.63,211.49
img_6826.npy,2.69,208.16
img_6827.npy,2.81,202.77
img_6828.npy,2.79,202.66
img_6829.npy,2.77,199.91
img_683.npy,2.77,202.59
img_6830.npy,2.70,202.62
img_6831.npy,2.80,205.39
img_6832.npy,2.82,229.96
img_6833.npy,2.70,228.82
img_6834.npy,2.67,225.68
img_6835.npy,2.78,218.64
img_6836.npy,2.58,212.48
img_6837.npy,2.76,207.62
img_6838.npy,2.81,200.12
img_6839.npy,2.83,201.62
img_684.npy,2.77,205.62
img_6840.npy,2.72,201.23
img_6841.npy,2.77,228.62
img_6842.npy,2.82,228.40
img_6843.npy,2.84,219.11
img_6844.npy,2.71,214.38
img_6845.npy,2.89,210.32
img_6846.npy,2.87,201.79
img_6847.npy,2.84,202.54
img_6848.npy,2.86,202.90
img_6849.npy,2.81,210.20
img_685.npy,2.75,205.01
img_6850.npy,2.67,206.21
img_6851.npy,2.80,200.80
img_6852.npy,2.82,198.34
img_6853.npy,2.66,213.07
img_6854.npy,2.87,214.69
img_6855.npy,2.78,206.09
img_6856.npy,2.77,204.68
img_6857.npy,2.80,205.70
img_6858.npy,2.83,202.19
img_6859.npy,2.89,220.01
img_686.npy,2.81,214.49
img_6860.npy,2.72,212.26
img_6861.npy,2.83,213.36
img_6862.npy,2.83,205.42
img_6863.npy,2.80,202.04
img_6864.npy,2.81,203.09
img_6865.npy,2.82,204.87
img_6866.npy,2.88,233.62
img_6867.npy,2.51,231.16
img_6868.npy,2.55,228.21
img_6869.npy,2.85,222.50
img_687.npy,2.83,215.06
img_6870.npy,2.78,214.00
img_6871.npy,2.80,205.45
img_6872.npy,2.90,200.46
img_6873.npy,2.77,201.98
img_6874.npy,2.60,205.02
img_6875.npy,2.53,203.14
img_6876.npy,2.53,227.96
img_6877.npy,2.71,222.24
img_6878.npy,2.64,215.85
img_6879.npy,2.86,210.30
img_688.npy,2.85,204.04
img_6880.npy,2.88,200.85
img_6881.npy,2.83,209.37
img_6882.npy,2.58,204.88
img_6883.npy,2.57,204.75
img_6884.npy,2.65,197.88
img_6885.npy,2.70,199.50
img_6886.npy,2.85,203.10
img_6887.npy,2.82,212.34
img_6888.npy,2.83,209.62
img_6889.npy,2.78,204.66
img_689.npy,2.87,204.58
img_6890.npy,2.86,198.90
img_6891.npy,2.76,215.56
img_6892.npy,2.81,218.88
img_6893.npy,2.82,211.86
img_6894.npy,2.72,209.20
img_6895.npy,2.76,209.60
img_6896.npy,2.88,204.40
img_6897.npy,2.81,203.89
img_6898.npy,2.77,199.37
img_6899.npy,2.82,202.82
img_69.npy,2.63,229.68
img_690.npy,2.83,233.49
img_6900.npy,2.81,231.18
img_6901.npy,2.71,226.38
img_6902.npy,2.96,220.16
img_6903.npy,2.78,212.93
img_6904.npy,2.90,209.06
img_6905.npy,2.77,205.75
img_6906.npy,2.79,203.36
img_6907.npy,2.71,204.00
img_6908.npy,2.77,205.88
img_6909.npy,2.84,205.85
img_691.npy,2.85,223.34
img_6910.npy,2.87,213.48
img_6911.npy,2.84,210.13
img_6912.npy,2.88,204.32
img_6913.npy,2.82,200.88
img_6914.npy,2.84,202.67
img_6915.npy,2.84,209.59
img_6916.npy,2.86,204.48
img_6917.npy,2.81,201.27
img_6918.npy,2.80,200.78
img_6919.npy,2.84,202.00
img_692.npy,2.89,210.01
img_6920.npy,2.73,209.88
img_6921.npy,2.59,206.20
img_6922.npy,2.71,203.20
img_6923.npy,2.78,203.02
img_6924.npy,2.80,218.79
img_6925.npy,2.80,217.43
img_6926.npy,2.81,214.57
img_6927.npy,2.78,208.86
img_6928.npy,2.89,202.72
img_6929.npy,2.70,198.98
img_693.npy,2.83,200.75
img_6930.npy,2.80,199.43
img_6931.npy,2.72,204.16
img_6932.npy,2.74,207.93
img_6933.npy,2.70,204.42
img_6934.npy,2.74,226.22
img_6935.npy,2.69,223.87
img_6936.npy,2.73,217.97
img_6937.npy,2.80,214.99
img_6938.npy,2.83,212.39
img_6939.npy,2.87,206.67
img_694.npy,2.83,202.52
img_6940.npy,2.63,201.36
img_6941.npy,2.77,202.69
img_6942.npy,2.80,234.23
img_6943.npy,2.75,227.96
img_6944.npy,2.72,227.10
img_6945.npy,2.88,224.26
img_6946.npy,2.85,217.49
img_6947.npy,2.86,216.28
img_6948.npy,2.84,209.29
img_6949.npy,2.89,204.01
img_695.npy,2.78,201.12
img_6950.npy,2.83,206.29
img_6951.npy,2.76,230.96
img_6952.npy,2.81,228.51
img_6953.npy,2.76,229.13
img_6954.npy,2.69,226.15
img_6955.npy,2.85,219.79
img_6956.npy,2.83,215.57
img_6957.npy,2.78,209.91
img_6958.npy,2.80,205.38
img_6959.npy,2.79,199.72
img_696.npy,2.83,202.81
img_6960.npy,2.76,204.22
img_6961.npy,2.75,229.34
img_6962.npy,2.84,229.26
img_6963.npy,2.87,225.41
img_6964.npy,2.84,218.91
img_6965.npy,2.79,213.41
img_6966.npy,2.85,212.72
img_6967.npy,2.59,204.83
img_6968.npy,2.78,200.93
img_6969.npy,2.77,201.74
img_697.npy,2.86,201.96
img_6970.npy,2.71,202.03
img_6971.npy,2.61,200.95
img_6972.npy,2.64,227.65
img_6973.npy,2.87,217.62
img_6974.npy,2.52,211.07
img_6975.npy,2.59,205.34
img_6976.npy,2.48,201.46
img_6977.npy,2.62,199.88
img_6978.npy,2.56,199.55
img_6979.npy,2.55,210.00
img_698.npy,2.76,209.81
img_6980.npy,2.88,209.20
img_6981.npy,2.87,203.00
img_6982.npy,2.85,199.46
img_6983.npy,2.62,203.12
img_6984.npy,2.81,203.46
img_6985.npy,2.84,204.34
img_6986.npy,2.82,200.07
img_6987.npy,2.82,202.97
img_6988.npy,2.87,198.91
img_6989.npy,2.84,208.58
img_699.npy,2.83,213.89
img_6990.npy,2.78,214.13
img_6991.npy,2.83,209.52
img_6992.npy,2.78,205.01
img_6993.npy,2.82,203.88
img_6994.npy,2.89,199.21
img_6995.npy,2.76,211.35
img_6996.npy,2.80,212.09
img_6997.npy,2.85,211.21
img_6998.npy,2.72,205.41
img_6999.npy,2.76,198.67
img_7.npy,2.88,203.58
img_70.npy,2.83,203.58
img_700.npy,2.80,205.79
img_7000.npy,2.83,200.05
img_7001.npy,2.66,202.68
img_7002.npy,2.77,199.73
img_7003.npy,2.81,201.38
img_7004.npy,2.83,200.54
img_7005.npy,2.82,208.80
img_7006.npy,2.78,208.10
img_7007.npy,2.78,199.89
img_7008.npy,2.77,202.41
img_7009.npy,2.85,201.88
img_701.npy,2.58,199.23
img_7010.npy,2.84,200.39
img_7011.npy,2.79,218.09
img_7012.npy,2.69,212.59
img_7013.npy,2.81,210.51
img_7014.npy,2.86,205.01
img_7015.npy,2.81,203.91
img_7016.npy,2.85,201.55
img_7017.npy,2.84,199.64
img_7018.npy,2.72,205.03
img_7019.npy,2.84,204.70
img_702.npy,2.75,220.56
img_7020.npy,2.82,232.67
img_7021.npy,2.81,223.75
img_7022.npy,2.79,217.69
img_7023.npy,2.63,212.21
img_7024.npy,2.71,208.90
img_7025.npy,2.78,204.70
img_7026.npy,2.76,203.47
img_7027.npy,2.83,199.55
img_7028.npy,2.72,199.89
img_7029.npy,2.76,203.34
img_703.npy,2.85,226.88
img_7030.npy,2.84,223.98
img_7031.npy,2.74,217.96
img_7032.npy,2.85,210.73
img_7033.npy,2.80,203.78
img_7034.npy,2.80,201.72
img_7035.npy,2.90,204.10
img_7036.npy,2.84,207.28
img_7037.npy,2.78,203.40
img_7038.npy,2.84,200.91
img_7039.npy,2.68,200.56
img_704.npy,2.77,215.21
img_7040.npy,2.82,213.39
img_7041.npy,2.84,208.65
img_7042.npy,2.80,201.50
img_7043.npy,2.76,203.81
img_7044.npy,2.76,202.12
img_7045.npy,2.82,214.00
img_7046.npy,2.76,211.28
img_7047.npy,2.81,207.54
img_7048.npy,2.78,208.12
img_7049.npy,2.70,203.35
img_705.npy,2.89,201.70
img_7050.npy,2.90,203.33
img_7051.npy,2.78,203.80
img_7052.npy,2.80,208.38
img_7053.npy,2.67,202.19
img_7054.npy,2.76,226.85
img_7055.npy,2.81,224.84
img_7056.npy,2.85,218.82
img_7057.npy,2.92,215.28
img_7058.npy,2.73,216.23
img_7059.npy,2.79,206.30
img_706.npy,2.82,202.37
img_7060.npy,2.83,199.20
img_7061.npy,2.72,201.47
img_7062.npy,2.84,206.80
img_7063.npy,2.86,227.18
img_7064.npy,2.78,227.57
img_7065.npy,2.81,217.20
img_7066.npy,2.77,211.37
img_7067.npy,2.89,209.61
img_7068.npy,2.79,203.03
img_7069.npy,2.85,198.92
img_707.npy,2.81,199.57
img_7070.npy,2.77,207.54
img_7071.npy,2.65,205.34
img_7072.npy,2.94,203.45
img_7073.npy,2.79,198.22
img_7074.npy,2.82,211.48
img_7075.npy,2.79,209.05
img_7076.npy,2.76,209.45
img_7077.npy,2.76,202.40
img_7078.npy,2.76,199.94
img_7079.npy,2.80,197.41
img_708.npy,2.77,213.94
img_7080.npy,2.84,211.86
img_7081.npy,2.76,211.95
img_7082.npy,2.77,213.32
img_7083.npy,2.82,206.57
img_7084.npy,2.87,201.00
img_7085.npy,2.86,198.52
img_7086.npy,2.88,201.95
img_7087.npy,2.78,210.81
img_7088.npy,2.81,206.80
img_7089.npy,2.78,203.95
img_709.npy,2.84,204.90
img_7090.npy,2.83,200.98
img_7091.npy,2.70,210.95
img_7092.npy,2.75,212.68
img_7093.npy,2.70,209.95
img_7094.npy,2.81,202.44
img_7095.npy,2.81,197.67
img_7096.npy,2.81,200.35
img_7097.npy,2.73,202.18
img_7098.npy,2.54,211.02
img_7099.npy,2.74,206.93
img_71.npy,2.87,201.97
img_710.npy,2.93,201.61
img_7100.npy,2.79,201.93
img_7101.npy,2.72,210.34
img_7102.npy,2.79,207.74
img_7103.npy,2.84,200.75
img_7104.npy,2.81,200.01
img_7105.npy,2.80,201.26
img_7106.npy,2.75,202.09
img_7107.npy,2.82,201.00
img_7108.npy,2.76,208.16
img_7109.npy,2.85,202.34
img_711.npy,2.72,202.48
img_7110.npy,2.87,202.90
img_7111.npy,2.69,201.91
img_7112.npy,2.76,198.91
img_7113.npy,2.69,201.20
img_7114.npy,2.80,215.32
img_7115.npy,2.60,213.13
img_7116.npy,2.52,208.23
img_7117.npy,2.56,209.01
img_7118.npy,2.88,202.18
img_7119.npy,2.76,201.45
img_712.npy,2.63,197.30
img_7120.npy,2.50,199.98
img_7121.npy,2.55,205.75
img_7122.npy,2.88,227.11
img_7123.npy,2.78,226.80
img_7124.npy,2.80,229.48
img_7125.npy,2.86,225.17
img_7126.npy,2.70,219.11
img_7127.npy,2.65,211.28
img_7128.npy,2.82,208.87
img_7129.npy,2.79,205.15
img_713.npy,2.75,201.61
img_7130.npy,2.71,202.51
img_7131.npy,2.62,205.12
img_7132.npy,2.52,227.98
img_7133.npy,2.74,229.05
img_7134.npy,2.82,220.74
img_7135.npy,2.76,213.35
img_7136.npy,2.85,206.19
img_7137.npy,2.85,201.55
img_7138.npy,2.93,198.27
img_7139.npy,2.70,199.67
img_714.npy,2.72,202.34
img_7140.npy,2.65,203.93
img_7141.npy,2.59,221.68
img_7142.npy,2.52,213.92
img_7143.npy,2.46,212.09
img_7144.npy,2.58,209.41
img_7145.npy,2.72,198.16
img_7146.npy,2.68,197.27
img_7147.npy,2.79,200.75
img_7148.npy,2.61,201.70
img_7149.npy,2.73,209.64
img_715.npy,2.74,203.83
img_7150.npy,2.63,199.09
img_7151.npy,2.82,201.92
img_7152.npy,2.87,200.20
img_7153.npy,2.82,203.20
img_7154.npy,2.79,200.09
img_7155.npy,2.80,202.36
img_7156.npy,2.81,210.64
img_7157.npy,2.55,201.54
img_7158.npy,2.74,202.43
img_7159.npy,2.80,202.11
img_716.npy,2.70,210.32
img_7160.npy,2.64,210.83
img_7161.npy,2.59,203.62
img_7162.npy,2.79,202.57
img_7163.npy,2.67,200.87
img_7164.npy,2.70,200.98
img_7165.npy,2.79,202.43
img_7166.npy,2.71,199.59
img_7167.npy,2.55,209.32
img_7168.npy,2.44,208.36
img_7169.npy,2.48,200.66
img_717.npy,2.48,202.62
img_7170.npy,2.84,200.82
img_7171.npy,2.80,198.09
img_7172.npy,2.80,205.63
img_7173.npy,2.85,214.99
img_7174.npy,2.81,213.22
img_7175.npy,2.80,207.45
img_7176.npy,2.84,202.59
img_7177.npy,2.64,202.00
img_7178.npy,2.90,201.86
img_7179.npy,2.76,203.27
img_718.npy,2.76,202.74
img_7180.npy,2.75,205.86
img_7181.npy,2.80,226.25
img_7182.npy,2.79,229.16
img_7183.npy,2.81,227.20
img_7184.npy,2.90,225.11
img_7185.npy,2.90,217.23
img_7186.npy,2.77,211.18
img_7187.npy,2.58,208.67
img_7188.npy,2.84,202.08
img_7189.npy,2.83,200.95
img_719.npy,2.81,201.26
img_7190.npy,2.73,205.16
img_7191.npy,2.74,207.82
img_7192.npy,2.84,227.11
img_7193.npy,2.77,218.91
img_7194.npy,2.81,212.62
img_7195.npy,2.90,210.91
img_7196.npy,2.72,206.40
img_7197.npy,2.88,203.17
img_7198.npy,2.77,198.98
img_7199.npy,2.78,205.34
img_72.npy,2.71,207.41
img_720.npy,2.85,200.56
img_7200.npy,2.82,218.60
img_7201.npy,2.71,211.84
img_7202.npy,2.82,211.52
img_7203.npy,2.66,208.78
img_7204.npy,2.74,199.23
img_7205.npy,2.81,201.33
img_7206.npy,2.92,204.96
img_7207.npy,2.82,213.16
img_7208.npy,2.77,202.07
img_7209.npy,2.81,201.88
img_721.npy,2.88,200.63
img_7210.npy,2.56,201.67
img_7211.npy,2.74,210.27
img_7212.npy,2.83,209.40
img_7213.npy,2.81,207.37
img_7214.npy,2.75,205.19
img_7215.npy,2.72,200.45
img_7216.npy,2.79,219.14
img_7217.npy,2.73,218.17
img_7218.npy,2.81,213.99
img_7219.npy,2.77,210.34
img_722.npy,2.60,206.40
img_7220.npy,2.78,203.71
img_7221.npy,2.76,204.97
img_7222.npy,2.78,198.55
img_7223.npy,2.77,199.07
img_7224.npy,2.71,204.04
img_7225.npy,2.58,204.80
img_7226.npy,2.73,227.38
img_7227.npy,2.77,226.78
img_7228.npy,2.87,224.86
img_7229.npy,2.83,217.75
img_723.npy,2.71,214.86
img_7230.npy,2.75,212.60
img_7231.npy,2.80,205.45
img_7232.npy,2.83,204.13
img_7233.npy,2.77,202.07
img_7234.npy,2.89,207.62
img_7235.npy,2.62,228.42
img_7236.npy,2.64,226.91
img_7237.npy,2.64,220.96
img_7238.npy,2.60,215.82
img_7239.npy,2.61,211.86
img_724.npy,2.65,204.75
img_7240.npy,2.70,201.79
img_7241.npy,2.74,200.14
img_7242.npy,2.63,203.86
img_7243.npy,2.70,203.85
img_7244.npy,2.69,199.78
img_7245.npy,2.34,221.54
img_7246.npy,2.58,218.73
img_7247.npy,2.74,211.31
img_7248.npy,2.73,209.02
img_7249.npy,2.69,201.71
img_725.npy,2.78,198.39
img_7250.npy,2.69,211.25
img_7251.npy,2.69,213.62
img_7252.npy,2.73,209.49
img_7253.npy,2.67,201.72
img_7254.npy,2.56,202.05
img_7255.npy,2.66,202.17
img_7256.npy,2.69,210.84
img_7257.npy,2.69,204.01
img_7258.npy,2.59,202.83
img_7259.npy,2.67,207.16
img_726.npy,2.68,231.38
img_7260.npy,2.77,226.39
img_7261.npy,2.69,219.05
img_7262.npy,2.67,218.20
img_7263.npy,2.72,214.06
img_7264.npy,2.69,206.80
img_7265.npy,2.66,201.35
img_7266.npy,2.57,203.33
img_7267.npy,2.72,201.51
img_7268.npy,2.62,232.18
img_7269.npy,2.68,230.91
img_727.npy,2.72,222.36
img_7270.npy,2.57,219.08
img_7271.npy,2.60,212.29
img_7272.npy,2.72,209.38
img_7273.npy,2.73,201.46
img_7274.npy,2.76,199.88
img_7275.npy,2.52,206.73
img_7276.npy,2.63,205.12
img_7277.npy,2.64,206.49
img_7278.npy,2.71,201.17
img_7279.npy,2.72,198.69
img_728.npy,2.68,213.99
img_7280.npy,2.71,213.20
img_7281.npy,2.64,204.88
img_7282.npy,2.65,204.22
img_7283.npy,2.73,200.32
img_7284.npy,2.68,221.42
img_7285.npy,2.65,221.03
img_7286.npy,2.65,214.76
img_7287.npy,2.68,211.55
img_7288.npy,2.44,201.43
img_7289.npy,2.72,204.03
img_729.npy,2.69,203.98
img_7290.npy,2.63,203.33
img_7291.npy,2.69,233.02
img_7292.npy,2.70,230.37
img_7293.npy,2.78,227.81
img_7294.npy,2.80,222.33
img_7295.npy,2.72,214.50
img_7296.npy,2.68,213.70
img_7297.npy,2.61,202.23
img_7298.npy,2.68,200.04
img_7299.npy,2.67,202.64
img_73.npy,2.52,205.38
img_730.npy,2.65,205.19
img_7300.npy,2.68,225.86
img_7301.npy,2.69,217.90
img_7302.npy,2.66,211.64
img_7303.npy,2.60,207.36
img_7304.npy,2.69,202.82
img_7305.npy,2.62,204.19
img_7306.npy,2.70,208.73
img_7307.npy,2.50,209.63
img_7308.npy,2.65,204.42
img_7309.npy,2.69,204.40
img_731.npy,2.58,201.99
img_7310.npy,2.65,202.12
img_7311.npy,2.62,212.31
img_7312.npy,2.60,210.59
img_7313.npy,2.55,206.48
img_7314.npy,2.69,205.20
img_7315.npy,2.57,201.03
img_7316.npy,2.53,219.97
img_7317.npy,2.71,218.87
img_7318.npy,2.76,215.09
img_7319.npy,2.71,209.64
img_732.npy,2.65,207.48
img_7320.npy,2.56,202.86
img_7321.npy,2.67,200.52
img_7322.npy,2.75,204.74
img_7323.npy,2.70,204.27
img_7324.npy,2.70,232.65
img_7325.npy,2.65,227.96
img_7326.npy,2.68,229.42
img_7327.npy,2.77,224.56
img_7328.npy,2.54,214.75
img_7329.npy,2.67,211.12
img_733.npy,2.65,204.25
img_7330.npy,2.66,201.71
img_7331.npy,2.62,199.59
img_7332.npy,2.66,204.01
img_7333.npy,2.68,201.86
img_7334.npy,2.69,226.80
img_7335.npy,2.72,224.74
img_7336.npy,2.53,217.24
img_7337.npy,2.67,209.25
img_7338.npy,2.67,208.10
img_7339.npy,2.63,203.68
img_734.npy,2.59,199.74
img_7340.npy,2.55,203.94
img_7341.npy,2.60,210.39
img_7342.npy,2.56,208.63
img_7343.npy,2.69,206.74
img_7344.npy,2.69,202.97
img_7345.npy,2.75,200.34
img_7346.npy,2.70,211.64
img_7347.npy,2.69,208.23
img_7348.npy,2.57,205.69
img_7349.npy,2.68,202.74
img_735.npy,2.69,226.33
img_7350.npy,2.68,219.34
img_7351.npy,2.64,215.54
img_7352.npy,2.68,210.62
img_7353.npy,2.67,211.02
img_7354.npy,2.69,210.94
img_7355.npy,2.73,206.29
img_7356.npy,2.59,203.72
img_7357.npy,2.49,204.34
img_7358.npy,2.94,230.39
img_7359.npy,2.67,230.14
img_736.npy,2.71,226.78
img_7360.npy,2.64,222.06
img_7361.npy,2.73,216.70
img_7362.npy,2.71,211.50
img_7363.npy,2.67,202.06
img_7364.npy,2.67,203.01
img_7365.npy,2.74,202.20
img_7366.npy,2.70,203.00
img_7367.npy,2.55,227.30
img_7368.npy,2.68,229.20
img_7369.npy,2.71,223.09
img_737.npy,2.70,216.14
img_7370.npy,2.65,212.16
img_7371.npy,2.77,200.50
img_7372.npy,2.67,201.00
img_7373.npy,2.69,200.34
img_7374.npy,2.49,209.03
img_7375.npy,2.47,208.00
img_7376.npy,2.52,202.73
img_7377.npy,2.53,201.26
img_7378.npy,2.45,203.39
img_7379.npy,2.62,214.37
img_738.npy,2.55,209.53
img_7380.npy,2.60,205.52
img_7381.npy,2.63,206.74
img_7382.npy,2.69,199.60
img_7383.npy,2.62,217.37
img_7384.npy,2.71,212.08
img_7385.npy,2.62,210.23
img_7386.npy,2.65,209.38
img_7387.npy,2.70,203.03
img_7388.npy,2.70,200.09
img_7389.npy,2.74,201.27
img_739.npy,2.66,202.49
img_7390.npy,2.85,205.11
img_7391.npy,2.65,229.77
img_7392.npy,2.70,233.12
img_7393.npy,2.70,224.98
img_7394.npy,2.71,218.36
img_7395.npy,2.69,214.63
img_7396.npy,2.75,206.96
img_7397.npy,2.66,201.77
img_7398.npy,2.68,201.64
img_7399.npy,2.67,204.06
img_74.npy,2.67,230.27
img_740.npy,2.67,228.87
img_7400.npy,2.71,227.43
img_7401.npy,2.71,219.39
img_7402.npy,2.75,211.72
img_7403.npy,2.71,208.08
img_7404.npy,2.70,202.21
img_7405.npy,2.67,199.30
img_7406.npy,2.63,208.97
img_7407.npy,2.59,206.39
img_7408.npy,2.61,203.88
img_7409.npy,2.66,205.25
img_741.npy,2.62,225.44
img_7410.npy,2.64,219.25
img_7411.npy,2.70,215.42
img_7412.npy,2.60,209.06
img_7413.npy,2.56,202.36
img_7414.npy,2.73,202.24
img_7415.npy,2.70,215.62
img_7416.npy,2.66,213.48
img_7417.npy,2.57,211.25
img_7418.npy,2.56,211.00
img_7419.npy,2.72,207.87
img_742.npy,2.71,200.43
img_7420.npy,2.65,202.22
img_7421.npy,2.67,199.14
img_7422.npy,2.68,202.61
img_7423.npy,2.68,205.62
img_7424.npy,2.74,229.19
img_7425.npy,2.55,227.07
img_7426.npy,2.61,226.19
img_7427.npy,2.71,222.31
img_7428.npy,2.63,215.92
img_7429.npy,2.69,213.81
img_743.npy,2.62,204.50
img_7430.npy,2.64,203.77
img_7431.npy,2.68,201.45
img_7432.npy,2.64,205.67
img_7433.npy,2.51,203.29
img_7434.npy,2.66,227.05
img_7435.npy,2.75,228.75
img_7436.npy,2.64,217.29
img_7437.npy,2.64,210.61
img_7438.npy,2.53,207.04
img_7439.npy,2.65,203.74
img_744.npy,2.71,202.53
img_7440.npy,2.74,209.78
img_7441.npy,2.54,210.26
img_7442.npy,2.64,210.37
img_7443.npy,2.68,206.78
img_7444.npy,2.68,201.62
img_7445.npy,2.66,199.95
img_7446.npy,2.64,210.55
img_7447.npy,2.67,211.34
img_7448.npy,2.54,202.19
img_7449.npy,2.62,202.84
img_745.npy,2.69,203.43
img_7450.npy,2.62,227.58
img_7451.npy,2.51,218.97
img_7452.npy,2.71,215.68
img_7453.npy,2.65,211.16
img_7454.npy,2.57,208.60
img_7455.npy,2.72,202.91
img_7456.npy,2.79,204.43
img_7457.npy,2.76,200.47
img_7458.npy,2.61,202.27
img_7459.npy,2.54,233.54
img_746.npy,2.65,229.02
img_7460.npy,2.70,226.90
img_7461.npy,2.71,228.41
img_7462.npy,2.73,215.86
img_7463.npy,2.72,213.77
img_7464.npy,2.72,206.78
img_7465.npy,2.71,203.38
img_7466.npy,2.61,202.13
img_7467.npy,2.64,202.19
img_7468.npy,2.63,206.16
img_7469.npy,2.69,202.93
img_747.npy,2.68,225.70
img_7470.npy,2.80,218.05
img_7471.npy,2.69,214.43
img_7472.npy,2.72,209.96
img_7473.npy,2.66,205.42
img_7474.npy,2.55,200.97
img_7475.npy,2.70,202.39
img_7476.npy,2.65,212.07
img_7477.npy,2.59,208.37
img_7478.npy,2.63,203.22
img_7479.npy,2.66,201.00
img_748.npy,2.68,209.29
img_7480.npy,2.57,209.08
img_7481.npy,2.71,206.08
img_7482.npy,2.66,202.56
img_7483.npy,2.66,204.21
img_7484.npy,2.74,229.16
img_7485.npy,2.80,225.18
img_7486.npy,2.73,218.72
img_7487.npy,2.79,212.43
img_7488.npy,2.84,210.39
img_7489.npy,2.58,210.23
img_749.npy,2.68,204.88
img_7490.npy,2.61,205.37
img_7491.npy,2.72,204.61
img_7492.npy,2.67,229.42
img_7493.npy,2.64,230.34
img_7494.npy,2.68,228.64
img_7495.npy,2.71,220.23
img_7496.npy,2.74,214.46
img_7497.npy,2.75,207.26
img_7498.npy,2.69,201.84
img_7499.npy,2.54,202.41
img_75.npy,2.73,200.08
img_750.npy,2.70,204.69
img_751.npy,2.72,206.10
img_752.npy,2.68,207.04
img_753.npy,2.61,225.36
img_754.npy,2.72,216.07
img_755.npy,2.65,211.36
img_756.npy,2.73,210.36
img_757.npy,2.77,202.15
img_758.npy,2.77,203.88
img_759.npy,2.65,210.55
img_76.npy,2.62,212.04
img_760.npy,2.69,209.54
img_761.npy,2.66,200.70
img_762.npy,2.68,204.35
img_763.npy,2.73,202.41
img_764.npy,2.67,209.16
img_765.npy,2.53,206.25
img_766.npy,2.62,204.99
img_767.npy,2.62,203.97
img_768.npy,2.54,225.82
img_769.npy,2.52,221.27
img_77.npy,2.64,218.41
img_770.npy,2.61,210.40
img_771.npy,2.68,210.87
img_772.npy,2.73,210.55
img_773.npy,2.66,205.84
img_774.npy,2.65,206.81
img_775.npy,2.73,206.19
img_776.npy,2.64,230.44
img_777.npy,2.61,235.37
img_778.npy,2.62,233.00
img_779.npy,2.66,223.14
img_78.npy,2.60,215.01
img_780.npy,2.53,211.68
img_781.npy,2.54,210.79
img_782.npy,2.59,204.26
img_783.npy,2.60,199.83
img_784.npy,2.60,204.08
img_785.npy,2.69,201.84
img_786.npy,2.63,229.50
img_787.npy,2.58,228.64
img_788.npy,2.80,219.84
img_789.npy,2.70,213.68
img_79.npy,2.58,210.80
img_790.npy,2.53,205.58
img_791.npy,2.65,200.15
img_792.npy,2.71,200.41
img_793.npy,2.68,208.00
img_794.npy,2.72,203.72
img_795.npy,2.69,206.58
img_796.npy,2.49,203.25
img_797.npy,2.72,199.02
img_798.npy,2.62,213.99
img_799.npy,2.59,213.61
img_8.npy,2.65,204.73
img_80.npy,2.53,202.60
img_800.npy,2.57,204.55
img_801.npy,2.65,217.66
img_802.npy,2.61,217.96
img_803.npy,2.71,215.05
img_804.npy,2.86,209.78
img_805.npy,2.59,205.98
img_806.npy,2.59,199.64
img_807.npy,2.44,200.31
img_808.npy,2.42,202.28
img_809.npy,2.33,203.30
img_81.npy,2.46,232.79
img_810.npy,2.38,231.51
img_811.npy,2.47,226.35
img_812.npy,2.63,218.57
img_813.npy,2.76,213.83
img_814.npy,2.79,208.47
img_815.npy,2.66,202.63
img_816.npy,2.66,201.45
img_817.npy,2.73,206.57
img_818.npy,2.69,203.81
img_819.npy,2.53,222.37
img_82.npy,2.62,224.34
img_820.npy,2.44,220.42
img_821.npy,2.51,212.39
img_822.npy,2.45,209.43
img_823.npy,2.43,199.45
img_824.npy,2.58,200.18
img_825.npy,2.70,212.63
img_826.npy,2.51,211.39
img_827.npy,2.47,210.57
img_828.npy,2.56,207.98
img_829.npy,2.72,203.66
img_83.npy,2.71,199.97
img_830.npy,2.64,201.61
img_831.npy,2.49,211.06
img_832.npy,2.69,206.27
img_833.npy,2.67,202.02
img_834.npy,2.70,206.26
img_835.npy,2.75,221.29
img_836.npy,2.68,217.66
img_837.npy,2.79,212.34
img_838.npy,2.70,212.45
img_839.npy,2.60,204.69
img_84.npy,2.63,199.48
img_840.npy,2.71,198.90
img_841.npy,2.58,202.38
img_842.npy,2.73,206.50
img_843.npy,2.72,229.75
img_844.npy,2.75,229.16
img_845.npy,2.70,224.30
img_846.npy,2.72,219.05
img_847.npy,2.61,212.61
img_848.npy,2.70,207.73
img_849.npy,2.66,202.59
img_85.npy,2.80,199.22
img_850.npy,2.69,203.08
img_851.npy,2.65,207.48
img_852.npy,2.67,227.16
img_853.npy,2.71,228.28
img_854.npy,2.69,223.54
img_855.npy,2.73,217.97
img_856.npy,2.77,210.68
img_857.npy,2.71,206.11
img_858.npy,2.59,200.29
img_859.npy,2.75,202.54
img_86.npy,2.68,209.01
img_860.npy,2.67,206.16
img_861.npy,2.74,205.42
img_862.npy,2.47,199.70
img_863.npy,2.56,199.44
img_864.npy,2.57,212.84
img_865.npy,2.56,210.55
img_866.npy,2.60,204.68
img_867.npy,2.66,208.45
img_868.npy,2.58,205.67
img_869.npy,2.61,225.25
img_87.npy,2.72,220.33
img_870.npy,2.66,215.47
img_871.npy,2.54,212.15
img_872.npy,2.59,214.10
img_873.npy,2.67,207.23
img_874.npy,2.67,201.45
img_875.npy,2.68,201.97
img_876.npy,2.70,202.39
img_877.npy,2.60,230.46
img_878.npy,2.67,234.16
img_879.npy,2.54,228.54
img_88.npy,2.67,224.85
img_880.npy,2.69,218.89
img_881.npy,2.67,215.45
img_882.npy,2.68,212.48
img_883.npy,2.72,200.34
img_884.npy,2.78,200.45
img_885.npy,2.69,205.54
img_886.npy,2.70,203.54
img_887.npy,2.73,203.55
img_888.npy,2.56,229.00
img_889.npy,2.60,221.70
img_89.npy,2.65,217.36
img_890.npy,2.68,212.00
img_891.npy,2.72,209.39
img_892.npy,2.60,203.48
img_893.npy,2.74,200.31
img_894.npy,2.67,209.77
img_895.npy,2.60,204.73
img_896.npy,2.72,206.80
img_897.npy,2.65,200.44
img_898.npy,2.73,198.57
img_899.npy,2.64,213.02
img_9.npy,2.57,212.61
img_90.npy,2.73,205.26
img_900.npy,2.66,201.22
img_901.npy,2.66,202.18
img_902.npy,2.74,219.81
img_903.npy,2.66,216.00
img_904.npy,2.67,214.16
img_905.npy,2.53,210.34
img_906.npy,2.64,202.88
img_907.npy,2.68,203.06
img_908.npy,2.63,200.25
img_909.npy,2.60,202.91
img_91.npy,2.66,202.52
img_910.npy,2.70,205.28
img_911.npy,2.75,234.20
img_912.npy,2.65,226.05
img_913.npy,2.64,221.56
img_914.npy,2.70,221.08
img_915.npy,2.72,214.92
img_916.npy,2.73,212.73
img_917.npy,2.75,206.70
img_918.npy,2.73,200.40
img_919.npy,2.58,201.39
img_92.npy,2.71,232.50
img_920.npy,2.57,231.78
img_921.npy,2.73,222.83
img_922.npy,2.72,213.83
img_923.npy,2.70,210.79
img_924.npy,2.59,203.81
img_925.npy,2.64,202.95
img_926.npy,2.71,201.59
img_927.npy,2.66,207.03
img_928.npy,2.55,203.25
img_929.npy,2.54,204.39
img_93.npy,2.70,200.43
img_930.npy,2.63,200.30
img_931.npy,2.64,216.03
img_932.npy,2.70,214.25
img_933.npy,2.63,209.70
img_934.npy,2.71,202.39
img_935.npy,2.67,200.59
img_936.npy,2.67,201.56
img_937.npy,2.73,218.09
img_938.npy,2.74,214.59
img_939.npy,2.50,208.21
img_94.npy,2.63,209.63
img_940.npy,2.69,202.73
img_941.npy,2.50,202.84
img_942.npy,2.71,201.67
img_943.npy,2.50,203.96
img_944.npy,2.54,202.41
img_945.npy,2.56,227.27
img_946.npy,2.68,228.94
img_947.npy,2.71,222.05
img_948.npy,2.53,220.51
img_949.npy,2.55,214.75
img_95.npy,2.58,210.73
img_950.npy,2.67,207.67
img_951.npy,2.76,203.05
img_952.npy,2.75,201.51
img_953.npy,2.55,224.71
img_954.npy,2.57,232.36
img_955.npy,2.67,231.20
img_956.npy,2.67,219.03
img_957.npy,2.63,212.64
img_958.npy,2.70,210.89
img_959.npy,2.65,203.99
img_96.npy,2.66,204.23
img_960.npy,2.68,208.36
img_961.npy,2.63,207.97
img_962.npy,2.70,207.64
img_963.npy,2.66,204.70
img_964.npy,2.55,198.86
img_965.npy,2.46,216.00
img_966.npy,2.59,214.21
img_967.npy,2.58,210.72
img_968.npy,2.72,205.00
img_969.npy,2.68,200.74
img_97.npy,2.75,199.60
img_970.npy,2.68,217.46
img_971.npy,2.68,215.18
img_972.npy,2.53,207.66
img_973.npy,2.64,200.33
img_974.npy,2.76,200.61
img_975.npy,2.81,203.11
img_976.npy,2.63,203.69
img_977.npy,2.51,205.17
img_978.npy,2.73,233.69
img_979.npy,2.62,229.94
img_98.npy,2.62,221.42
img_980.npy,2.57,214.37
img_981.npy,2.75,212.99
img_982.npy,2.74,208.91
img_983.npy,3.00,203.82
img_984.npy,2.68,204.23
img_985.npy,2.69,232.07
img_986.npy,2.66,227.84
img_987.npy,2.63,228.16
img_988.npy,2.71,221.31
img_989.npy,2.72,216.59
img_99.npy,2.62,212.02
img_990.npy,2.53,209.75
img_991.npy,2.68,204.52
img_992.npy,2.62,199.55
img_993.npy,2.62,204.11
img_994.npy,2.43,204.91
img_995.npy,2.68,201.12
img_996.npy,2.70,217.66
img_997.npy,2.75,216.00
img_998.npy,2.49,213.98
img_999.npy,2.29,211.96
