filename,time_s,peak_memory_mb
img_0.npy,6.75,116.25
img_1.npy,5.65,113.27
img_10.npy,5.55,110.63
img_100.npy,5.63,114.21
img_1000.npy,5.41,118.38
img_1001.npy,5.56,113.01
img_1002.npy,4.98,119.27
img_1003.npy,5.32,111.49
img_1004.npy,5.40,122.57
img_1005.npy,5.37,121.84
img_1006.npy,5.26,124.80
img_1007.npy,5.40,131.72
img_1008.npy,4.98,111.89
img_1009.npy,5.17,112.71
img_101.npy,5.15,115.01
img_1010.npy,5.20,113.36
img_1011.npy,5.47,111.97
img_1012.npy,5.18,112.23
img_1013.npy,5.58,109.88
img_1014.npy,4.94,112.29
img_1015.npy,5.69,112.41
img_1016.npy,5.34,111.29
img_1017.npy,5.13,114.82
img_1018.npy,5.14,113.21
img_1019.npy,5.50,114.78
img_102.npy,5.35,111.64
img_1020.npy,5.29,111.71
img_1021.npy,5.12,113.42
img_1022.npy,5.68,114.86
img_1023.npy,4.99,117.29
img_1024.npy,5.25,117.96
img_1025.npy,5.21,117.10
img_1026.npy,5.14,117.93
img_1027.npy,5.37,117.19
img_1028.npy,5.19,121.90
img_1029.npy,5.02,120.86
img_103.npy,5.34,120.72
img_1030.npy,4.93,124.37
img_1031.npy,5.30,112.58
img_1032.npy,5.25,109.86
img_1033.npy,5.11,113.24
img_1034.npy,5.35,111.78
img_1035.npy,5.43,111.67
img_1036.npy,5.31,116.16
img_1037.npy,5.35,119.33
img_1038.npy,5.57,118.59
img_1039.npy,5.20,119.07
img_104.npy,5.23,112.80
img_1040.npy,5.21,125.88
img_1041.npy,5.06,129.72
img_1042.npy,5.34,130.55
img_1043.npy,5.38,133.40
img_1044.npy,5.19,113.66
img_1045.npy,5.26,112.32
img_1046.npy,5.45,113.52
img_1047.npy,5.80,112.29
img_1048.npy,5.64,111.64
img_1049.npy,5.62,109.12
img_105.npy,5.12,110.52
img_1050.npy,5.54,108.52
img_1051.npy,5.13,112.30
img_1052.npy,5.35,113.11
img_1053.npy,5.31,112.90
img_1054.npy,5.46,112.59
img_1055.npy,5.38,113.08
img_1056.npy,5.58,110.63
img_1057.npy,5.32,111.39
img_1058.npy,5.03,110.12
img_1059.npy,5.35,111.08
img_106.npy,5.15,118.07
img_1060.npy,5.32,117.93
img_1061.npy,5.55,119.43
img_1062.npy,5.25,117.76
img_1063.npy,5.14,121.37
img_1064.npy,5.50,115.37
img_1065.npy,5.23,108.56
img_1066.npy,5.49,110.55
img_1067.npy,5.32,113.30
img_1068.npy,5.31,109.39
img_1069.npy,5.38,113.09
img_107.npy,5.18,112.58
img_1070.npy,5.22,114.70
img_1071.npy,5.57,113.00
img_1072.npy,5.29,118.42
img_1073.npy,5.21,120.00
img_1074.npy,4.69,122.50
img_1075.npy,4.75,114.11
img_1076.npy,5.05,112.30
img_1077.npy,5.41,111.53
img_1078.npy,4.79,112.95
img_1079.npy,5.40,113.25
img_108.npy,4.84,112.57
img_1080.npy,5.49,114.09
img_1081.npy,4.87,111.30
img_1082.npy,5.14,111.46
img_1083.npy,5.04,111.77
img_1084.npy,5.36,111.89
img_1085.npy,4.91,113.50
img_1086.npy,5.10,113.21
img_1087.npy,5.39,115.35
img_1088.npy,5.61,117.48
img_1089.npy,5.49,117.71
img_109.npy,5.23,112.75
img_1090.npy,5.20,109.37
img_1091.npy,4.83,112.88
img_1092.npy,5.50,113.76
img_1093.npy,5.02,119.16
img_1094.npy,5.29,109.49
img_1095.npy,4.92,122.25
img_1096.npy,4.70,124.06
img_1097.npy,5.29,113.62
img_1098.npy,5.44,111.70
img_1099.npy,5.11,112.09
img_11.npy,5.18,112.37
img_110.npy,5.42,113.51
img_1100.npy,5.14,117.83
img_1101.npy,5.12,119.28
img_1102.npy,5.10,120.44
img_1103.npy,5.73,119.93
img_1104.npy,5.09,125.00
img_1105.npy,4.94,130.55
img_1106.npy,5.42,112.99
img_1107.npy,4.82,118.49
img_1108.npy,4.96,111.89
img_1109.npy,5.08,113.90
img_111.npy,5.40,113.90
img_1110.npy,5.26,111.88
img_1111.npy,4.91,113.85
img_1112.npy,4.68,111.42
img_1113.npy,4.99,112.48
img_1114.npy,5.52,111.78
img_1115.npy,5.44,111.07
img_1116.npy,5.49,112.05
img_1117.npy,4.81,113.72
img_1118.npy,4.68,114.32
img_1119.npy,4.75,119.38
img_112.npy,5.44,122.83
img_1120.npy,5.27,111.22
img_1121.npy,5.24,114.59
img_1122.npy,4.77,112.61
img_1123.npy,4.97,117.30
img_1124.npy,5.65,112.12
img_1125.npy,4.86,120.79
img_1126.npy,4.73,121.14
img_1127.npy,4.96,126.46
img_1128.npy,5.45,111.57
img_1129.npy,5.66,111.46
img_113.npy,5.33,114.95
img_1130.npy,4.98,113.77
img_1131.npy,5.36,114.75
img_1132.npy,4.89,112.76
img_1133.npy,5.24,111.47
img_1134.npy,5.09,113.37
img_1135.npy,4.79,111.51
img_1136.npy,5.12,111.71
img_1137.npy,5.13,114.09
img_1138.npy,4.94,116.52
img_1139.npy,5.73,112.41
img_114.npy,5.79,118.91
img_1140.npy,5.17,118.51
img_1141.npy,5.52,118.48
img_1142.npy,4.91,121.93
img_1143.npy,4.99,117.90
img_1144.npy,4.90,130.15
img_1145.npy,5.19,115.25
img_1146.npy,5.19,123.37
img_1147.npy,5.09,115.88
img_1148.npy,4.78,115.16
img_1149.npy,4.93,111.62
img_115.npy,5.27,113.00
img_1150.npy,5.18,111.95
img_1151.npy,4.82,111.95
img_1152.npy,5.30,110.05
img_1153.npy,5.32,112.04
img_1154.npy,5.11,111.13
img_1155.npy,5.46,111.23
img_1156.npy,5.14,112.11
img_1157.npy,5.28,110.40
img_1158.npy,4.87,112.79
img_1159.npy,5.00,112.28
img_116.npy,4.77,114.75
img_1160.npy,4.65,118.34
img_1161.npy,4.88,113.55
img_1162.npy,5.29,118.50
img_1163.npy,5.01,117.21
img_1164.npy,5.04,113.05
img_1165.npy,4.93,111.23
img_1166.npy,4.76,111.89
img_1167.npy,4.86,113.97
img_1168.npy,4.96,111.59
img_1169.npy,5.09,111.98
img_117.npy,4.93,111.73
img_1170.npy,4.68,114.21
img_1171.npy,4.59,118.45
img_1172.npy,5.32,118.74
img_1173.npy,5.50,119.52
img_1174.npy,5.15,120.80
img_1175.npy,5.13,121.81
img_1176.npy,5.06,112.68
img_1177.npy,4.58,125.74
img_1178.npy,4.91,112.52
img_1179.npy,4.80,130.49
img_118.npy,4.96,113.30
img_1180.npy,4.98,111.26
img_1181.npy,4.76,114.46
img_1182.npy,4.59,112.74
img_1183.npy,4.55,118.16
img_1184.npy,5.00,118.07
img_1185.npy,4.53,118.43
img_1186.npy,4.94,110.45
img_1187.npy,4.91,112.36
img_1188.npy,4.70,111.11
img_1189.npy,4.52,111.69
img_119.npy,4.73,110.64
img_1190.npy,4.50,112.71
img_1191.npy,4.43,113.38
img_1192.npy,4.61,110.41
img_1193.npy,4.47,115.57
img_1194.npy,4.33,111.55
img_1195.npy,4.94,112.71
img_1196.npy,4.78,114.04
img_1197.npy,4.13,112.28
img_1198.npy,4.62,111.80
img_1199.npy,4.10,118.84
img_12.npy,4.21,113.44
img_120.npy,4.98,118.59
img_1200.npy,4.94,119.12
img_1201.npy,4.36,116.29
img_1202.npy,4.46,118.94
img_1203.npy,4.65,119.93
img_1204.npy,4.44,117.41
img_1205.npy,4.44,118.56
img_1206.npy,4.45,111.53
img_1207.npy,4.43,111.05
img_1208.npy,4.30,116.59
img_1209.npy,4.48,113.41
img_121.npy,4.16,118.70
img_1210.npy,4.78,110.44
img_1211.npy,4.76,110.59
img_1212.npy,4.65,113.86
img_1213.npy,4.30,114.19
img_1214.npy,4.20,115.89
img_1215.npy,4.58,110.64
img_1216.npy,4.74,110.57
img_1217.npy,4.58,116.28
img_1218.npy,4.25,117.52
img_1219.npy,4.78,117.93
img_122.npy,4.64,120.27
img_1220.npy,4.35,112.80
img_1221.npy,4.35,109.94
img_1222.npy,4.42,109.42
img_1223.npy,4.51,113.77
img_1224.npy,4.88,110.91
img_1225.npy,4.51,109.26
img_1226.npy,4.31,114.12
img_1227.npy,4.89,110.46
img_1228.npy,4.70,111.61
img_1229.npy,4.45,111.82
img_123.npy,4.60,111.45
img_1230.npy,4.91,111.59
img_1231.npy,4.69,110.53
img_1232.npy,4.57,110.40
img_1233.npy,4.56,109.68
img_1234.npy,4.26,111.72
img_1235.npy,4.81,112.98
img_1236.npy,4.41,113.54
img_1237.npy,4.23,112.42
img_1238.npy,4.16,113.15
img_1239.npy,4.33,112.74
img_124.npy,4.88,117.96
img_1240.npy,4.53,118.83
img_1241.npy,4.27,118.61
img_1242.npy,4.83,118.98
img_1243.npy,4.37,121.25
img_1244.npy,4.42,113.46
img_1245.npy,4.56,111.41
img_1246.npy,4.77,109.18
img_1247.npy,4.29,113.66
img_1248.npy,4.57,114.43
img_1249.npy,4.48,112.04
img_125.npy,4.54,112.70
img_1250.npy,4.61,115.21
img_1251.npy,4.97,114.73
img_1252.npy,4.36,118.48
img_1253.npy,4.04,120.92
img_1254.npy,4.17,121.30
img_1255.npy,4.56,124.69
img_1256.npy,4.68,111.53
img_1257.npy,4.36,114.42
img_1258.npy,4.71,113.69
img_1259.npy,4.47,112.45
img_126.npy,4.01,113.80
img_1260.npy,4.02,113.96
img_1261.npy,4.00,111.74
img_1262.npy,4.35,111.32
img_1263.npy,4.02,112.06
img_1264.npy,4.21,111.23
img_1265.npy,4.22,110.31
img_1266.npy,4.14,117.91
img_1267.npy,3.90,118.48
img_1268.npy,3.86,121.34
img_1269.npy,3.93,121.79
img_127.npy,4.05,119.77
img_1270.npy,4.12,109.43
img_1271.npy,4.04,111.99
img_1272.npy,4.16,110.29
img_1273.npy,4.01,117.37
img_1274.npy,4.07,111.14
img_1275.npy,3.85,126.10
img_1276.npy,4.07,131.61
img_1277.npy,4.33,132.69
img_1278.npy,4.12,114.50
img_1279.npy,3.94,114.26
img_128.npy,3.99,109.79
img_1280.npy,4.11,112.45
img_1281.npy,3.97,109.24
img_1282.npy,3.97,111.54
img_1283.npy,4.18,110.97
img_1284.npy,3.90,112.45
img_1285.npy,4.40,114.94
img_1286.npy,4.20,113.24
img_1287.npy,4.02,114.58
img_1288.npy,3.95,119.04
img_1289.npy,4.13,112.50
img_129.npy,4.22,111.66
img_1290.npy,4.33,111.94
img_1291.npy,4.12,119.85
img_1292.npy,4.58,119.90
img_1293.npy,4.32,123.63
img_1294.npy,4.36,113.17
img_1295.npy,4.46,108.79
img_1296.npy,4.70,113.47
img_1297.npy,4.66,111.45
img_1298.npy,4.27,112.87
img_1299.npy,4.89,111.64
img_13.npy,4.49,112.93
img_130.npy,4.15,113.61
img_1300.npy,4.32,117.22
img_1301.npy,4.14,119.13
img_1302.npy,4.37,122.86
img_1303.npy,4.38,113.43
img_1304.npy,4.23,132.93
img_1305.npy,4.43,126.80
img_1306.npy,4.45,132.94
img_1307.npy,4.71,115.68
img_1308.npy,4.03,115.18
img_1309.npy,4.59,114.11
img_131.npy,4.30,112.91
img_1310.npy,4.78,115.47
img_1311.npy,4.63,117.51
img_1312.npy,4.45,119.02
img_1313.npy,4.38,117.96
img_1314.npy,4.68,114.24
img_1315.npy,4.60,111.80
img_1316.npy,4.58,113.46
img_1317.npy,4.69,112.32
img_1318.npy,4.55,113.73
img_1319.npy,4.80,112.27
img_132.npy,4.36,121.30
img_1320.npy,4.64,127.85
img_1321.npy,4.39,113.90
img_1322.npy,4.55,112.74
img_1323.npy,4.60,111.17
img_1324.npy,4.57,111.38
img_1325.npy,4.46,110.88
img_1326.npy,4.23,110.79
img_1327.npy,4.84,110.72
img_1328.npy,4.42,112.28
img_1329.npy,4.44,110.98
img_133.npy,4.08,111.03
img_1330.npy,3.97,110.56
img_1331.npy,4.14,111.42
img_1332.npy,4.16,112.95
img_1333.npy,4.14,112.23
img_1334.npy,4.27,108.03
img_1335.npy,3.82,113.67
img_1336.npy,4.55,112.39
img_1337.npy,4.44,114.20
img_1338.npy,4.38,113.46
img_1339.npy,4.48,113.52
img_134.npy,4.33,112.90
img_1340.npy,4.45,112.18
img_1341.npy,4.26,110.89
img_1342.npy,4.29,112.56
img_1343.npy,4.33,111.59
img_1344.npy,4.53,110.61
img_1345.npy,4.27,118.57
img_1346.npy,4.66,113.18
img_1347.npy,4.22,123.29
img_1348.npy,4.45,110.68
img_1349.npy,4.17,121.86
img_135.npy,4.29,112.85
img_1350.npy,4.14,124.53
img_1351.npy,4.08,110.89
img_1352.npy,4.16,109.60
img_1353.npy,4.13,111.07
img_1354.npy,3.72,107.23
img_1355.npy,4.18,111.36
img_1356.npy,4.53,119.37
img_1357.npy,4.47,118.63
img_1358.npy,4.10,118.38
img_1359.npy,4.13,121.34
img_136.npy,4.65,122.15
img_1360.npy,4.35,122.43
img_1361.npy,4.50,111.90
img_1362.npy,4.45,112.73
img_1363.npy,4.45,114.73
img_1364.npy,4.33,117.76
img_1365.npy,4.73,111.44
img_1366.npy,4.48,111.49
img_1367.npy,4.61,112.73
img_1368.npy,4.82,112.16
img_1369.npy,4.68,111.67
img_137.npy,5.13,109.97
img_1370.npy,4.67,115.38
img_1371.npy,4.48,112.13
img_1372.npy,4.74,112.49
img_1373.npy,4.06,110.07
img_1374.npy,4.18,112.33
img_1375.npy,4.43,113.04
img_1376.npy,4.12,113.18
img_1377.npy,4.64,110.09
img_1378.npy,4.44,113.07
img_1379.npy,4.60,115.11
img_138.npy,4.38,114.45
img_1380.npy,4.77,112.62
img_1381.npy,4.69,114.03
img_1382.npy,4.24,110.59
img_1383.npy,4.05,110.89
img_1384.npy,3.97,112.66
img_1385.npy,4.16,112.35
img_1386.npy,4.09,118.04
img_1387.npy,4.05,117.65
img_1388.npy,3.94,119.46
img_1389.npy,4.28,110.23
img_139.npy,4.18,123.86
img_1390.npy,4.37,109.66
img_1391.npy,4.26,128.46
img_1392.npy,4.05,110.58
img_1393.npy,4.13,125.45
img_1394.npy,3.97,114.58
img_1395.npy,3.97,115.04
img_1396.npy,4.13,118.79
img_1397.npy,3.89,120.58
img_1398.npy,4.55,121.07
img_1399.npy,4.63,110.31
img_14.npy,4.38,112.06
img_140.npy,4.11,111.76
img_1400.npy,4.24,111.24
img_1401.npy,4.85,112.79
img_1402.npy,4.37,113.73
img_1403.npy,4.52,115.89
img_1404.npy,4.76,114.03
img_1405.npy,4.54,111.52
img_1406.npy,4.63,114.20
img_1407.npy,4.24,119.05
img_1408.npy,4.32,118.44
img_1409.npy,4.51,121.55
img_141.npy,4.51,120.44
img_1410.npy,4.46,121.85
img_1411.npy,4.91,117.72
img_1412.npy,4.49,116.87
img_1413.npy,4.56,111.19
img_1414.npy,4.38,111.81
img_1415.npy,4.57,117.87
img_1416.npy,3.99,118.54
img_1417.npy,4.69,114.47
img_1418.npy,4.15,109.62
img_1419.npy,4.48,110.56
img_142.npy,4.78,112.07
img_1420.npy,4.47,114.56
img_1421.npy,4.61,112.81
img_1422.npy,4.75,113.98
img_1423.npy,4.50,108.10
img_1424.npy,4.22,110.62
img_1425.npy,4.41,111.25
img_1426.npy,4.64,111.94
img_1427.npy,4.32,112.84
img_1428.npy,4.40,112.38
img_1429.npy,4.64,113.58
img_143.npy,4.21,112.79
img_1430.npy,4.38,110.39
img_1431.npy,4.59,109.62
img_1432.npy,4.49,110.52
img_1433.npy,4.73,112.55
img_1434.npy,4.45,112.96
img_1435.npy,4.47,112.57
img_1436.npy,4.59,114.86
img_1437.npy,4.39,113.46
img_1438.npy,4.26,118.34
img_1439.npy,4.41,109.90
img_144.npy,4.21,119.63
img_1440.npy,4.25,119.16
img_1441.npy,3.84,118.61
img_1442.npy,4.07,119.17
img_1443.npy,4.54,118.85
img_1444.npy,3.89,119.26
img_1445.npy,4.08,119.27
img_1446.npy,4.27,114.30
img_1447.npy,4.13,112.38
img_1448.npy,4.12,112.68
img_1449.npy,4.04,113.07
img_145.npy,4.14,110.45
img_1450.npy,3.97,112.36
img_1451.npy,4.01,110.72
img_1452.npy,4.28,109.91
img_1453.npy,4.71,109.96
img_1454.npy,4.92,110.42
img_1455.npy,4.58,110.39
img_1456.npy,3.90,110.98
img_1457.npy,3.99,112.33
img_1458.npy,4.00,113.12
img_1459.npy,4.09,111.24
img_146.npy,4.00,113.93
img_1460.npy,3.82,110.45
img_1461.npy,4.17,110.41
img_1462.npy,4.32,110.00
img_1463.npy,3.92,112.24
img_1464.npy,4.07,111.66
img_1465.npy,4.30,110.55
img_1466.npy,4.13,111.32
img_1467.npy,4.04,110.45
img_1468.npy,4.09,110.72
img_1469.npy,4.24,118.40
img_147.npy,4.55,117.17
img_1470.npy,4.54,117.52
img_1471.npy,4.22,113.71
img_1472.npy,4.12,111.21
img_1473.npy,4.74,109.60
img_1474.npy,4.64,113.69
img_1475.npy,4.47,112.17
img_1476.npy,4.48,111.06
img_1477.npy,4.82,113.79
img_1478.npy,4.45,112.09
img_1479.npy,4.76,112.92
img_148.npy,4.29,112.51
img_1480.npy,4.48,112.36
img_1481.npy,4.44,111.42
img_1482.npy,4.40,114.44
img_1483.npy,4.31,113.73
img_1484.npy,4.13,114.86
img_1485.npy,4.51,114.35
img_1486.npy,4.34,114.88
img_1487.npy,4.75,119.36
img_1488.npy,4.38,116.61
img_1489.npy,4.50,111.70
img_149.npy,4.40,109.51
img_1490.npy,3.99,112.85
img_1491.npy,4.30,115.45
img_1492.npy,4.50,111.88
img_1493.npy,4.35,114.70
img_1494.npy,4.19,118.70
img_1495.npy,4.46,118.70
img_1496.npy,4.46,113.15
img_1497.npy,4.91,112.46
img_1498.npy,4.96,117.54
img_1499.npy,4.53,117.63
img_15.npy,4.46,111.16
img_150.npy,4.07,110.94
img_1500.npy,4.49,114.23
img_1501.npy,4.67,117.87
img_1502.npy,4.38,116.68
img_1503.npy,4.18,120.05
img_1504.npy,4.50,117.59
img_1505.npy,4.47,131.16
img_1506.npy,4.38,111.27
img_1507.npy,4.74,112.80
img_1508.npy,4.67,113.12
img_1509.npy,4.51,111.70
img_151.npy,4.20,115.41
img_1510.npy,4.50,113.18
img_1511.npy,4.29,113.97
img_1512.npy,4.17,114.12
img_1513.npy,4.48,113.61
img_1514.npy,4.49,114.39
img_1515.npy,4.64,115.42
img_1516.npy,4.04,119.50
img_1517.npy,4.38,109.98
img_1518.npy,4.36,120.80
img_1519.npy,4.51,124.12
img_152.npy,4.31,114.62
img_1520.npy,4.36,126.88
img_1521.npy,4.53,112.84
img_1522.npy,4.50,132.27
img_1523.npy,4.48,115.39
img_1524.npy,4.31,133.97
img_1525.npy,4.77,112.93
img_1526.npy,4.62,111.00
img_1527.npy,4.33,113.76
img_1528.npy,4.83,112.71
img_1529.npy,4.31,113.62
img_153.npy,4.52,112.96
img_1530.npy,4.64,113.25
img_1531.npy,4.39,111.38
img_1532.npy,4.58,111.40
img_1533.npy,4.60,110.91
img_1534.npy,4.53,112.03
img_1535.npy,4.59,116.12
img_1536.npy,4.39,115.91
img_1537.npy,4.41,114.50
img_1538.npy,4.59,113.29
img_1539.npy,4.45,114.49
img_154.npy,4.65,115.80
img_1540.npy,4.19,120.02
img_1541.npy,4.40,113.23
img_1542.npy,4.34,110.56
img_1543.npy,4.42,111.18
img_1544.npy,4.84,112.32
img_1545.npy,4.48,112.27
img_1546.npy,4.10,109.94
img_1547.npy,4.22,118.04
img_1548.npy,4.55,119.48
img_1549.npy,4.51,119.09
img_155.npy,4.23,122.14
img_1550.npy,4.40,109.38
img_1551.npy,4.44,121.80
img_1552.npy,4.17,123.48
img_1553.npy,4.54,119.45
img_1554.npy,4.21,121.96
img_1555.npy,4.65,111.98
img_1556.npy,4.34,124.73
img_1557.npy,4.32,125.24
img_1558.npy,4.33,118.80
img_1559.npy,4.28,125.25
img_156.npy,4.62,109.96
img_1560.npy,4.35,125.73
img_1561.npy,4.46,111.92
img_1562.npy,4.19,111.07
img_1563.npy,4.45,109.70
img_1564.npy,4.52,110.74
img_1565.npy,4.22,110.55
img_1566.npy,4.40,112.67
img_1567.npy,4.66,113.14
img_1568.npy,4.52,113.06
img_1569.npy,4.73,111.52
img_157.npy,4.38,115.76
img_1570.npy,4.36,115.14
img_1571.npy,4.39,118.45
img_1572.npy,3.83,116.28
img_1573.npy,4.31,113.01
img_1574.npy,4.34,117.08
img_1575.npy,4.49,114.11
img_1576.npy,4.21,117.64
img_1577.npy,4.48,120.20
img_1578.npy,4.46,118.55
img_1579.npy,4.46,117.20
img_158.npy,4.46,119.41
img_1580.npy,4.43,118.04
img_1581.npy,4.01,119.63
img_1582.npy,4.69,119.66
img_1583.npy,4.64,120.20
img_1584.npy,4.69,111.45
img_1585.npy,4.37,113.15
img_1586.npy,4.68,106.89
img_1587.npy,4.72,111.20
img_1588.npy,4.64,110.73
img_1589.npy,4.26,114.93
img_159.npy,4.72,109.84
img_1590.npy,3.99,110.82
img_1591.npy,4.71,111.10
img_1592.npy,4.30,113.86
img_1593.npy,4.38,111.39
img_1594.npy,4.14,111.26
img_1595.npy,4.16,109.67
img_1596.npy,4.24,112.86
img_1597.npy,4.21,112.96
img_1598.npy,4.38,117.84
img_1599.npy,4.25,112.43
img_16.npy,4.12,113.13
img_160.npy,4.09,113.09
img_1600.npy,4.14,116.45
img_1601.npy,4.14,115.22
img_1602.npy,3.97,112.05
img_1603.npy,4.31,111.01
img_1604.npy,4.01,112.77
img_1605.npy,4.10,111.69
img_1606.npy,4.65,111.93
img_1607.npy,4.30,112.05
img_1608.npy,4.27,111.70
img_1609.npy,4.60,110.72
img_161.npy,4.29,113.30
img_1610.npy,3.86,116.54
img_1611.npy,4.47,110.07
img_1612.npy,3.84,115.66
img_1613.npy,4.05,112.68
img_1614.npy,4.48,115.36
img_1615.npy,4.10,111.36
img_1616.npy,4.31,113.39
img_1617.npy,3.74,115.57
img_1618.npy,4.21,113.93
img_1619.npy,4.05,114.15
img_162.npy,3.85,110.49
img_1620.npy,4.38,125.66
img_1621.npy,3.83,112.85
img_1622.npy,4.19,114.47
img_1623.npy,4.31,114.96
img_1624.npy,4.29,109.29
img_1625.npy,4.04,111.38
img_1626.npy,4.24,111.91
img_1627.npy,3.63,113.59
img_1628.npy,4.00,112.79
img_1629.npy,3.90,114.20
img_163.npy,4.14,114.04
img_1630.npy,4.00,115.01
img_1631.npy,3.77,120.61
img_1632.npy,4.03,116.98
img_1633.npy,3.77,120.43
img_1634.npy,4.13,119.32
img_1635.npy,4.19,113.25
img_1636.npy,4.24,110.64
img_1637.npy,3.83,112.21
img_1638.npy,4.10,118.97
img_1639.npy,3.96,117.96
img_164.npy,3.83,120.62
img_1640.npy,4.21,116.55
img_1641.npy,4.31,124.73
img_1642.npy,3.68,113.92
img_1643.npy,3.99,128.00
img_1644.npy,3.86,130.44
img_1645.npy,3.73,130.50
img_1646.npy,4.03,130.64
img_1647.npy,4.00,121.14
img_1648.npy,4.20,131.61
img_1649.npy,4.08,112.37
img_165.npy,4.21,113.20
img_1650.npy,4.40,115.11
img_1651.npy,4.23,111.95
img_1652.npy,3.88,120.59
img_1653.npy,3.95,119.89
img_1654.npy,3.88,122.42
img_1655.npy,4.00,112.24
img_1656.npy,4.16,131.06
img_1657.npy,4.10,128.62
img_1658.npy,4.10,126.16
img_1659.npy,3.84,131.23
img_166.npy,3.71,115.16
img_1660.npy,3.89,117.72
img_1661.npy,4.20,110.06
img_1662.npy,3.78,114.07
img_1663.npy,3.89,112.67
img_1664.npy,3.71,113.52
img_1665.npy,3.61,110.96
img_1666.npy,3.88,110.20
img_1667.npy,4.04,120.49
img_1668.npy,4.23,111.79
img_1669.npy,4.12,111.07
img_167.npy,4.17,114.13
img_1670.npy,4.21,110.27
img_1671.npy,4.17,109.61
img_1672.npy,4.22,110.75
img_1673.npy,4.02,113.62
img_1674.npy,4.49,113.28
img_1675.npy,3.92,113.47
img_1676.npy,4.02,118.06
img_1677.npy,4.03,110.14
img_1678.npy,4.09,114.21
img_1679.npy,4.00,112.70
img_168.npy,4.54,113.19
img_1680.npy,4.33,114.32
img_1681.npy,4.17,110.29
img_1682.npy,4.09,111.89
img_1683.npy,4.26,111.48
img_1684.npy,4.25,110.36
img_1685.npy,4.09,113.12
img_1686.npy,4.21,113.34
img_1687.npy,4.37,118.68
img_1688.npy,4.48,112.39
img_1689.npy,4.49,113.59
img_169.npy,4.14,114.45
img_1690.npy,4.23,110.87
img_1691.npy,4.39,114.29
img_1692.npy,4.50,118.42
img_1693.npy,4.19,112.89
img_1694.npy,4.37,112.25
img_1695.npy,3.85,114.18
img_1696.npy,4.16,114.86
img_1697.npy,3.99,112.30
img_1698.npy,4.45,128.02
img_1699.npy,3.92,114.71
img_17.npy,4.19,114.66
img_170.npy,3.71,115.16
img_1700.npy,3.68,111.59
img_1701.npy,3.69,113.12
img_1702.npy,3.75,110.48
img_1703.npy,3.63,115.50
img_1704.npy,3.70,114.32
img_1705.npy,3.62,114.11
img_1706.npy,3.81,119.79
img_1707.npy,3.95,110.36
img_1708.npy,3.83,112.04
img_1709.npy,3.74,111.05
img_171.npy,3.93,113.43
img_1710.npy,3.61,111.62
img_1711.npy,4.18,112.88
img_1712.npy,3.94,114.39
img_1713.npy,3.89,113.59
img_1714.npy,4.04,113.96
img_1715.npy,4.11,108.97
img_1716.npy,3.87,113.52
img_1717.npy,4.22,109.04
img_1718.npy,4.08,110.76
img_1719.npy,3.99,112.04
img_172.npy,4.11,112.54
img_1720.npy,4.05,112.53
img_1721.npy,4.13,110.81
img_1722.npy,4.42,109.90
img_1723.npy,4.44,110.43
img_1724.npy,4.16,112.94
img_1725.npy,4.12,112.43
img_1726.npy,4.09,112.81
img_1727.npy,4.12,112.67
img_1728.npy,4.12,110.80
img_1729.npy,3.94,111.45
img_173.npy,4.01,109.05
img_1730.npy,4.21,109.84
img_1731.npy,4.23,110.05
img_1732.npy,3.95,111.42
img_1733.npy,4.35,112.33
img_1734.npy,4.58,112.30
img_1735.npy,4.54,111.66
img_1736.npy,4.64,111.51
img_1737.npy,4.19,112.65
img_1738.npy,4.41,111.63
img_1739.npy,4.20,111.54
img_174.npy,3.94,112.16
img_1740.npy,4.26,113.80
img_1741.npy,4.06,111.57
img_1742.npy,4.12,113.08
img_1743.npy,4.38,113.16
img_1744.npy,3.97,111.81
img_1745.npy,4.33,110.33
img_1746.npy,4.38,112.61
img_1747.npy,4.26,114.23
img_1748.npy,3.89,113.86
img_1749.npy,4.30,114.64
img_175.npy,4.15,115.01
img_1750.npy,4.08,110.25
img_1751.npy,4.14,112.58
img_1752.npy,4.05,114.04
img_1753.npy,4.38,112.34
img_1754.npy,4.22,111.24
img_1755.npy,3.89,113.89
img_1756.npy,4.39,113.90
img_1757.npy,4.17,114.27
img_1758.npy,4.23,117.50
img_1759.npy,4.35,114.50
img_176.npy,4.27,113.61
img_1760.npy,4.15,112.65
img_1761.npy,3.75,114.53
img_1762.npy,4.36,112.34
img_1763.npy,4.00,113.60
img_1764.npy,4.00,110.26
img_1765.npy,3.99,110.87
img_1766.npy,4.37,111.64
img_1767.npy,4.16,110.62
img_1768.npy,3.74,111.98
img_1769.npy,3.62,116.11
img_177.npy,3.95,114.86
img_1770.npy,3.81,121.14
img_1771.npy,4.33,110.21
img_1772.npy,4.02,111.18
img_1773.npy,4.18,112.39
img_1774.npy,4.07,110.08
img_1775.npy,3.77,111.20
img_1776.npy,3.94,113.43
img_1777.npy,3.68,112.68
img_1778.npy,3.69,110.14
img_1779.npy,3.65,113.70
img_178.npy,3.56,112.81
img_1780.npy,3.43,114.36
img_1781.npy,3.58,110.37
img_1782.npy,3.44,111.02
img_1783.npy,3.60,119.77
img_1784.npy,3.52,114.53
img_1785.npy,3.64,122.33
img_1786.npy,3.68,110.44
img_1787.npy,4.02,126.91
img_1788.npy,3.83,123.23
img_1789.npy,3.47,130.69
img_179.npy,3.71,117.79
img_1790.npy,3.66,131.38
img_1791.npy,3.70,113.07
img_1792.npy,3.77,130.54
img_1793.npy,3.61,112.34
img_1794.npy,3.84,109.53
img_1795.npy,3.87,113.78
img_1796.npy,3.73,113.13
img_1797.npy,3.70,118.80
img_1798.npy,3.74,113.82
img_1799.npy,3.83,118.86
img_18.npy,3.72,111.34
img_180.npy,3.89,115.37
img_1800.npy,4.07,127.42
img_1801.npy,3.96,127.21
img_1802.npy,3.84,133.15
img_1803.npy,4.02,120.03
img_1804.npy,4.05,114.38
img_1805.npy,3.80,114.05
img_1806.npy,4.14,112.95
img_1807.npy,3.95,112.52
img_1808.npy,4.32,110.22
img_1809.npy,3.92,113.01
img_181.npy,4.21,114.41
img_1810.npy,3.95,118.98
img_1811.npy,3.89,117.36
img_1812.npy,4.27,114.54
img_1813.npy,4.06,112.58
img_1814.npy,4.01,120.38
img_1815.npy,3.98,127.21
img_1816.npy,3.98,113.52
img_1817.npy,3.79,120.73
img_1818.npy,4.57,132.39
img_1819.npy,3.94,131.55
img_182.npy,3.85,123.29
img_1820.npy,4.14,110.77
img_1821.npy,3.96,115.14
img_1822.npy,4.02,112.24
img_1823.npy,3.84,110.63
img_1824.npy,4.14,111.84
img_1825.npy,4.01,115.86
img_1826.npy,3.95,114.00
img_1827.npy,3.98,112.01
img_1828.npy,3.82,123.63
img_1829.npy,4.14,123.68
img_183.npy,3.83,127.30
img_1830.npy,3.84,123.72
img_1831.npy,4.13,119.60
img_1832.npy,3.74,132.84
img_1833.npy,3.82,112.96
img_1834.npy,3.77,132.60
img_1835.npy,4.24,114.26
img_1836.npy,4.02,114.51
img_1837.npy,3.68,113.50
img_1838.npy,4.00,115.12
img_1839.npy,4.49,120.64
img_184.npy,4.24,120.88
img_1840.npy,4.06,122.81
img_1841.npy,4.12,115.89
img_1842.npy,3.83,131.53
img_1843.npy,3.85,130.60
img_1844.npy,3.90,130.88
img_1845.npy,4.06,131.67
img_1846.npy,3.96,120.81
img_1847.npy,3.94,132.41
img_1848.npy,3.84,112.53
img_1849.npy,3.96,113.09
img_185.npy,4.29,111.19
img_1850.npy,4.29,112.57
img_1851.npy,4.16,113.66
img_1852.npy,3.98,119.34
img_1853.npy,4.06,118.33
img_1854.npy,3.86,111.43
img_1855.npy,3.94,121.39
img_1856.npy,3.75,115.23
img_1857.npy,4.01,124.19
img_1858.npy,3.91,123.33
img_1859.npy,3.97,117.72
img_186.npy,4.40,120.26
img_1860.npy,3.90,117.77
img_1861.npy,3.83,120.80
img_1862.npy,3.71,120.72
img_1863.npy,4.06,116.55
img_1864.npy,4.03,113.73
img_1865.npy,3.96,114.75
img_1866.npy,3.86,113.52
img_1867.npy,3.92,111.04
img_1868.npy,3.84,118.43
img_1869.npy,3.91,118.00
img_187.npy,3.92,116.09
img_1870.npy,4.19,112.26
img_1871.npy,3.95,112.59
img_1872.npy,4.04,115.06
img_1873.npy,4.21,114.15
img_1874.npy,3.82,114.11
img_1875.npy,4.31,112.68
img_1876.npy,4.01,110.89
img_1877.npy,3.87,115.29
img_1878.npy,3.89,110.68
img_1879.npy,3.75,113.01
img_188.npy,4.04,112.68
img_1880.npy,3.73,113.27
img_1881.npy,3.88,117.47
img_1882.npy,3.86,117.42
img_1883.npy,3.96,120.10
img_1884.npy,3.84,115.46
img_1885.npy,3.83,122.40
img_1886.npy,3.99,126.32
img_1887.npy,4.00,131.45
img_1888.npy,3.92,131.03
img_1889.npy,3.87,120.92
img_189.npy,3.79,130.67
img_1890.npy,3.90,113.43
img_1891.npy,4.16,127.82
img_1892.npy,4.05,126.30
img_1893.npy,3.82,113.11
img_1894.npy,3.94,111.55
img_1895.npy,4.04,113.80
img_1896.npy,4.02,110.66
img_1897.npy,4.26,111.70
img_1898.npy,3.90,111.94
img_1899.npy,4.06,113.04
img_19.npy,3.89,117.10
img_190.npy,3.97,118.35
img_1900.npy,4.20,119.12
img_1901.npy,4.62,120.16
img_1902.npy,4.03,116.88
img_1903.npy,3.99,122.35
img_1904.npy,4.01,111.23
img_1905.npy,3.68,123.28
img_1906.npy,3.79,122.80
img_1907.npy,3.76,119.62
img_1908.npy,3.84,123.98
img_1909.npy,4.07,114.38
img_191.npy,3.87,112.09
img_1910.npy,4.20,113.68
img_1911.npy,3.73,114.88
img_1912.npy,4.20,118.93
img_1913.npy,4.16,119.36
img_1914.npy,4.18,119.24
img_1915.npy,3.89,118.27
img_1916.npy,4.20,118.46
img_1917.npy,4.13,110.09
img_1918.npy,3.86,119.90
img_1919.npy,4.00,118.09
img_192.npy,3.92,119.32
img_1920.npy,4.13,119.40
img_1921.npy,4.33,110.39
img_1922.npy,4.39,115.99
img_1923.npy,3.95,113.23
img_1924.npy,4.00,112.67
img_1925.npy,4.09,114.64
img_1926.npy,4.15,112.50
img_1927.npy,3.94,112.48
img_1928.npy,4.15,110.62
img_1929.npy,3.96,117.28
img_193.npy,4.22,112.79
img_1930.npy,4.15,118.51
img_1931.npy,3.94,119.71
img_1932.npy,4.43,120.22
img_1933.npy,4.23,124.06
img_1934.npy,4.21,112.73
img_1935.npy,4.26,131.91
img_1936.npy,3.89,131.86
img_1937.npy,3.94,122.20
img_1938.npy,4.07,132.12
img_1939.npy,3.85,113.79
img_194.npy,4.00,132.21
img_1940.npy,4.20,115.58
img_1941.npy,3.97,111.02
img_1942.npy,4.16,114.54
img_1943.npy,4.06,112.46
img_1944.npy,4.21,112.56
img_1945.npy,4.23,111.20
img_1946.npy,4.20,111.19
img_1947.npy,4.24,111.67
img_1948.npy,4.37,109.14
img_1949.npy,4.25,114.54
img_195.npy,4.08,112.60
img_1950.npy,4.00,118.83
img_1951.npy,4.07,117.57
img_1952.npy,4.05,112.33
img_1953.npy,4.04,120.82
img_1954.npy,4.47,112.87
img_1955.npy,3.95,119.86
img_1956.npy,3.88,117.81
img_1957.npy,4.14,113.41
img_1958.npy,4.01,133.14
img_1959.npy,4.16,119.90
img_196.npy,4.03,109.96
img_1960.npy,3.89,112.27
img_1961.npy,4.24,113.94
img_1962.npy,4.07,115.77
img_1963.npy,4.13,118.41
img_1964.npy,3.99,118.75
img_1965.npy,4.09,113.86
img_1966.npy,4.78,117.92
img_1967.npy,4.15,112.24
img_1968.npy,4.29,119.33
img_1969.npy,4.28,120.79
img_197.npy,4.21,126.29
img_1970.npy,4.11,131.04
img_1971.npy,3.80,118.16
img_1972.npy,3.95,130.98
img_1973.npy,4.10,114.36
img_1974.npy,4.01,131.86
img_1975.npy,3.92,130.09
img_1976.npy,4.05,124.07
img_1977.npy,3.88,131.36
img_1978.npy,4.73,115.46
img_1979.npy,4.09,112.71
img_198.npy,4.23,112.48
img_1980.npy,4.10,109.59
img_1981.npy,4.22,113.68
img_1982.npy,3.92,116.62
img_1983.npy,3.78,120.07
img_1984.npy,4.03,114.41
img_1985.npy,4.09,119.90
img_1986.npy,3.98,122.41
img_1987.npy,4.07,126.87
img_1988.npy,3.95,125.81
img_1989.npy,4.11,124.89
img_199.npy,4.00,124.22
img_1990.npy,3.92,118.54
img_1991.npy,3.83,122.95
img_1992.npy,4.15,111.89
img_1993.npy,3.89,122.73
img_1994.npy,4.00,123.98
img_1995.npy,4.00,111.16
img_1996.npy,4.33,111.00
img_1997.npy,4.18,111.54
img_1998.npy,3.67,112.45
img_1999.npy,4.06,111.22
img_2.npy,4.18,118.18
img_20.npy,3.97,118.86
img_200.npy,4.40,118.48
img_2000.npy,3.85,121.18
img_2001.npy,3.94,118.11
img_2002.npy,3.88,119.33
img_2003.npy,4.01,112.80
img_2004.npy,4.16,119.64
img_2005.npy,3.92,118.82
img_2006.npy,4.04,120.33
img_2007.npy,4.24,117.69
img_2008.npy,4.41,111.81
img_2009.npy,3.84,113.88
img_201.npy,4.22,109.60
img_2010.npy,4.19,112.36
img_2011.npy,4.50,114.88
img_2012.npy,3.98,116.38
img_2013.npy,3.91,119.79
img_2014.npy,3.97,110.65
img_2015.npy,3.85,120.27
img_2016.npy,4.07,120.30
img_2017.npy,4.27,121.37
img_2018.npy,4.03,121.35
img_2019.npy,3.87,112.05
img_202.npy,4.29,119.37
img_2020.npy,4.10,120.68
img_2021.npy,4.02,121.08
img_2022.npy,4.73,110.70
img_2023.npy,4.11,113.40
img_2024.npy,3.99,113.73
img_2025.npy,4.16,113.66
img_2026.npy,4.03,113.07
img_2027.npy,4.16,118.84
img_2028.npy,4.02,118.88
img_2029.npy,4.35,117.95
img_203.npy,4.50,110.89
img_2030.npy,4.00,111.30
img_2031.npy,4.11,116.83
img_2032.npy,4.00,113.79
img_2033.npy,4.95,113.18
img_2034.npy,4.17,111.80
img_2035.npy,3.96,112.19
img_2036.npy,4.12,109.91
img_2037.npy,3.99,113.83
img_2038.npy,4.20,114.58
img_2039.npy,3.98,113.02
img_204.npy,4.13,114.12
img_2040.npy,4.26,110.50
img_2041.npy,3.95,113.66
img_2042.npy,4.20,113.75
img_2043.npy,4.25,112.54
img_2044.npy,4.14,112.31
img_2045.npy,4.36,111.80
img_2046.npy,3.96,112.26
img_2047.npy,4.23,117.29
img_2048.npy,4.11,119.46
img_2049.npy,4.11,110.73
img_205.npy,4.01,124.65
img_2050.npy,4.09,129.36
img_2051.npy,4.15,118.46
img_2052.npy,4.03,129.71
img_2053.npy,4.24,114.62
img_2054.npy,4.12,132.53
img_2055.npy,3.80,131.82
img_2056.npy,4.18,131.39
img_2057.npy,3.76,114.73
img_2058.npy,3.90,111.04
img_2059.npy,4.04,111.65
img_206.npy,4.08,110.75
img_2060.npy,4.08,113.95
img_2061.npy,4.05,113.99
img_2062.npy,3.95,116.37
img_2063.npy,3.86,120.28
img_2064.npy,3.83,119.59
img_2065.npy,4.16,123.40
img_2066.npy,4.84,112.30
img_2067.npy,4.95,132.72
img_2068.npy,4.83,133.59
img_2069.npy,4.32,122.11
img_207.npy,3.78,134.51
img_2070.npy,3.73,118.88
img_2071.npy,3.76,113.81
img_2072.npy,3.91,114.92
img_2073.npy,3.77,113.02
img_2074.npy,4.01,112.88
img_2075.npy,3.96,110.57
img_2076.npy,3.83,118.91
img_2077.npy,4.01,112.05
img_2078.npy,4.45,114.52
img_2079.npy,3.87,113.24
img_208.npy,4.04,123.17
img_2080.npy,4.01,129.39
img_2081.npy,3.96,122.77
img_2082.npy,4.00,134.47
img_2083.npy,3.80,118.43
img_2084.npy,3.84,113.56
img_2085.npy,3.96,114.21
img_2086.npy,3.56,114.00
img_2087.npy,3.87,111.00
img_2088.npy,3.96,117.67
img_2089.npy,3.56,118.41
img_209.npy,4.46,112.38
img_2090.npy,3.67,117.40
img_2091.npy,3.69,111.76
img_2092.npy,3.60,130.17
img_2093.npy,3.58,127.93
img_2094.npy,3.49,132.40
img_2095.npy,3.42,132.89
img_2096.npy,3.35,125.85
img_2097.npy,3.37,133.54
img_2098.npy,3.56,113.17
img_2099.npy,3.27,115.70
img_21.npy,3.43,113.14
img_210.npy,3.48,114.60
img_2100.npy,3.48,119.53
img_2101.npy,3.85,122.46
img_2102.npy,3.51,113.56
img_2103.npy,3.44,131.10
img_2104.npy,3.50,131.55
img_2105.npy,3.38,125.76
img_2106.npy,3.56,133.08
img_2107.npy,3.45,117.42
img_2108.npy,3.36,128.83
img_2109.npy,3.46,112.57
img_211.npy,3.37,112.51
img_2110.npy,3.47,111.65
img_2111.npy,3.32,115.26
img_2112.npy,3.43,117.73
img_2113.npy,3.47,120.68
img_2114.npy,4.15,117.99
img_2115.npy,3.44,117.04
img_2116.npy,3.29,119.41
img_2117.npy,3.33,118.99
img_2118.npy,3.18,121.07
img_2119.npy,3.15,115.47
img_212.npy,3.14,115.86
img_2120.npy,3.08,114.04
img_2121.npy,3.24,114.35
img_2122.npy,3.53,112.79
img_2123.npy,3.18,115.05
img_2124.npy,3.34,113.21
img_2125.npy,3.21,114.32
img_2126.npy,3.22,109.50
img_2127.npy,3.21,112.77
img_2128.npy,3.27,110.82
img_2129.npy,3.17,113.35
img_213.npy,3.34,113.29
img_2130.npy,3.36,113.08
img_2131.npy,3.18,112.84
img_2132.npy,3.25,117.38
img_2133.npy,3.14,119.67
img_2134.npy,3.24,113.11
img_2135.npy,3.26,111.09
img_2136.npy,3.12,114.69
img_2137.npy,3.06,110.66
img_2138.npy,3.14,112.69
img_2139.npy,3.17,119.16
img_214.npy,3.29,127.12
img_2140.npy,3.29,125.46
img_2141.npy,3.68,121.81
img_2142.npy,2.99,123.76
img_2143.npy,3.23,122.43
img_2144.npy,3.17,114.27
img_2145.npy,3.06,113.10
img_2146.npy,3.37,112.88
img_2147.npy,3.28,115.72
img_2148.npy,3.40,118.25
img_2149.npy,3.12,120.34
img_215.npy,3.36,116.18
img_2150.npy,3.04,119.91
img_2151.npy,3.18,113.20
img_2152.npy,3.03,115.78
img_2153.npy,3.42,112.02
img_2154.npy,3.07,114.08
img_2155.npy,3.58,114.77
img_2156.npy,3.22,113.98
img_2157.npy,3.42,113.06
img_2158.npy,3.09,114.58
img_2159.npy,3.33,115.85
img_216.npy,3.10,115.08
img_2160.npy,3.03,113.20
img_2161.npy,3.08,111.43
img_2162.npy,3.14,114.00
img_2163.npy,3.06,111.76
img_2164.npy,3.20,115.15
img_2165.npy,3.13,122.62
img_2166.npy,3.25,133.21
img_2167.npy,3.10,121.42
img_2168.npy,3.31,114.13
img_2169.npy,3.14,114.79
img_217.npy,3.47,119.13
img_2170.npy,3.18,119.43
img_2171.npy,3.04,121.05
img_2172.npy,3.34,115.53
img_2173.npy,3.17,127.45
img_2174.npy,3.27,113.24
img_2175.npy,3.22,132.94
img_2176.npy,3.34,133.88
img_2177.npy,3.08,133.14
img_2178.npy,3.16,134.25
img_2179.npy,3.27,113.82
img_218.npy,3.04,116.82
img_2180.npy,3.04,118.75
img_2181.npy,3.11,121.85
img_2182.npy,3.16,123.25
img_2183.npy,3.53,131.27
img_2184.npy,3.07,120.62
img_2185.npy,3.28,134.48
img_2186.npy,3.18,119.16
img_2187.npy,3.27,133.60
img_2188.npy,3.19,112.76
img_2189.npy,3.27,116.76
img_219.npy,3.32,115.58
img_2190.npy,3.20,120.29
img_2191.npy,3.28,111.43
img_2192.npy,2.94,129.34
img_2193.npy,3.31,113.95
img_2194.npy,3.35,133.44
img_2195.npy,3.23,134.82
img_2196.npy,3.23,131.78
img_2197.npy,3.80,132.66
img_2198.npy,3.33,131.04
img_2199.npy,3.23,115.37
img_22.npy,3.38,113.07
img_220.npy,3.12,112.05
img_2200.npy,3.28,115.89
img_2201.npy,3.20,116.33
img_2202.npy,3.34,118.00
img_2203.npy,3.09,121.66
img_2204.npy,3.13,113.93
img_2205.npy,2.96,125.89
img_2206.npy,3.43,112.72
img_2207.npy,3.16,126.33
img_2208.npy,3.31,127.42
img_2209.npy,3.10,122.84
img_221.npy,3.52,125.64
img_2210.npy,3.23,127.05
img_2211.npy,3.18,112.22
img_2212.npy,3.34,113.05
img_2213.npy,3.28,114.21
img_2214.npy,3.22,114.81
img_2215.npy,3.09,117.88
img_2216.npy,3.20,120.06
img_2217.npy,3.20,122.61
img_2218.npy,3.31,115.07
img_2219.npy,3.18,124.41
img_222.npy,3.23,112.48
img_2220.npy,3.16,122.15
img_2221.npy,3.28,122.25
img_2222.npy,3.11,123.39
img_2223.npy,3.56,127.07
img_2224.npy,3.19,113.43
img_2225.npy,3.52,111.39
img_2226.npy,3.31,112.00
img_2227.npy,3.28,113.61
img_2228.npy,3.39,113.25
img_2229.npy,3.20,120.08
img_223.npy,3.29,116.84
img_2230.npy,3.32,120.73
img_2231.npy,3.20,112.12
img_2232.npy,3.14,118.96
img_2233.npy,3.50,116.45
img_2234.npy,3.21,116.61
img_2235.npy,3.36,115.85
img_2236.npy,3.44,118.69
img_2237.npy,3.45,114.88
img_2238.npy,3.15,111.57
img_2239.npy,3.32,115.21
img_224.npy,3.34,114.70
img_2240.npy,3.15,114.57
img_2241.npy,3.26,114.60
img_2242.npy,3.01,112.00
img_2243.npy,3.25,113.88
img_2244.npy,3.05,112.54
img_2245.npy,3.36,110.72
img_2246.npy,3.17,113.59
img_2247.npy,3.55,114.25
img_2248.npy,3.15,130.91
img_2249.npy,3.36,132.25
img_225.npy,3.69,132.99
img_2250.npy,3.21,125.02
img_2251.npy,3.07,115.02
img_2252.npy,3.30,114.64
img_2253.npy,3.31,116.71
img_2254.npy,3.32,111.96
img_2255.npy,3.41,116.39
img_2256.npy,3.17,119.47
img_2257.npy,3.41,120.47
img_2258.npy,2.97,122.23
img_2259.npy,3.17,119.43
img_226.npy,3.37,125.73
img_2260.npy,3.18,114.02
img_2261.npy,3.23,123.16
img_2262.npy,3.08,123.79
img_2263.npy,3.40,126.29
img_2264.npy,3.20,125.49
img_2265.npy,3.24,124.08
img_2266.npy,3.39,111.43
img_2267.npy,3.34,112.14
img_2268.npy,3.16,110.21
img_2269.npy,3.29,113.60
img_227.npy,3.28,118.10
img_2270.npy,3.31,119.50
img_2271.npy,3.10,121.38
img_2272.npy,3.37,115.38
img_2273.npy,3.23,120.04
img_2274.npy,3.30,112.78
img_2275.npy,3.16,118.42
img_2276.npy,3.00,121.54
img_2277.npy,3.64,119.54
img_2278.npy,3.39,115.43
img_2279.npy,3.16,115.62
img_228.npy,3.28,110.65
img_2280.npy,3.14,112.63
img_2281.npy,3.17,115.79
img_2282.npy,3.35,113.55
img_2283.npy,3.31,114.21
img_2284.npy,3.21,114.48
img_2285.npy,3.17,113.13
img_2286.npy,3.20,110.49
img_2287.npy,3.14,113.37
img_2288.npy,3.17,114.66
img_2289.npy,3.25,115.23
img_229.npy,3.14,116.03
img_2290.npy,3.22,113.99
img_2291.npy,3.16,132.28
img_2292.npy,3.21,122.82
img_2293.npy,3.06,114.83
img_2294.npy,3.20,114.16
img_2295.npy,3.22,112.75
img_2296.npy,3.24,114.46
img_2297.npy,3.11,119.35
img_2298.npy,3.21,120.45
img_2299.npy,3.20,125.97
img_23.npy,3.01,131.93
img_230.npy,3.43,132.62
img_2300.npy,3.22,132.38
img_2301.npy,3.15,133.39
img_2302.npy,3.27,132.57
img_2303.npy,3.43,133.83
img_2304.npy,3.14,114.31
img_2305.npy,3.07,115.81
img_2306.npy,2.98,116.44
img_2307.npy,3.02,121.07
img_2308.npy,3.17,120.87
img_2309.npy,3.07,122.80
img_231.npy,3.19,127.50
img_2310.npy,3.19,132.87
img_2311.npy,3.29,131.88
img_2312.npy,3.00,133.37
img_2313.npy,3.21,132.18
img_2314.npy,3.20,130.64
img_2315.npy,3.07,134.41
img_2316.npy,3.14,115.17
img_2317.npy,3.67,115.20
img_2318.npy,3.20,115.57
img_2319.npy,3.28,114.52
img_232.npy,3.22,119.85
img_2320.npy,3.32,121.61
img_2321.npy,3.21,121.40
img_2322.npy,3.31,125.01
img_2323.npy,3.19,128.01
img_2324.npy,3.27,125.98
img_2325.npy,3.33,125.96
img_2326.npy,3.06,125.96
img_2327.npy,3.31,125.76
img_2328.npy,3.18,123.47
img_2329.npy,3.21,123.31
img_233.npy,3.26,123.68
img_2330.npy,3.68,111.38
img_2331.npy,3.18,113.65
img_2332.npy,3.25,112.41
img_2333.npy,3.29,114.58
img_2334.npy,3.23,120.78
img_2335.npy,3.37,118.46
img_2336.npy,3.19,121.06
img_2337.npy,3.15,117.58
img_2338.npy,2.87,117.98
img_2339.npy,3.18,113.77
img_234.npy,3.28,114.83
img_2340.npy,3.07,115.43
img_2341.npy,3.20,115.76
img_2342.npy,3.30,114.02
img_2343.npy,3.11,112.82
img_2344.npy,3.49,113.76
img_2345.npy,3.17,112.18
img_2346.npy,3.25,114.43
img_2347.npy,3.21,112.14
img_2348.npy,2.91,111.55
img_2349.npy,3.23,110.60
img_235.npy,3.10,113.11
img_2350.npy,2.91,115.56
img_2351.npy,3.11,115.29
img_2352.npy,3.19,115.68
img_2353.npy,3.01,114.66
img_2354.npy,3.33,114.02
img_2355.npy,3.12,113.18
img_2356.npy,3.28,115.69
img_2357.npy,3.20,113.57
img_2358.npy,3.61,114.98
img_2359.npy,3.08,114.45
img_236.npy,3.10,121.05
img_2360.npy,3.27,122.75
img_2361.npy,3.12,124.86
img_2362.npy,3.27,131.58
img_2363.npy,3.06,133.24
img_2364.npy,3.28,134.11
img_2365.npy,3.16,133.19
img_2366.npy,3.09,133.43
img_2367.npy,2.89,127.58
img_2368.npy,3.15,113.39
img_2369.npy,3.23,112.10
img_237.npy,3.19,116.31
img_2370.npy,3.25,120.36
img_2371.npy,3.73,119.06
img_2372.npy,3.10,121.82
img_2373.npy,3.12,120.84
img_2374.npy,3.27,125.54
img_2375.npy,3.01,125.27
img_2376.npy,3.05,124.07
img_2377.npy,3.24,122.52
img_2378.npy,3.15,122.90
img_2379.npy,3.01,122.11
img_238.npy,3.06,110.41
img_2380.npy,3.18,113.90
img_2381.npy,3.29,113.64
img_2382.npy,3.30,115.17
img_2383.npy,3.24,116.12
img_2384.npy,3.36,115.58
img_2385.npy,3.70,113.70
img_2386.npy,3.14,116.41
img_2387.npy,3.08,113.79
img_2388.npy,3.07,112.96
img_2389.npy,3.07,113.93
img_239.npy,3.16,113.68
img_2390.npy,3.29,112.24
img_2391.npy,3.27,114.76
img_2392.npy,3.19,114.13
img_2393.npy,3.08,115.32
img_2394.npy,3.10,114.62
img_2395.npy,3.17,113.41
img_2396.npy,3.24,112.80
img_2397.npy,3.27,114.84
img_2398.npy,3.23,119.28
img_2399.npy,3.73,120.46
img_24.npy,3.35,122.86
img_240.npy,3.21,132.58
img_2400.npy,3.25,130.70
img_2401.npy,3.12,133.78
img_2402.npy,3.24,132.60
img_2403.npy,3.15,135.04
img_2404.npy,3.21,115.16
img_2405.npy,3.07,116.27
img_2406.npy,3.20,116.46
img_2407.npy,3.11,121.13
img_2408.npy,2.88,121.90
img_2409.npy,2.91,125.47
img_241.npy,2.89,132.79
img_2410.npy,3.03,133.04
img_2411.npy,3.24,130.87
img_2412.npy,2.91,131.26
img_2413.npy,2.95,120.31
img_2414.npy,2.94,115.80
img_2415.npy,2.98,113.97
img_2416.npy,2.92,112.11
img_2417.npy,2.85,115.21
img_2418.npy,2.93,115.04
img_2419.npy,2.82,118.87
img_242.npy,2.90,120.62
img_2420.npy,2.90,121.02
img_2421.npy,2.85,118.32
img_2422.npy,2.86,119.33
img_2423.npy,2.75,119.52
img_2424.npy,2.98,121.73
img_2425.npy,2.83,120.86
img_2426.npy,2.91,120.68
img_2427.npy,3.39,111.60
img_2428.npy,2.97,112.17
img_2429.npy,2.91,113.13
img_243.npy,2.98,114.56
img_2430.npy,2.91,113.44
img_2431.npy,2.92,112.07
img_2432.npy,2.92,116.25
img_2433.npy,2.77,118.49
img_2434.npy,2.91,118.30
img_2435.npy,2.90,119.10
img_2436.npy,2.92,120.34
img_2437.npy,2.85,120.41
img_2438.npy,2.57,118.60
img_2439.npy,2.85,119.63
img_244.npy,3.02,113.96
img_2440.npy,2.82,115.88
img_2441.npy,3.14,119.05
img_2442.npy,2.79,116.87
img_2443.npy,2.84,116.14
img_2444.npy,2.99,119.12
img_2445.npy,2.98,119.68
img_2446.npy,2.95,120.62
img_2447.npy,2.88,119.70
img_2448.npy,2.90,119.42
img_2449.npy,2.87,119.58
img_245.npy,2.94,113.64
img_2450.npy,2.81,112.73
img_2451.npy,2.72,114.95
img_2452.npy,2.78,117.51
img_2453.npy,2.91,117.66
img_2454.npy,2.88,118.61
img_2455.npy,2.95,120.24
img_2456.npy,2.87,120.56
img_2457.npy,3.15,118.44
img_2458.npy,2.87,120.49
img_2459.npy,2.93,120.51
img_246.npy,2.75,119.53
img_2460.npy,2.96,112.45
img_2461.npy,2.81,114.10
img_2462.npy,2.98,115.10
img_2463.npy,3.05,114.71
img_2464.npy,2.91,120.09
img_2465.npy,2.90,119.73
img_2466.npy,2.94,119.53
img_2467.npy,2.83,119.40
img_2468.npy,2.83,115.79
img_2469.npy,2.88,116.98
img_247.npy,2.89,116.39
img_2470.npy,3.03,115.07
img_2471.npy,3.31,117.66
img_2472.npy,2.95,112.80
img_2473.npy,2.88,113.54
img_2474.npy,2.97,114.82
img_2475.npy,3.00,115.14
img_2476.npy,2.94,114.96
img_2477.npy,2.75,114.45
img_2478.npy,2.94,114.17
img_2479.npy,2.69,112.86
img_248.npy,2.88,113.84
img_2480.npy,2.91,114.59
img_2481.npy,2.94,114.32
img_2482.npy,2.72,114.26
img_2483.npy,2.98,112.75
img_2484.npy,2.94,113.94
img_2485.npy,2.89,115.22
img_2486.npy,2.93,113.80
img_2487.npy,3.39,117.42
img_2488.npy,2.82,117.71
img_2489.npy,2.77,112.22
img_249.npy,2.80,113.24
img_2490.npy,2.97,114.07
img_2491.npy,2.85,115.19
img_2492.npy,2.92,114.63
img_2493.npy,2.89,114.07
img_2494.npy,2.92,114.98
img_2495.npy,2.85,113.28
img_2496.npy,2.93,113.95
img_2497.npy,2.80,114.75
img_2498.npy,2.77,113.14
img_2499.npy,2.81,119.75
img_25.npy,2.93,122.43
img_250.npy,2.84,125.75
img_2500.npy,3.00,131.62
img_2501.npy,2.91,132.22
img_2502.npy,2.73,134.88
img_2503.npy,2.76,133.28
img_2504.npy,2.87,133.68
img_2505.npy,3.47,112.66
img_2506.npy,3.01,113.58
img_2507.npy,2.80,112.84
img_2508.npy,2.96,117.80
img_2509.npy,2.87,121.03
img_251.npy,2.88,123.10
img_2510.npy,2.87,127.46
img_2511.npy,2.94,131.71
img_2512.npy,2.86,132.13
img_2513.npy,2.86,133.31
img_2514.npy,2.96,133.19
img_2515.npy,2.92,130.50
img_2516.npy,2.89,131.07
img_2517.npy,2.97,115.73
img_2518.npy,2.92,116.26
img_2519.npy,2.92,114.43
img_252.npy,2.89,115.61
img_2520.npy,2.91,119.29
img_2521.npy,2.75,122.68
img_2522.npy,3.03,124.20
img_2523.npy,3.43,122.90
img_2524.npy,3.01,121.64
img_2525.npy,2.77,122.44
img_2526.npy,2.85,120.00
img_2527.npy,2.70,119.51
img_2528.npy,2.78,113.19
img_2529.npy,2.87,112.57
img_253.npy,2.91,114.06
img_2530.npy,2.78,115.91
img_2531.npy,2.96,115.54
img_2532.npy,2.71,111.77
img_2533.npy,2.83,114.64
img_2534.npy,2.87,114.48
img_2535.npy,2.79,114.64
img_2536.npy,2.99,111.88
img_2537.npy,2.99,113.94
img_2538.npy,2.88,111.69
img_2539.npy,2.95,110.87
img_254.npy,2.77,111.63
img_2540.npy,2.93,112.95
img_2541.npy,3.68,112.78
img_2542.npy,2.96,112.25
img_2543.npy,2.91,116.04
img_2544.npy,2.66,119.40
img_2545.npy,2.90,121.80
img_2546.npy,2.80,123.33
img_2547.npy,2.96,122.46
img_2548.npy,2.92,122.36
img_2549.npy,2.89,123.16
img_255.npy,2.98,122.94
img_2550.npy,2.88,120.99
img_2551.npy,2.85,122.43
img_2552.npy,2.86,112.36
img_2553.npy,2.72,113.25
img_2554.npy,2.78,112.49
img_2555.npy,2.98,120.10
img_2556.npy,2.89,120.32
img_2557.npy,2.89,125.75
img_2558.npy,2.90,124.83
img_2559.npy,2.89,126.03
img_256.npy,3.46,126.67
img_2560.npy,2.78,126.84
img_2561.npy,2.97,124.39
img_2562.npy,2.90,126.88
img_2563.npy,2.85,111.39
img_2564.npy,2.91,113.49
img_2565.npy,3.01,112.18
img_2566.npy,2.87,114.44
img_2567.npy,2.89,118.42
img_2568.npy,2.89,120.34
img_2569.npy,2.80,120.95
img_257.npy,2.90,120.77
img_2570.npy,2.91,119.50
img_2571.npy,2.95,120.35
img_2572.npy,2.96,120.61
img_2573.npy,2.83,121.43
img_2574.npy,2.88,122.09
img_2575.npy,2.83,121.08
img_2576.npy,2.94,119.50
img_2577.npy,3.66,114.12
img_2578.npy,2.79,113.32
img_2579.npy,2.86,114.64
img_258.npy,2.97,115.79
img_2580.npy,2.92,113.64
img_2581.npy,2.89,115.52
img_2582.npy,2.88,112.59
img_2583.npy,2.86,112.95
img_2584.npy,2.81,113.14
img_2585.npy,2.87,114.59
img_2586.npy,2.81,114.75
img_2587.npy,2.90,114.60
img_2588.npy,2.82,114.40
img_2589.npy,2.93,115.61
img_259.npy,2.80,111.37
img_2590.npy,2.70,113.17
img_2591.npy,2.78,113.45
img_2592.npy,2.85,115.75
img_2593.npy,2.94,118.38
img_2594.npy,3.35,120.27
img_2595.npy,2.93,125.97
img_2596.npy,2.74,128.82
img_2597.npy,2.94,131.67
img_2598.npy,2.90,134.10
img_2599.npy,2.93,132.89
img_26.npy,2.89,133.55
img_260.npy,2.92,133.18
img_2600.npy,2.86,114.58
img_2601.npy,2.93,114.86
img_2602.npy,2.74,113.95
img_2603.npy,2.77,121.05
img_2604.npy,2.85,119.28
img_2605.npy,2.91,122.95
img_2606.npy,2.77,129.46
img_2607.npy,2.98,129.98
img_2608.npy,2.89,132.27
img_2609.npy,2.91,131.67
img_261.npy,2.82,131.55
img_2610.npy,3.50,129.56
img_2611.npy,2.93,115.88
img_2612.npy,2.68,115.14
img_2613.npy,2.76,119.57
img_2614.npy,2.93,121.88
img_2615.npy,2.94,124.38
img_2616.npy,2.78,128.33
img_2617.npy,2.82,131.25
img_2618.npy,2.91,127.81
img_2619.npy,2.98,127.99
img_262.npy,2.81,127.62
img_2620.npy,2.93,125.64
img_2621.npy,2.91,127.47
img_2622.npy,2.79,111.69
img_2623.npy,3.00,113.59
img_2624.npy,2.95,115.44
img_2625.npy,2.95,120.02
img_2626.npy,2.89,119.63
img_2627.npy,2.98,120.83
img_2628.npy,3.43,122.82
img_2629.npy,2.87,122.64
img_263.npy,2.92,121.59
img_2630.npy,2.84,119.61
img_2631.npy,2.90,116.83
img_2632.npy,2.85,120.79
img_2633.npy,2.91,112.83
img_2634.npy,2.91,113.20
img_2635.npy,2.95,112.61
img_2636.npy,2.77,116.54
img_2637.npy,2.92,114.82
img_2638.npy,2.93,116.30
img_2639.npy,2.87,113.06
img_264.npy,2.93,114.58
img_2640.npy,2.93,111.81
img_2641.npy,2.93,113.32
img_2642.npy,2.95,112.38
img_2643.npy,2.61,112.87
img_2644.npy,3.40,120.18
img_2645.npy,2.72,113.45
img_2646.npy,2.67,111.79
img_2647.npy,2.65,113.54
img_2648.npy,2.62,116.21
img_2649.npy,2.65,118.85
img_265.npy,2.66,120.20
img_2650.npy,2.58,119.62
img_2651.npy,2.55,120.27
img_2652.npy,2.64,121.14
img_2653.npy,2.65,119.90
img_2654.npy,2.79,121.05
img_2655.npy,2.63,119.33
img_2656.npy,2.67,120.53
img_2657.npy,2.82,112.20
img_2658.npy,2.65,113.32
img_2659.npy,2.70,114.00
img_266.npy,3.51,117.02
img_2660.npy,2.76,119.17
img_2661.npy,2.82,120.27
img_2662.npy,2.92,118.45
img_2663.npy,2.91,120.14
img_2664.npy,2.87,119.60
img_2665.npy,2.88,119.91
img_2666.npy,2.81,119.60
img_2667.npy,2.71,120.87
img_2668.npy,2.86,111.86
img_2669.npy,2.88,113.19
img_267.npy,2.86,113.39
img_2670.npy,2.93,115.68
img_2671.npy,2.78,118.84
img_2672.npy,2.88,117.75
img_2673.npy,2.96,117.93
img_2674.npy,2.91,116.92
img_2675.npy,3.09,114.73
img_2676.npy,2.83,113.66
img_2677.npy,2.91,114.64
img_2678.npy,2.86,115.44
img_2679.npy,3.61,115.39
img_268.npy,2.91,112.52
img_2680.npy,2.91,114.30
img_2681.npy,2.82,113.69
img_2682.npy,2.92,114.48
img_2683.npy,2.88,113.99
img_2684.npy,2.97,112.06
img_2685.npy,2.81,113.04
img_2686.npy,2.93,111.60
img_2687.npy,2.96,110.98
img_2688.npy,3.03,114.44
img_2689.npy,2.91,122.69
img_269.npy,2.88,133.57
img_2690.npy,2.97,131.18
img_2691.npy,2.96,132.31
img_2692.npy,2.79,114.21
img_2693.npy,2.75,114.48
img_2694.npy,3.05,114.73
img_2695.npy,3.05,117.80
img_2696.npy,2.95,120.54
img_2697.npy,2.94,123.18
img_2698.npy,2.80,127.65
img_2699.npy,2.93,132.89
img_27.npy,2.95,132.59
img_270.npy,3.01,132.24
img_2700.npy,2.92,132.31
img_2701.npy,3.08,127.86
img_2702.npy,2.83,125.86
img_2703.npy,2.94,114.87
img_2704.npy,2.69,112.48
img_2705.npy,2.96,113.80
img_2706.npy,2.95,114.17
img_2707.npy,2.85,119.28
img_2708.npy,2.78,119.56
img_2709.npy,2.87,121.35
img_271.npy,2.83,119.55
img_2710.npy,3.41,119.63
img_2711.npy,2.77,120.58
img_2712.npy,2.82,120.37
img_2713.npy,2.96,115.65
img_2714.npy,2.90,114.25
img_2715.npy,2.92,116.11
img_2716.npy,3.00,112.57
img_2717.npy,2.93,114.18
img_2718.npy,2.88,112.82
img_2719.npy,2.78,112.97
img_272.npy,2.78,113.41
img_2720.npy,2.97,119.14
img_2721.npy,2.84,123.95
img_2722.npy,2.96,124.35
img_2723.npy,2.86,120.92
img_2724.npy,2.74,123.13
img_2725.npy,2.96,122.09
img_2726.npy,3.20,124.18
img_2727.npy,2.80,124.10
img_2728.npy,2.88,111.54
img_2729.npy,2.67,111.56
img_273.npy,2.88,113.88
img_2730.npy,2.80,119.03
img_2731.npy,2.85,121.03
img_2732.npy,2.89,121.77
img_2733.npy,2.85,120.36
img_2734.npy,2.76,118.66
img_2735.npy,2.91,120.97
img_2736.npy,2.84,120.09
img_2737.npy,3.05,121.10
img_2738.npy,2.96,120.39
img_2739.npy,2.71,118.12
img_274.npy,2.88,118.82
img_2740.npy,2.80,113.80
img_2741.npy,2.97,111.55
img_2742.npy,2.80,114.16
img_2743.npy,3.46,117.66
img_2744.npy,2.74,116.42
img_2745.npy,2.89,114.41
img_2746.npy,2.81,116.05
img_2747.npy,2.97,115.54
img_2748.npy,2.81,116.30
img_2749.npy,2.84,116.76
img_275.npy,2.88,114.26
img_2750.npy,2.81,112.94
img_2751.npy,2.91,114.21
img_2752.npy,2.94,116.28
img_2753.npy,2.93,114.62
img_2754.npy,2.79,114.86
img_2755.npy,2.84,113.82
img_2756.npy,2.99,112.94
img_2757.npy,2.90,111.51
img_2758.npy,3.22,112.97
img_2759.npy,2.70,113.03
img_276.npy,2.79,116.42
img_2760.npy,2.91,113.82
img_2761.npy,2.76,114.35
img_2762.npy,2.86,115.67
img_2763.npy,2.95,114.74
img_2764.npy,2.72,111.82
img_2765.npy,2.86,112.78
img_2766.npy,2.85,114.97
img_2767.npy,2.96,115.69
img_2768.npy,2.98,124.11
img_2769.npy,2.94,127.97
img_277.npy,2.95,131.78
img_2770.npy,3.06,130.16
img_2771.npy,2.90,130.85
img_2772.npy,2.92,127.97
img_2773.npy,2.87,126.12
img_2774.npy,2.83,126.26
img_2775.npy,3.60,113.36
img_2776.npy,2.97,113.68
img_2777.npy,2.94,112.45
img_2778.npy,2.80,115.30
img_2779.npy,3.00,120.16
img_278.npy,2.90,121.17
img_2780.npy,2.78,118.63
img_2781.npy,2.91,120.16
img_2782.npy,3.00,112.59
img_2783.npy,2.92,113.98
img_2784.npy,2.78,111.70
img_2785.npy,2.89,114.54
img_2786.npy,2.90,111.56
img_2787.npy,2.77,112.84
img_2788.npy,2.88,111.70
img_2789.npy,2.72,112.79
img_279.npy,2.90,109.74
img_2790.npy,2.87,113.11
img_2791.npy,3.46,120.67
img_2792.npy,2.69,126.59
img_2793.npy,2.75,125.38
img_2794.npy,2.81,125.59
img_2795.npy,2.95,126.05
img_2796.npy,2.94,125.75
img_2797.npy,2.60,125.56
img_2798.npy,2.79,122.98
img_2799.npy,2.92,112.14
img_28.npy,2.89,112.16
img_280.npy,2.87,114.38
img_2800.npy,2.97,114.61
img_2801.npy,2.75,119.23
img_2802.npy,2.85,120.06
img_2803.npy,2.83,120.25
img_2804.npy,2.75,120.25
img_2805.npy,2.70,121.11
img_2806.npy,2.93,120.96
img_2807.npy,3.32,124.65
img_2808.npy,2.88,122.28
img_2809.npy,2.90,122.24
img_281.npy,2.81,111.76
img_2810.npy,2.97,113.69
img_2811.npy,2.80,113.30
img_2812.npy,2.92,115.50
img_2813.npy,2.87,119.36
img_2814.npy,2.96,120.74
img_2815.npy,2.81,119.27
img_2816.npy,2.85,115.20
img_2817.npy,2.89,113.72
img_2818.npy,2.76,114.56
img_2819.npy,2.93,113.43
img_282.npy,2.94,113.91
img_2820.npy,2.96,112.68
img_2821.npy,2.91,119.75
img_2822.npy,3.71,120.69
img_2823.npy,2.91,112.67
img_2824.npy,2.89,114.36
img_2825.npy,2.91,115.04
img_2826.npy,2.93,117.04
img_2827.npy,2.88,119.79
img_2828.npy,2.91,119.67
img_2829.npy,2.88,119.07
img_283.npy,2.97,118.97
img_2830.npy,2.93,117.95
img_2831.npy,2.90,121.43
img_2832.npy,2.76,119.67
img_2833.npy,2.74,118.96
img_2834.npy,2.74,116.58
img_2835.npy,2.95,112.93
img_2836.npy,3.29,111.70
img_2837.npy,2.99,115.50
img_2838.npy,2.92,116.21
img_2839.npy,2.91,115.04
img_284.npy,2.97,115.27
img_2840.npy,2.96,113.14
img_2841.npy,2.90,113.24
img_2842.npy,2.68,115.38
img_2843.npy,2.87,115.25
img_2844.npy,2.80,115.22
img_2845.npy,2.86,113.54
img_2846.npy,3.01,115.25
img_2847.npy,2.94,110.86
img_2848.npy,2.94,112.96
img_2849.npy,2.84,112.76
img_285.npy,2.85,113.35
img_2850.npy,2.98,113.26
img_2851.npy,2.94,113.51
img_2852.npy,2.93,111.80
img_2853.npy,2.81,120.34
img_2854.npy,3.16,117.41
img_2855.npy,2.89,129.38
img_2856.npy,2.96,132.18
img_2857.npy,2.91,132.31
img_2858.npy,2.91,133.45
img_2859.npy,2.89,132.87
img_286.npy,2.88,113.85
img_2860.npy,2.87,114.68
img_2861.npy,2.84,115.17
img_2862.npy,2.80,119.32
img_2863.npy,2.85,121.57
img_2864.npy,2.70,123.68
img_2865.npy,2.96,132.78
img_2866.npy,3.01,126.43
img_2867.npy,2.88,127.36
img_2868.npy,2.91,123.55
img_2869.npy,2.88,123.50
img_287.npy,3.55,122.69
img_2870.npy,2.87,112.50
img_2871.npy,2.89,113.07
img_2872.npy,2.91,114.54
img_2873.npy,2.90,116.62
img_2874.npy,2.77,117.17
img_2875.npy,2.91,119.43
img_2876.npy,2.86,118.00
img_2877.npy,2.88,114.40
img_2878.npy,2.88,115.28
img_2879.npy,2.81,114.73
img_288.npy,2.78,114.56
img_2880.npy,2.72,113.52
img_2881.npy,2.88,112.05
img_2882.npy,2.88,113.23
img_2883.npy,2.87,122.01
img_2884.npy,2.80,111.98
img_2885.npy,2.80,114.31
img_2886.npy,3.43,120.51
img_2887.npy,2.88,123.45
img_2888.npy,2.69,126.50
img_2889.npy,2.70,125.41
img_289.npy,2.88,125.27
img_2890.npy,2.80,125.84
img_2891.npy,2.90,124.98
img_2892.npy,2.86,125.74
img_2893.npy,2.97,114.21
img_2894.npy,2.89,113.44
img_2895.npy,2.81,111.78
img_2896.npy,2.85,114.39
img_2897.npy,2.98,117.18
img_2898.npy,2.88,119.68
img_2899.npy,2.91,120.94
img_29.npy,2.88,122.08
img_290.npy,2.95,121.95
img_2900.npy,3.33,122.15
img_2901.npy,2.90,120.64
img_2902.npy,2.90,121.24
img_2903.npy,2.80,120.89
img_2904.npy,2.74,119.42
img_2905.npy,2.85,113.05
img_2906.npy,2.87,115.36
img_2907.npy,2.96,115.52
img_2908.npy,2.77,116.18
img_2909.npy,2.73,114.68
img_291.npy,2.92,114.54
img_2910.npy,2.73,113.79
img_2911.npy,2.82,113.37
img_2912.npy,2.80,111.94
img_2913.npy,2.82,113.80
img_2914.npy,3.01,118.54
img_2915.npy,2.86,119.62
img_2916.npy,2.91,120.68
img_2917.npy,3.37,114.59
img_2918.npy,2.93,115.32
img_2919.npy,2.87,119.78
img_292.npy,2.98,120.60
img_2920.npy,2.90,120.98
img_2921.npy,2.96,123.40
img_2922.npy,2.93,124.21
img_2923.npy,2.81,122.52
img_2924.npy,2.80,123.05
img_2925.npy,2.92,123.57
img_2926.npy,2.82,123.26
img_2927.npy,2.86,116.43
img_2928.npy,2.89,113.42
img_2929.npy,2.85,113.77
img_293.npy,2.93,115.14
img_2930.npy,2.92,118.79
img_2931.npy,2.90,121.37
img_2932.npy,3.43,122.55
img_2933.npy,2.85,121.07
img_2934.npy,2.93,121.17
img_2935.npy,2.82,121.81
img_2936.npy,2.97,120.46
img_2937.npy,2.87,119.67
img_2938.npy,3.00,120.48
img_2939.npy,2.74,121.52
img_294.npy,2.85,114.04
img_2940.npy,2.98,112.09
img_2941.npy,2.96,115.67
img_2942.npy,2.95,116.68
img_2943.npy,2.84,114.15
img_2944.npy,2.85,114.07
img_2945.npy,2.86,114.66
img_2946.npy,2.70,113.94
img_2947.npy,2.83,111.96
img_2948.npy,3.62,113.04
img_2949.npy,2.95,114.82
img_295.npy,2.90,114.87
img_2950.npy,2.78,116.39
img_2951.npy,2.98,112.95
img_2952.npy,2.93,115.54
img_2953.npy,2.98,110.37
img_2954.npy,2.75,114.73
img_2955.npy,2.67,113.45
img_2956.npy,2.89,113.35
img_2957.npy,2.93,111.41
img_2958.npy,3.01,115.93
img_2959.npy,2.94,113.02
img_296.npy,2.87,115.03
img_2960.npy,2.89,113.72
img_2961.npy,2.86,112.55
img_2962.npy,2.98,108.98
img_2963.npy,3.61,113.40
img_2964.npy,2.83,111.27
img_2965.npy,2.94,111.63
img_2966.npy,2.86,116.17
img_2967.npy,2.95,117.62
img_2968.npy,2.94,113.48
img_2969.npy,2.85,122.28
img_297.npy,2.70,121.02
img_2970.npy,2.90,122.08
img_2971.npy,2.88,120.70
img_2972.npy,2.86,121.62
img_2973.npy,2.58,120.25
img_2974.npy,2.74,112.71
img_2975.npy,2.97,112.04
img_2976.npy,2.89,113.34
img_2977.npy,2.86,116.40
img_2978.npy,2.62,120.65
img_2979.npy,2.82,118.18
img_298.npy,2.99,121.35
img_2980.npy,2.70,119.29
img_2981.npy,2.71,119.98
img_2982.npy,2.64,119.00
img_2983.npy,2.65,120.47
img_2984.npy,2.83,111.77
img_2985.npy,2.62,113.89
img_2986.npy,2.74,114.25
img_2987.npy,2.67,118.51
img_2988.npy,2.66,116.35
img_2989.npy,2.74,116.58
img_299.npy,3.02,110.83
img_2990.npy,2.86,112.75
img_2991.npy,2.66,112.66
img_2992.npy,2.70,116.43
img_2993.npy,2.80,113.29
img_2994.npy,2.80,114.48
img_2995.npy,2.79,114.91
img_2996.npy,3.42,114.74
img_2997.npy,2.86,111.64
img_2998.npy,2.96,113.22
img_2999.npy,2.91,112.98
img_3.npy,2.94,127.57
img_30.npy,2.78,131.64
img_300.npy,2.70,132.88
img_3000.npy,2.87,132.86
img_3001.npy,2.71,133.27
img_3002.npy,2.94,131.54
img_3003.npy,2.96,115.23
img_3004.npy,2.87,115.41
img_3005.npy,2.92,116.12
img_3006.npy,2.73,120.09
img_3007.npy,2.88,121.19
img_3008.npy,2.87,124.54
img_3009.npy,2.98,126.88
img_301.npy,3.43,133.30
img_3010.npy,2.93,133.19
img_3011.npy,2.85,131.33
img_3012.npy,2.99,131.68
img_3013.npy,2.79,130.57
img_3014.npy,2.77,112.11
img_3015.npy,2.79,113.61
img_3016.npy,2.83,114.83
img_3017.npy,2.93,115.21
img_3018.npy,2.97,118.66
img_3019.npy,2.87,122.80
img_302.npy,2.78,123.84
img_3020.npy,2.89,122.42
img_3021.npy,2.87,120.45
img_3022.npy,3.32,121.95
img_3023.npy,2.85,120.19
img_3024.npy,2.86,120.66
img_3025.npy,2.95,119.37
img_3026.npy,2.92,120.56
img_3027.npy,3.07,112.33
img_3028.npy,2.96,110.54
img_3029.npy,2.75,113.84
img_303.npy,2.97,112.39
img_3030.npy,2.91,112.20
img_3031.npy,2.89,112.07
img_3032.npy,2.94,120.57
img_3033.npy,2.69,122.20
img_3034.npy,2.87,120.25
img_3035.npy,2.83,121.02
img_3036.npy,2.93,121.43
img_3037.npy,2.78,121.04
img_3038.npy,2.72,119.82
img_3039.npy,2.87,121.55
img_304.npy,2.86,113.90
img_3040.npy,3.14,113.31
img_3041.npy,2.78,113.63
img_3042.npy,2.90,119.12
img_3043.npy,2.91,120.40
img_3044.npy,2.60,125.37
img_3045.npy,2.92,125.29
img_3046.npy,2.78,122.93
img_3047.npy,2.99,124.75
img_3048.npy,2.88,122.90
img_3049.npy,2.88,122.66
img_305.npy,2.76,122.32
img_3050.npy,2.89,112.96
img_3051.npy,2.99,109.88
img_3052.npy,2.83,114.29
img_3053.npy,2.88,114.22
img_3054.npy,2.99,119.16
img_3055.npy,2.93,119.62
img_3056.npy,2.95,122.14
img_3057.npy,3.28,124.00
img_3058.npy,2.89,123.06
img_3059.npy,2.83,122.51
img_306.npy,2.91,119.73
img_3060.npy,2.74,121.10
img_3061.npy,2.83,118.20
img_3062.npy,2.88,114.54
img_3063.npy,2.96,114.07
img_3064.npy,2.95,112.46
img_3065.npy,2.98,113.68
img_3066.npy,2.98,114.51
img_3067.npy,2.86,116.04
img_3068.npy,2.83,113.68
img_3069.npy,2.93,113.56
img_307.npy,2.88,112.28
img_3070.npy,2.92,114.79
img_3071.npy,3.11,112.79
img_3072.npy,3.08,113.00
img_3073.npy,2.96,114.13
img_3074.npy,2.97,116.59
img_3075.npy,2.63,118.88
img_3076.npy,2.74,113.00
img_3077.npy,2.82,114.46
img_3078.npy,2.75,116.68
img_3079.npy,2.91,120.73
img_308.npy,2.81,118.90
img_3080.npy,2.95,119.28
img_3081.npy,2.73,120.45
img_3082.npy,2.68,121.22
img_3083.npy,2.91,121.24
img_3084.npy,2.80,120.27
img_3085.npy,2.77,119.52
img_3086.npy,2.89,121.21
img_3087.npy,2.91,114.64
img_3088.npy,3.61,114.02
img_3089.npy,2.86,114.88
img_309.npy,2.80,116.41
img_3090.npy,2.63,116.00
img_3091.npy,2.93,114.03
img_3092.npy,2.91,115.14
img_3093.npy,2.93,115.52
img_3094.npy,2.87,114.12
img_3095.npy,2.83,113.37
img_3096.npy,2.95,111.18
img_3097.npy,2.98,114.05
img_3098.npy,2.87,113.04
img_3099.npy,2.95,113.82
img_31.npy,2.91,113.02
img_310.npy,3.07,112.79
img_3100.npy,3.00,111.00
img_3101.npy,2.94,113.93
img_3102.npy,3.63,113.69
img_3103.npy,2.69,114.62
img_3104.npy,2.78,113.64
img_3105.npy,2.82,112.65
img_3106.npy,3.02,111.86
img_3107.npy,2.95,113.22
img_3108.npy,2.93,118.25
img_3109.npy,2.90,131.58
img_311.npy,2.89,133.92
img_3110.npy,2.89,133.77
img_3111.npy,3.02,133.94
img_3112.npy,3.03,115.88
img_3113.npy,2.83,115.15
img_3114.npy,2.71,116.15
img_3115.npy,2.89,119.46
img_3116.npy,2.98,120.10
img_3117.npy,2.89,121.76
img_3118.npy,3.51,127.86
img_3119.npy,2.84,127.50
img_312.npy,2.87,125.83
img_3120.npy,3.04,124.80
img_3121.npy,2.78,124.30
img_3122.npy,2.97,124.04
img_3123.npy,2.92,121.94
img_3124.npy,2.94,112.27
img_3125.npy,2.93,113.39
img_3126.npy,2.94,113.99
img_3127.npy,2.95,117.73
img_3128.npy,2.93,118.30
img_3129.npy,2.86,119.27
img_313.npy,2.94,120.26
img_3130.npy,2.90,117.23
img_3131.npy,2.90,115.36
img_3132.npy,3.11,115.32
img_3133.npy,2.86,114.52
img_3134.npy,2.66,111.92
img_3135.npy,2.92,114.92
img_3136.npy,2.93,113.04
img_3137.npy,2.83,112.99
img_3138.npy,2.81,111.36
img_3139.npy,3.05,112.66
img_314.npy,2.88,119.71
img_3140.npy,2.82,118.14
img_3141.npy,2.81,121.12
img_3142.npy,3.00,122.00
img_3143.npy,2.90,120.54
img_3144.npy,2.99,120.78
img_3145.npy,3.29,119.12
img_3146.npy,3.08,120.10
img_3147.npy,2.90,119.64
img_3148.npy,2.91,120.64
img_3149.npy,2.94,114.14
img_315.npy,2.87,114.51
img_3150.npy,2.82,115.40
img_3151.npy,2.86,119.21
img_3152.npy,2.97,121.36
img_3153.npy,2.87,120.96
img_3154.npy,2.98,119.39
img_3155.npy,2.93,120.52
img_3156.npy,3.01,119.94
img_3157.npy,2.82,118.96
img_3158.npy,2.90,120.24
img_3159.npy,2.68,118.84
img_316.npy,3.44,115.11
img_3160.npy,2.99,110.01
img_3161.npy,2.92,112.24
img_3162.npy,2.91,113.97
img_3163.npy,2.95,114.85
img_3164.npy,2.81,112.87
img_3165.npy,2.91,114.41
img_3166.npy,3.03,112.79
img_3167.npy,2.92,114.96
img_3168.npy,2.79,122.95
img_3169.npy,2.92,115.04
img_317.npy,2.99,120.82
img_3170.npy,2.80,130.32
img_3171.npy,2.98,134.27
img_3172.npy,2.87,132.49
img_3173.npy,3.17,134.03
img_3174.npy,2.84,115.81
img_3175.npy,2.98,113.79
img_3176.npy,2.94,115.05
img_3177.npy,2.92,119.12
img_3178.npy,2.88,122.06
img_3179.npy,2.92,116.11
img_318.npy,2.82,115.12
img_3180.npy,3.03,117.71
img_3181.npy,2.92,134.31
img_3182.npy,2.86,133.80
img_3183.npy,2.96,114.18
img_3184.npy,2.93,114.53
img_3185.npy,2.88,115.87
img_3186.npy,3.04,119.51
img_3187.npy,3.05,120.95
img_3188.npy,3.16,127.34
img_3189.npy,2.92,132.25
img_319.npy,3.02,133.15
img_3190.npy,2.73,131.79
img_3191.npy,2.98,133.11
img_3192.npy,2.86,132.19
img_3193.npy,2.92,132.45
img_3194.npy,2.97,113.36
img_3195.npy,2.94,111.57
img_3196.npy,2.70,111.95
img_3197.npy,2.93,115.21
img_3198.npy,2.88,120.12
img_3199.npy,3.02,118.42
img_32.npy,3.01,119.04
img_320.npy,3.00,121.09
img_3200.npy,3.41,119.00
img_3201.npy,3.08,118.72
img_3202.npy,2.92,118.39
img_3203.npy,2.93,120.34
img_3204.npy,2.88,115.80
img_3205.npy,2.76,114.25
img_3206.npy,2.95,113.15
img_3207.npy,2.96,113.69
img_3208.npy,2.89,112.79
img_3209.npy,2.95,114.25
img_321.npy,2.79,113.77
img_3210.npy,2.84,116.12
img_3211.npy,2.87,121.65
img_3212.npy,2.81,122.31
img_3213.npy,2.97,122.12
img_3214.npy,3.03,122.44
img_3215.npy,2.89,124.22
img_3216.npy,2.82,122.41
img_3217.npy,2.70,121.80
img_3218.npy,2.86,113.86
img_3219.npy,2.86,113.18
img_322.npy,2.91,114.59
img_3220.npy,2.97,119.02
img_3221.npy,2.94,121.08
img_3222.npy,2.97,118.93
img_3223.npy,2.77,120.69
img_3224.npy,2.64,120.84
img_3225.npy,2.63,120.37
img_3226.npy,2.59,119.42
img_3227.npy,2.66,120.00
img_3228.npy,2.53,119.82
img_3229.npy,2.73,113.47
img_323.npy,2.59,113.32
img_3230.npy,3.21,115.21
img_3231.npy,2.61,119.29
img_3232.npy,2.69,118.44
img_3233.npy,2.62,114.35
img_3234.npy,2.67,114.07
img_3235.npy,2.71,113.07
img_3236.npy,2.70,113.20
img_3237.npy,2.63,114.70
img_3238.npy,2.65,113.46
img_3239.npy,2.69,116.56
img_324.npy,2.69,112.72
img_3240.npy,2.79,116.34
img_3241.npy,2.65,112.68
img_3242.npy,2.57,113.50
img_3243.npy,2.83,113.20
img_3244.npy,2.91,113.01
img_3245.npy,2.88,115.39
img_3246.npy,3.42,116.29
img_3247.npy,2.88,115.16
img_3248.npy,2.85,115.37
img_3249.npy,2.81,113.60
img_325.npy,2.98,116.88
img_3250.npy,2.88,115.37
img_3251.npy,2.92,114.75
img_3252.npy,2.84,112.86
img_3253.npy,2.90,113.73
img_3254.npy,2.91,113.38
img_3255.npy,2.77,114.51
img_3256.npy,2.87,116.03
img_3257.npy,2.89,112.86
img_3258.npy,2.98,114.68
img_3259.npy,2.82,113.54
img_326.npy,3.14,112.60
img_3260.npy,3.19,112.32
img_3261.npy,2.93,119.46
img_3262.npy,2.81,118.62
img_3263.npy,2.95,116.96
img_3264.npy,2.95,115.53
img_3265.npy,2.78,121.25
img_3266.npy,2.95,121.14
img_3267.npy,2.78,119.27
img_3268.npy,2.97,121.16
img_3269.npy,2.91,121.41
img_327.npy,2.97,120.63
img_3270.npy,2.97,110.55
img_3271.npy,2.89,112.76
img_3272.npy,2.84,114.54
img_3273.npy,3.14,114.69
img_3274.npy,3.02,114.71
img_3275.npy,2.93,113.65
img_3276.npy,2.97,112.31
img_3277.npy,2.98,112.91
img_3278.npy,2.91,113.45
img_3279.npy,2.94,115.92
img_328.npy,2.92,114.43
img_3280.npy,2.87,114.69
img_3281.npy,2.75,132.32
img_3282.npy,2.89,114.26
img_3283.npy,2.83,114.09
img_3284.npy,2.90,115.91
img_3285.npy,2.94,120.27
img_3286.npy,2.79,120.52
img_3287.npy,2.97,123.30
img_3288.npy,2.82,125.95
img_3289.npy,3.02,132.94
img_329.npy,3.17,135.09
img_3290.npy,2.87,133.70
img_3291.npy,2.96,134.03
img_3292.npy,2.82,133.79
img_3293.npy,2.86,116.54
img_3294.npy,2.90,114.92
img_3295.npy,2.91,115.02
img_3296.npy,2.78,119.42
img_3297.npy,2.82,120.60
img_3298.npy,2.93,122.81
img_3299.npy,2.99,125.88
img_33.npy,2.82,132.09
img_330.npy,2.74,132.20
img_3300.npy,2.87,131.03
img_3301.npy,2.87,131.80
img_3302.npy,2.74,131.13
img_3303.npy,3.64,121.99
img_3304.npy,2.72,111.55
img_3305.npy,3.10,113.77
img_3306.npy,2.94,114.93
img_3307.npy,2.98,114.03
img_3308.npy,2.81,119.56
img_3309.npy,2.88,121.41
img_331.npy,2.94,121.55
img_3310.npy,2.96,119.59
img_3311.npy,2.87,120.02
img_3312.npy,2.85,120.59
img_3313.npy,2.95,117.80
img_3314.npy,2.91,115.79
img_3315.npy,2.93,115.43
img_3316.npy,2.90,115.47
img_3317.npy,3.33,113.75
img_3318.npy,2.98,112.78
img_3319.npy,3.01,114.07
img_332.npy,2.96,112.95
img_3320.npy,2.94,113.72
img_3321.npy,2.97,114.52
img_3322.npy,2.94,120.78
img_3323.npy,2.92,118.06
img_3324.npy,2.70,119.32
img_3325.npy,2.96,120.54
img_3326.npy,2.87,121.89
img_3327.npy,2.68,118.88
img_3328.npy,2.73,120.84
img_3329.npy,2.86,111.10
img_333.npy,2.95,113.61
img_3330.npy,2.80,113.98
img_3331.npy,3.03,120.29
img_3332.npy,2.76,117.25
img_3333.npy,2.69,119.72
img_3334.npy,2.82,119.64
img_3335.npy,2.84,118.49
img_3336.npy,2.80,118.54
img_3337.npy,2.92,121.13
img_3338.npy,2.92,119.23
img_3339.npy,2.98,120.84
img_334.npy,2.95,111.29
img_3340.npy,2.92,113.74
img_3341.npy,2.77,114.02
img_3342.npy,2.88,113.99
img_3343.npy,2.95,118.75
img_3344.npy,2.91,121.77
img_3345.npy,2.87,120.45
img_3346.npy,2.98,119.89
img_3347.npy,3.03,118.93
img_3348.npy,3.04,116.62
img_3349.npy,2.87,116.29
img_335.npy,2.79,113.11
img_3350.npy,2.91,113.71
img_3351.npy,2.92,112.26
img_3352.npy,3.01,113.68
img_3353.npy,2.82,113.03
img_3354.npy,3.05,114.83
img_3355.npy,2.65,120.46
img_3356.npy,2.85,119.46
img_3357.npy,2.70,119.99
img_3358.npy,2.85,119.35
img_3359.npy,2.84,116.86
img_336.npy,2.90,120.33
img_3360.npy,2.86,119.96
img_3361.npy,2.94,120.53
img_3362.npy,3.25,121.84
img_3363.npy,3.06,114.76
img_3364.npy,2.85,115.27
img_3365.npy,2.87,121.11
img_3366.npy,2.88,121.45
img_3367.npy,3.00,120.28
img_3368.npy,2.88,121.61
img_3369.npy,2.75,122.20
img_337.npy,2.91,121.75
img_3370.npy,2.96,121.53
img_3371.npy,2.91,120.73
img_3372.npy,2.94,121.48
img_3373.npy,2.91,122.07
img_3374.npy,2.96,112.73
img_3375.npy,2.81,112.55
img_3376.npy,2.93,114.47
img_3377.npy,2.87,116.97
img_3378.npy,3.33,119.93
img_3379.npy,2.92,119.54
img_338.npy,3.04,120.75
img_3380.npy,2.91,120.14
img_3381.npy,2.92,117.65
img_3382.npy,2.76,115.70
img_3383.npy,2.68,115.20
img_3384.npy,2.92,116.11
img_3385.npy,3.08,111.88
img_3386.npy,2.92,113.48
img_3387.npy,2.97,114.11
img_3388.npy,2.97,110.10
img_3389.npy,2.84,115.41
img_339.npy,2.94,115.05
img_3390.npy,2.86,114.97
img_3391.npy,2.77,115.08
img_3392.npy,3.36,111.57
img_3393.npy,2.90,114.29
img_3394.npy,2.87,115.63
img_3395.npy,2.74,115.25
img_3396.npy,2.93,115.44
img_3397.npy,2.86,114.65
img_3398.npy,2.90,112.84
img_3399.npy,2.87,113.75
img_34.npy,2.93,114.92
img_340.npy,2.83,112.58
img_3400.npy,2.96,112.39
img_3401.npy,2.89,113.84
img_3402.npy,3.01,113.23
img_3403.npy,3.16,112.72
img_3404.npy,3.06,112.07
img_3405.npy,2.92,113.43
img_3406.npy,2.96,122.25
img_3407.npy,2.88,120.07
img_3408.npy,2.82,121.22
img_3409.npy,2.75,119.66
img_341.npy,2.88,113.14
img_3410.npy,2.93,113.78
img_3411.npy,2.93,115.37
img_3412.npy,2.79,119.25
img_3413.npy,2.91,115.48
img_3414.npy,2.90,113.33
img_3415.npy,2.91,115.03
img_3416.npy,2.78,113.69
img_3417.npy,2.95,114.19
img_3418.npy,2.89,114.64
img_3419.npy,2.90,114.71
img_342.npy,2.86,114.19
img_3420.npy,2.90,115.71
img_3421.npy,3.64,112.88
img_3422.npy,2.93,113.61
img_3423.npy,2.84,115.12
img_3424.npy,2.86,115.68
img_3425.npy,2.90,120.40
img_3426.npy,2.73,121.84
img_3427.npy,2.88,125.75
img_3428.npy,2.87,131.29
img_3429.npy,2.91,131.95
img_343.npy,2.89,133.52
img_3430.npy,2.87,133.98
img_3431.npy,2.80,131.90
img_3432.npy,2.84,122.76
img_3433.npy,2.71,115.64
img_3434.npy,2.63,116.92
img_3435.npy,2.74,120.95
img_3436.npy,2.75,121.16
img_3437.npy,3.42,127.26
img_3438.npy,3.00,132.38
img_3439.npy,2.71,131.37
img_344.npy,2.72,132.38
img_3440.npy,2.82,131.49
img_3441.npy,2.90,129.38
img_3442.npy,2.82,127.92
img_3443.npy,3.02,113.50
img_3444.npy,2.87,113.47
img_3445.npy,2.90,113.20
img_3446.npy,2.74,116.00
img_3447.npy,2.78,120.98
img_3448.npy,2.87,121.10
img_3449.npy,3.04,121.21
img_345.npy,2.78,121.23
img_3450.npy,2.96,119.73
img_3451.npy,3.18,120.00
img_3452.npy,3.23,121.49
img_3453.npy,2.91,120.39
img_3454.npy,2.99,119.51
img_3455.npy,2.89,117.77
img_3456.npy,2.97,114.77
img_3457.npy,2.88,113.38
img_3458.npy,2.97,113.71
img_3459.npy,2.90,112.65
img_346.npy,2.85,115.33
img_3460.npy,2.84,111.44
img_3461.npy,2.83,112.57
img_3462.npy,2.96,112.27
img_3463.npy,2.97,120.39
img_3464.npy,2.86,112.52
img_3465.npy,2.91,119.87
img_3466.npy,3.15,119.80
img_3467.npy,3.19,120.30
img_3468.npy,2.86,119.24
img_3469.npy,2.89,114.49
img_347.npy,2.98,113.95
img_3470.npy,2.90,115.41
img_3471.npy,2.73,119.18
img_3472.npy,2.72,119.38
img_3473.npy,2.71,118.86
img_3474.npy,2.76,120.86
img_3475.npy,2.83,117.77
img_3476.npy,2.95,120.73
img_3477.npy,2.87,119.42
img_3478.npy,2.82,121.30
img_3479.npy,2.68,119.16
img_348.npy,2.92,119.20
img_3480.npy,2.92,110.96
img_3481.npy,3.06,113.83
img_3482.npy,3.41,117.91
img_3483.npy,2.97,120.21
img_3484.npy,2.84,117.23
img_3485.npy,2.83,118.24
img_3486.npy,2.91,117.75
img_3487.npy,2.99,117.93
img_3488.npy,2.94,116.61
img_3489.npy,2.99,114.71
img_349.npy,2.96,114.69
img_3490.npy,2.83,114.56
img_3491.npy,2.85,113.66
img_3492.npy,2.91,112.43
img_3493.npy,2.88,113.77
img_3494.npy,2.84,112.37
img_3495.npy,2.83,112.61
img_3496.npy,2.89,114.77
img_3497.npy,3.58,112.55
img_3498.npy,2.88,111.45
img_3499.npy,2.87,112.96
img_35.npy,2.95,111.52
img_350.npy,2.88,115.36
img_3500.npy,2.74,126.05
img_3501.npy,2.78,131.75
img_3502.npy,2.78,133.75
img_3503.npy,2.89,132.38
img_3504.npy,2.88,115.83
img_3505.npy,2.91,114.22
img_3506.npy,2.88,116.71
img_3507.npy,2.93,120.41
img_3508.npy,2.88,122.03
img_3509.npy,3.05,126.00
img_351.npy,2.95,130.02
img_3510.npy,2.98,131.96
img_3511.npy,3.27,132.73
img_3512.npy,2.85,129.98
img_3513.npy,2.90,132.98
img_3514.npy,2.82,130.45
img_3515.npy,2.92,112.68
img_3516.npy,3.01,112.72
img_3517.npy,2.84,113.66
img_3518.npy,2.88,118.96
img_3519.npy,2.96,117.20
img_352.npy,2.77,122.57
img_3520.npy,2.94,119.00
img_3521.npy,2.96,119.86
img_3522.npy,2.72,117.53
img_3523.npy,2.84,119.65
img_3524.npy,2.87,117.73
img_3525.npy,2.90,114.55
img_3526.npy,3.28,118.03
img_3527.npy,3.12,111.94
img_3528.npy,3.01,112.81
img_3529.npy,2.95,115.16
img_353.npy,3.07,114.23
img_3530.npy,2.93,114.09
img_3531.npy,2.95,111.88
img_3532.npy,2.74,115.03
img_3533.npy,2.83,116.32
img_3534.npy,2.90,122.46
img_3535.npy,2.92,120.67
img_3536.npy,2.84,122.75
img_3537.npy,2.98,122.58
img_3538.npy,2.81,124.18
img_3539.npy,2.93,113.50
img_354.npy,2.83,112.37
img_3540.npy,3.00,114.72
img_3541.npy,3.42,121.07
img_3542.npy,2.90,122.29
img_3543.npy,2.94,120.17
img_3544.npy,2.96,121.36
img_3545.npy,2.86,122.96
img_3546.npy,2.68,124.05
img_3547.npy,2.71,124.04
img_3548.npy,2.79,123.59
img_3549.npy,2.90,123.55
img_355.npy,2.87,111.67
img_3550.npy,3.01,112.93
img_3551.npy,2.95,113.39
img_3552.npy,2.96,116.27
img_3553.npy,2.86,120.47
img_3554.npy,2.89,119.64
img_3555.npy,2.98,121.51
img_3556.npy,3.21,121.47
img_3557.npy,3.15,117.38
img_3558.npy,2.85,119.80
img_3559.npy,2.72,119.57
img_356.npy,2.83,117.21
img_3560.npy,2.98,115.39
img_3561.npy,2.90,115.65
img_3562.npy,2.95,112.14
img_3563.npy,2.85,112.86
img_3564.npy,2.85,114.27
img_3565.npy,2.89,112.86
img_3566.npy,2.97,113.54
img_3567.npy,2.91,112.32
img_3568.npy,2.88,119.31
img_3569.npy,2.68,118.58
img_357.npy,2.92,120.96
img_3570.npy,2.61,118.29
img_3571.npy,3.54,119.62
img_3572.npy,2.94,119.33
img_3573.npy,2.81,113.39
img_3574.npy,2.75,112.75
img_3575.npy,2.84,114.74
img_3576.npy,2.98,115.52
img_3577.npy,2.83,119.79
img_3578.npy,2.83,118.85
img_3579.npy,2.79,120.58
img_358.npy,2.89,116.32
img_3580.npy,3.12,114.57
img_3581.npy,2.96,115.39
img_3582.npy,2.87,114.86
img_3583.npy,2.75,113.22
img_3584.npy,2.89,114.14
img_3585.npy,2.94,112.64
img_3586.npy,2.90,114.31
img_3587.npy,3.13,112.41
img_3588.npy,2.89,113.70
img_3589.npy,2.98,113.59
img_359.npy,2.91,114.51
img_3590.npy,2.83,110.61
img_3591.npy,2.83,112.27
img_3592.npy,2.96,113.08
img_3593.npy,2.84,112.95
img_3594.npy,3.03,112.84
img_3595.npy,2.89,115.33
img_3596.npy,2.89,113.32
img_3597.npy,2.73,113.96
img_3598.npy,2.85,113.30
img_3599.npy,2.92,114.54
img_36.npy,2.84,115.83
img_360.npy,2.87,113.69
img_3600.npy,3.04,112.12
img_3601.npy,3.05,114.06
img_3602.npy,2.98,112.85
img_3603.npy,2.88,113.92
img_3604.npy,3.01,117.12
img_3605.npy,2.90,132.66
img_3606.npy,2.94,133.83
img_3607.npy,2.91,114.21
img_3608.npy,2.83,114.59
img_3609.npy,2.74,117.36
img_361.npy,2.96,121.19
img_3610.npy,2.78,122.13
img_3611.npy,2.92,126.80
img_3612.npy,2.89,128.84
img_3613.npy,2.92,132.17
img_3614.npy,2.73,134.86
img_3615.npy,2.82,133.23
img_3616.npy,3.23,132.88
img_3617.npy,3.15,115.50
img_3618.npy,2.94,115.98
img_3619.npy,2.96,114.10
img_362.npy,2.86,120.19
img_3620.npy,2.95,121.18
img_3621.npy,2.87,121.54
img_3622.npy,2.65,126.82
img_3623.npy,2.57,124.27
img_3624.npy,2.76,122.70
img_3625.npy,2.68,121.30
img_3626.npy,2.70,122.39
img_3627.npy,2.81,123.04
img_3628.npy,2.60,119.98
img_3629.npy,2.85,112.86
img_363.npy,2.91,112.82
img_3630.npy,2.85,112.82
img_3631.npy,3.13,120.07
img_3632.npy,3.19,117.64
img_3633.npy,2.83,117.20
img_3634.npy,2.69,113.39
img_3635.npy,2.94,114.77
img_3636.npy,2.80,112.92
img_3637.npy,2.87,113.64
img_3638.npy,2.91,113.66
img_3639.npy,2.87,113.97
img_364.npy,2.97,113.08
img_3640.npy,2.82,112.03
img_3641.npy,2.93,114.09
img_3642.npy,2.74,117.79
img_3643.npy,2.90,120.90
img_3644.npy,2.84,120.62
img_3645.npy,2.94,119.63
img_3646.npy,2.91,120.44
img_3647.npy,3.37,121.26
img_3648.npy,2.90,120.68
img_3649.npy,3.01,118.59
img_365.npy,2.91,120.26
img_3650.npy,2.92,121.97
img_3651.npy,2.80,113.19
img_3652.npy,2.79,112.64
img_3653.npy,2.94,114.72
img_3654.npy,3.05,115.86
img_3655.npy,2.94,119.62
img_3656.npy,2.91,120.89
img_3657.npy,2.96,120.34
img_3658.npy,2.95,119.57
img_3659.npy,2.93,120.63
img_366.npy,3.03,117.45
img_3660.npy,2.94,118.35
img_3661.npy,2.89,113.80
img_3662.npy,3.45,113.34
img_3663.npy,2.96,114.95
img_3664.npy,2.99,108.90
img_3665.npy,2.95,113.45
img_3666.npy,2.75,114.21
img_3667.npy,2.82,114.87
img_3668.npy,2.95,112.82
img_3669.npy,2.82,111.94
img_367.npy,2.86,113.15
img_3670.npy,2.73,113.70
img_3671.npy,2.99,128.29
img_3672.npy,2.92,133.49
img_3673.npy,2.95,133.83
img_3674.npy,2.75,132.89
img_3675.npy,2.89,133.84
img_3676.npy,2.84,118.97
img_3677.npy,3.00,114.03
img_3678.npy,3.23,120.82
img_3679.npy,2.85,120.32
img_368.npy,2.82,122.97
img_3680.npy,2.90,127.30
img_3681.npy,2.97,128.38
img_3682.npy,2.92,132.15
img_3683.npy,2.92,132.46
img_3684.npy,3.06,126.13
img_3685.npy,2.90,125.47
img_3686.npy,2.87,126.09
img_3687.npy,2.95,123.28
img_3688.npy,2.86,111.16
img_3689.npy,2.99,109.72
img_369.npy,2.74,115.00
img_3690.npy,2.94,112.95
img_3691.npy,2.98,118.58
img_3692.npy,3.63,119.46
img_3693.npy,2.96,115.59
img_3694.npy,2.87,114.94
img_3695.npy,2.89,115.08
img_3696.npy,3.00,114.88
img_3697.npy,2.90,112.86
img_3698.npy,2.95,114.52
img_3699.npy,2.87,113.34
img_37.npy,2.88,113.20
img_370.npy,2.93,111.92
img_3700.npy,2.94,114.52
img_3701.npy,2.87,113.73
img_3702.npy,3.00,113.45
img_3703.npy,2.78,121.15
img_3704.npy,2.79,121.66
img_3705.npy,2.83,120.97
img_3706.npy,2.92,120.04
img_3707.npy,3.28,120.64
img_3708.npy,2.95,119.61
img_3709.npy,2.78,120.80
img_371.npy,2.73,119.79
img_3710.npy,2.77,113.95
img_3711.npy,2.89,112.69
img_3712.npy,2.75,115.05
img_3713.npy,2.90,116.67
img_3714.npy,2.91,120.46
img_3715.npy,2.89,119.14
img_3716.npy,2.76,119.66
img_3717.npy,2.93,120.97
img_3718.npy,2.93,120.85
img_3719.npy,2.99,120.38
img_372.npy,2.85,119.52
img_3720.npy,2.81,116.90
img_3721.npy,3.20,121.12
img_3722.npy,3.02,111.18
img_3723.npy,2.97,113.35
img_3724.npy,2.97,115.19
img_3725.npy,2.92,116.32
img_3726.npy,2.94,120.08
img_3727.npy,2.82,118.72
img_3728.npy,2.87,117.40
img_3729.npy,2.96,116.18
img_373.npy,2.98,114.11
img_3730.npy,2.74,115.22
img_3731.npy,2.87,116.20
img_3732.npy,2.90,115.28
img_3733.npy,2.77,114.22
img_3734.npy,2.89,113.64
img_3735.npy,2.91,115.15
img_3736.npy,2.92,110.51
img_3737.npy,3.50,114.09
img_3738.npy,2.98,112.96
img_3739.npy,2.93,112.59
img_374.npy,2.92,112.04
img_3740.npy,3.02,115.00
img_3741.npy,2.80,115.92
img_3742.npy,2.95,115.05
img_3743.npy,2.66,114.71
img_3744.npy,3.03,113.75
img_3745.npy,2.85,113.83
img_3746.npy,2.96,114.83
img_3747.npy,2.90,117.44
img_3748.npy,3.01,113.89
img_3749.npy,2.83,119.63
img_375.npy,2.73,124.22
img_3750.npy,2.80,123.65
img_3751.npy,2.92,120.50
img_3752.npy,3.41,124.66
img_3753.npy,2.79,115.07
img_3754.npy,2.84,114.85
img_3755.npy,3.05,114.20
img_3756.npy,2.88,112.46
img_3757.npy,3.02,110.95
img_3758.npy,2.86,112.17
img_3759.npy,2.83,118.81
img_376.npy,2.88,119.33
img_3760.npy,2.95,118.09
img_3761.npy,2.71,117.45
img_3762.npy,2.95,115.84
img_3763.npy,2.94,114.82
img_3764.npy,2.91,116.40
img_3765.npy,2.82,115.98
img_3766.npy,3.10,115.89
img_3767.npy,3.04,112.43
img_3768.npy,2.86,112.45
img_3769.npy,2.95,115.51
img_377.npy,2.95,113.36
img_3770.npy,3.05,111.58
img_3771.npy,2.84,111.95
img_3772.npy,2.87,111.64
img_3773.npy,2.87,113.74
img_3774.npy,2.87,113.55
img_3775.npy,3.12,114.34
img_3776.npy,2.78,114.63
img_3777.npy,2.79,115.11
img_3778.npy,2.86,112.72
img_3779.npy,2.98,113.87
img_378.npy,2.89,113.63
img_3780.npy,2.79,117.49
img_3781.npy,2.94,120.89
img_3782.npy,2.76,125.00
img_3783.npy,2.85,130.98
img_3784.npy,2.85,133.40
img_3785.npy,2.88,134.03
img_3786.npy,2.94,131.91
img_3787.npy,2.79,130.10
img_3788.npy,2.75,114.93
img_3789.npy,2.96,112.94
img_379.npy,2.91,116.92
img_3790.npy,2.92,119.79
img_3791.npy,3.10,120.36
img_3792.npy,2.81,126.39
img_3793.npy,3.07,129.73
img_3794.npy,3.05,127.71
img_3795.npy,3.03,126.45
img_3796.npy,2.92,123.36
img_3797.npy,2.89,122.54
img_3798.npy,2.80,121.74
img_3799.npy,2.96,122.39
img_38.npy,2.89,111.36
img_380.npy,2.93,112.30
img_3800.npy,2.90,114.01
img_3801.npy,3.02,113.11
img_3802.npy,2.96,118.49
img_3803.npy,3.23,119.27
img_3804.npy,2.82,116.21
img_3805.npy,2.92,114.35
img_3806.npy,2.82,113.24
img_3807.npy,2.95,114.20
img_3808.npy,2.98,112.42
img_3809.npy,2.81,110.79
img_381.npy,2.60,112.52
img_3810.npy,2.99,112.90
img_3811.npy,2.93,111.83
img_3812.npy,2.89,113.29
img_3813.npy,2.91,115.70
img_3814.npy,2.90,120.68
img_3815.npy,2.84,121.64
img_3816.npy,3.33,121.06
img_3817.npy,2.96,119.06
img_3818.npy,2.91,124.12
img_3819.npy,2.81,121.64
img_382.npy,2.83,122.27
img_3820.npy,2.93,114.28
img_3821.npy,2.74,113.58
img_3822.npy,2.83,114.64
img_3823.npy,2.83,119.79
img_3824.npy,3.08,119.84
img_3825.npy,2.93,122.97
img_3826.npy,2.94,123.52
img_3827.npy,2.86,121.56
img_3828.npy,2.99,122.19
img_3829.npy,2.92,122.75
img_383.npy,3.01,119.43
img_3830.npy,2.88,120.37
img_3831.npy,2.94,121.02
img_3832.npy,2.88,114.21
img_3833.npy,2.70,113.29
img_3834.npy,2.87,114.14
img_3835.npy,3.01,115.49
img_3836.npy,2.98,116.54
img_3837.npy,2.90,119.31
img_3838.npy,2.93,114.61
img_3839.npy,2.97,115.57
img_384.npy,2.85,112.53
img_3840.npy,2.85,114.02
img_3841.npy,2.89,112.80
img_3842.npy,3.40,115.30
img_3843.npy,2.83,113.14
img_3844.npy,2.92,114.07
img_3845.npy,2.89,111.57
img_3846.npy,2.75,112.91
img_3847.npy,2.71,115.26
img_3848.npy,3.02,115.60
img_3849.npy,2.90,114.77
img_385.npy,2.84,115.31
img_3850.npy,2.83,113.31
img_3851.npy,2.78,115.56
img_3852.npy,2.91,116.79
img_3853.npy,2.80,116.27
img_3854.npy,2.69,116.33
img_3855.npy,2.85,116.44
img_3856.npy,3.47,114.26
img_3857.npy,2.77,115.24
img_3858.npy,2.74,113.68
img_3859.npy,2.79,114.39
img_386.npy,2.88,115.26
img_3860.npy,2.93,113.56
img_3861.npy,2.68,113.46
img_3862.npy,2.80,114.29
img_3863.npy,2.97,111.35
img_3864.npy,2.88,109.91
img_3865.npy,2.87,112.74
img_3866.npy,2.87,111.88
img_3867.npy,3.07,119.72
img_3868.npy,2.92,111.33
img_3869.npy,2.90,114.16
img_387.npy,3.43,115.21
img_3870.npy,2.71,117.09
img_3871.npy,2.92,115.06
img_3872.npy,2.93,116.77
img_3873.npy,2.92,110.65
img_3874.npy,2.68,114.62
img_3875.npy,2.89,114.75
img_3876.npy,2.87,115.24
img_3877.npy,2.83,115.66
img_3878.npy,2.90,113.61
img_3879.npy,2.81,113.77
img_388.npy,2.58,114.37
img_3880.npy,2.79,113.78
img_3881.npy,2.89,113.87
img_3882.npy,2.95,112.70
img_3883.npy,3.30,120.70
img_3884.npy,2.79,112.15
img_3885.npy,2.64,123.67
img_3886.npy,2.96,119.67
img_3887.npy,2.84,130.76
img_3888.npy,2.91,116.79
img_3889.npy,2.87,133.88
img_389.npy,2.99,113.80
img_3890.npy,2.90,114.29
img_3891.npy,2.86,113.84
img_3892.npy,2.89,118.77
img_3893.npy,2.90,121.25
img_3894.npy,2.68,120.56
img_3895.npy,2.91,125.01
img_3896.npy,2.89,123.33
img_3897.npy,3.04,124.04
img_3898.npy,3.11,124.03
img_3899.npy,2.80,122.18
img_39.npy,2.94,121.57
img_390.npy,2.96,114.23
img_3900.npy,2.91,113.04
img_3901.npy,2.92,113.07
img_3902.npy,2.83,118.16
img_3903.npy,2.97,120.37
img_3904.npy,2.97,118.29
img_3905.npy,2.98,119.65
img_3906.npy,2.82,119.22
img_3907.npy,2.81,118.89
img_3908.npy,2.75,119.29
img_3909.npy,2.87,117.33
img_391.npy,2.74,120.13
img_3910.npy,3.30,110.71
img_3911.npy,2.66,113.96
img_3912.npy,2.92,116.02
img_3913.npy,2.91,117.15
img_3914.npy,3.04,113.78
img_3915.npy,2.93,115.42
img_3916.npy,2.95,115.12
img_3917.npy,2.94,110.32
img_3918.npy,2.97,115.14
img_3919.npy,2.87,113.50
img_392.npy,2.93,112.97
img_3920.npy,2.82,115.01
img_3921.npy,2.93,116.04
img_3922.npy,2.89,111.98
img_3923.npy,2.86,113.81
img_3924.npy,3.19,113.19
img_3925.npy,2.78,113.22
img_3926.npy,2.88,119.04
img_3927.npy,2.92,120.08
img_3928.npy,2.98,117.30
img_3929.npy,2.80,124.27
img_393.npy,2.78,130.79
img_3930.npy,2.78,123.86
img_3931.npy,2.94,134.37
img_3932.npy,2.88,134.23
img_3933.npy,2.95,131.82
img_3934.npy,2.98,114.56
img_3935.npy,2.99,116.35
img_3936.npy,2.88,116.48
img_3937.npy,2.90,119.81
img_3938.npy,3.32,121.43
img_3939.npy,2.99,127.00
img_394.npy,2.76,129.57
img_3940.npy,3.06,127.15
img_3941.npy,2.93,125.55
img_3942.npy,2.99,123.71
img_3943.npy,2.93,119.91
img_3944.npy,2.79,118.30
img_3945.npy,2.84,120.45
img_3946.npy,2.93,111.48
img_3947.npy,2.81,111.73
img_3948.npy,2.96,115.99
img_3949.npy,2.83,115.75
img_395.npy,2.82,115.52
img_3950.npy,2.86,115.02
img_3951.npy,2.95,113.55
img_3952.npy,3.04,115.02
img_3953.npy,2.83,116.20
img_3954.npy,2.91,113.92
img_3955.npy,2.54,113.68
img_3956.npy,2.85,114.81
img_3957.npy,2.85,115.51
img_3958.npy,2.73,114.87
img_3959.npy,2.81,115.02
img_396.npy,2.63,113.30
img_3960.npy,2.85,112.84
img_3961.npy,3.11,111.30
img_3962.npy,2.98,116.11
img_3963.npy,2.71,131.82
img_3964.npy,2.83,132.14
img_3965.npy,2.60,131.42
img_3966.npy,2.90,134.70
img_3967.npy,2.92,115.69
img_3968.npy,2.69,116.08
img_3969.npy,2.89,121.15
img_397.npy,2.87,121.50
img_3970.npy,2.86,125.32
img_3971.npy,2.97,130.98
img_3972.npy,2.95,131.24
img_3973.npy,2.92,131.52
img_3974.npy,2.83,131.06
img_3975.npy,2.73,132.86
img_3976.npy,2.86,115.08
img_3977.npy,2.80,112.72
img_3978.npy,2.86,113.75
img_3979.npy,2.87,113.18
img_398.npy,2.89,116.09
img_3980.npy,2.99,120.91
img_3981.npy,3.16,120.33
img_3982.npy,2.97,122.20
img_3983.npy,2.91,120.51
img_3984.npy,2.85,121.68
img_3985.npy,2.76,119.22
img_3986.npy,2.90,120.65
img_3987.npy,2.86,120.29
img_3988.npy,2.87,116.20
img_3989.npy,2.93,111.18
img_399.npy,2.93,113.92
img_3990.npy,2.91,113.12
img_3991.npy,2.99,114.58
img_3992.npy,2.76,112.41
img_3993.npy,2.79,113.61
img_3994.npy,2.95,112.57
img_3995.npy,3.34,114.05
img_3996.npy,2.88,109.91
img_3997.npy,2.88,110.68
img_3998.npy,2.93,113.51
img_3999.npy,2.77,121.06
img_4.npy,2.93,120.38
img_40.npy,2.95,119.94
img_400.npy,2.86,113.48
img_4000.npy,2.88,113.55
img_4001.npy,2.96,117.87
img_4002.npy,2.83,121.36
img_4003.npy,2.92,120.27
img_4004.npy,2.83,120.68
img_4005.npy,2.93,121.55
img_4006.npy,2.77,123.00
img_4007.npy,2.84,121.36
img_4008.npy,3.48,121.33
img_4009.npy,2.85,121.26
img_401.npy,2.92,113.62
img_4010.npy,2.93,111.72
img_4011.npy,2.79,118.14
img_4012.npy,2.78,119.44
img_4013.npy,2.87,120.71
img_4014.npy,2.91,119.96
img_4015.npy,2.92,121.82
img_4016.npy,2.81,119.70
img_4017.npy,2.95,120.07
img_4018.npy,2.81,120.50
img_4019.npy,2.92,120.97
img_402.npy,3.02,117.68
img_4020.npy,2.76,113.44
img_4021.npy,2.95,113.23
img_4022.npy,3.21,117.73
img_4023.npy,3.03,119.06
img_4024.npy,3.01,119.64
img_4025.npy,2.85,119.77
img_4026.npy,2.88,120.33
img_4027.npy,2.93,119.27
img_4028.npy,2.76,120.08
img_4029.npy,2.78,119.92
img_403.npy,2.81,120.45
img_4030.npy,2.96,114.89
img_4031.npy,3.02,113.75
img_4032.npy,2.83,113.48
img_4033.npy,2.90,115.28
img_4034.npy,2.90,111.77
img_4035.npy,3.20,113.42
img_4036.npy,3.03,112.18
img_4037.npy,2.83,114.57
img_4038.npy,3.03,117.32
img_4039.npy,2.94,116.98
img_404.npy,2.95,118.18
img_4040.npy,2.79,121.34
img_4041.npy,2.84,112.93
img_4042.npy,2.84,114.33
img_4043.npy,2.76,113.75
img_4044.npy,2.94,118.12
img_4045.npy,2.88,121.36
img_4046.npy,2.80,117.38
img_4047.npy,2.72,119.55
img_4048.npy,2.78,120.62
img_4049.npy,2.90,121.00
img_405.npy,2.96,122.35
img_4050.npy,2.71,121.17
img_4051.npy,3.24,125.78
img_4052.npy,2.85,111.22
img_4053.npy,2.90,113.84
img_4054.npy,2.91,115.46
img_4055.npy,2.98,119.12
img_4056.npy,2.69,121.38
img_4057.npy,3.00,124.34
img_4058.npy,2.84,122.78
img_4059.npy,2.90,121.36
img_406.npy,2.83,121.81
img_4060.npy,2.86,121.29
img_4061.npy,2.89,120.68
img_4062.npy,3.00,120.56
img_4063.npy,2.75,121.24
img_4064.npy,2.79,110.29
img_4065.npy,2.96,113.86
img_4066.npy,3.38,120.42
img_4067.npy,2.88,121.41
img_4068.npy,2.88,121.67
img_4069.npy,2.81,120.88
img_407.npy,2.81,120.10
img_4070.npy,2.85,121.36
img_4071.npy,2.97,120.24
img_4072.npy,2.90,118.14
img_4073.npy,2.84,117.88
img_4074.npy,2.90,113.60
img_4075.npy,2.95,112.31
img_4076.npy,2.91,110.40
img_4077.npy,2.93,113.77
img_4078.npy,2.89,112.66
img_4079.npy,2.77,113.97
img_408.npy,2.77,111.23
img_4080.npy,3.26,112.63
img_4081.npy,2.89,111.19
img_4082.npy,2.96,120.45
img_4083.npy,2.89,121.03
img_4084.npy,2.80,113.09
img_4085.npy,2.94,110.80
img_4086.npy,2.95,114.81
img_4087.npy,2.89,120.45
img_4088.npy,2.96,121.33
img_4089.npy,2.82,123.15
img_409.npy,2.96,121.86
img_4090.npy,2.87,121.01
img_4091.npy,2.96,121.66
img_4092.npy,2.91,122.99
img_4093.npy,2.78,120.59
img_4094.npy,2.75,122.85
img_4095.npy,3.26,114.26
img_4096.npy,2.86,113.62
img_4097.npy,2.97,114.70
img_4098.npy,2.90,120.03
img_4099.npy,2.98,120.99
img_41.npy,2.92,121.88
img_410.npy,2.89,122.73
img_4100.npy,2.89,122.80
img_4101.npy,2.98,122.05
img_4102.npy,2.84,120.39
img_4103.npy,2.80,120.57
img_4104.npy,2.93,119.57
img_4105.npy,2.96,117.01
img_4106.npy,3.01,112.32
img_4107.npy,2.94,114.14
img_4108.npy,2.72,115.68
img_4109.npy,3.27,114.71
img_411.npy,2.95,114.00
img_4110.npy,2.89,114.60
img_4111.npy,2.90,111.05
img_4112.npy,2.92,113.55
img_4113.npy,2.87,111.45
img_4114.npy,2.92,111.59
img_4115.npy,2.91,112.16
img_4116.npy,2.88,113.74
img_4117.npy,2.92,111.12
img_4118.npy,2.96,111.00
img_4119.npy,2.97,113.72
img_412.npy,3.00,120.64
img_4120.npy,2.91,120.32
img_4121.npy,2.92,119.73
img_4122.npy,3.11,118.70
img_4123.npy,3.08,121.31
img_4124.npy,2.80,121.49
img_4125.npy,2.93,120.08
img_4126.npy,2.81,119.91
img_4127.npy,2.95,115.77
img_4128.npy,2.85,114.14
img_4129.npy,2.86,116.04
img_413.npy,2.91,119.01
img_4130.npy,2.90,120.64
img_4131.npy,3.01,119.98
img_4132.npy,2.86,121.62
img_4133.npy,2.87,122.28
img_4134.npy,2.84,120.09
img_4135.npy,2.98,121.51
img_4136.npy,2.85,119.75
img_4137.npy,3.46,118.66
img_4138.npy,3.01,116.16
img_4139.npy,2.78,110.72
img_414.npy,2.76,113.82
img_4140.npy,2.98,117.14
img_4141.npy,2.64,115.32
img_4142.npy,2.91,115.61
img_4143.npy,2.77,113.88
img_4144.npy,2.88,114.02
img_4145.npy,2.91,113.81
img_4146.npy,3.01,114.00
img_4147.npy,2.86,113.04
img_4148.npy,2.82,112.68
img_4149.npy,2.91,114.59
img_415.npy,2.90,114.47
img_4150.npy,2.88,111.72
img_4151.npy,2.98,113.26
img_4152.npy,2.92,113.19
img_4153.npy,2.88,113.74
img_4154.npy,2.82,113.66
img_4155.npy,2.82,116.02
img_4156.npy,2.89,112.70
img_4157.npy,2.90,115.48
img_4158.npy,2.74,114.07
img_4159.npy,2.87,116.37
img_416.npy,2.91,116.34
img_4160.npy,2.85,111.89
img_4161.npy,2.75,112.16
img_4162.npy,2.71,111.32
img_4163.npy,2.85,113.59
img_4164.npy,2.94,110.43
img_4165.npy,2.85,114.27
img_4166.npy,2.91,112.56
img_4167.npy,3.44,112.19
img_4168.npy,2.97,119.24
img_4169.npy,2.94,112.24
img_417.npy,2.95,122.17
img_4170.npy,2.97,111.43
img_4171.npy,2.90,113.79
img_4172.npy,2.91,115.83
img_4173.npy,2.78,115.97
img_4174.npy,3.00,113.72
img_4175.npy,2.84,120.11
img_4176.npy,2.92,118.34
img_4177.npy,2.81,113.92
img_4178.npy,3.01,118.89
img_4179.npy,2.92,118.02
img_418.npy,3.00,120.48
img_4180.npy,3.26,112.14
img_4181.npy,3.03,114.36
img_4182.npy,2.92,114.81
img_4183.npy,2.80,114.34
img_4184.npy,2.93,114.04
img_4185.npy,2.92,112.61
img_4186.npy,2.91,113.82
img_4187.npy,3.03,116.54
img_4188.npy,2.88,118.27
img_4189.npy,2.94,116.73
img_419.npy,2.81,120.49
img_4190.npy,2.78,116.87
img_4191.npy,2.92,112.20
img_4192.npy,2.86,116.00
img_4193.npy,2.84,114.15
img_4194.npy,2.96,115.23
img_4195.npy,2.88,119.96
img_4196.npy,3.43,122.45
img_4197.npy,2.91,125.86
img_4198.npy,2.91,132.52
img_4199.npy,2.62,130.34
img_42.npy,2.76,132.00
img_420.npy,2.66,130.56
img_4200.npy,2.75,128.26
img_4201.npy,2.89,112.00
img_4202.npy,2.97,113.31
img_4203.npy,2.85,115.74
img_4204.npy,2.91,119.86
img_4205.npy,2.90,120.46
img_4206.npy,2.99,117.89
img_4207.npy,2.92,119.82
img_4208.npy,2.97,113.81
img_4209.npy,2.78,120.46
img_421.npy,3.43,119.66
img_4210.npy,2.83,119.53
img_4211.npy,3.00,114.79
img_4212.npy,2.94,111.77
img_4213.npy,2.80,112.68
img_4214.npy,2.90,111.52
img_4215.npy,2.75,114.93
img_4216.npy,2.95,113.61
img_4217.npy,2.87,114.32
img_4218.npy,2.90,112.33
img_4219.npy,2.97,115.64
img_422.npy,2.92,114.04
img_4220.npy,2.90,115.56
img_4221.npy,2.94,112.28
img_4222.npy,2.90,113.78
img_4223.npy,2.92,114.55
img_4224.npy,2.99,114.42
img_4225.npy,3.37,117.04
img_4226.npy,2.84,120.20
img_4227.npy,2.88,121.04
img_4228.npy,2.78,125.62
img_4229.npy,2.98,130.52
img_423.npy,2.73,132.19
img_4230.npy,2.86,131.43
img_4231.npy,2.89,133.21
img_4232.npy,2.82,135.34
img_4233.npy,2.92,120.48
img_4234.npy,2.90,116.51
img_4235.npy,2.93,116.87
img_4236.npy,2.87,119.71
img_4237.npy,2.78,120.11
img_4238.npy,2.91,123.34
img_4239.npy,2.85,126.70
img_424.npy,3.44,131.62
img_4240.npy,2.88,133.05
img_4241.npy,2.82,132.86
img_4242.npy,2.95,131.32
img_4243.npy,2.79,131.27
img_4244.npy,2.91,113.15
img_4245.npy,2.92,112.77
img_4246.npy,2.87,112.36
img_4247.npy,2.92,115.76
img_4248.npy,2.86,118.58
img_4249.npy,2.91,121.11
img_425.npy,2.78,120.54
img_4250.npy,2.85,120.93
img_4251.npy,2.90,120.54
img_4252.npy,2.87,120.81
img_4253.npy,2.91,120.43
img_4254.npy,3.60,120.19
img_4255.npy,2.92,116.91
img_4256.npy,2.78,120.04
img_4257.npy,2.66,112.49
img_4258.npy,2.86,114.37
img_4259.npy,2.90,114.40
img_426.npy,2.79,115.35
img_4260.npy,2.87,113.64
img_4261.npy,2.93,114.54
img_4262.npy,2.89,112.58
img_4263.npy,2.99,113.07
img_4264.npy,2.92,112.42
img_4265.npy,2.94,113.44
img_4266.npy,2.99,120.73
img_4267.npy,2.85,119.97
img_4268.npy,3.00,120.14
img_4269.npy,3.19,110.91
img_427.npy,2.90,114.27
img_4270.npy,2.91,113.17
img_4271.npy,2.88,118.27
img_4272.npy,2.76,120.57
img_4273.npy,2.89,121.52
img_4274.npy,2.91,121.66
img_4275.npy,2.82,120.69
img_4276.npy,2.91,121.28
img_4277.npy,2.80,121.47
img_4278.npy,2.86,120.71
img_4279.npy,2.76,123.01
img_428.npy,2.86,114.04
img_4280.npy,2.92,113.51
img_4281.npy,2.90,118.82
img_4282.npy,2.92,118.95
img_4283.npy,2.85,123.61
img_4284.npy,3.33,126.91
img_4285.npy,2.95,124.37
img_4286.npy,2.86,125.70
img_4287.npy,2.99,127.32
img_4288.npy,2.97,125.81
img_4289.npy,2.79,126.59
img_429.npy,2.85,110.98
img_4290.npy,2.80,113.39
img_4291.npy,2.95,114.36
img_4292.npy,2.79,117.60
img_4293.npy,2.96,117.92
img_4294.npy,2.86,121.35
img_4295.npy,2.95,122.36
img_4296.npy,2.94,119.24
img_4297.npy,2.92,121.04
img_4298.npy,2.91,120.08
img_4299.npy,3.47,121.42
img_43.npy,2.90,120.68
img_430.npy,2.93,120.56
img_4300.npy,2.78,113.60
img_4301.npy,2.95,114.58
img_4302.npy,2.92,116.31
img_4303.npy,2.92,119.05
img_4304.npy,2.88,114.79
img_4305.npy,2.86,115.88
img_4306.npy,2.69,114.77
img_4307.npy,2.84,113.43
img_4308.npy,2.90,113.64
img_4309.npy,2.94,114.85
img_431.npy,2.87,113.06
img_4310.npy,3.00,113.31
img_4311.npy,2.98,113.69
img_4312.npy,3.47,113.43
img_4313.npy,2.93,113.27
img_4314.npy,2.95,115.17
img_4315.npy,2.84,119.13
img_4316.npy,2.96,119.82
img_4317.npy,2.92,119.44
img_4318.npy,2.86,118.95
img_4319.npy,2.69,119.29
img_432.npy,2.69,121.77
img_4320.npy,2.77,121.71
img_4321.npy,2.66,121.27
img_4322.npy,2.96,115.30
img_4323.npy,2.92,112.59
img_4324.npy,2.90,114.44
img_4325.npy,2.79,121.96
img_4326.npy,2.81,120.28
img_4327.npy,2.88,119.11
img_4328.npy,2.98,117.42
img_4329.npy,2.83,119.61
img_433.npy,2.76,121.18
img_4330.npy,2.93,119.77
img_4331.npy,2.90,120.40
img_4332.npy,2.99,119.25
img_4333.npy,2.91,113.32
img_4334.npy,2.80,114.92
img_4335.npy,2.87,119.34
img_4336.npy,2.97,115.94
img_4337.npy,2.98,115.80
img_4338.npy,2.92,114.44
img_4339.npy,2.77,115.48
img_434.npy,2.83,114.72
img_4340.npy,2.81,116.30
img_4341.npy,2.92,114.61
img_4342.npy,3.32,115.25
img_4343.npy,2.87,109.63
img_4344.npy,2.87,113.08
img_4345.npy,2.88,115.75
img_4346.npy,2.89,115.79
img_4347.npy,2.80,110.91
img_4348.npy,2.88,114.33
img_4349.npy,2.80,112.81
img_435.npy,2.70,113.74
img_4350.npy,2.80,113.86
img_4351.npy,2.91,115.23
img_4352.npy,2.86,114.85
img_4353.npy,2.87,113.77
img_4354.npy,3.00,111.44
img_4355.npy,2.91,115.39
img_4356.npy,3.04,114.77
img_4357.npy,3.03,113.93
img_4358.npy,2.88,113.03
img_4359.npy,2.89,112.97
img_436.npy,2.91,112.56
img_4360.npy,2.90,115.21
img_4361.npy,2.96,113.95
img_4362.npy,2.91,114.00
img_4363.npy,2.77,115.07
img_4364.npy,2.77,116.01
img_4365.npy,2.92,114.59
img_4366.npy,2.89,115.71
img_4367.npy,2.68,111.54
img_4368.npy,3.02,114.42
img_4369.npy,2.95,113.26
img_437.npy,2.89,112.04
img_4370.npy,3.01,114.33
img_4371.npy,3.30,114.24
img_4372.npy,3.06,127.62
img_4373.npy,2.93,120.20
img_4374.npy,2.92,124.62
img_4375.npy,2.80,113.51
img_4376.npy,2.87,113.98
img_4377.npy,2.92,113.30
img_4378.npy,2.96,112.07
img_4379.npy,2.76,119.05
img_438.npy,3.01,122.71
img_4380.npy,2.86,114.80
img_4381.npy,2.87,116.23
img_4382.npy,2.91,119.63
img_4383.npy,3.04,116.05
img_4384.npy,2.91,115.30
img_4385.npy,2.81,114.14
img_4386.npy,2.71,114.60
img_4387.npy,3.52,115.21
img_4388.npy,2.86,115.46
img_4389.npy,2.99,115.06
img_439.npy,2.99,109.98
img_4390.npy,3.00,119.20
img_4391.npy,2.85,119.21
img_4392.npy,2.91,114.47
img_4393.npy,3.07,125.50
img_4394.npy,2.98,131.97
img_4395.npy,2.86,131.52
img_4396.npy,2.86,133.70
img_4397.npy,2.93,133.61
img_4398.npy,2.78,133.33
img_4399.npy,2.92,114.68
img_44.npy,2.76,115.19
img_440.npy,2.88,119.90
img_4400.npy,3.00,119.75
img_4401.npy,2.77,122.00
img_4402.npy,2.67,131.04
img_4403.npy,2.88,131.35
img_4404.npy,2.73,132.05
img_4405.npy,2.94,131.43
img_4406.npy,2.85,132.25
img_4407.npy,2.95,114.64
img_4408.npy,2.86,115.38
img_4409.npy,2.85,115.04
img_441.npy,2.84,120.84
img_4410.npy,2.91,121.44
img_4411.npy,2.86,127.01
img_4412.npy,2.73,127.53
img_4413.npy,2.78,126.83
img_4414.npy,3.06,124.40
img_4415.npy,3.13,125.31
img_4416.npy,2.86,124.14
img_4417.npy,2.80,112.32
img_4418.npy,2.94,112.37
img_4419.npy,2.89,115.25
img_442.npy,2.84,118.02
img_4420.npy,2.84,122.08
img_4421.npy,2.87,121.91
img_4422.npy,2.66,121.95
img_4423.npy,2.74,120.54
img_4424.npy,2.85,120.68
img_4425.npy,2.99,121.73
img_4426.npy,2.88,120.23
img_4427.npy,2.91,121.01
img_4428.npy,2.87,113.01
img_4429.npy,3.10,113.91
img_443.npy,3.05,117.63
img_4430.npy,2.88,121.84
img_4431.npy,2.74,120.40
img_4432.npy,2.74,119.82
img_4433.npy,2.71,119.62
img_4434.npy,2.90,120.18
img_4435.npy,2.87,120.58
img_4436.npy,2.88,120.90
img_4437.npy,2.60,120.55
img_4438.npy,2.72,116.38
img_4439.npy,2.81,115.87
img_444.npy,2.76,116.86
img_4440.npy,2.77,116.97
img_4441.npy,2.79,116.39
img_4442.npy,2.76,115.23
img_4443.npy,2.85,113.99
img_4444.npy,3.04,115.75
img_4445.npy,2.88,115.29
img_4446.npy,2.96,115.62
img_4447.npy,2.96,114.78
img_4448.npy,2.71,115.49
img_4449.npy,2.79,115.21
img_445.npy,2.91,114.51
img_4450.npy,2.87,112.83
img_4451.npy,2.84,113.61
img_4452.npy,2.75,113.59
img_4453.npy,2.93,114.38
img_4454.npy,2.86,114.86
img_4455.npy,2.76,113.90
img_4456.npy,2.75,114.50
img_4457.npy,2.81,114.75
img_4458.npy,2.74,114.38
img_4459.npy,3.30,119.52
img_446.npy,2.94,120.07
img_4460.npy,2.79,123.47
img_4461.npy,2.75,127.57
img_4462.npy,2.83,131.53
img_4463.npy,2.80,132.05
img_4464.npy,2.88,133.98
img_4465.npy,2.75,134.05
img_4466.npy,2.62,133.60
img_4467.npy,2.86,114.57
img_4468.npy,2.89,113.67
img_4469.npy,2.85,119.72
img_447.npy,2.78,121.48
img_4470.npy,2.79,122.66
img_4471.npy,2.89,125.10
img_4472.npy,2.85,131.60
img_4473.npy,3.40,133.86
img_4474.npy,2.89,133.26
img_4475.npy,2.84,133.62
img_4476.npy,2.97,114.74
img_4477.npy,2.89,115.69
img_4478.npy,2.92,117.05
img_4479.npy,2.77,120.71
img_448.npy,2.79,121.45
img_4480.npy,2.87,125.45
img_4481.npy,2.94,131.71
img_4482.npy,2.85,131.83
img_4483.npy,2.97,132.61
img_4484.npy,2.87,132.03
img_4485.npy,2.61,130.08
img_4486.npy,2.94,128.23
img_4487.npy,3.30,112.75
img_4488.npy,2.95,113.57
img_4489.npy,3.00,115.16
img_449.npy,2.96,118.54
img_4490.npy,2.98,119.93
img_4491.npy,3.01,123.25
img_4492.npy,2.90,123.24
img_4493.npy,2.74,122.20
img_4494.npy,2.80,121.57
img_4495.npy,2.90,122.88
img_4496.npy,2.88,121.43
img_4497.npy,2.80,114.54
img_4498.npy,2.87,113.29
img_4499.npy,2.88,113.87
img_45.npy,2.99,119.16
img_450.npy,2.94,121.70
img_4500.npy,3.14,121.30
img_4501.npy,2.96,120.20
img_4502.npy,2.88,121.38
img_4503.npy,2.91,121.29
img_4504.npy,2.92,122.07
img_4505.npy,2.86,121.57
img_4506.npy,2.90,121.50
img_4507.npy,2.74,112.07
img_4508.npy,2.88,113.91
img_4509.npy,2.84,116.05
img_451.npy,3.24,117.75
img_4510.npy,2.92,118.42
img_4511.npy,2.86,116.47
img_4512.npy,2.90,114.43
img_4513.npy,2.95,115.29
img_4514.npy,2.89,115.29
img_4515.npy,2.90,116.26
img_4516.npy,2.72,116.91
img_4517.npy,2.94,112.57
img_4518.npy,2.78,115.04
img_4519.npy,2.92,116.40
img_452.npy,2.87,114.02
img_4520.npy,3.03,112.32
img_4521.npy,2.91,114.19
img_4522.npy,2.96,116.86
img_4523.npy,2.93,123.50
img_4524.npy,2.92,115.79
img_4525.npy,2.88,116.89
img_4526.npy,2.87,117.78
img_4527.npy,2.95,115.10
img_4528.npy,2.88,122.29
img_4529.npy,2.92,115.51
img_453.npy,3.32,115.51
img_4530.npy,2.91,119.07
img_4531.npy,2.89,120.07
img_4532.npy,2.86,122.59
img_4533.npy,2.88,125.86
img_4534.npy,2.89,130.73
img_4535.npy,2.82,133.11
img_4536.npy,2.84,131.79
img_4537.npy,3.01,133.94
img_4538.npy,2.67,135.04
img_4539.npy,2.62,116.33
img_454.npy,2.80,116.29
img_4540.npy,2.74,116.04
img_4541.npy,2.84,119.41
img_4542.npy,2.77,123.12
img_4543.npy,2.89,126.32
img_4544.npy,3.37,131.53
img_4545.npy,2.87,131.81
img_4546.npy,2.94,131.70
img_4547.npy,2.84,129.98
img_4548.npy,2.62,128.46
img_4549.npy,2.91,113.23
img_455.npy,2.95,110.15
img_4550.npy,2.92,114.81
img_4551.npy,2.75,118.25
img_4552.npy,2.92,119.95
img_4553.npy,2.80,123.04
img_4554.npy,2.88,124.05
img_4555.npy,2.88,121.01
img_4556.npy,2.89,122.54
img_4557.npy,2.88,121.13
img_4558.npy,3.01,121.80
img_4559.npy,3.04,119.61
img_456.npy,3.13,111.77
img_4560.npy,2.80,113.02
img_4561.npy,2.96,117.48
img_4562.npy,2.91,119.92
img_4563.npy,2.86,118.67
img_4564.npy,2.81,118.21
img_4565.npy,2.73,120.54
img_4566.npy,2.90,119.66
img_4567.npy,2.80,119.52
img_4568.npy,2.91,115.82
img_4569.npy,2.88,118.55
img_457.npy,2.90,115.95
img_4570.npy,2.88,112.25
img_4571.npy,2.85,114.04
img_4572.npy,2.94,116.79
img_4573.npy,2.80,114.68
img_4574.npy,3.28,113.41
img_4575.npy,2.82,112.09
img_4576.npy,2.68,116.06
img_4577.npy,2.59,115.77
img_4578.npy,2.64,115.13
img_4579.npy,2.58,114.89
img_458.npy,2.64,114.71
img_4580.npy,2.62,114.19
img_4581.npy,2.62,116.67
img_4582.npy,2.56,120.53
img_4583.npy,2.66,122.35
img_4584.npy,2.66,125.90
img_4585.npy,2.84,131.85
img_4586.npy,2.71,132.29
img_4587.npy,2.90,135.26
img_4588.npy,2.94,133.22
img_4589.npy,2.67,132.04
img_459.npy,3.33,115.59
img_4590.npy,2.76,115.70
img_4591.npy,2.95,121.54
img_4592.npy,2.86,121.02
img_4593.npy,2.83,124.04
img_4594.npy,2.95,128.56
img_4595.npy,2.95,133.24
img_4596.npy,2.92,132.63
img_4597.npy,2.90,132.43
img_4598.npy,2.96,131.59
img_4599.npy,2.90,128.28
img_46.npy,2.91,114.13
img_460.npy,2.93,112.20
img_4600.npy,2.92,114.13
img_4601.npy,2.70,114.12
img_4602.npy,3.15,119.16
img_4603.npy,3.23,120.94
img_4604.npy,2.89,119.68
img_4605.npy,2.91,118.19
img_4606.npy,3.04,116.00
img_4607.npy,2.94,113.70
img_4608.npy,2.93,113.24
img_4609.npy,2.95,113.04
img_461.npy,2.94,112.48
img_4610.npy,2.92,112.14
img_4611.npy,2.97,112.13
img_4612.npy,2.98,109.05
img_4613.npy,2.96,113.56
img_4614.npy,2.82,115.86
img_4615.npy,2.95,118.62
img_4616.npy,2.96,111.62
img_4617.npy,2.95,122.31
img_4618.npy,3.13,126.43
img_4619.npy,2.92,122.80
img_462.npy,2.77,124.09
img_4620.npy,2.79,125.22
img_4621.npy,2.89,125.22
img_4622.npy,2.94,123.58
img_4623.npy,2.82,110.95
img_4624.npy,2.83,112.83
img_4625.npy,2.88,114.77
img_4626.npy,2.99,116.90
img_4627.npy,3.00,118.27
img_4628.npy,2.91,121.06
img_4629.npy,2.79,120.64
img_463.npy,2.78,120.15
img_4630.npy,2.92,118.47
img_4631.npy,2.92,121.07
img_4632.npy,3.30,120.54
img_4633.npy,2.86,119.91
img_4634.npy,2.78,120.48
img_4635.npy,2.95,114.25
img_4636.npy,2.73,110.65
img_4637.npy,2.89,114.85
img_4638.npy,2.80,119.39
img_4639.npy,2.92,118.40
img_464.npy,2.88,114.73
img_4640.npy,2.98,113.54
img_4641.npy,2.99,113.70
img_4642.npy,2.94,114.09
img_4643.npy,3.03,112.98
img_4644.npy,2.89,112.80
img_4645.npy,2.79,113.31
img_4646.npy,2.93,116.76
img_4647.npy,3.40,113.45
img_4648.npy,2.82,112.55
img_4649.npy,2.73,114.98
img_465.npy,2.85,120.69
img_4650.npy,2.74,120.25
img_4651.npy,2.79,123.95
img_4652.npy,2.95,121.94
img_4653.npy,2.83,122.52
img_4654.npy,2.73,123.04
img_4655.npy,2.85,122.03
img_4656.npy,2.89,122.09
img_4657.npy,2.78,112.71
img_4658.npy,2.83,112.91
img_4659.npy,2.96,115.40
img_466.npy,2.79,118.44
img_4660.npy,3.04,119.88
img_4661.npy,3.12,124.35
img_4662.npy,2.77,126.47
img_4663.npy,2.97,125.58
img_4664.npy,3.08,123.24
img_4665.npy,2.72,122.33
img_4666.npy,2.86,123.85
img_4667.npy,2.90,121.12
img_4668.npy,2.87,113.43
img_4669.npy,2.98,114.93
img_467.npy,2.78,117.63
img_4670.npy,2.95,118.68
img_4671.npy,2.96,119.58
img_4672.npy,2.93,120.43
img_4673.npy,2.90,120.57
img_4674.npy,2.88,120.53
img_4675.npy,2.94,115.98
img_4676.npy,3.01,116.49
img_4677.npy,3.12,116.58
img_4678.npy,2.82,115.58
img_4679.npy,2.95,114.44
img_468.npy,2.76,113.48
img_4680.npy,2.72,112.74
img_4681.npy,2.79,113.74
img_4682.npy,2.98,113.19
img_4683.npy,3.01,114.63
img_4684.npy,2.91,120.00
img_4685.npy,2.79,121.22
img_4686.npy,2.80,121.81
img_4687.npy,2.95,121.55
img_4688.npy,2.92,122.64
img_4689.npy,2.84,121.95
img_469.npy,2.93,114.74
img_4690.npy,2.92,115.06
img_4691.npy,3.13,116.22
img_4692.npy,2.90,120.21
img_4693.npy,2.93,120.46
img_4694.npy,2.87,123.00
img_4695.npy,2.74,122.71
img_4696.npy,2.94,122.43
img_4697.npy,2.84,122.45
img_4698.npy,2.73,122.50
img_4699.npy,2.75,122.24
img_47.npy,2.86,122.33
img_470.npy,2.92,112.87
img_4700.npy,2.94,113.50
img_4701.npy,2.85,115.59
img_4702.npy,3.01,118.73
img_4703.npy,2.97,120.50
img_4704.npy,2.94,116.21
img_4705.npy,3.09,115.66
img_4706.npy,2.86,115.80
img_4707.npy,2.88,114.00
img_4708.npy,2.95,115.12
img_4709.npy,2.87,113.69
img_471.npy,2.91,113.72
img_4710.npy,2.96,111.94
img_4711.npy,2.90,113.52
img_4712.npy,2.77,113.86
img_4713.npy,2.83,116.41
img_4714.npy,2.84,115.51
img_4715.npy,2.76,116.90
img_4716.npy,2.84,115.55
img_4717.npy,2.87,120.38
img_4718.npy,2.74,119.67
img_4719.npy,2.87,120.34
img_472.npy,3.36,118.09
img_4720.npy,2.87,114.33
img_4721.npy,2.87,111.13
img_4722.npy,2.88,115.29
img_4723.npy,2.83,120.16
img_4724.npy,2.99,121.59
img_4725.npy,2.56,119.34
img_4726.npy,2.92,118.43
img_4727.npy,2.79,119.21
img_4728.npy,2.95,120.34
img_4729.npy,2.82,119.46
img_473.npy,2.86,121.68
img_4730.npy,2.95,111.14
img_4731.npy,2.87,113.02
img_4732.npy,2.81,113.82
img_4733.npy,2.85,120.31
img_4734.npy,2.93,119.56
img_4735.npy,3.40,123.11
img_4736.npy,2.77,120.92
img_4737.npy,2.52,122.79
img_4738.npy,2.55,122.39
img_4739.npy,2.82,122.64
img_474.npy,2.80,121.26
img_4740.npy,2.88,121.47
img_4741.npy,2.71,114.50
img_4742.npy,2.88,111.69
img_4743.npy,2.97,115.95
img_4744.npy,2.67,118.48
img_4745.npy,2.87,120.63
img_4746.npy,2.71,119.21
img_4747.npy,2.78,117.22
img_4748.npy,2.78,113.47
img_4749.npy,2.85,113.80
img_475.npy,3.30,112.75
img_4750.npy,3.08,114.43
img_4751.npy,2.66,112.82
img_4752.npy,2.94,113.39
img_4753.npy,2.85,112.54
img_4754.npy,2.81,114.18
img_4755.npy,2.99,113.91
img_4756.npy,2.62,113.99
img_4757.npy,2.88,117.68
img_4758.npy,2.89,119.47
img_4759.npy,2.89,120.99
img_476.npy,2.76,120.80
img_4760.npy,2.78,123.71
img_4761.npy,2.83,123.63
img_4762.npy,2.93,123.62
img_4763.npy,2.90,124.85
img_4764.npy,2.97,112.70
img_4765.npy,3.36,112.02
img_4766.npy,2.95,112.85
img_4767.npy,2.95,115.93
img_4768.npy,2.99,119.02
img_4769.npy,2.89,120.55
img_477.npy,2.90,123.18
img_4770.npy,2.84,127.55
img_4771.npy,2.93,127.25
img_4772.npy,2.93,125.46
img_4773.npy,2.94,124.74
img_4774.npy,2.96,124.50
img_4775.npy,2.68,122.71
img_4776.npy,2.80,126.62
img_4777.npy,2.93,112.29
img_4778.npy,2.78,114.48
img_4779.npy,2.96,115.38
img_478.npy,3.48,114.46
img_4780.npy,3.03,119.86
img_4781.npy,2.91,117.76
img_4782.npy,2.91,119.47
img_4783.npy,2.87,119.87
img_4784.npy,2.88,119.80
img_4785.npy,2.96,116.73
img_4786.npy,2.97,115.55
img_4787.npy,2.91,114.59
img_4788.npy,2.95,115.86
img_4789.npy,2.96,112.60
img_479.npy,2.83,113.50
img_4790.npy,2.91,112.24
img_4791.npy,2.67,113.35
img_4792.npy,2.89,116.64
img_4793.npy,2.97,114.78
img_4794.npy,3.18,112.74
img_4795.npy,2.91,113.94
img_4796.npy,2.80,115.86
img_4797.npy,2.81,116.24
img_4798.npy,2.74,115.68
img_4799.npy,2.83,115.48
img_48.npy,2.81,117.04
img_480.npy,2.81,115.35
img_4800.npy,2.96,115.96
img_4801.npy,2.83,115.86
img_4802.npy,2.93,116.28
img_4803.npy,2.93,114.96
img_4804.npy,2.93,112.49
img_4805.npy,2.77,113.96
img_4806.npy,2.66,116.58
img_4807.npy,2.95,116.16
img_4808.npy,3.18,114.74
img_4809.npy,2.85,112.20
img_481.npy,2.90,112.57
img_4810.npy,2.96,112.12
img_4811.npy,2.89,112.90
img_4812.npy,2.95,114.87
img_4813.npy,2.96,113.92
img_4814.npy,2.92,114.02
img_4815.npy,2.80,112.85
img_4816.npy,2.71,113.69
img_4817.npy,2.88,113.04
img_4818.npy,2.71,114.42
img_4819.npy,2.89,112.63
img_482.npy,2.74,112.55
img_4820.npy,2.80,112.57
img_4821.npy,2.92,114.21
img_4822.npy,2.97,112.99
img_4823.npy,3.33,112.00
img_4824.npy,2.97,115.14
img_4825.npy,2.83,120.35
img_4826.npy,3.02,111.41
img_4827.npy,2.90,113.70
img_4828.npy,2.85,112.86
img_4829.npy,2.91,114.55
img_483.npy,3.01,114.03
img_4830.npy,2.92,115.29
img_4831.npy,2.93,113.18
img_4832.npy,2.92,114.05
img_4833.npy,3.07,117.76
img_4834.npy,2.67,113.31
img_4835.npy,2.87,114.89
img_4836.npy,2.81,116.86
img_4837.npy,2.72,119.47
img_4838.npy,3.52,116.62
img_4839.npy,2.90,115.50
img_484.npy,2.90,126.77
img_4840.npy,2.89,131.80
img_4841.npy,2.82,131.27
img_4842.npy,2.84,133.09
img_4843.npy,2.88,133.34
img_4844.npy,2.76,132.10
img_4845.npy,2.79,114.51
img_4846.npy,2.98,116.15
img_4847.npy,2.87,119.20
img_4848.npy,2.95,119.48
img_4849.npy,2.79,119.42
img_485.npy,2.97,125.86
img_4850.npy,2.97,132.02
img_4851.npy,2.89,128.18
img_4852.npy,3.37,126.98
img_4853.npy,2.96,127.02
img_4854.npy,2.93,125.73
img_4855.npy,2.95,124.44
img_4856.npy,2.93,112.23
img_4857.npy,2.99,113.43
img_4858.npy,2.93,113.64
img_4859.npy,2.87,119.05
img_486.npy,2.94,118.84
img_4860.npy,2.96,121.46
img_4861.npy,2.85,120.46
img_4862.npy,2.82,119.52
img_4863.npy,2.79,119.73
img_4864.npy,2.91,120.13
img_4865.npy,2.83,118.08
img_4866.npy,3.00,114.02
img_4867.npy,3.33,114.13
img_4868.npy,2.90,112.12
img_4869.npy,2.93,110.54
img_487.npy,2.97,114.35
img_4870.npy,2.93,111.91
img_4871.npy,2.97,112.66
img_4872.npy,2.91,112.61
img_4873.npy,2.94,123.29
img_4874.npy,3.00,121.04
img_4875.npy,2.94,120.40
img_4876.npy,2.86,121.35
img_4877.npy,2.90,122.63
img_4878.npy,2.94,122.35
img_4879.npy,2.92,122.78
img_488.npy,3.03,116.37
img_4880.npy,2.72,113.15
img_4881.npy,3.50,111.46
img_4882.npy,2.87,118.77
img_4883.npy,2.94,120.17
img_4884.npy,2.94,122.09
img_4885.npy,2.86,122.79
img_4886.npy,2.78,119.20
img_4887.npy,2.88,120.73
img_4888.npy,2.86,122.63
img_4889.npy,2.87,122.25
img_489.npy,2.73,122.91
img_4890.npy,2.73,112.52
img_4891.npy,2.88,114.86
img_4892.npy,2.87,117.08
img_4893.npy,3.10,120.32
img_4894.npy,2.89,120.85
img_4895.npy,2.81,121.82
img_4896.npy,2.91,119.53
img_4897.npy,2.81,120.58
img_4898.npy,2.84,119.86
img_4899.npy,2.85,121.63
img_49.npy,2.76,121.10
img_490.npy,2.88,118.30
img_4900.npy,2.78,112.29
img_4901.npy,2.85,114.97
img_4902.npy,2.96,114.55
img_4903.npy,2.85,113.30
img_4904.npy,2.84,113.82
img_4905.npy,2.80,114.50
img_4906.npy,2.86,114.18
img_4907.npy,2.94,112.74
img_4908.npy,2.95,111.98
img_4909.npy,2.96,116.24
img_491.npy,2.97,121.23
img_4910.npy,3.49,120.53
img_4911.npy,2.96,116.34
img_4912.npy,2.73,114.62
img_4913.npy,3.01,114.41
img_4914.npy,2.91,115.94
img_4915.npy,2.90,121.00
img_4916.npy,2.84,121.25
img_4917.npy,2.94,120.30
img_4918.npy,2.92,116.96
img_4919.npy,2.92,121.33
img_492.npy,2.91,119.31
img_4920.npy,2.92,120.25
img_4921.npy,2.91,119.55
img_4922.npy,2.85,119.74
img_4923.npy,2.98,111.77
img_4924.npy,3.27,112.70
img_4925.npy,3.01,114.36
img_4926.npy,2.87,115.14
img_4927.npy,2.82,115.55
img_4928.npy,2.89,116.23
img_4929.npy,2.94,116.38
img_493.npy,2.87,115.97
img_4930.npy,2.99,113.75
img_4931.npy,2.88,115.76
img_4932.npy,2.93,116.26
img_4933.npy,2.87,115.81
img_4934.npy,2.83,116.95
img_4935.npy,2.78,115.21
img_4936.npy,2.85,114.90
img_4937.npy,2.87,116.07
img_4938.npy,2.90,114.33
img_4939.npy,2.80,112.86
img_494.npy,3.32,112.96
img_4940.npy,3.05,112.62
img_4941.npy,2.91,113.97
img_4942.npy,2.74,115.46
img_4943.npy,2.88,114.73
img_4944.npy,2.90,115.20
img_4945.npy,2.90,115.56
img_4946.npy,3.01,113.89
img_4947.npy,2.90,114.80
img_4948.npy,2.87,116.21
img_4949.npy,2.92,115.42
img_495.npy,2.81,114.20
img_4950.npy,2.84,112.45
img_4951.npy,2.82,113.03
img_4952.npy,2.68,113.71
img_4953.npy,2.88,116.50
img_4954.npy,2.82,131.31
img_4955.npy,3.07,123.70
img_4956.npy,2.92,116.38
img_4957.npy,2.76,128.73
img_4958.npy,2.85,114.91
img_4959.npy,2.74,116.39
img_496.npy,2.86,119.46
img_4960.npy,2.87,120.06
img_4961.npy,2.92,122.89
img_4962.npy,2.94,126.68
img_4963.npy,2.91,127.59
img_4964.npy,2.73,125.88
img_4965.npy,2.67,126.05
img_4966.npy,2.86,122.73
img_4967.npy,2.83,127.36
img_4968.npy,2.84,113.44
img_4969.npy,2.88,111.30
img_497.npy,3.41,115.33
img_4970.npy,3.03,117.70
img_4971.npy,2.86,119.50
img_4972.npy,2.88,120.53
img_4973.npy,2.74,115.42
img_4974.npy,2.86,115.31
img_4975.npy,2.86,119.25
img_4976.npy,2.70,116.54
img_4977.npy,2.69,116.43
img_4978.npy,2.99,114.36
img_4979.npy,2.70,115.39
img_498.npy,2.73,113.02
img_4980.npy,2.90,116.16
img_4981.npy,2.84,113.43
img_4982.npy,2.86,111.45
img_4983.npy,2.89,112.65
img_4984.npy,3.09,111.58
img_4985.npy,3.16,121.09
img_4986.npy,2.59,117.53
img_4987.npy,2.92,131.89
img_4988.npy,2.81,116.84
img_4989.npy,2.81,119.86
img_499.npy,3.00,128.47
img_4990.npy,2.88,115.70
img_4991.npy,2.87,115.14
img_4992.npy,2.88,119.30
img_4993.npy,2.74,117.30
img_4994.npy,2.86,121.27
img_4995.npy,3.00,120.68
img_4996.npy,2.99,131.20
img_4997.npy,2.92,127.06
img_4998.npy,2.88,126.36
img_4999.npy,2.90,126.40
img_5.npy,3.42,122.68
img_50.npy,2.88,124.80
img_500.npy,2.92,114.44
img_5000.npy,2.81,113.50
img_5001.npy,2.77,114.50
img_5002.npy,2.72,116.62
img_5003.npy,2.87,121.72
img_5004.npy,2.93,121.19
img_5005.npy,2.81,119.87
img_5006.npy,2.95,119.59
img_5007.npy,2.91,118.63
img_5008.npy,2.93,120.04
img_5009.npy,2.86,117.32
img_501.npy,2.79,117.71
img_5010.npy,2.78,112.50
img_5011.npy,2.73,114.49
img_5012.npy,2.98,117.16
img_5013.npy,3.28,121.09
img_5014.npy,2.90,121.46
img_5015.npy,2.80,120.11
img_5016.npy,2.95,119.79
img_5017.npy,2.87,118.26
img_5018.npy,2.92,121.64
img_5019.npy,2.76,114.62
img_502.npy,2.73,114.64
img_5020.npy,2.96,113.62
img_5021.npy,2.95,114.14
img_5022.npy,2.76,109.37
img_5023.npy,2.96,110.66
img_5024.npy,2.88,111.88
img_5025.npy,2.95,113.09
img_5026.npy,3.00,110.64
img_5027.npy,2.98,112.42
img_5028.npy,3.42,114.77
img_5029.npy,2.84,117.13
img_503.npy,2.99,115.94
img_5030.npy,2.92,114.46
img_5031.npy,2.94,119.87
img_5032.npy,2.67,116.33
img_5033.npy,2.70,113.45
img_5034.npy,2.82,120.08
img_5035.npy,3.02,117.91
img_5036.npy,2.93,122.69
img_5037.npy,2.97,126.27
img_5038.npy,2.85,132.46
img_5039.npy,2.92,128.18
img_504.npy,2.91,133.75
img_5040.npy,2.97,134.52
img_5041.npy,2.83,133.98
img_5042.npy,2.81,113.94
img_5043.npy,2.76,112.82
img_5044.npy,3.38,115.53
img_5045.npy,2.75,117.66
img_5046.npy,2.86,121.10
img_5047.npy,2.92,125.32
img_5048.npy,2.90,121.19
img_5049.npy,2.92,132.47
img_505.npy,2.98,133.11
img_5050.npy,2.84,131.98
img_5051.npy,2.88,132.77
img_5052.npy,2.98,114.27
img_5053.npy,2.73,113.38
img_5054.npy,2.92,116.21
img_5055.npy,2.88,120.32
img_5056.npy,2.80,120.43
img_5057.npy,2.78,121.10
img_5058.npy,2.94,125.57
img_5059.npy,2.94,122.00
img_506.npy,3.01,115.69
img_5060.npy,3.43,119.15
img_5061.npy,2.94,116.79
img_5062.npy,2.95,116.78
img_5063.npy,2.92,112.14
img_5064.npy,3.00,112.49
img_5065.npy,2.98,113.09
img_5066.npy,2.90,113.85
img_5067.npy,2.93,112.76
img_5068.npy,2.97,119.20
img_5069.npy,2.94,119.42
img_507.npy,3.06,118.44
img_5070.npy,3.01,115.80
img_5071.npy,2.93,119.87
img_5072.npy,2.87,117.53
img_5073.npy,2.80,112.54
img_5074.npy,2.95,115.84
img_5075.npy,2.77,117.09
img_5076.npy,3.18,112.73
img_5077.npy,2.95,113.11
img_5078.npy,2.74,113.22
img_5079.npy,2.83,115.10
img_508.npy,3.02,111.02
img_5080.npy,2.87,112.66
img_5081.npy,2.99,120.39
img_5082.npy,2.87,124.88
img_5083.npy,2.92,125.69
img_5084.npy,2.85,129.80
img_5085.npy,2.84,116.03
img_5086.npy,2.84,115.45
img_5087.npy,2.81,114.43
img_5088.npy,2.95,114.57
img_5089.npy,2.80,111.52
img_509.npy,2.81,113.13
img_5090.npy,2.84,112.65
img_5091.npy,2.88,113.57
img_5092.npy,3.39,113.41
img_5093.npy,2.88,116.25
img_5094.npy,2.77,116.53
img_5095.npy,2.88,132.76
img_5096.npy,2.92,132.49
img_5097.npy,2.94,131.70
img_5098.npy,2.94,131.37
img_5099.npy,2.89,112.12
img_51.npy,2.90,115.23
img_510.npy,2.94,117.78
img_5100.npy,2.84,121.02
img_5101.npy,2.89,124.42
img_5102.npy,2.87,126.16
img_5103.npy,2.91,130.71
img_5104.npy,2.81,127.55
img_5105.npy,2.86,126.91
img_5106.npy,2.85,126.96
img_5107.npy,3.63,121.81
img_5108.npy,2.83,121.25
img_5109.npy,3.02,112.96
img_511.npy,2.89,112.74
img_5110.npy,2.84,116.42
img_5111.npy,2.83,120.99
img_5112.npy,2.89,119.12
img_5113.npy,2.89,118.96
img_5114.npy,2.80,119.93
img_5115.npy,2.89,120.89
img_5116.npy,2.87,119.82
img_5117.npy,2.75,120.13
img_5118.npy,2.93,117.89
img_5119.npy,2.90,114.50
img_512.npy,2.98,114.11
img_5120.npy,2.60,115.12
img_5121.npy,2.74,116.04
img_5122.npy,2.85,116.40
img_5123.npy,3.28,115.96
img_5124.npy,2.72,113.58
img_5125.npy,2.73,114.46
img_5126.npy,2.95,116.27
img_5127.npy,2.79,115.18
img_5128.npy,2.93,116.01
img_5129.npy,2.79,114.02
img_513.npy,2.84,115.27
img_5130.npy,2.76,113.25
img_5131.npy,2.89,113.39
img_5132.npy,2.86,121.10
img_5133.npy,2.83,122.14
img_5134.npy,2.84,125.32
img_5135.npy,2.91,131.71
img_5136.npy,2.87,132.33
img_5137.npy,2.89,133.93
img_5138.npy,2.87,133.95
img_5139.npy,3.24,134.17
img_514.npy,2.89,115.53
img_5140.npy,2.83,114.54
img_5141.npy,2.78,113.12
img_5142.npy,2.93,119.07
img_5143.npy,2.79,120.07
img_5144.npy,2.71,123.41
img_5145.npy,2.95,125.96
img_5146.npy,2.81,131.65
img_5147.npy,2.86,132.44
img_5148.npy,2.86,131.28
img_5149.npy,2.95,132.36
img_515.npy,2.93,133.43
img_5150.npy,3.01,114.27
img_5151.npy,2.73,113.56
img_5152.npy,2.81,115.59
img_5153.npy,2.86,120.69
img_5154.npy,3.06,121.22
img_5155.npy,3.21,126.35
img_5156.npy,2.89,128.05
img_5157.npy,2.98,127.37
img_5158.npy,2.88,127.43
img_5159.npy,2.67,125.13
img_516.npy,2.78,125.07
img_5160.npy,2.78,111.88
img_5161.npy,2.78,112.96
img_5162.npy,2.88,114.75
img_5163.npy,2.83,115.96
img_5164.npy,2.67,121.68
img_5165.npy,2.80,119.09
img_5166.npy,2.88,121.45
img_5167.npy,2.92,119.93
img_5168.npy,2.90,118.77
img_5169.npy,2.86,118.78
img_517.npy,2.84,119.99
img_5170.npy,3.41,117.29
img_5171.npy,2.88,116.93
img_5172.npy,2.74,112.96
img_5173.npy,2.85,115.45
img_5174.npy,2.86,116.09
img_5175.npy,2.97,116.23
img_5176.npy,2.94,112.33
img_5177.npy,2.88,111.51
img_5178.npy,2.83,113.86
img_5179.npy,2.63,114.72
img_518.npy,2.79,116.32
img_5180.npy,2.86,115.18
img_5181.npy,2.65,115.86
img_5182.npy,2.63,114.59
img_5183.npy,2.60,115.89
img_5184.npy,2.52,113.66
img_5185.npy,2.89,113.81
img_5186.npy,2.66,114.16
img_5187.npy,2.62,116.83
img_5188.npy,2.58,112.65
img_5189.npy,2.66,117.50
img_519.npy,2.80,133.73
img_5190.npy,2.66,115.14
img_5191.npy,2.80,115.89
img_5192.npy,2.65,120.38
img_5193.npy,2.67,118.97
img_5194.npy,2.72,123.16
img_5195.npy,2.87,126.76
img_5196.npy,2.88,132.96
img_5197.npy,2.87,130.98
img_5198.npy,2.97,133.96
img_5199.npy,2.88,132.57
img_52.npy,2.92,133.27
img_520.npy,2.96,112.86
img_5200.npy,2.92,116.21
img_5201.npy,3.13,114.81
img_5202.npy,3.15,118.49
img_5203.npy,2.58,120.88
img_5204.npy,2.84,122.86
img_5205.npy,2.95,127.16
img_5206.npy,3.00,132.93
img_5207.npy,2.89,129.57
img_5208.npy,2.91,127.42
img_5209.npy,3.01,127.39
img_521.npy,2.95,124.95
img_5210.npy,2.96,124.12
img_5211.npy,2.95,111.83
img_5212.npy,2.87,112.73
img_5213.npy,2.91,115.20
img_5214.npy,2.92,116.40
img_5215.npy,2.95,118.40
img_5216.npy,2.88,120.81
img_5217.npy,3.36,120.78
img_5218.npy,2.87,120.85
img_5219.npy,2.88,120.34
img_522.npy,2.94,119.24
img_5220.npy,2.92,119.83
img_5221.npy,2.76,119.11
img_5222.npy,2.86,121.02
img_5223.npy,2.97,113.37
img_5224.npy,2.95,112.46
img_5225.npy,2.86,114.63
img_5226.npy,2.96,114.65
img_5227.npy,2.81,114.30
img_5228.npy,3.01,112.46
img_5229.npy,2.89,113.07
img_523.npy,2.81,121.08
img_5230.npy,2.83,121.70
img_5231.npy,2.91,120.80
img_5232.npy,3.36,121.15
img_5233.npy,2.94,123.00
img_5234.npy,2.94,113.20
img_5235.npy,2.82,113.41
img_5236.npy,2.85,113.18
img_5237.npy,2.88,115.32
img_5238.npy,2.85,121.08
img_5239.npy,2.86,122.88
img_524.npy,2.91,125.81
img_5240.npy,2.69,125.88
img_5241.npy,2.98,124.36
img_5242.npy,3.00,125.51
img_5243.npy,2.94,124.48
img_5244.npy,2.94,123.97
img_5245.npy,2.88,123.81
img_5246.npy,3.06,118.25
img_5247.npy,2.90,114.02
img_5248.npy,3.66,113.40
img_5249.npy,2.91,115.74
img_525.npy,2.88,117.64
img_5250.npy,2.87,117.79
img_5251.npy,2.90,120.51
img_5252.npy,2.89,118.23
img_5253.npy,2.94,119.02
img_5254.npy,2.82,120.48
img_5255.npy,2.78,120.84
img_5256.npy,3.10,120.52
img_5257.npy,2.92,116.68
img_5258.npy,2.74,116.42
img_5259.npy,2.86,112.95
img_526.npy,2.96,116.15
img_5260.npy,2.94,112.69
img_5261.npy,2.78,113.03
img_5262.npy,3.05,114.23
img_5263.npy,2.88,110.11
img_5264.npy,2.99,110.22
img_5265.npy,2.89,113.70
img_5266.npy,2.89,116.12
img_5267.npy,2.82,115.74
img_5268.npy,2.89,113.98
img_5269.npy,2.83,115.88
img_527.npy,2.94,113.70
img_5270.npy,2.78,116.50
img_5271.npy,2.91,117.00
img_5272.npy,2.86,115.89
img_5273.npy,2.82,116.48
img_5274.npy,2.86,115.67
img_5275.npy,2.89,115.20
img_5276.npy,2.81,116.48
img_5277.npy,2.65,116.09
img_5278.npy,2.95,116.93
img_5279.npy,3.26,121.43
img_528.npy,2.80,113.01
img_5280.npy,2.90,115.71
img_5281.npy,2.80,116.42
img_5282.npy,2.80,119.04
img_5283.npy,2.88,120.26
img_5284.npy,2.83,117.96
img_5285.npy,2.91,120.50
img_5286.npy,2.91,119.86
img_5287.npy,2.97,120.70
img_5288.npy,2.90,118.60
img_5289.npy,2.96,118.22
img_529.npy,2.83,118.28
img_5290.npy,2.82,114.73
img_5291.npy,2.72,112.00
img_5292.npy,2.96,115.98
img_5293.npy,2.89,113.75
img_5294.npy,3.47,112.27
img_5295.npy,2.91,112.42
img_5296.npy,2.96,114.54
img_5297.npy,2.93,111.68
img_5298.npy,2.85,113.77
img_5299.npy,3.02,113.02
img_53.npy,2.91,111.95
img_530.npy,2.80,113.67
img_5300.npy,2.94,113.16
img_5301.npy,2.99,112.61
img_5302.npy,2.95,113.00
img_5303.npy,2.97,113.31
img_5304.npy,2.96,120.33
img_5305.npy,2.78,117.60
img_5306.npy,2.92,118.34
img_5307.npy,2.89,114.99
img_5308.npy,3.13,116.36
img_5309.npy,2.86,112.79
img_531.npy,2.77,114.14
img_5310.npy,2.76,112.96
img_5311.npy,2.70,114.94
img_5312.npy,2.90,111.98
img_5313.npy,2.66,113.89
img_5314.npy,2.79,115.40
img_5315.npy,2.85,113.39
img_5316.npy,2.98,114.38
img_5317.npy,2.79,111.49
img_5318.npy,2.95,114.36
img_5319.npy,2.92,114.92
img_532.npy,2.85,116.32
img_5320.npy,2.85,113.70
img_5321.npy,2.89,114.33
img_5322.npy,2.87,114.83
img_5323.npy,2.94,115.07
img_5324.npy,3.09,113.84
img_5325.npy,2.83,118.84
img_5326.npy,2.95,120.84
img_5327.npy,2.75,123.56
img_5328.npy,2.55,132.55
img_5329.npy,2.62,132.87
img_533.npy,2.57,133.59
img_5330.npy,2.57,133.34
img_5331.npy,2.67,131.10
img_5332.npy,2.63,113.57
img_5333.npy,2.58,115.62
img_5334.npy,2.62,118.84
img_5335.npy,2.56,120.09
img_5336.npy,2.72,123.76
img_5337.npy,2.73,129.76
img_5338.npy,2.67,131.34
img_5339.npy,2.57,131.57
img_534.npy,2.68,128.18
img_5340.npy,3.34,133.06
img_5341.npy,2.90,111.54
img_5342.npy,2.87,115.20
img_5343.npy,2.83,115.18
img_5344.npy,2.82,120.06
img_5345.npy,2.89,121.05
img_5346.npy,2.81,125.66
img_5347.npy,2.82,127.50
img_5348.npy,2.89,125.79
img_5349.npy,2.96,124.25
img_535.npy,2.99,123.12
img_5350.npy,2.99,119.72
img_5351.npy,3.02,119.81
img_5352.npy,2.96,119.23
img_5353.npy,2.90,113.05
img_5354.npy,3.10,112.39
img_5355.npy,3.08,115.87
img_5356.npy,2.97,118.98
img_5357.npy,2.93,115.55
img_5358.npy,2.96,116.17
img_5359.npy,2.86,116.26
img_536.npy,2.78,115.72
img_5360.npy,2.81,113.76
img_5361.npy,2.93,113.36
img_5362.npy,2.86,113.11
img_5363.npy,2.51,114.56
img_5364.npy,2.59,113.60
img_5365.npy,2.56,112.51
img_5366.npy,2.54,111.90
img_5367.npy,2.57,113.14
img_5368.npy,2.38,113.46
img_5369.npy,2.56,113.48
img_537.npy,2.53,112.51
img_5370.npy,2.58,115.86
img_5371.npy,2.57,114.97
img_5372.npy,2.63,116.06
img_5373.npy,2.64,133.72
img_5374.npy,2.54,132.32
img_5375.npy,2.61,115.35
img_5376.npy,2.59,114.34
img_5377.npy,2.60,119.07
img_5378.npy,2.54,120.11
img_5379.npy,2.63,123.81
img_538.npy,2.39,126.05
img_5380.npy,2.62,132.53
img_5381.npy,2.52,132.02
img_5382.npy,2.56,134.65
img_5383.npy,2.31,133.91
img_5384.npy,2.32,135.00
img_5385.npy,2.37,114.61
img_5386.npy,2.45,115.54
img_5387.npy,2.60,119.75
img_5388.npy,2.61,121.18
img_5389.npy,2.49,125.80
img_539.npy,2.60,132.34
img_5390.npy,2.64,131.09
img_5391.npy,2.47,134.20
img_5392.npy,2.62,132.25
img_5393.npy,2.58,131.71
img_5394.npy,2.62,115.46
img_5395.npy,2.60,115.87
img_5396.npy,2.54,114.81
img_5397.npy,2.48,120.24
img_5398.npy,2.60,117.21
img_5399.npy,2.74,121.62
img_54.npy,2.65,124.82
img_540.npy,2.69,121.04
img_5400.npy,2.50,112.91
img_5401.npy,2.51,114.44
img_5402.npy,2.61,112.59
img_5403.npy,2.50,118.91
img_5404.npy,2.54,114.72
img_5405.npy,2.59,113.09
img_5406.npy,2.44,110.13
img_5407.npy,2.55,112.29
img_5408.npy,2.63,113.88
img_5409.npy,2.57,113.20
img_541.npy,2.64,111.07
img_5410.npy,2.61,112.61
img_5411.npy,2.51,114.10
img_5412.npy,2.52,114.33
img_5413.npy,2.59,113.48
img_5414.npy,2.63,115.51
img_5415.npy,2.63,113.55
img_5416.npy,2.53,114.84
img_5417.npy,2.65,111.33
img_5418.npy,2.61,112.10
img_5419.npy,2.57,113.06
img_542.npy,2.52,115.08
img_5420.npy,2.58,112.67
img_5421.npy,2.62,116.04
img_5422.npy,2.57,112.01
img_5423.npy,2.62,113.11
img_5424.npy,2.57,115.14
img_5425.npy,2.61,113.78
img_5426.npy,2.51,114.04
img_5427.npy,2.54,114.68
img_5428.npy,2.66,115.44
img_5429.npy,2.48,114.46
img_543.npy,2.48,112.29
img_5430.npy,2.45,112.46
img_5431.npy,2.61,114.11
img_5432.npy,2.60,112.95
img_5433.npy,2.57,112.46
img_5434.npy,2.51,110.29
img_5435.npy,2.49,115.75
img_5436.npy,2.31,114.89
img_5437.npy,2.55,116.91
img_5438.npy,2.40,114.62
img_5439.npy,2.55,115.33
img_544.npy,2.64,113.43
img_5440.npy,2.26,113.73
img_5441.npy,2.26,112.73
img_5442.npy,2.34,114.34
img_5443.npy,2.43,114.37
img_5444.npy,2.44,114.93
img_5445.npy,2.58,114.46
img_5446.npy,2.53,115.29
img_5447.npy,2.53,117.00
img_5448.npy,2.44,112.95
img_5449.npy,2.47,113.79
img_545.npy,2.52,115.34
img_5450.npy,2.54,117.07
img_5451.npy,2.43,119.14
img_5452.npy,2.50,120.38
img_5453.npy,2.57,120.25
img_5454.npy,2.53,119.14
img_5455.npy,2.60,119.98
img_5456.npy,2.60,119.68
img_5457.npy,2.60,120.48
img_5458.npy,2.57,121.02
img_5459.npy,2.46,113.85
img_546.npy,2.63,113.42
img_5460.npy,2.58,116.68
img_5461.npy,2.62,121.32
img_5462.npy,2.61,122.01
img_5463.npy,2.47,120.28
img_5464.npy,2.60,121.62
img_5465.npy,2.61,121.11
img_5466.npy,2.55,120.27
img_5467.npy,2.52,121.59
img_5468.npy,2.55,122.52
img_5469.npy,2.58,114.73
img_547.npy,2.45,111.30
img_5470.npy,2.42,112.74
img_5471.npy,2.61,115.98
img_5472.npy,2.42,117.20
img_5473.npy,2.44,118.96
img_5474.npy,2.42,117.39
img_5475.npy,2.56,115.82
img_5476.npy,2.47,113.78
img_5477.npy,2.43,110.54
img_5478.npy,2.59,115.07
img_5479.npy,2.45,113.24
img_548.npy,2.56,112.33
img_5480.npy,2.68,111.88
img_5481.npy,2.55,113.38
img_5482.npy,2.63,112.88
img_5483.npy,2.53,114.76
img_5484.npy,2.44,118.08
img_5485.npy,2.58,118.53
img_5486.npy,2.61,122.52
img_5487.npy,2.55,126.00
img_5488.npy,2.59,130.66
img_5489.npy,2.53,128.77
img_549.npy,2.59,129.77
img_5490.npy,2.57,131.60
img_5491.npy,2.38,132.64
img_5492.npy,2.54,115.98
img_5493.npy,2.40,113.92
img_5494.npy,2.55,115.11
img_5495.npy,2.50,119.37
img_5496.npy,2.54,123.66
img_5497.npy,2.60,127.22
img_5498.npy,2.57,132.55
img_5499.npy,2.50,132.09
img_55.npy,2.60,132.47
img_550.npy,2.54,132.06
img_5500.npy,2.41,132.86
img_5501.npy,2.53,114.77
img_5502.npy,2.60,115.26
img_5503.npy,2.57,115.64
img_5504.npy,2.46,116.87
img_5505.npy,2.68,121.98
img_5506.npy,2.61,124.54
img_5507.npy,2.55,128.50
img_5508.npy,2.63,126.85
img_5509.npy,2.62,127.78
img_551.npy,2.57,127.15
img_5510.npy,2.58,123.41
img_5511.npy,2.72,123.01
img_5512.npy,2.53,124.95
img_5513.npy,2.45,112.42
img_5514.npy,2.40,112.65
img_5515.npy,2.60,113.86
img_5516.npy,2.54,119.22
img_5517.npy,2.52,121.90
img_5518.npy,2.48,114.73
img_5519.npy,2.54,114.61
img_552.npy,2.68,113.43
img_5520.npy,2.61,114.96
img_5521.npy,2.37,114.58
img_5522.npy,2.40,113.60
img_5523.npy,2.57,112.07
img_5524.npy,2.45,112.97
img_5525.npy,2.38,114.28
img_5526.npy,2.42,113.55
img_5527.npy,2.52,113.68
img_5528.npy,2.48,112.21
img_5529.npy,2.43,112.66
img_553.npy,2.69,114.05
img_5530.npy,2.46,113.88
img_5531.npy,2.57,114.62
img_5532.npy,2.47,113.61
img_5533.npy,2.61,112.93
img_5534.npy,2.60,113.65
img_5535.npy,2.57,115.05
img_5536.npy,2.64,114.04
img_5537.npy,2.55,112.33
img_5538.npy,2.64,113.71
img_5539.npy,2.56,112.91
img_554.npy,2.45,112.14
img_5540.npy,2.57,112.96
img_5541.npy,2.52,115.97
img_5542.npy,2.50,115.27
img_5543.npy,2.58,114.09
img_5544.npy,2.58,114.39
img_5545.npy,2.48,114.11
img_5546.npy,2.57,114.00
img_5547.npy,2.50,113.94
img_5548.npy,2.50,113.06
img_5549.npy,2.41,110.73
img_555.npy,2.42,112.28
img_5550.npy,2.38,113.11
img_5551.npy,2.43,116.79
img_5552.npy,2.57,116.24
img_5553.npy,2.45,114.61
img_5554.npy,2.53,115.52
img_5555.npy,2.63,116.51
img_5556.npy,2.57,115.30
img_5557.npy,2.65,111.99
img_5558.npy,2.65,115.66
img_5559.npy,2.49,118.23
img_556.npy,2.52,120.27
img_5560.npy,2.47,117.43
img_5561.npy,2.26,120.39
img_5562.npy,2.47,120.23
img_5563.npy,2.30,119.59
img_5564.npy,2.35,121.05
img_5565.npy,2.56,120.18
img_5566.npy,2.61,121.06
img_5567.npy,2.61,113.34
img_5568.npy,2.51,112.80
img_5569.npy,2.56,115.12
img_557.npy,2.28,119.74
img_5570.npy,2.52,120.79
img_5571.npy,2.58,122.22
img_5572.npy,2.55,123.20
img_5573.npy,2.66,122.70
img_5574.npy,2.65,120.84
img_5575.npy,2.59,120.30
img_5576.npy,2.55,121.63
img_5577.npy,2.57,120.75
img_5578.npy,2.58,118.93
img_5579.npy,2.49,120.07
img_558.npy,2.52,113.93
img_5580.npy,2.70,114.44
img_5581.npy,2.48,115.41
img_5582.npy,2.51,117.77
img_5583.npy,2.61,114.34
img_5584.npy,2.67,115.16
img_5585.npy,2.58,112.91
img_5586.npy,2.53,113.65
img_5587.npy,2.63,113.26
img_5588.npy,2.65,113.68
img_5589.npy,2.67,121.46
img_559.npy,2.54,123.27
img_5590.npy,2.51,122.02
img_5591.npy,2.43,112.86
img_5592.npy,2.55,111.51
img_5593.npy,2.62,113.30
img_5594.npy,2.58,116.16
img_5595.npy,2.69,120.15
img_5596.npy,2.56,121.49
img_5597.npy,2.61,124.03
img_5598.npy,2.59,124.72
img_5599.npy,2.65,125.84
img_56.npy,2.69,125.38
img_560.npy,2.61,125.32
img_5600.npy,2.52,124.18
img_5601.npy,2.41,124.61
img_5602.npy,2.60,112.16
img_5603.npy,2.67,111.05
img_5604.npy,2.64,114.70
img_5605.npy,2.36,115.14
img_5606.npy,2.51,119.14
img_5607.npy,2.68,119.53
img_5608.npy,2.54,121.88
img_5609.npy,2.42,123.12
img_561.npy,2.44,119.94
img_5610.npy,2.58,119.22
img_5611.npy,2.49,120.16
img_5612.npy,2.58,121.79
img_5613.npy,2.49,121.78
img_5614.npy,2.57,119.52
img_5615.npy,2.64,112.75
img_5616.npy,2.57,113.41
img_5617.npy,2.64,115.68
img_5618.npy,2.68,119.84
img_5619.npy,2.63,119.58
img_562.npy,2.51,119.88
img_5620.npy,2.60,120.07
img_5621.npy,2.58,119.16
img_5622.npy,2.54,118.89
img_5623.npy,2.53,116.62
img_5624.npy,2.51,113.12
img_5625.npy,2.56,114.19
img_5626.npy,2.45,114.29
img_5627.npy,2.60,111.75
img_5628.npy,2.63,112.78
img_5629.npy,2.38,115.61
img_563.npy,2.65,112.58
img_5630.npy,2.48,113.36
img_5631.npy,2.62,113.76
img_5632.npy,2.55,113.50
img_5633.npy,2.62,111.72
img_5634.npy,2.47,115.05
img_5635.npy,2.55,133.12
img_5636.npy,2.52,131.90
img_5637.npy,2.59,130.91
img_5638.npy,2.59,114.52
img_5639.npy,2.57,116.55
img_564.npy,2.60,120.30
img_5640.npy,2.54,120.54
img_5641.npy,2.61,124.27
img_5642.npy,2.51,125.59
img_5643.npy,2.56,131.79
img_5644.npy,2.65,133.12
img_5645.npy,2.44,133.83
img_5646.npy,2.68,132.72
img_5647.npy,2.59,131.05
img_5648.npy,2.70,132.73
img_5649.npy,2.63,115.17
img_565.npy,2.63,113.75
img_5650.npy,2.45,115.02
img_5651.npy,2.53,120.73
img_5652.npy,2.61,121.63
img_5653.npy,2.51,121.82
img_5654.npy,2.52,124.86
img_5655.npy,2.56,126.79
img_5656.npy,2.58,125.40
img_5657.npy,2.49,124.55
img_5658.npy,2.39,122.03
img_5659.npy,2.39,123.05
img_566.npy,2.58,123.96
img_5660.npy,2.54,114.83
img_5661.npy,2.48,112.39
img_5662.npy,2.66,114.14
img_5663.npy,2.62,120.18
img_5664.npy,2.60,121.57
img_5665.npy,2.63,120.55
img_5666.npy,2.54,118.87
img_5667.npy,2.53,119.92
img_5668.npy,2.48,121.50
img_5669.npy,2.60,121.78
img_567.npy,2.55,120.83
img_5670.npy,2.52,120.31
img_5671.npy,2.44,114.66
img_5672.npy,2.55,114.43
img_5673.npy,2.55,116.09
img_5674.npy,2.48,121.05
img_5675.npy,2.49,120.49
img_5676.npy,2.53,118.86
img_5677.npy,2.62,113.43
img_5678.npy,2.67,114.01
img_5679.npy,2.56,113.33
img_568.npy,2.38,113.12
img_5680.npy,2.59,114.52
img_5681.npy,2.55,114.38
img_5682.npy,2.66,113.25
img_5683.npy,2.62,112.70
img_5684.npy,2.65,115.38
img_5685.npy,2.66,113.30
img_5686.npy,2.51,112.25
img_5687.npy,2.56,114.28
img_5688.npy,2.70,119.92
img_5689.npy,2.58,114.68
img_569.npy,2.48,115.54
img_5690.npy,2.60,115.26
img_5691.npy,2.48,117.00
img_5692.npy,2.61,115.27
img_5693.npy,2.62,115.45
img_5694.npy,2.56,114.01
img_5695.npy,2.63,114.65
img_5696.npy,2.36,115.27
img_5697.npy,2.59,119.95
img_5698.npy,2.44,120.31
img_5699.npy,2.67,117.78
img_57.npy,2.66,124.77
img_570.npy,2.71,118.82
img_5700.npy,2.58,133.30
img_5701.npy,2.46,132.05
img_5702.npy,2.54,112.58
img_5703.npy,2.56,111.40
img_5704.npy,2.63,113.27
img_5705.npy,2.61,112.42
img_5706.npy,2.56,111.42
img_5707.npy,2.58,112.81
img_5708.npy,2.42,114.80
img_5709.npy,2.66,114.73
img_571.npy,2.68,113.91
img_5710.npy,2.64,117.22
img_5711.npy,2.62,115.16
img_5712.npy,2.58,113.28
img_5713.npy,2.62,121.14
img_5714.npy,2.63,115.43
img_5715.npy,2.25,112.54
img_5716.npy,2.38,111.61
img_5717.npy,2.69,114.55
img_5718.npy,2.66,112.82
img_5719.npy,2.50,115.45
img_572.npy,2.57,115.08
img_5720.npy,2.63,113.47
img_5721.npy,2.55,113.16
img_5722.npy,2.53,119.62
img_5723.npy,2.48,114.84
img_5724.npy,2.59,115.05
img_5725.npy,2.54,114.96
img_5726.npy,2.55,115.20
img_5727.npy,2.48,115.89
img_5728.npy,2.59,115.43
img_5729.npy,2.55,115.47
img_573.npy,2.53,116.03
img_5730.npy,2.57,113.74
img_5731.npy,2.58,114.28
img_5732.npy,2.49,113.95
img_5733.npy,2.37,113.38
img_5734.npy,2.61,113.56
img_5735.npy,2.65,112.38
img_5736.npy,2.59,115.29
img_5737.npy,2.62,115.82
img_5738.npy,2.43,116.08
img_5739.npy,2.52,113.56
img_574.npy,2.59,114.61
img_5740.npy,2.59,112.91
img_5741.npy,2.57,116.08
img_5742.npy,2.54,115.37
img_5743.npy,2.42,114.59
img_5744.npy,2.53,114.46
img_5745.npy,2.60,113.95
img_5746.npy,2.62,115.60
img_5747.npy,2.42,115.76
img_5748.npy,2.69,113.41
img_5749.npy,2.59,112.86
img_575.npy,2.62,114.85
img_5750.npy,2.60,113.32
img_5751.npy,2.62,110.24
img_5752.npy,2.57,113.89
img_5753.npy,2.30,114.86
img_5754.npy,2.32,115.64
img_5755.npy,2.29,114.13
img_5756.npy,2.40,114.50
img_5757.npy,2.32,113.99
img_5758.npy,2.32,112.66
img_5759.npy,2.26,112.88
img_576.npy,2.28,114.87
img_5760.npy,2.34,113.88
img_5761.npy,2.33,114.47
img_5762.npy,2.35,115.21
img_5763.npy,2.25,115.70
img_5764.npy,2.64,115.06
img_5765.npy,2.48,113.17
img_5766.npy,2.60,114.69
img_5767.npy,2.62,111.09
img_5768.npy,2.61,112.16
img_5769.npy,2.61,112.86
img_577.npy,2.42,113.52
img_5770.npy,2.42,114.85
img_5771.npy,2.37,114.02
img_5772.npy,2.55,117.46
img_5773.npy,2.33,116.57
img_5774.npy,2.57,114.66
img_5775.npy,2.56,115.11
img_5776.npy,2.60,113.95
img_5777.npy,2.37,112.93
img_5778.npy,2.61,113.94
img_5779.npy,2.63,120.46
img_578.npy,2.64,117.23
img_5780.npy,2.62,116.62
img_5781.npy,2.43,127.21
img_5782.npy,2.44,130.24
img_5783.npy,2.58,118.51
img_5784.npy,2.67,119.28
img_5785.npy,2.55,115.21
img_5786.npy,2.55,119.51
img_5787.npy,2.63,112.99
img_5788.npy,2.65,113.25
img_5789.npy,2.63,113.29
img_579.npy,2.61,113.68
img_5790.npy,2.62,114.08
img_5791.npy,2.54,112.75
img_5792.npy,2.44,113.47
img_5793.npy,2.62,113.07
img_5794.npy,2.53,116.52
img_5795.npy,2.68,115.99
img_5796.npy,2.69,117.32
img_5797.npy,2.59,119.54
img_5798.npy,2.56,120.92
img_5799.npy,2.55,117.14
img_58.npy,2.43,115.29
img_580.npy,2.51,113.90
img_5800.npy,2.61,114.16
img_5801.npy,2.63,114.57
img_5802.npy,2.62,112.03
img_5803.npy,2.52,114.10
img_5804.npy,2.71,112.46
img_5805.npy,2.65,117.75
img_5806.npy,2.64,126.41
img_5807.npy,2.51,127.71
img_5808.npy,2.58,116.14
img_5809.npy,2.60,116.65
img_581.npy,2.59,113.80
img_5810.npy,2.62,115.16
img_5811.npy,2.25,114.60
img_5812.npy,2.35,114.18
img_5813.npy,2.19,114.11
img_5814.npy,2.36,115.10
img_5815.npy,2.35,113.83
img_5816.npy,2.39,113.07
img_5817.npy,2.35,113.67
img_5818.npy,2.29,115.32
img_5819.npy,2.32,114.61
img_582.npy,2.34,115.85
img_5820.npy,2.35,115.30
img_5821.npy,2.59,113.46
img_5822.npy,2.58,114.28
img_5823.npy,2.49,115.93
img_5824.npy,2.48,115.08
img_5825.npy,2.32,113.73
img_5826.npy,2.58,113.27
img_5827.npy,2.52,112.99
img_5828.npy,2.53,113.91
img_5829.npy,2.55,112.47
img_583.npy,2.62,113.48
img_5830.npy,2.53,114.46
img_5831.npy,2.39,113.41
img_5832.npy,2.38,111.25
img_5833.npy,2.64,112.61
img_5834.npy,2.65,113.08
img_5835.npy,2.50,111.88
img_5836.npy,2.66,113.13
img_5837.npy,2.51,116.01
img_5838.npy,2.65,118.30
img_5839.npy,2.48,117.38
img_584.npy,2.52,115.52
img_5840.npy,2.48,110.64
img_5841.npy,2.67,112.88
img_5842.npy,2.59,115.01
img_5843.npy,2.62,115.11
img_5844.npy,2.54,114.55
img_5845.npy,2.58,114.02
img_5846.npy,2.52,113.89
img_5847.npy,2.62,116.07
img_5848.npy,2.57,114.69
img_5849.npy,2.63,114.43
img_585.npy,2.68,114.35
img_5850.npy,2.53,113.77
img_5851.npy,2.53,118.92
img_5852.npy,2.47,114.28
img_5853.npy,2.45,113.84
img_5854.npy,2.36,113.93
img_5855.npy,2.39,115.68
img_5856.npy,2.31,114.62
img_5857.npy,2.36,114.46
img_5858.npy,2.57,115.84
img_5859.npy,2.40,116.27
img_586.npy,2.57,115.21
img_5860.npy,2.54,110.50
img_5861.npy,2.46,112.79
img_5862.npy,2.51,112.13
img_5863.npy,2.55,113.77
img_5864.npy,2.66,111.68
img_5865.npy,2.56,115.25
img_5866.npy,2.46,115.91
img_5867.npy,2.51,116.54
img_5868.npy,2.29,113.11
img_5869.npy,2.34,113.76
img_587.npy,2.55,113.02
img_5870.npy,2.52,114.85
img_5871.npy,2.55,115.54
img_5872.npy,2.60,114.61
img_5873.npy,2.52,113.35
img_5874.npy,2.58,115.81
img_5875.npy,2.52,115.47
img_5876.npy,2.44,115.55
img_5877.npy,2.60,115.04
img_5878.npy,2.53,113.58
img_5879.npy,2.52,114.80
img_588.npy,2.35,115.12
img_5880.npy,2.49,115.46
img_5881.npy,2.61,111.32
img_5882.npy,2.65,114.20
img_5883.npy,2.58,114.25
img_5884.npy,2.55,115.02
img_5885.npy,2.62,114.05
img_5886.npy,2.47,115.16
img_5887.npy,2.54,115.95
img_5888.npy,2.64,113.45
img_5889.npy,2.55,115.09
img_589.npy,2.57,114.46
img_5890.npy,2.45,114.09
img_5891.npy,2.57,114.25
img_5892.npy,2.54,114.50
img_5893.npy,2.53,112.63
img_5894.npy,2.61,114.96
img_5895.npy,2.60,114.07
img_5896.npy,2.56,114.40
img_5897.npy,2.58,115.26
img_5898.npy,2.61,111.88
img_5899.npy,2.58,112.53
img_59.npy,2.69,112.13
img_590.npy,2.65,114.38
img_5900.npy,2.53,114.13
img_5901.npy,2.54,112.97
img_5902.npy,2.55,115.11
img_5903.npy,2.67,113.76
img_5904.npy,2.54,111.32
img_5905.npy,2.47,114.16
img_5906.npy,2.54,116.71
img_5907.npy,2.33,114.94
img_5908.npy,2.40,114.61
img_5909.npy,2.24,114.19
img_591.npy,2.25,115.28
img_5910.npy,2.28,116.69
img_5911.npy,2.25,119.55
img_5912.npy,2.38,115.50
img_5913.npy,2.25,117.47
img_5914.npy,2.34,112.84
img_5915.npy,2.32,113.67
img_5916.npy,2.34,115.65
img_5917.npy,2.30,117.89
img_5918.npy,2.33,120.25
img_5919.npy,2.34,120.21
img_592.npy,2.34,119.59
img_5920.npy,2.39,116.77
img_5921.npy,2.37,120.11
img_5922.npy,2.31,119.87
img_5923.npy,2.34,118.56
img_5924.npy,2.41,117.97
img_5925.npy,2.50,113.81
img_5926.npy,2.35,113.05
img_5927.npy,2.58,111.75
img_5928.npy,2.59,114.01
img_5929.npy,2.33,116.21
img_593.npy,2.31,115.70
img_5930.npy,2.39,114.95
img_5931.npy,2.32,114.70
img_5932.npy,2.32,115.91
img_5933.npy,2.70,112.96
img_5934.npy,2.37,115.44
img_5935.npy,2.60,117.21
img_5936.npy,2.59,116.28
img_5937.npy,2.52,116.04
img_5938.npy,2.61,113.27
img_5939.npy,2.60,113.72
img_594.npy,2.60,114.30
img_5940.npy,2.60,112.20
img_5941.npy,2.64,113.51
img_5942.npy,2.43,109.55
img_5943.npy,2.43,114.88
img_5944.npy,2.54,115.03
img_5945.npy,2.63,116.21
img_5946.npy,2.58,114.60
img_5947.npy,2.54,115.91
img_5948.npy,2.56,116.46
img_5949.npy,2.55,116.73
img_595.npy,2.59,113.16
img_5950.npy,2.35,114.06
img_5951.npy,2.56,116.58
img_5952.npy,2.60,121.40
img_5953.npy,2.54,121.30
img_5954.npy,2.51,120.02
img_5955.npy,2.60,121.35
img_5956.npy,2.44,123.18
img_5957.npy,2.47,122.79
img_5958.npy,2.61,122.40
img_5959.npy,2.47,120.87
img_596.npy,2.30,122.71
img_5960.npy,2.49,115.99
img_5961.npy,2.58,112.14
img_5962.npy,2.64,114.26
img_5963.npy,2.66,112.68
img_5964.npy,2.57,118.48
img_5965.npy,2.69,119.13
img_5966.npy,2.60,122.84
img_5967.npy,2.58,122.25
img_5968.npy,2.61,120.03
img_5969.npy,2.29,120.96
img_597.npy,2.46,120.05
img_5970.npy,2.53,119.03
img_5971.npy,2.56,117.84
img_5972.npy,2.49,117.87
img_5973.npy,2.51,113.26
img_5974.npy,2.58,114.61
img_5975.npy,2.54,115.78
img_5976.npy,2.61,115.85
img_5977.npy,2.65,113.66
img_5978.npy,2.57,114.53
img_5979.npy,2.68,111.72
img_598.npy,2.74,113.47
img_5980.npy,2.54,113.95
img_5981.npy,2.62,112.67
img_5982.npy,2.62,111.64
img_5983.npy,2.60,123.17
img_5984.npy,2.31,125.34
img_5985.npy,2.36,113.39
img_5986.npy,2.29,111.46
img_5987.npy,2.34,114.84
img_5988.npy,2.51,115.48
img_5989.npy,2.44,118.33
img_599.npy,2.59,119.87
img_5990.npy,2.43,122.51
img_5991.npy,2.51,124.62
img_5992.npy,2.41,124.03
img_5993.npy,2.59,127.21
img_5994.npy,2.65,125.53
img_5995.npy,2.36,122.92
img_5996.npy,2.62,124.48
img_5997.npy,2.61,122.89
img_5998.npy,2.54,122.52
img_5999.npy,2.63,111.88
img_6.npy,2.62,114.22
img_60.npy,2.65,114.00
img_600.npy,2.61,115.11
img_6000.npy,2.56,120.36
img_6001.npy,2.58,120.78
img_6002.npy,2.65,117.33
img_6003.npy,2.57,117.90
img_6004.npy,2.62,115.50
img_6005.npy,2.62,113.53
img_6006.npy,2.64,112.66
img_6007.npy,2.56,112.55
img_6008.npy,2.60,112.25
img_6009.npy,2.62,113.34
img_601.npy,2.64,110.80
img_6010.npy,2.66,113.01
img_6011.npy,2.63,113.20
img_6012.npy,2.63,113.81
img_6013.npy,2.66,118.14
img_6014.npy,2.57,120.03
img_6015.npy,2.59,122.37
img_6016.npy,2.46,125.76
img_6017.npy,2.56,126.20
img_6018.npy,2.43,126.19
img_6019.npy,2.57,127.80
img_602.npy,2.74,125.51
img_6020.npy,2.62,125.75
img_6021.npy,2.54,127.41
img_6022.npy,2.65,112.22
img_6023.npy,2.61,114.15
img_6024.npy,2.51,115.00
img_6025.npy,2.51,115.20
img_6026.npy,2.60,118.87
img_6027.npy,2.36,122.11
img_6028.npy,2.49,125.25
img_6029.npy,2.44,119.38
img_603.npy,2.31,122.80
img_6030.npy,2.56,122.82
img_6031.npy,2.56,119.91
img_6032.npy,2.53,122.33
img_6033.npy,2.34,117.61
img_6034.npy,2.52,113.97
img_6035.npy,2.55,113.94
img_6036.npy,2.45,113.12
img_6037.npy,2.50,118.59
img_6038.npy,2.44,119.09
img_6039.npy,2.47,115.61
img_604.npy,2.62,113.11
img_6040.npy,2.66,114.96
img_6041.npy,2.57,114.38
img_6042.npy,2.62,114.07
img_6043.npy,2.47,111.80
img_6044.npy,2.65,113.27
img_6045.npy,2.62,112.95
img_6046.npy,2.52,111.41
img_6047.npy,2.67,113.72
img_6048.npy,2.63,113.39
img_6049.npy,2.60,113.82
img_605.npy,2.52,113.78
img_6050.npy,2.66,118.81
img_6051.npy,2.66,121.00
img_6052.npy,2.61,120.28
img_6053.npy,2.67,125.22
img_6054.npy,2.57,128.62
img_6055.npy,2.64,128.04
img_6056.npy,2.50,128.93
img_6057.npy,2.64,129.49
img_6058.npy,2.63,127.38
img_6059.npy,2.52,125.35
img_606.npy,2.52,126.95
img_6060.npy,2.55,113.06
img_6061.npy,2.65,113.57
img_6062.npy,2.63,113.14
img_6063.npy,2.65,117.36
img_6064.npy,2.48,121.05
img_6065.npy,2.64,119.08
img_6066.npy,2.52,120.40
img_6067.npy,2.61,118.18
img_6068.npy,2.47,119.88
img_6069.npy,2.56,118.88
img_607.npy,2.42,119.16
img_6070.npy,2.65,115.90
img_6071.npy,2.55,113.65
img_6072.npy,2.54,114.64
img_6073.npy,2.61,110.50
img_6074.npy,2.61,113.66
img_6075.npy,2.57,111.61
img_6076.npy,2.61,112.04
img_6077.npy,2.62,116.00
img_6078.npy,2.58,118.57
img_6079.npy,2.60,121.89
img_608.npy,2.53,127.04
img_6080.npy,2.63,132.56
img_6081.npy,2.58,129.41
img_6082.npy,2.60,132.90
img_6083.npy,2.42,130.92
img_6084.npy,2.64,132.09
img_6085.npy,2.60,133.10
img_6086.npy,2.55,113.59
img_6087.npy,2.54,113.63
img_6088.npy,2.56,115.37
img_6089.npy,2.65,120.71
img_609.npy,2.57,121.07
img_6090.npy,2.51,122.63
img_6091.npy,2.65,125.64
img_6092.npy,2.66,129.55
img_6093.npy,2.67,127.80
img_6094.npy,2.50,126.24
img_6095.npy,2.51,125.45
img_6096.npy,2.62,122.35
img_6097.npy,2.45,123.36
img_6098.npy,2.61,123.18
img_6099.npy,2.42,122.52
img_61.npy,2.31,112.63
img_610.npy,2.45,114.13
img_6100.npy,2.46,117.21
img_6101.npy,2.63,120.02
img_6102.npy,2.57,119.30
img_6103.npy,2.49,119.56
img_6104.npy,2.39,120.55
img_6105.npy,2.49,119.82
img_6106.npy,2.44,117.20
img_6107.npy,2.58,116.56
img_6108.npy,2.64,116.17
img_6109.npy,2.52,115.02
img_611.npy,2.53,116.09
img_6110.npy,2.59,113.91
img_6111.npy,2.38,115.02
img_6112.npy,2.50,116.34
img_6113.npy,2.35,113.89
img_6114.npy,2.46,113.78
img_6115.npy,2.23,113.71
img_6116.npy,2.30,113.39
img_6117.npy,2.46,114.68
img_6118.npy,2.40,114.05
img_6119.npy,2.56,115.94
img_612.npy,2.30,114.07
img_6120.npy,2.37,114.03
img_6121.npy,2.48,113.93
img_6122.npy,2.42,116.04
img_6123.npy,2.32,115.19
img_6124.npy,2.48,117.62
img_6125.npy,2.55,121.33
img_6126.npy,2.48,121.93
img_6127.npy,2.48,126.05
img_6128.npy,2.58,124.55
img_6129.npy,2.58,117.45
img_613.npy,2.61,114.50
img_6130.npy,2.57,113.59
img_6131.npy,2.49,114.79
img_6132.npy,2.53,114.57
img_6133.npy,2.52,110.88
img_6134.npy,2.54,113.16
img_6135.npy,2.47,111.98
img_6136.npy,2.49,112.45
img_6137.npy,2.52,113.26
img_6138.npy,2.38,114.76
img_6139.npy,2.36,115.72
img_614.npy,2.43,114.66
img_6140.npy,2.57,115.69
img_6141.npy,2.57,114.44
img_6142.npy,2.52,114.23
img_6143.npy,2.55,116.08
img_6144.npy,2.53,113.46
img_6145.npy,2.40,114.81
img_6146.npy,2.46,112.97
img_6147.npy,2.55,114.57
img_6148.npy,2.57,114.86
img_6149.npy,2.56,116.95
img_615.npy,2.57,116.37
img_6150.npy,2.58,117.41
img_6151.npy,2.62,119.43
img_6152.npy,2.56,117.28
img_6153.npy,2.65,111.34
img_6154.npy,2.61,112.90
img_6155.npy,2.51,115.83
img_6156.npy,2.57,119.87
img_6157.npy,2.44,120.39
img_6158.npy,2.63,118.73
img_6159.npy,2.58,118.58
img_616.npy,2.63,118.15
img_6160.npy,2.53,120.50
img_6161.npy,2.54,117.10
img_6162.npy,2.51,120.03
img_6163.npy,2.68,118.80
img_6164.npy,2.59,110.62
img_6165.npy,2.61,114.01
img_6166.npy,2.64,115.64
img_6167.npy,2.51,117.76
img_6168.npy,2.55,119.26
img_6169.npy,2.54,118.87
img_617.npy,2.61,117.55
img_6170.npy,2.62,116.76
img_6171.npy,2.62,120.16
img_6172.npy,2.50,119.39
img_6173.npy,2.58,120.91
img_6174.npy,2.59,120.02
img_6175.npy,2.48,120.53
img_6176.npy,2.49,113.63
img_6177.npy,2.59,114.35
img_6178.npy,2.65,115.80
img_6179.npy,2.50,113.55
img_618.npy,2.65,119.21
img_6180.npy,2.69,118.68
img_6181.npy,2.55,116.64
img_6182.npy,2.52,114.36
img_6183.npy,2.52,115.21
img_6184.npy,2.44,114.70
img_6185.npy,2.56,115.20
img_6186.npy,2.59,114.91
img_6187.npy,2.30,113.25
img_6188.npy,2.56,112.40
img_6189.npy,2.63,113.61
img_619.npy,2.67,113.51
img_6190.npy,2.63,112.67
img_6191.npy,2.63,113.05
img_6192.npy,2.70,116.81
img_6193.npy,2.59,121.03
img_6194.npy,2.52,123.81
img_6195.npy,2.49,124.35
img_6196.npy,2.34,126.38
img_6197.npy,2.29,125.89
img_6198.npy,2.29,125.59
img_6199.npy,2.28,128.06
img_62.npy,2.37,113.88
img_620.npy,2.40,113.96
img_6200.npy,2.23,113.65
img_6201.npy,2.33,121.12
img_6202.npy,2.31,120.84
img_6203.npy,2.24,124.91
img_6204.npy,2.34,128.18
img_6205.npy,2.32,132.65
img_6206.npy,2.39,132.92
img_6207.npy,2.29,131.59
img_6208.npy,2.36,126.48
img_6209.npy,2.27,126.79
img_621.npy,2.35,114.39
img_6210.npy,2.29,113.39
img_6211.npy,2.35,111.88
img_6212.npy,2.35,114.57
img_6213.npy,2.33,120.00
img_6214.npy,2.44,119.75
img_6215.npy,2.32,119.87
img_6216.npy,2.41,120.52
img_6217.npy,2.29,120.91
img_6218.npy,2.54,118.75
img_6219.npy,2.59,119.12
img_622.npy,2.38,120.25
img_6220.npy,2.45,120.16
img_6221.npy,2.65,117.05
img_6222.npy,2.61,113.09
img_6223.npy,2.57,113.66
img_6224.npy,2.58,113.72
img_6225.npy,2.41,112.42
img_6226.npy,2.48,113.08
img_6227.npy,2.58,111.89
img_6228.npy,2.61,113.05
img_6229.npy,2.57,111.88
img_623.npy,2.55,113.93
img_6230.npy,2.42,115.55
img_6231.npy,2.52,117.48
img_6232.npy,2.55,132.27
img_6233.npy,2.58,132.32
img_6234.npy,2.60,133.59
img_6235.npy,2.55,116.62
img_6236.npy,2.51,112.59
img_6237.npy,2.49,115.75
img_6238.npy,2.55,119.58
img_6239.npy,2.50,122.15
img_624.npy,2.60,123.86
img_6240.npy,2.55,127.98
img_6241.npy,2.57,132.45
img_6242.npy,2.51,133.40
img_6243.npy,2.57,134.80
img_6244.npy,2.51,133.11
img_6245.npy,2.56,133.64
img_6246.npy,2.54,111.97
img_6247.npy,2.56,114.20
img_6248.npy,2.50,115.67
img_6249.npy,2.61,120.33
img_625.npy,2.60,120.57
img_6250.npy,2.57,123.38
img_6251.npy,2.55,127.47
img_6252.npy,2.56,133.23
img_6253.npy,2.56,130.14
img_6254.npy,2.41,130.61
img_6255.npy,2.59,131.94
img_6256.npy,2.50,129.54
img_6257.npy,2.42,127.42
img_6258.npy,2.35,112.97
img_6259.npy,2.57,114.61
img_626.npy,2.61,115.79
img_6260.npy,2.54,119.28
img_6261.npy,2.59,120.89
img_6262.npy,2.60,123.46
img_6263.npy,2.44,122.15
img_6264.npy,2.61,123.68
img_6265.npy,2.53,122.73
img_6266.npy,2.59,122.41
img_6267.npy,2.55,114.85
img_6268.npy,2.49,114.94
img_6269.npy,2.62,112.63
img_627.npy,2.58,114.42
img_6270.npy,2.58,112.82
img_6271.npy,2.64,111.83
img_6272.npy,2.63,117.86
img_6273.npy,2.55,116.00
img_6274.npy,2.52,114.84
img_6275.npy,2.50,110.93
img_6276.npy,2.62,112.68
img_6277.npy,2.46,113.62
img_6278.npy,2.41,113.84
img_6279.npy,2.56,117.10
img_628.npy,2.53,113.77
img_6280.npy,2.39,114.69
img_6281.npy,2.56,113.27
img_6282.npy,2.60,113.43
img_6283.npy,2.58,112.70
img_6284.npy,2.62,114.91
img_6285.npy,2.40,112.69
img_6286.npy,2.55,113.45
img_6287.npy,2.62,113.19
img_6288.npy,2.49,113.70
img_6289.npy,2.56,115.14
img_629.npy,2.61,114.60
img_6290.npy,2.57,114.17
img_6291.npy,2.56,114.22
img_6292.npy,2.56,113.28
img_6293.npy,2.62,114.15
img_6294.npy,2.55,114.79
img_6295.npy,2.47,115.39
img_6296.npy,2.53,111.41
img_6297.npy,2.49,113.55
img_6298.npy,2.51,114.05
img_6299.npy,2.45,115.70
img_63.npy,2.40,117.42
img_630.npy,2.28,117.62
img_6300.npy,2.25,120.48
img_6301.npy,2.36,113.01
img_6302.npy,2.47,112.71
img_6303.npy,2.58,115.84
img_6304.npy,2.58,120.90
img_6305.npy,2.33,121.30
img_6306.npy,2.35,119.43
img_6307.npy,2.49,121.31
img_6308.npy,2.65,122.59
img_6309.npy,2.57,120.09
img_631.npy,2.63,120.83
img_6310.npy,2.52,122.76
img_6311.npy,2.44,123.82
img_6312.npy,2.54,117.95
img_6313.npy,2.63,112.97
img_6314.npy,2.57,114.13
img_6315.npy,2.56,115.45
img_6316.npy,2.52,120.30
img_6317.npy,2.55,119.48
img_6318.npy,2.55,122.67
img_6319.npy,2.55,121.16
img_632.npy,2.61,120.68
img_6320.npy,2.61,121.66
img_6321.npy,2.50,121.14
img_6322.npy,2.54,118.47
img_6323.npy,2.61,118.84
img_6324.npy,2.57,119.04
img_6325.npy,2.65,117.48
img_6326.npy,2.52,113.61
img_6327.npy,2.64,113.24
img_6328.npy,2.61,117.95
img_6329.npy,2.54,116.30
img_633.npy,2.46,115.82
img_6330.npy,2.46,111.76
img_6331.npy,2.61,113.25
img_6332.npy,2.55,114.09
img_6333.npy,2.59,113.05
img_6334.npy,2.38,112.12
img_6335.npy,2.55,122.26
img_6336.npy,2.49,127.26
img_6337.npy,2.49,125.29
img_6338.npy,2.28,113.67
img_6339.npy,2.51,116.54
img_634.npy,2.65,117.21
img_6340.npy,2.52,121.38
img_6341.npy,2.62,122.25
img_6342.npy,2.59,123.32
img_6343.npy,2.65,127.62
img_6344.npy,2.61,132.56
img_6345.npy,2.60,130.69
img_6346.npy,2.59,132.11
img_6347.npy,2.65,133.47
img_6348.npy,2.53,132.39
img_6349.npy,2.48,133.48
img_635.npy,2.58,116.23
img_6350.npy,2.54,115.86
img_6351.npy,2.64,115.65
img_6352.npy,2.44,121.34
img_6353.npy,2.66,122.62
img_6354.npy,2.51,124.60
img_6355.npy,2.52,128.12
img_6356.npy,2.52,126.69
img_6357.npy,2.42,126.80
img_6358.npy,2.66,125.50
img_6359.npy,2.48,123.88
img_636.npy,2.60,124.25
img_6360.npy,2.59,113.59
img_6361.npy,2.53,111.41
img_6362.npy,2.61,113.19
img_6363.npy,2.64,116.47
img_6364.npy,2.64,121.04
img_6365.npy,2.59,122.54
img_6366.npy,2.60,121.02
img_6367.npy,2.58,119.76
img_6368.npy,2.58,121.41
img_6369.npy,2.54,121.30
img_637.npy,2.42,119.91
img_6370.npy,2.51,119.65
img_6371.npy,2.42,119.87
img_6372.npy,2.56,112.33
img_6373.npy,2.62,114.82
img_6374.npy,2.52,116.81
img_6375.npy,2.63,119.81
img_6376.npy,2.54,119.73
img_6377.npy,2.61,119.04
img_6378.npy,2.56,119.16
img_6379.npy,2.55,117.41
img_638.npy,2.57,118.24
img_6380.npy,2.55,119.14
img_6381.npy,2.55,119.71
img_6382.npy,2.54,119.82
img_6383.npy,2.55,115.37
img_6384.npy,2.63,111.16
img_6385.npy,2.60,113.30
img_6386.npy,2.60,114.95
img_6387.npy,2.59,115.55
img_6388.npy,2.65,112.09
img_6389.npy,2.53,112.46
img_639.npy,2.42,112.48
img_6390.npy,2.41,113.23
img_6391.npy,2.42,128.80
img_6392.npy,2.62,125.16
img_6393.npy,2.43,114.36
img_6394.npy,2.59,113.61
img_6395.npy,2.30,114.40
img_6396.npy,2.28,115.62
img_6397.npy,2.44,113.31
img_6398.npy,2.39,115.26
img_6399.npy,2.53,113.67
img_64.npy,2.58,112.68
img_640.npy,2.61,112.45
img_6400.npy,2.35,114.89
img_6401.npy,2.26,116.06
img_6402.npy,2.47,115.22
img_6403.npy,2.53,117.14
img_6404.npy,2.59,115.03
img_6405.npy,2.61,113.91
img_6406.npy,2.62,115.12
img_6407.npy,2.62,115.95
img_6408.npy,2.51,116.54
img_6409.npy,2.39,115.14
img_641.npy,2.51,112.71
img_6410.npy,2.53,116.99
img_6411.npy,2.62,116.77
img_6412.npy,2.41,119.48
img_6413.npy,2.57,120.18
img_6414.npy,2.50,120.93
img_6415.npy,2.55,112.93
img_6416.npy,2.58,112.41
img_6417.npy,2.59,115.85
img_6418.npy,2.27,119.37
img_6419.npy,2.51,120.32
img_642.npy,2.62,121.89
img_6420.npy,2.61,121.73
img_6421.npy,2.62,119.42
img_6422.npy,2.37,119.55
img_6423.npy,2.47,120.94
img_6424.npy,2.68,119.93
img_6425.npy,2.46,119.85
img_6426.npy,2.36,121.84
img_6427.npy,2.62,115.04
img_6428.npy,2.57,111.56
img_6429.npy,2.52,113.33
img_643.npy,2.63,115.19
img_6430.npy,2.60,116.30
img_6431.npy,2.57,115.38
img_6432.npy,2.67,115.47
img_6433.npy,2.41,114.64
img_6434.npy,2.52,114.03
img_6435.npy,2.26,110.13
img_6436.npy,2.28,112.50
img_6437.npy,2.31,111.96
img_6438.npy,2.22,113.20
img_6439.npy,2.37,120.12
img_644.npy,2.36,112.25
img_6440.npy,2.28,112.73
img_6441.npy,2.29,113.33
img_6442.npy,2.34,118.64
img_6443.npy,2.28,119.26
img_6444.npy,2.34,120.96
img_6445.npy,2.31,121.47
img_6446.npy,2.38,121.14
img_6447.npy,2.34,122.21
img_6448.npy,2.27,122.46
img_6449.npy,2.32,122.23
img_645.npy,2.39,121.09
img_6450.npy,2.33,121.98
img_6451.npy,2.36,115.79
img_6452.npy,2.29,112.25
img_6453.npy,2.37,112.02
img_6454.npy,2.54,115.20
img_6455.npy,2.55,120.06
img_6456.npy,2.54,121.07
img_6457.npy,2.67,121.25
img_6458.npy,2.63,119.86
img_6459.npy,2.67,120.79
img_646.npy,2.58,119.74
img_6460.npy,2.42,118.72
img_6461.npy,2.34,118.96
img_6462.npy,2.24,119.29
img_6463.npy,2.27,119.02
img_6464.npy,2.34,112.78
img_6465.npy,2.53,114.32
img_6466.npy,2.53,115.48
img_6467.npy,2.63,114.69
img_6468.npy,2.51,114.32
img_6469.npy,2.56,113.18
img_647.npy,2.27,111.91
img_6470.npy,2.38,113.52
img_6471.npy,2.28,111.87
img_6472.npy,2.36,116.93
img_6473.npy,2.34,121.86
img_6474.npy,2.31,122.54
img_6475.npy,2.25,123.85
img_6476.npy,2.32,112.41
img_6477.npy,2.36,114.05
img_6478.npy,2.27,118.71
img_6479.npy,2.33,121.52
img_648.npy,2.29,124.32
img_6480.npy,2.43,127.29
img_6481.npy,2.51,125.23
img_6482.npy,2.37,126.70
img_6483.npy,2.51,127.26
img_6484.npy,2.34,126.89
img_6485.npy,2.41,125.70
img_6486.npy,2.29,127.17
img_6487.npy,2.61,114.57
img_6488.npy,2.47,114.64
img_6489.npy,2.55,112.96
img_649.npy,2.51,115.79
img_6490.npy,2.53,120.57
img_6491.npy,2.64,119.99
img_6492.npy,2.64,120.82
img_6493.npy,2.63,122.07
img_6494.npy,2.65,120.83
img_6495.npy,2.57,121.08
img_6496.npy,2.64,119.33
img_6497.npy,2.61,120.81
img_6498.npy,2.59,119.48
img_6499.npy,2.48,117.61
img_65.npy,2.65,113.29
img_650.npy,2.59,112.22
img_6500.npy,2.51,113.77
img_6501.npy,2.59,114.48
img_6502.npy,2.52,114.27
img_6503.npy,2.63,111.17
img_6504.npy,2.50,111.62
img_6505.npy,2.55,112.30
img_6506.npy,2.51,113.15
img_6507.npy,2.63,112.23
img_6508.npy,2.57,119.11
img_6509.npy,2.65,122.10
img_651.npy,2.59,122.24
img_6510.npy,2.52,122.41
img_6511.npy,2.34,111.30
img_6512.npy,2.55,112.77
img_6513.npy,2.61,115.75
img_6514.npy,2.56,117.90
img_6515.npy,2.51,120.59
img_6516.npy,2.40,121.05
img_6517.npy,2.39,125.82
img_6518.npy,2.27,127.00
img_6519.npy,2.34,127.54
img_652.npy,2.45,125.95
img_6520.npy,2.30,125.59
img_6521.npy,2.59,126.68
img_6522.npy,2.38,125.41
img_6523.npy,2.28,126.72
img_6524.npy,2.52,114.19
img_6525.npy,2.64,114.61
img_6526.npy,2.61,115.36
img_6527.npy,2.57,118.34
img_6528.npy,2.51,120.17
img_6529.npy,2.62,122.35
img_653.npy,2.57,119.96
img_6530.npy,2.50,121.61
img_6531.npy,2.55,121.75
img_6532.npy,2.69,120.05
img_6533.npy,2.66,118.82
img_6534.npy,2.64,120.31
img_6535.npy,2.66,120.62
img_6536.npy,2.50,119.66
img_6537.npy,2.57,111.57
img_6538.npy,2.57,113.86
img_6539.npy,2.58,115.23
img_654.npy,2.58,115.34
img_6540.npy,2.60,114.22
img_6541.npy,2.55,113.21
img_6542.npy,2.53,114.75
img_6543.npy,2.31,113.74
img_6544.npy,2.56,112.70
img_6545.npy,2.57,113.12
img_6546.npy,2.57,113.27
img_6547.npy,2.71,113.34
img_6548.npy,2.67,124.68
img_6549.npy,2.43,127.25
img_655.npy,2.60,112.29
img_6550.npy,2.55,112.95
img_6551.npy,2.63,113.25
img_6552.npy,2.61,117.53
img_6553.npy,2.55,121.00
img_6554.npy,2.50,121.13
img_6555.npy,2.63,124.25
img_6556.npy,2.63,127.99
img_6557.npy,2.63,133.39
img_6558.npy,2.74,132.66
img_6559.npy,2.60,131.64
img_656.npy,2.59,132.68
img_6560.npy,2.53,132.17
img_6561.npy,2.51,132.44
img_6562.npy,2.39,113.47
img_6563.npy,2.55,114.78
img_6564.npy,2.45,116.03
img_6565.npy,2.36,121.24
img_6566.npy,2.59,121.39
img_6567.npy,2.51,122.66
img_6568.npy,2.49,127.32
img_6569.npy,2.58,127.32
img_657.npy,2.60,122.85
img_6570.npy,2.56,121.66
img_6571.npy,2.63,122.99
img_6572.npy,2.64,119.98
img_6573.npy,2.40,120.25
img_6574.npy,2.51,112.90
img_6575.npy,2.52,113.42
img_6576.npy,2.63,113.73
img_6577.npy,2.54,113.83
img_6578.npy,2.59,120.19
img_6579.npy,2.68,119.78
img_658.npy,2.58,115.47
img_6580.npy,2.62,116.32
img_6581.npy,2.45,115.74
img_6582.npy,2.50,114.62
img_6583.npy,2.60,113.61
img_6584.npy,2.61,114.91
img_6585.npy,2.50,115.00
img_6586.npy,2.71,115.84
img_6587.npy,2.49,114.54
img_6588.npy,2.55,112.66
img_6589.npy,2.49,113.05
img_659.npy,2.55,115.19
img_6590.npy,2.64,120.26
img_6591.npy,2.45,120.20
img_6592.npy,2.58,126.35
img_6593.npy,2.59,130.84
img_6594.npy,2.60,132.80
img_6595.npy,2.56,133.28
img_6596.npy,2.51,130.97
img_6597.npy,2.53,133.54
img_6598.npy,2.64,124.23
img_6599.npy,2.47,115.98
img_66.npy,2.52,114.77
img_660.npy,2.43,120.33
img_6600.npy,2.57,121.29
img_6601.npy,2.62,124.32
img_6602.npy,2.63,127.34
img_6603.npy,2.36,133.25
img_6604.npy,2.46,132.38
img_6605.npy,2.49,131.33
img_6606.npy,2.49,131.62
img_6607.npy,2.28,131.50
img_6608.npy,2.35,114.75
img_6609.npy,2.49,115.20
img_661.npy,2.44,119.45
img_6610.npy,2.56,121.82
img_6611.npy,2.51,123.93
img_6612.npy,2.58,126.02
img_6613.npy,2.56,132.21
img_6614.npy,2.55,127.51
img_6615.npy,2.58,116.10
img_6616.npy,2.63,113.09
img_6617.npy,2.26,112.34
img_6618.npy,2.54,112.52
img_6619.npy,2.56,114.14
img_662.npy,2.48,113.88
img_6620.npy,2.55,113.18
img_6621.npy,2.67,111.99
img_6622.npy,2.66,112.56
img_6623.npy,2.65,114.24
img_6624.npy,2.62,113.87
img_6625.npy,2.55,112.35
img_6626.npy,2.63,114.68
img_6627.npy,2.58,114.55
img_6628.npy,2.57,112.94
img_6629.npy,2.62,114.26
img_663.npy,2.73,113.04
img_6630.npy,2.64,113.45
img_6631.npy,2.55,113.01
img_6632.npy,2.55,111.94
img_6633.npy,2.64,114.02
img_6634.npy,2.58,112.81
img_6635.npy,2.60,112.39
img_6636.npy,2.60,113.00
img_6637.npy,2.55,112.32
img_6638.npy,2.36,114.16
img_6639.npy,2.47,114.06
img_664.npy,2.46,114.05
img_6640.npy,2.55,113.89
img_6641.npy,2.57,111.61
img_6642.npy,2.58,116.18
img_6643.npy,2.59,114.74
img_6644.npy,2.56,115.69
img_6645.npy,2.59,114.16
img_6646.npy,2.45,114.38
img_6647.npy,2.60,118.77
img_6648.npy,2.56,113.88
img_6649.npy,2.57,129.23
img_665.npy,2.58,115.37
img_6650.npy,2.49,114.96
img_6651.npy,2.59,115.27
img_6652.npy,2.56,114.79
img_6653.npy,2.59,114.92
img_6654.npy,2.59,114.48
img_6655.npy,2.52,114.55
img_6656.npy,2.45,114.55
img_6657.npy,2.59,112.19
img_6658.npy,2.53,114.64
img_6659.npy,2.58,114.86
img_666.npy,2.43,116.24
img_6660.npy,2.56,116.04
img_6661.npy,2.56,117.72
img_6662.npy,2.55,113.85
img_6663.npy,2.64,114.81
img_6664.npy,2.62,113.70
img_6665.npy,2.65,116.95
img_6666.npy,2.56,120.24
img_6667.npy,2.46,122.71
img_6668.npy,2.40,118.98
img_6669.npy,2.53,119.61
img_667.npy,2.48,123.43
img_6670.npy,2.52,123.67
img_6671.npy,2.53,123.70
img_6672.npy,2.52,126.99
img_6673.npy,2.49,114.23
img_6674.npy,2.71,113.37
img_6675.npy,2.63,114.63
img_6676.npy,2.62,117.86
img_6677.npy,2.63,120.79
img_6678.npy,2.65,120.42
img_6679.npy,2.61,124.11
img_668.npy,2.58,128.08
img_6680.npy,2.66,129.58
img_6681.npy,2.66,126.81
img_6682.npy,2.36,126.38
img_6683.npy,2.41,127.80
img_6684.npy,2.49,127.65
img_6685.npy,2.64,113.52
img_6686.npy,2.57,113.38
img_6687.npy,2.65,113.30
img_6688.npy,2.62,117.15
img_6689.npy,2.61,121.15
img_669.npy,2.77,122.10
img_6690.npy,2.50,121.29
img_6691.npy,2.49,121.16
img_6692.npy,2.46,122.07
img_6693.npy,2.29,121.76
img_6694.npy,2.40,120.39
img_6695.npy,2.33,120.51
img_6696.npy,2.53,120.18
img_6697.npy,2.52,112.93
img_6698.npy,2.46,113.56
img_6699.npy,2.57,115.98
img_67.npy,2.67,116.57
img_670.npy,2.56,116.34
img_6700.npy,2.48,114.71
img_6701.npy,2.41,115.18
img_6702.npy,2.53,115.25
img_6703.npy,2.30,115.15
img_6704.npy,2.54,117.12
img_6705.npy,2.62,115.38
img_6706.npy,2.65,116.51
img_6707.npy,2.66,113.66
img_6708.npy,2.51,115.37
img_6709.npy,2.61,114.91
img_671.npy,2.55,114.32
img_6710.npy,2.62,113.84
img_6711.npy,2.54,113.85
img_6712.npy,2.46,116.43
img_6713.npy,2.40,114.52
img_6714.npy,2.60,113.64
img_6715.npy,2.34,113.90
img_6716.npy,2.39,115.75
img_6717.npy,2.38,115.73
img_6718.npy,2.35,114.29
img_6719.npy,2.40,115.02
img_672.npy,2.28,114.39
img_6720.npy,2.29,112.90
img_6721.npy,2.37,111.30
img_6722.npy,2.43,112.29
img_6723.npy,2.59,114.56
img_6724.npy,2.69,116.93
img_6725.npy,2.58,112.87
img_6726.npy,2.59,116.20
img_6727.npy,2.63,113.68
img_6728.npy,2.57,116.31
img_6729.npy,2.29,117.16
img_673.npy,2.28,116.96
img_6730.npy,2.36,113.52
img_6731.npy,2.34,113.25
img_6732.npy,2.29,116.08
img_6733.npy,2.35,116.93
img_6734.npy,2.31,121.65
img_6735.npy,2.31,120.30
img_6736.npy,2.21,119.94
img_6737.npy,2.31,120.61
img_6738.npy,2.27,113.15
img_6739.npy,2.39,115.57
img_674.npy,2.27,120.16
img_6740.npy,2.41,118.19
img_6741.npy,2.30,121.47
img_6742.npy,2.37,120.77
img_6743.npy,2.47,121.27
img_6744.npy,2.33,120.11
img_6745.npy,2.29,122.42
img_6746.npy,2.53,121.25
img_6747.npy,2.35,124.32
img_6748.npy,2.33,121.11
img_6749.npy,2.58,113.29
img_675.npy,2.56,112.78
img_6750.npy,2.56,115.38
img_6751.npy,2.38,118.96
img_6752.npy,2.52,121.35
img_6753.npy,2.58,121.37
img_6754.npy,2.60,120.92
img_6755.npy,2.65,117.80
img_6756.npy,2.63,120.18
img_6757.npy,2.57,118.03
img_6758.npy,2.50,115.73
img_6759.npy,2.34,115.89
img_676.npy,2.52,115.86
img_6760.npy,2.40,112.50
img_6761.npy,2.62,113.20
img_6762.npy,2.53,112.90
img_6763.npy,2.61,113.43
img_6764.npy,2.58,112.76
img_6765.npy,2.48,113.72
img_6766.npy,2.63,110.59
img_6767.npy,2.56,112.63
img_6768.npy,2.65,114.34
img_6769.npy,2.60,118.40
img_677.npy,2.63,124.45
img_6770.npy,2.53,126.41
img_6771.npy,2.57,125.07
img_6772.npy,2.61,127.62
img_6773.npy,2.49,113.56
img_6774.npy,2.38,114.18
img_6775.npy,2.26,115.21
img_6776.npy,2.54,116.71
img_6777.npy,2.42,120.14
img_6778.npy,2.33,121.23
img_6779.npy,2.35,127.03
img_678.npy,2.57,127.26
img_6780.npy,2.66,124.64
img_6781.npy,2.65,127.89
img_6782.npy,2.55,127.19
img_6783.npy,2.65,126.93
img_6784.npy,2.61,124.45
img_6785.npy,2.41,124.08
img_6786.npy,2.58,113.36
img_6787.npy,2.61,113.41
img_6788.npy,2.58,115.59
img_6789.npy,2.62,118.49
img_679.npy,2.44,120.95
img_6790.npy,2.65,119.90
img_6791.npy,2.64,120.00
img_6792.npy,2.63,122.08
img_6793.npy,2.67,119.13
img_6794.npy,2.60,120.00
img_6795.npy,2.63,120.89
img_6796.npy,2.57,120.89
img_6797.npy,2.59,120.47
img_6798.npy,2.55,114.75
img_6799.npy,2.57,114.05
img_68.npy,2.56,114.78
img_680.npy,2.61,114.08
img_6800.npy,2.49,115.90
img_6801.npy,2.44,115.40
img_6802.npy,2.54,112.16
img_6803.npy,2.58,112.76
img_6804.npy,2.57,112.72
img_6805.npy,2.59,113.29
img_6806.npy,2.63,113.27
img_6807.npy,2.54,111.67
img_6808.npy,2.56,111.83
img_6809.npy,2.65,132.48
img_681.npy,2.55,112.21
img_6810.npy,2.46,111.54
img_6811.npy,2.51,116.71
img_6812.npy,2.56,119.05
img_6813.npy,2.58,121.24
img_6814.npy,2.59,127.42
img_6815.npy,2.57,133.06
img_6816.npy,2.58,133.09
img_6817.npy,2.61,133.06
img_6818.npy,2.48,132.02
img_6819.npy,2.53,133.12
img_682.npy,2.60,115.16
img_6820.npy,2.44,114.60
img_6821.npy,2.60,114.54
img_6822.npy,2.61,120.17
img_6823.npy,2.54,121.51
img_6824.npy,2.54,125.71
img_6825.npy,2.48,132.19
img_6826.npy,2.56,130.30
img_6827.npy,2.63,129.85
img_6828.npy,2.60,128.54
img_6829.npy,2.62,124.59
img_683.npy,2.59,124.56
img_6830.npy,2.42,112.11
img_6831.npy,2.46,112.88
img_6832.npy,2.46,115.13
img_6833.npy,2.44,117.35
img_6834.npy,2.49,119.22
img_6835.npy,2.59,122.73
img_6836.npy,2.57,122.23
img_6837.npy,2.62,119.42
img_6838.npy,2.53,120.49
img_6839.npy,2.49,121.85
img_684.npy,2.55,120.49
img_6840.npy,2.26,119.79
img_6841.npy,2.25,118.47
img_6842.npy,2.30,113.59
img_6843.npy,2.32,113.90
img_6844.npy,2.33,117.80
img_6845.npy,2.36,115.50
img_6846.npy,2.26,117.81
img_6847.npy,2.32,114.36
img_6848.npy,2.32,113.46
img_6849.npy,2.31,118.00
img_685.npy,2.32,118.25
img_6850.npy,2.43,117.47
img_6851.npy,2.29,113.29
img_6852.npy,2.34,111.88
img_6853.npy,2.33,113.64
img_6854.npy,2.54,112.68
img_6855.npy,2.35,113.59
img_6856.npy,2.62,112.57
img_6857.npy,2.57,110.45
img_6858.npy,2.64,111.72
img_6859.npy,2.61,113.68
img_686.npy,2.71,112.45
img_6860.npy,2.52,116.08
img_6861.npy,2.61,113.62
img_6862.npy,2.50,114.25
img_6863.npy,2.61,115.52
img_6864.npy,2.52,114.00
img_6865.npy,2.60,115.41
img_6866.npy,2.47,113.58
img_6867.npy,2.62,114.38
img_6868.npy,2.62,112.52
img_6869.npy,2.61,112.07
img_687.npy,2.58,112.66
img_6870.npy,2.45,116.09
img_6871.npy,2.63,113.13
img_6872.npy,2.51,115.72
img_6873.npy,2.56,115.94
img_6874.npy,2.54,111.42
img_6875.npy,2.54,113.66
img_6876.npy,2.52,114.24
img_6877.npy,2.46,115.69
img_6878.npy,2.67,109.14
img_6879.npy,2.57,112.07
img_688.npy,2.54,113.86
img_6880.npy,2.51,112.03
img_6881.npy,2.64,112.21
img_6882.npy,2.60,115.25
img_6883.npy,2.60,116.05
img_6884.npy,2.59,116.60
img_6885.npy,2.58,115.16
img_6886.npy,2.57,112.79
img_6887.npy,2.50,115.26
img_6888.npy,2.56,114.90
img_6889.npy,2.52,115.18
img_689.npy,2.61,116.41
img_6890.npy,2.52,114.12
img_6891.npy,2.64,115.93
img_6892.npy,2.58,114.80
img_6893.npy,2.56,116.37
img_6894.npy,2.60,121.50
img_6895.npy,2.52,119.75
img_6896.npy,2.53,121.86
img_6897.npy,2.28,115.11
img_6898.npy,2.50,114.79
img_6899.npy,2.59,118.63
img_69.npy,2.57,119.13
img_690.npy,2.33,120.71
img_6900.npy,2.30,124.50
img_6901.npy,2.28,122.45
img_6902.npy,2.33,124.62
img_6903.npy,2.32,122.64
img_6904.npy,2.34,123.68
img_6905.npy,2.25,125.11
img_6906.npy,2.29,113.38
img_6907.npy,2.30,111.66
img_6908.npy,2.35,113.84
img_6909.npy,2.31,117.79
img_691.npy,2.36,118.26
img_6910.npy,2.35,120.38
img_6911.npy,2.42,122.34
img_6912.npy,2.30,122.21
img_6913.npy,2.36,122.54
img_6914.npy,2.35,121.15
img_6915.npy,2.46,120.48
img_6916.npy,2.29,121.16
img_6917.npy,2.58,114.08
img_6918.npy,2.48,113.85
img_6919.npy,2.46,113.71
img_692.npy,2.51,112.25
img_6920.npy,2.45,120.45
img_6921.npy,2.23,120.86
img_6922.npy,2.28,120.13
img_6923.npy,2.55,119.11
img_6924.npy,2.48,119.05
img_6925.npy,2.36,115.98
img_6926.npy,2.68,113.27
img_6927.npy,2.55,113.65
img_6928.npy,2.55,114.02
img_6929.npy,2.62,110.04
img_693.npy,2.45,112.81
img_6930.npy,2.56,115.56
img_6931.npy,2.62,114.64
img_6932.npy,2.57,114.68
img_6933.npy,2.54,112.11
img_6934.npy,2.58,112.17
img_6935.npy,2.55,113.51
img_6936.npy,2.34,114.21
img_6937.npy,2.59,115.66
img_6938.npy,2.70,112.48
img_6939.npy,2.55,131.59
img_694.npy,2.60,132.62
img_6940.npy,2.58,120.25
img_6941.npy,2.66,114.79
img_6942.npy,2.55,115.83
img_6943.npy,2.64,119.25
img_6944.npy,2.52,121.39
img_6945.npy,2.46,124.61
img_6946.npy,2.67,130.39
img_6947.npy,2.62,133.14
img_6948.npy,2.51,134.42
img_6949.npy,2.44,132.66
img_695.npy,2.55,130.66
img_6950.npy,2.39,123.05
img_6951.npy,2.61,113.93
img_6952.npy,2.56,115.84
img_6953.npy,2.65,118.99
img_6954.npy,2.60,119.64
img_6955.npy,2.55,122.57
img_6956.npy,2.51,125.27
img_6957.npy,2.44,116.75
img_6958.npy,2.48,116.00
img_6959.npy,2.54,114.85
img_696.npy,2.60,115.14
img_6960.npy,2.59,113.65
img_6961.npy,2.49,114.08
img_6962.npy,2.59,112.31
img_6963.npy,2.62,111.99
img_6964.npy,2.59,112.77
img_6965.npy,2.60,113.40
img_6966.npy,2.66,111.58
img_6967.npy,2.61,113.29
img_6968.npy,2.62,113.26
img_6969.npy,2.63,113.32
img_697.npy,2.65,110.95
img_6970.npy,2.50,111.97
img_6971.npy,2.43,114.51
img_6972.npy,2.60,114.14
img_6973.npy,2.50,114.84
img_6974.npy,2.58,112.96
img_6975.npy,2.40,112.88
img_6976.npy,2.47,113.74
img_6977.npy,2.63,113.36
img_6978.npy,2.58,113.86
img_6979.npy,2.47,111.70
img_698.npy,2.38,113.52
img_6980.npy,2.61,112.40
img_6981.npy,2.55,111.03
img_6982.npy,2.41,114.73
img_6983.npy,2.48,115.12
img_6984.npy,2.61,113.97
img_6985.npy,2.50,115.75
img_6986.npy,2.69,115.19
img_6987.npy,2.51,112.92
img_6988.npy,2.64,113.45
img_6989.npy,2.58,110.22
img_699.npy,2.58,113.84
img_6990.npy,2.63,112.55
img_6991.npy,2.63,113.50
img_6992.npy,2.60,118.43
img_6993.npy,2.41,114.04
img_6994.npy,2.43,116.62
img_6995.npy,2.51,113.34
img_6996.npy,2.50,113.96
img_6997.npy,2.47,115.00
img_6998.npy,2.50,114.36
img_6999.npy,2.56,116.56
img_7.npy,2.47,115.17
img_70.npy,2.59,113.32
img_700.npy,2.62,113.47
img_7000.npy,2.57,114.03
img_7001.npy,2.54,113.91
img_7002.npy,2.49,111.47
img_7003.npy,2.49,114.70
img_7004.npy,2.57,116.10
img_7005.npy,2.57,116.87
img_7006.npy,2.53,113.90
img_7007.npy,2.59,112.22
img_7008.npy,2.53,112.46
img_7009.npy,2.61,113.96
img_701.npy,2.55,114.36
img_7010.npy,2.63,113.59
img_7011.npy,2.56,112.66
img_7012.npy,2.56,114.33
img_7013.npy,2.56,114.02
img_7014.npy,2.63,112.31
img_7015.npy,2.53,113.40
img_7016.npy,2.54,114.35
img_7017.npy,2.50,113.74
img_7018.npy,2.53,114.75
img_7019.npy,2.67,111.61
img_702.npy,2.49,112.67
img_7020.npy,2.58,114.36
img_7021.npy,2.45,113.73
img_7022.npy,2.47,113.97
img_7023.npy,2.50,113.32
img_7024.npy,2.52,110.49
img_7025.npy,2.45,113.39
img_7026.npy,2.57,113.26
img_7027.npy,2.64,115.66
img_7028.npy,2.59,116.34
img_7029.npy,2.51,116.03
img_703.npy,2.56,116.27
img_7030.npy,2.60,113.98
img_7031.npy,2.63,114.57
img_7032.npy,2.58,114.85
img_7033.npy,2.62,114.09
img_7034.npy,2.58,112.51
img_7035.npy,2.53,113.69
img_7036.npy,2.61,112.31
img_7037.npy,2.46,113.59
img_7038.npy,2.58,111.96
img_7039.npy,2.49,113.04
img_704.npy,2.51,115.75
img_7040.npy,2.46,116.25
img_7041.npy,2.51,113.62
img_7042.npy,2.58,115.28
img_7043.npy,2.62,115.68
img_7044.npy,2.57,116.99
img_7045.npy,2.43,117.29
img_7046.npy,2.54,118.39
img_7047.npy,2.68,118.36
img_7048.npy,2.65,120.85
img_7049.npy,2.52,120.85
img_705.npy,2.58,117.66
img_7050.npy,2.57,117.85
img_7051.npy,2.59,121.16
img_7052.npy,2.42,120.97
img_7053.npy,2.59,114.36
img_7054.npy,2.59,114.55
img_7055.npy,2.60,116.02
img_7056.npy,2.43,117.86
img_7057.npy,2.54,120.32
img_7058.npy,2.62,121.40
img_7059.npy,2.66,122.88
img_706.npy,2.47,121.57
img_7060.npy,2.41,121.69
img_7061.npy,2.55,124.21
img_7062.npy,2.26,123.28
img_7063.npy,2.36,122.08
img_7064.npy,2.49,111.10
img_7065.npy,2.39,112.74
img_7066.npy,2.31,114.79
img_7067.npy,2.23,119.89
img_7068.npy,2.53,120.18
img_7069.npy,2.62,122.24
img_707.npy,2.63,123.58
img_7070.npy,2.62,122.33
img_7071.npy,2.62,121.87
img_7072.npy,2.47,120.98
img_7073.npy,2.46,119.85
img_7074.npy,2.40,119.83
img_7075.npy,2.59,113.15
img_7076.npy,2.60,112.20
img_7077.npy,2.62,114.88
img_7078.npy,2.52,118.31
img_7079.npy,2.64,119.05
img_708.npy,2.73,120.88
img_7080.npy,2.65,119.85
img_7081.npy,2.65,119.62
img_7082.npy,2.50,114.42
img_7083.npy,2.47,117.05
img_7084.npy,2.59,114.69
img_7085.npy,2.62,114.60
img_7086.npy,2.60,114.16
img_7087.npy,2.59,114.48
img_7088.npy,2.55,115.84
img_7089.npy,2.58,115.80
img_709.npy,2.42,115.30
img_7090.npy,2.23,114.25
img_7091.npy,2.58,113.95
img_7092.npy,2.61,113.48
img_7093.npy,2.63,115.37
img_7094.npy,2.58,113.87
img_7095.npy,2.60,115.84
img_7096.npy,2.50,115.07
img_7097.npy,2.53,116.26
img_7098.npy,2.58,113.67
img_7099.npy,2.38,113.49
img_71.npy,2.54,113.24
img_710.npy,2.64,112.65
img_7100.npy,2.47,113.09
img_7101.npy,2.51,114.32
img_7102.npy,2.53,121.05
img_7103.npy,2.43,115.17
img_7104.npy,2.31,114.39
img_7105.npy,2.28,116.30
img_7106.npy,2.43,113.80
img_7107.npy,2.49,115.03
img_7108.npy,2.32,115.56
img_7109.npy,2.50,112.95
img_711.npy,2.52,113.09
img_7110.npy,2.33,111.67
img_7111.npy,2.34,111.41
img_7112.npy,2.27,115.12
img_7113.npy,2.34,115.55
img_7114.npy,2.28,116.47
img_7115.npy,2.26,112.91
img_7116.npy,2.25,115.81
img_7117.npy,2.24,113.39
img_7118.npy,2.35,115.07
img_7119.npy,2.29,114.33
img_712.npy,2.33,114.78
img_7120.npy,2.30,113.00
img_7121.npy,2.37,111.44
img_7122.npy,2.33,113.07
img_7123.npy,2.33,116.84
img_7124.npy,2.21,117.13
img_7125.npy,2.25,114.85
img_7126.npy,2.43,117.25
img_7127.npy,2.60,111.59
img_7128.npy,2.38,112.90
img_7129.npy,2.25,115.52
img_713.npy,2.33,117.39
img_7130.npy,2.30,117.66
img_7131.npy,2.28,120.15
img_7132.npy,2.33,119.88
img_7133.npy,2.36,120.61
img_7134.npy,2.43,118.74
img_7135.npy,2.61,119.97
img_7136.npy,2.57,119.97
img_7137.npy,2.65,114.87
img_7138.npy,2.55,112.02
img_7139.npy,2.60,112.11
img_714.npy,2.60,115.68
img_7140.npy,2.62,117.31
img_7141.npy,2.62,120.20
img_7142.npy,2.43,119.26
img_7143.npy,2.37,119.06
img_7144.npy,2.53,120.43
img_7145.npy,2.54,120.41
img_7146.npy,2.57,119.91
img_7147.npy,2.55,118.44
img_7148.npy,2.63,118.76
img_7149.npy,2.69,113.54
img_715.npy,2.63,112.86
img_7150.npy,2.60,113.96
img_7151.npy,2.62,115.40
img_7152.npy,2.59,115.07
img_7153.npy,2.53,113.83
img_7154.npy,2.41,112.70
img_7155.npy,2.41,112.12
img_7156.npy,2.37,112.62
img_7157.npy,2.27,112.12
img_7158.npy,2.38,113.57
img_7159.npy,2.62,113.24
img_716.npy,2.42,111.48
img_7160.npy,2.62,111.68
img_7161.npy,2.51,112.88
img_7162.npy,2.43,115.12
img_7163.npy,2.31,120.11
img_7164.npy,2.55,120.11
img_7165.npy,2.58,122.06
img_7166.npy,2.62,127.12
img_7167.npy,2.57,128.99
img_7168.npy,2.66,128.41
img_7169.npy,2.57,131.43
img_717.npy,2.58,132.54
img_7170.npy,2.62,132.93
img_7171.npy,2.62,112.59
img_7172.npy,2.57,114.70
img_7173.npy,2.59,115.04
img_7174.npy,2.55,121.13
img_7175.npy,2.57,121.23
img_7176.npy,2.60,122.00
img_7177.npy,2.62,127.36
img_7178.npy,2.53,127.13
img_7179.npy,2.64,123.27
img_718.npy,2.57,122.98
img_7180.npy,2.61,123.76
img_7181.npy,2.60,120.09
img_7182.npy,2.57,119.84
img_7183.npy,2.48,120.68
img_7184.npy,2.59,113.77
img_7185.npy,2.64,113.94
img_7186.npy,2.55,115.49
img_7187.npy,2.41,118.57
img_7188.npy,2.59,119.13
img_7189.npy,2.53,120.58
img_719.npy,2.65,116.55
img_7190.npy,2.56,115.24
img_7191.npy,2.36,116.87
img_7192.npy,2.29,116.87
img_7193.npy,2.24,113.80
img_7194.npy,2.44,115.90
img_7195.npy,2.61,112.70
img_7196.npy,2.56,114.89
img_7197.npy,2.61,116.21
img_7198.npy,2.53,115.05
img_7199.npy,2.58,112.28
img_72.npy,2.58,114.13
img_720.npy,2.58,112.23
img_7200.npy,2.68,116.30
img_7201.npy,2.38,116.86
img_7202.npy,2.42,114.71
img_7203.npy,2.54,115.00
img_7204.npy,2.64,115.06
img_7205.npy,2.59,112.17
img_7206.npy,2.63,114.01
img_7207.npy,2.65,117.06
img_7208.npy,2.68,112.47
img_7209.npy,2.53,113.51
img_721.npy,2.58,113.43
img_7210.npy,2.39,111.12
img_7211.npy,2.29,115.61
img_7212.npy,2.37,114.08
img_7213.npy,2.31,113.74
img_7214.npy,2.51,115.23
img_7215.npy,2.52,113.91
img_7216.npy,2.57,115.12
img_7217.npy,2.62,114.82
img_7218.npy,2.51,114.45
img_7219.npy,2.65,113.51
img_722.npy,2.63,112.79
img_7220.npy,2.61,112.94
img_7221.npy,2.61,113.56
img_7222.npy,2.57,114.60
img_7223.npy,2.60,116.01
img_7224.npy,2.65,115.45
img_7225.npy,2.63,116.80
img_7226.npy,2.55,114.01
img_7227.npy,2.50,112.49
img_7228.npy,2.50,114.06
img_7229.npy,2.46,116.50
img_723.npy,2.53,121.13
img_7230.npy,2.57,119.92
img_7231.npy,2.56,120.77
img_7232.npy,2.49,120.02
img_7233.npy,2.52,120.20
img_7234.npy,2.44,121.21
img_7235.npy,2.49,120.43
img_7236.npy,2.45,123.16
img_7237.npy,2.60,122.41
img_7238.npy,2.56,114.14
img_7239.npy,2.54,112.99
img_724.npy,2.58,116.38
img_7240.npy,2.57,120.13
img_7241.npy,2.61,122.02
img_7242.npy,2.62,126.71
img_7243.npy,2.49,125.44
img_7244.npy,2.61,126.71
img_7245.npy,2.66,125.48
img_7246.npy,2.58,124.17
img_7247.npy,2.57,124.08
img_7248.npy,2.59,124.36
img_7249.npy,2.56,123.89
img_725.npy,2.63,113.02
img_7250.npy,2.54,113.82
img_7251.npy,2.64,114.14
img_7252.npy,2.66,114.52
img_7253.npy,2.60,120.27
img_7254.npy,2.49,121.31
img_7255.npy,2.43,120.01
img_7256.npy,2.53,120.61
img_7257.npy,2.41,118.56
img_7258.npy,2.59,116.52
img_7259.npy,2.65,116.30
img_726.npy,2.55,113.55
img_7260.npy,2.39,114.39
img_7261.npy,2.67,113.05
img_7262.npy,2.59,113.17
img_7263.npy,2.69,110.20
img_7264.npy,2.61,111.40
img_7265.npy,2.68,117.29
img_7266.npy,2.61,118.85
img_7267.npy,2.50,123.43
img_7268.npy,2.46,125.81
img_7269.npy,2.48,125.83
img_727.npy,2.41,126.14
img_7270.npy,2.51,127.96
img_7271.npy,2.52,126.84
img_7272.npy,2.44,127.06
img_7273.npy,2.58,129.26
img_7274.npy,2.58,113.04
img_7275.npy,2.51,114.68
img_7276.npy,2.55,116.27
img_7277.npy,2.54,120.11
img_7278.npy,2.62,120.45
img_7279.npy,2.63,121.49
img_728.npy,2.41,125.79
img_7280.npy,2.27,123.65
img_7281.npy,2.34,121.15
img_7282.npy,2.42,122.29
img_7283.npy,2.58,122.75
img_7284.npy,2.62,119.86
img_7285.npy,2.57,118.81
img_7286.npy,2.56,121.03
img_7287.npy,2.73,112.33
img_7288.npy,2.62,112.30
img_7289.npy,2.57,114.34
img_729.npy,2.58,113.26
img_7290.npy,2.62,118.71
img_7291.npy,2.51,118.38
img_7292.npy,2.61,116.46
img_7293.npy,2.58,115.34
img_7294.npy,2.58,113.66
img_7295.npy,2.59,114.33
img_7296.npy,2.62,114.00
img_7297.npy,2.60,114.88
img_7298.npy,2.46,113.97
img_7299.npy,2.41,114.75
img_73.npy,2.53,116.26
img_730.npy,2.53,114.87
img_7300.npy,2.60,115.07
img_7301.npy,2.49,112.87
img_7302.npy,2.28,113.59
img_7303.npy,2.61,114.10
img_7304.npy,2.64,128.89
img_7305.npy,2.60,133.27
img_7306.npy,2.52,133.73
img_7307.npy,2.61,134.49
img_7308.npy,2.54,131.40
img_7309.npy,2.49,134.07
img_731.npy,2.60,114.13
img_7310.npy,2.49,114.99
img_7311.npy,2.44,117.67
img_7312.npy,2.44,120.62
img_7313.npy,2.39,123.80
img_7314.npy,2.39,126.31
img_7315.npy,2.55,132.38
img_7316.npy,2.61,132.54
img_7317.npy,2.58,131.30
img_7318.npy,2.55,131.09
img_7319.npy,2.49,131.70
img_732.npy,2.58,113.77
img_7320.npy,2.62,115.99
img_7321.npy,2.57,112.65
img_7322.npy,2.51,118.45
img_7323.npy,2.58,115.68
img_7324.npy,2.69,120.41
img_7325.npy,2.66,118.63
img_7326.npy,2.67,125.82
img_7327.npy,2.66,125.86
img_7328.npy,2.58,117.73
img_7329.npy,2.59,114.10
img_733.npy,2.43,113.26
img_7330.npy,2.63,110.64
img_7331.npy,2.59,111.40
img_7332.npy,2.50,113.61
img_7333.npy,2.67,112.68
img_7334.npy,2.66,111.75
img_7335.npy,2.67,113.46
img_7336.npy,2.64,117.36
img_7337.npy,2.64,114.30
img_7338.npy,2.70,116.75
img_7339.npy,2.62,110.40
img_734.npy,2.58,113.33
img_7340.npy,2.54,112.18
img_7341.npy,2.53,114.65
img_7342.npy,2.58,115.03
img_7343.npy,2.58,113.21
img_7344.npy,2.61,113.59
img_7345.npy,2.68,114.69
img_7346.npy,2.58,113.27
img_7347.npy,2.39,112.95
img_7348.npy,2.36,112.12
img_7349.npy,2.47,113.42
img_735.npy,2.59,112.92
img_7350.npy,2.47,109.96
img_7351.npy,2.62,114.52
img_7352.npy,2.48,113.10
img_7353.npy,2.62,117.13
img_7354.npy,2.61,114.38
img_7355.npy,2.33,116.35
img_7356.npy,2.25,116.45
img_7357.npy,2.32,116.03
img_7358.npy,2.51,113.89
img_7359.npy,2.36,114.39
img_736.npy,2.60,113.57
img_7360.npy,2.62,112.34
img_7361.npy,2.66,113.65
img_7362.npy,2.69,115.90
img_7363.npy,2.55,114.41
img_7364.npy,2.30,113.05
img_7365.npy,2.33,113.34
img_7366.npy,2.43,114.50
img_7367.npy,2.58,112.08
img_7368.npy,2.67,112.56
img_7369.npy,2.59,111.79
img_737.npy,2.73,110.76
img_7370.npy,2.66,111.19
img_7371.npy,2.61,112.81
img_7372.npy,2.64,112.94
img_7373.npy,2.62,112.74
img_7374.npy,2.73,113.24
img_7375.npy,2.70,117.99
img_7376.npy,2.58,114.48
img_7377.npy,2.61,116.38
img_7378.npy,2.62,115.66
img_7379.npy,2.63,115.73
img_738.npy,2.56,114.93
img_7380.npy,2.51,114.58
img_7381.npy,2.58,115.13
img_7382.npy,2.45,115.57
img_7383.npy,2.63,113.09
img_7384.npy,2.66,113.57
img_7385.npy,2.61,114.59
img_7386.npy,2.70,118.04
img_7387.npy,2.52,121.68
img_7388.npy,2.62,119.62
img_7389.npy,2.68,124.33
img_739.npy,2.53,127.81
img_7390.npy,2.52,119.54
img_7391.npy,2.53,123.04
img_7392.npy,2.61,131.98
img_7393.npy,2.56,133.16
img_7394.npy,2.57,114.39
img_7395.npy,2.51,113.97
img_7396.npy,2.50,111.75
img_7397.npy,2.61,113.94
img_7398.npy,2.62,114.15
img_7399.npy,2.61,116.19
img_74.npy,2.64,111.77
img_740.npy,2.64,112.44
img_7400.npy,2.62,114.35
img_7401.npy,2.63,113.95
img_7402.npy,2.63,112.66
img_7403.npy,2.67,111.38
img_7404.npy,2.55,113.48
img_7405.npy,2.63,112.61
img_7406.npy,2.46,112.59
img_7407.npy,2.56,113.27
img_7408.npy,2.59,112.37
img_7409.npy,2.58,113.05
img_741.npy,2.66,113.23
img_7410.npy,2.55,113.42
img_7411.npy,2.65,113.36
img_7412.npy,2.55,111.68
img_7413.npy,2.57,114.01
img_7414.npy,2.47,114.40
img_7415.npy,2.55,114.67
img_7416.npy,2.58,111.24
img_7417.npy,2.58,112.25
img_7418.npy,2.63,113.16
img_7419.npy,2.49,111.12
img_742.npy,2.53,113.29
img_7420.npy,2.51,111.60
img_7421.npy,2.58,112.88
img_7422.npy,2.44,112.23
img_7423.npy,2.64,112.88
img_7424.npy,2.57,114.95
img_7425.npy,2.61,115.43
img_7426.npy,2.54,115.02
img_7427.npy,2.38,115.07
img_7428.npy,2.53,114.78
img_7429.npy,2.56,113.62
img_743.npy,2.49,113.66
img_7430.npy,2.66,113.79
img_7431.npy,2.59,114.57
img_7432.npy,2.62,113.31
img_7433.npy,2.57,113.68
img_7434.npy,2.62,113.63
img_7435.npy,2.53,114.06
img_7436.npy,2.60,116.01
img_7437.npy,2.55,112.48
img_7438.npy,2.59,114.75
img_7439.npy,2.52,113.36
img_744.npy,2.62,112.19
img_7440.npy,2.52,113.84
img_7441.npy,2.46,111.52
img_7442.npy,2.56,113.23
img_7443.npy,2.61,111.25
img_7444.npy,2.54,112.21
img_7445.npy,2.41,114.17
img_7446.npy,2.55,115.56
img_7447.npy,2.54,116.07
img_7448.npy,2.61,114.31
img_7449.npy,2.54,113.53
img_745.npy,2.54,114.54
img_7450.npy,2.58,114.43
img_7451.npy,2.59,114.22
img_7452.npy,2.61,114.98
img_7453.npy,2.59,111.98
img_7454.npy,2.57,113.47
img_7455.npy,2.47,114.05
img_7456.npy,2.45,114.44
img_7457.npy,2.58,115.41
img_7458.npy,2.55,114.93
img_7459.npy,2.55,113.05
img_746.npy,2.49,114.10
img_7460.npy,2.43,115.06
img_7461.npy,2.26,115.98
img_7462.npy,2.68,114.77
img_7463.npy,2.41,113.10
img_7464.npy,2.30,115.70
img_7465.npy,2.29,119.65
img_7466.npy,2.29,121.11
img_7467.npy,2.36,120.37
img_7468.npy,2.28,121.84
img_7469.npy,2.41,114.52
img_747.npy,2.57,113.19
img_7470.npy,2.65,114.81
img_7471.npy,2.59,118.32
img_7472.npy,2.55,120.39
img_7473.npy,2.47,123.32
img_7474.npy,2.45,122.79
img_7475.npy,2.64,123.06
img_7476.npy,2.60,125.66
img_7477.npy,2.65,124.94
img_7478.npy,2.50,124.12
img_7479.npy,2.63,125.02
img_748.npy,2.69,121.78
img_7480.npy,2.60,111.65
img_7481.npy,2.67,112.18
img_7482.npy,2.62,115.14
img_7483.npy,2.61,117.05
img_7484.npy,2.52,120.43
img_7485.npy,2.60,123.38
img_7486.npy,2.66,122.98
img_7487.npy,2.58,121.93
img_7488.npy,2.66,120.65
img_7489.npy,2.63,121.70
img_749.npy,2.61,121.05
img_7490.npy,2.51,119.94
img_7491.npy,2.65,119.63
img_7492.npy,2.60,119.45
img_7493.npy,2.57,113.93
img_7494.npy,2.54,114.76
img_7495.npy,2.41,120.29
img_7496.npy,2.58,120.25
img_7497.npy,2.60,119.77
img_7498.npy,2.64,119.87
img_7499.npy,2.56,119.16
img_75.npy,2.65,116.04
img_750.npy,2.49,113.77
img_751.npy,2.55,114.46
img_752.npy,2.62,111.93
img_753.npy,2.64,114.73
img_754.npy,2.43,111.40
img_755.npy,2.62,113.54
img_756.npy,2.57,114.73
img_757.npy,2.48,114.40
img_758.npy,2.50,114.59
img_759.npy,2.56,113.69
img_76.npy,2.56,113.18
img_760.npy,2.59,114.59
img_761.npy,2.64,115.14
img_762.npy,2.61,114.69
img_763.npy,2.53,131.64
img_764.npy,2.56,134.07
img_765.npy,2.61,122.29
img_766.npy,2.53,114.90
img_767.npy,2.56,116.66
img_768.npy,2.51,120.32
img_769.npy,2.46,121.58
img_77.npy,2.41,124.98
img_770.npy,2.57,127.56
img_771.npy,2.56,131.47
img_772.npy,2.56,133.47
img_773.npy,2.58,133.76
img_774.npy,2.54,131.23
img_775.npy,2.45,131.62
img_776.npy,2.64,114.72
img_777.npy,2.57,115.13
img_778.npy,2.52,113.89
img_779.npy,2.50,120.21
img_78.npy,2.55,122.20
img_780.npy,2.59,125.29
img_781.npy,2.50,131.92
img_782.npy,2.62,117.39
img_783.npy,2.64,114.03
img_784.npy,2.57,113.50
img_785.npy,2.62,113.95
img_786.npy,2.46,114.37
img_787.npy,2.56,111.35
img_788.npy,2.68,113.72
img_789.npy,2.64,112.06
img_79.npy,2.64,112.61
img_790.npy,2.59,113.71
img_791.npy,2.52,114.89
img_792.npy,2.53,113.38
img_793.npy,2.59,113.20
img_794.npy,2.63,113.12
img_795.npy,2.59,114.15
img_796.npy,2.59,113.99
img_797.npy,2.50,113.57
img_798.npy,2.65,114.75
img_799.npy,2.68,114.49
img_8.npy,2.66,114.89
img_80.npy,2.63,112.29
img_800.npy,2.44,112.21
img_801.npy,2.58,116.14
img_802.npy,2.50,112.23
img_803.npy,2.64,111.53
img_804.npy,2.75,113.73
img_805.npy,2.65,114.46
img_806.npy,2.45,115.34
img_807.npy,2.53,112.16
img_808.npy,2.53,115.93
img_809.npy,2.60,115.04
img_81.npy,2.55,114.23
img_810.npy,2.55,114.21
img_811.npy,2.60,114.26
img_812.npy,2.46,113.85
img_813.npy,2.51,114.11
img_814.npy,2.59,114.50
img_815.npy,2.42,116.38
img_816.npy,2.64,115.54
img_817.npy,2.47,117.87
img_818.npy,2.59,119.34
img_819.npy,2.59,117.64
img_82.npy,2.51,114.38
img_820.npy,2.35,111.77
img_821.npy,2.62,119.52
img_822.npy,2.67,120.26
img_823.npy,2.51,121.63
img_824.npy,2.65,121.63
img_825.npy,2.53,121.59
img_826.npy,2.49,123.14
img_827.npy,2.48,124.01
img_828.npy,2.59,123.05
img_829.npy,2.51,123.71
img_83.npy,2.57,111.97
img_830.npy,2.64,112.81
img_831.npy,2.63,114.79
img_832.npy,2.58,113.95
img_833.npy,2.64,118.97
img_834.npy,2.63,120.84
img_835.npy,2.53,123.54
img_836.npy,2.64,127.00
img_837.npy,2.65,126.36
img_838.npy,2.59,127.61
img_839.npy,2.61,127.40
img_84.npy,2.61,126.87
img_840.npy,2.64,124.59
img_841.npy,2.51,123.31
img_842.npy,2.54,113.57
img_843.npy,2.54,112.28
img_844.npy,2.50,115.99
img_845.npy,2.59,118.70
img_846.npy,2.62,120.81
img_847.npy,2.56,124.07
img_848.npy,2.60,122.65
img_849.npy,2.38,121.45
img_85.npy,2.46,121.86
img_850.npy,2.54,122.00
img_851.npy,2.61,121.36
img_852.npy,2.63,120.07
img_853.npy,2.59,119.54
img_854.npy,2.51,113.72
img_855.npy,2.66,114.03
img_856.npy,2.62,114.78
img_857.npy,2.64,118.79
img_858.npy,2.54,119.82
img_859.npy,2.50,120.78
img_86.npy,2.60,117.85
img_860.npy,2.55,119.16
img_861.npy,2.60,117.12
img_862.npy,2.57,117.18
img_863.npy,2.54,116.83
img_864.npy,2.65,116.37
img_865.npy,2.49,112.09
img_866.npy,2.54,114.02
img_867.npy,2.46,115.38
img_868.npy,2.48,117.67
img_869.npy,2.49,116.42
img_87.npy,2.32,114.74
img_870.npy,2.33,112.94
img_871.npy,2.42,114.61
img_872.npy,2.59,116.56
img_873.npy,2.46,115.27
img_874.npy,2.38,115.59
img_875.npy,2.30,115.22
img_876.npy,2.31,115.08
img_877.npy,2.56,115.44
img_878.npy,2.57,114.23
img_879.npy,2.65,113.77
img_88.npy,2.65,113.85
img_880.npy,2.64,113.96
img_881.npy,2.36,113.32
img_882.npy,2.52,113.14
img_883.npy,2.60,113.18
img_884.npy,2.53,115.59
img_885.npy,2.45,115.93
img_886.npy,2.42,115.60
img_887.npy,2.32,115.66
img_888.npy,2.28,115.81
img_889.npy,2.46,114.77
img_89.npy,2.48,114.78
img_890.npy,2.64,112.41
img_891.npy,2.42,112.96
img_892.npy,2.57,115.01
img_893.npy,2.57,116.03
img_894.npy,2.60,116.48
img_895.npy,2.47,115.73
img_896.npy,2.51,113.57
img_897.npy,2.40,116.07
img_898.npy,2.38,117.32
img_899.npy,2.34,115.77
img_9.npy,2.34,111.44
img_90.npy,2.26,114.37
img_900.npy,2.39,114.24
img_901.npy,2.46,117.00
img_902.npy,2.37,118.68
img_903.npy,2.58,117.02
img_904.npy,2.34,119.43
img_905.npy,2.48,111.98
img_906.npy,2.54,113.77
img_907.npy,2.38,116.13
img_908.npy,2.67,117.03
img_909.npy,2.63,118.20
img_91.npy,2.58,120.27
img_910.npy,2.62,122.01
img_911.npy,2.57,122.53
img_912.npy,2.66,119.61
img_913.npy,2.47,122.03
img_914.npy,2.43,122.90
img_915.npy,2.59,119.03
img_916.npy,2.53,123.46
img_917.npy,2.50,111.71
img_918.npy,2.46,113.88
img_919.npy,2.36,114.50
img_92.npy,2.62,115.40
img_920.npy,2.54,119.16
img_921.npy,2.57,119.39
img_922.npy,2.63,120.20
img_923.npy,2.63,117.52
img_924.npy,2.29,115.90
img_925.npy,2.27,115.83
img_926.npy,2.28,115.30
img_927.npy,2.23,113.99
img_928.npy,2.39,113.21
img_929.npy,2.59,115.02
img_93.npy,2.60,112.29
img_930.npy,2.53,113.97
img_931.npy,2.64,113.40
img_932.npy,2.61,114.58
img_933.npy,2.60,113.57
img_934.npy,2.56,113.50
img_935.npy,2.39,111.55
img_936.npy,2.59,114.47
img_937.npy,2.66,115.44
img_938.npy,2.57,113.69
img_939.npy,2.53,113.05
img_94.npy,2.55,117.09
img_940.npy,2.55,120.34
img_941.npy,2.59,116.18
img_942.npy,2.62,116.53
img_943.npy,2.62,117.76
img_944.npy,2.54,121.52
img_945.npy,2.54,124.44
img_946.npy,2.47,126.02
img_947.npy,2.49,133.23
img_948.npy,2.53,132.61
img_949.npy,2.63,133.36
img_95.npy,2.61,131.50
img_950.npy,2.51,132.18
img_951.npy,2.55,132.35
img_952.npy,2.56,116.32
img_953.npy,2.51,114.75
img_954.npy,2.55,119.70
img_955.npy,2.57,121.05
img_956.npy,2.51,124.75
img_957.npy,2.52,131.40
img_958.npy,2.58,130.02
img_959.npy,2.54,120.82
img_96.npy,2.64,119.87
img_960.npy,2.46,120.27
img_961.npy,2.61,114.90
img_962.npy,2.51,114.96
img_963.npy,2.53,114.27
img_964.npy,2.53,115.17
img_965.npy,2.52,113.70
img_966.npy,2.53,112.38
img_967.npy,2.60,113.89
img_968.npy,2.64,111.73
img_969.npy,2.67,112.39
img_97.npy,2.61,113.88
img_970.npy,2.56,113.97
img_971.npy,2.67,111.14
img_972.npy,2.59,112.48
img_973.npy,2.34,113.09
img_974.npy,2.53,112.77
img_975.npy,2.68,111.56
img_976.npy,2.65,111.15
img_977.npy,2.58,112.27
img_978.npy,2.51,113.37
img_979.npy,2.59,111.67
img_98.npy,2.62,112.69
img_980.npy,2.54,110.39
img_981.npy,2.56,111.84
img_982.npy,2.55,112.35
img_983.npy,2.52,115.05
img_984.npy,2.56,115.23
img_985.npy,2.54,112.52
img_986.npy,2.49,114.83
img_987.npy,2.52,115.62
img_988.npy,2.62,113.57
img_989.npy,2.35,112.68
img_99.npy,2.59,114.09
img_990.npy,2.67,112.20
img_991.npy,2.57,112.02
img_992.npy,2.63,113.55
img_993.npy,2.50,112.79
img_994.npy,2.51,115.02
img_995.npy,2.61,112.85
img_996.npy,2.61,115.95
img_997.npy,2.62,114.55
img_998.npy,2.49,114.21
img_999.npy,2.66,117.18
