filename,time_s,peak_memory_mb
img_0.npy,3.76,130.95
img_1.npy,3.14,124.18
img_10.npy,3.28,116.86
img_100.npy,3.24,125.25
img_1000.npy,3.50,130.25
img_1001.npy,3.13,130.33
img_1002.npy,3.48,135.41
img_1003.npy,3.31,129.86
img_1004.npy,3.39,130.30
img_1005.npy,3.16,123.93
img_1006.npy,3.13,171.07
img_1007.npy,2.90,190.57
img_1008.npy,3.27,129.48
img_1009.npy,3.35,121.55
img_101.npy,3.15,135.69
img_1010.npy,3.13,190.39
img_1011.npy,3.39,127.03
img_1012.npy,3.22,122.57
img_1013.npy,3.24,145.87
img_1014.npy,3.10,199.37
img_1015.npy,2.92,188.83
img_1016.npy,3.18,131.27
img_1017.npy,2.76,177.68
img_1018.npy,3.07,142.18
img_1019.npy,3.40,125.93
img_102.npy,3.47,124.90
img_1020.npy,3.15,147.23
img_1021.npy,3.01,161.16
img_1022.npy,3.22,123.23
img_1023.npy,3.23,123.71
img_1024.npy,3.29,132.72
img_1025.npy,3.07,191.27
img_1026.npy,3.04,128.18
img_1027.npy,3.10,121.17
img_1028.npy,3.45,126.59
img_1029.npy,3.25,136.70
img_103.npy,3.07,133.35
img_1030.npy,3.05,130.43
img_1031.npy,3.10,115.23
img_1032.npy,3.14,136.11
img_1033.npy,3.24,130.74
img_1034.npy,3.43,122.16
img_1035.npy,3.18,121.41
img_1036.npy,2.92,165.32
img_1037.npy,2.97,134.92
img_1038.npy,3.43,115.45
img_1039.npy,3.27,137.54
img_104.npy,3.37,197.83
img_1040.npy,2.87,199.37
img_1041.npy,3.25,131.51
img_1042.npy,3.10,161.94
img_1043.npy,2.82,174.29
img_1044.npy,3.36,128.58
img_1045.npy,3.86,116.95
img_1046.npy,3.36,122.16
img_1047.npy,3.08,166.18
img_1048.npy,3.20,153.56
img_1049.npy,3.09,120.00
img_105.npy,3.22,130.57
img_1050.npy,3.21,169.66
img_1051.npy,3.06,168.26
img_1052.npy,3.37,135.00
img_1053.npy,3.16,127.21
img_1054.npy,3.14,176.37
img_1055.npy,3.20,128.73
img_1056.npy,3.28,118.51
img_1057.npy,3.16,132.42
img_1058.npy,3.11,143.33
img_1059.npy,3.36,146.18
img_106.npy,3.16,125.14
img_1060.npy,3.04,128.76
img_1061.npy,3.05,171.87
img_1062.npy,3.48,126.69
img_1063.npy,3.08,117.40
img_1064.npy,3.09,185.06
img_1065.npy,3.06,199.65
img_1066.npy,3.22,137.92
img_1067.npy,2.82,196.80
img_1068.npy,3.22,143.74
img_1069.npy,3.50,128.30
img_107.npy,3.66,120.28
img_1070.npy,3.00,147.06
img_1071.npy,3.18,170.01
img_1072.npy,3.23,128.45
img_1073.npy,3.34,122.30
img_1074.npy,3.30,127.37
img_1075.npy,3.67,148.03
img_1076.npy,2.94,168.59
img_1077.npy,3.47,126.89
img_1078.npy,3.24,122.33
img_1079.npy,3.13,141.39
img_108.npy,3.04,130.34
img_1080.npy,3.52,131.53
img_1081.npy,3.45,120.89
img_1082.npy,3.13,145.92
img_1083.npy,3.17,191.70
img_1084.npy,3.46,128.79
img_1085.npy,3.15,122.39
img_1086.npy,3.06,126.02
img_1087.npy,3.11,157.74
img_1088.npy,3.44,130.82
img_1089.npy,3.15,125.49
img_109.npy,3.17,147.48
img_1090.npy,3.08,133.84
img_1091.npy,3.47,128.71
img_1092.npy,3.23,126.28
img_1093.npy,2.79,131.79
img_1094.npy,3.30,144.43
img_1095.npy,3.38,123.91
img_1096.npy,2.97,127.71
img_1097.npy,3.13,136.33
img_1098.npy,3.26,130.79
img_1099.npy,2.88,129.93
img_11.npy,3.11,146.99
img_110.npy,3.18,144.29
img_1100.npy,3.26,131.23
img_1101.npy,3.19,118.00
img_1102.npy,3.17,137.19
img_1103.npy,3.45,177.81
img_1104.npy,3.23,126.08
img_1105.npy,3.21,130.80
img_1106.npy,3.04,181.86
img_1107.npy,3.02,130.33
img_1108.npy,3.36,134.00
img_1109.npy,3.05,127.91
img_111.npy,2.91,183.93
img_1110.npy,3.34,135.86
img_1111.npy,3.13,117.45
img_1112.npy,3.21,117.50
img_1113.npy,3.27,147.79
img_1114.npy,3.37,155.73
img_1115.npy,3.26,134.60
img_1116.npy,3.16,176.61
img_1117.npy,2.92,136.16
img_1118.npy,3.33,125.25
img_1119.npy,3.12,122.95
img_112.npy,3.33,164.60
img_1120.npy,3.15,199.78
img_1121.npy,3.13,119.98
img_1122.npy,2.91,136.48
img_1123.npy,2.97,155.49
img_1124.npy,3.31,125.12
img_1125.npy,2.99,118.12
img_1126.npy,3.18,130.94
img_1127.npy,2.78,129.10
img_1128.npy,3.12,123.52
img_1129.npy,3.10,127.94
img_113.npy,3.32,137.61
img_1130.npy,3.12,127.31
img_1131.npy,2.97,116.99
img_1132.npy,3.23,124.34
img_1133.npy,3.20,138.00
img_1134.npy,2.95,123.72
img_1135.npy,3.50,126.04
img_1136.npy,2.95,137.59
img_1137.npy,3.02,160.36
img_1138.npy,2.97,124.75
img_1139.npy,2.90,120.95
img_114.npy,2.78,143.45
img_1140.npy,2.96,162.74
img_1141.npy,3.23,127.23
img_1142.npy,2.84,114.98
img_1143.npy,3.00,144.03
img_1144.npy,3.14,132.42
img_1145.npy,3.06,126.47
img_1146.npy,2.96,123.84
img_1147.npy,3.21,144.43
img_1148.npy,3.37,122.68
img_1149.npy,3.21,127.24
img_115.npy,3.20,137.74
img_1150.npy,3.02,177.67
img_1151.npy,3.23,122.98
img_1152.npy,3.06,124.28
img_1153.npy,2.73,125.76
img_1154.npy,3.07,119.73
img_1155.npy,3.06,125.70
img_1156.npy,3.03,126.46
img_1157.npy,2.98,144.31
img_1158.npy,3.28,132.23
img_1159.npy,3.10,141.94
img_116.npy,2.94,133.45
img_1160.npy,3.01,140.80
img_1161.npy,2.90,127.19
img_1162.npy,3.24,146.17
img_1163.npy,2.84,136.57
img_1164.npy,3.34,123.24
img_1165.npy,3.16,130.21
img_1166.npy,3.26,137.55
img_1167.npy,3.28,123.63
img_1168.npy,3.14,126.03
img_1169.npy,3.24,129.81
img_117.npy,3.27,122.05
img_1170.npy,3.16,126.38
img_1171.npy,3.16,165.18
img_1172.npy,2.97,119.21
img_1173.npy,3.31,126.67
img_1174.npy,3.40,125.17
img_1175.npy,3.27,128.34
img_1176.npy,3.17,127.45
img_1177.npy,3.13,119.96
img_1178.npy,3.07,125.77
img_1179.npy,2.83,171.41
img_118.npy,3.09,127.04
img_1180.npy,3.05,127.26
img_1181.npy,2.82,136.76
img_1182.npy,2.91,201.20
img_1183.npy,2.87,126.16
img_1184.npy,2.95,124.59
img_1185.npy,3.02,133.11
img_1186.npy,3.16,157.19
img_1187.npy,3.08,128.92
img_1188.npy,3.36,122.70
img_1189.npy,2.93,167.30
img_119.npy,2.87,133.55
img_1190.npy,2.86,125.58
img_1191.npy,2.83,131.39
img_1192.npy,2.93,174.48
img_1193.npy,3.30,162.71
img_1194.npy,3.46,127.18
img_1195.npy,3.24,133.39
img_1196.npy,2.97,197.47
img_1197.npy,3.45,127.28
img_1198.npy,2.95,125.98
img_1199.npy,3.12,147.98
img_12.npy,2.80,161.50
img_120.npy,2.99,125.85
img_1200.npy,3.16,133.43
img_1201.npy,3.14,165.97
img_1202.npy,2.96,199.34
img_1203.npy,2.87,132.53
img_1204.npy,3.01,149.96
img_1205.npy,3.07,163.35
img_1206.npy,3.04,130.13
img_1207.npy,2.96,118.47
img_1208.npy,3.03,144.25
img_1209.npy,3.25,162.38
img_121.npy,3.52,136.25
img_1210.npy,2.88,126.45
img_1211.npy,3.04,147.57
img_1212.npy,2.87,178.70
img_1213.npy,3.16,125.71
img_1214.npy,3.04,128.07
img_1215.npy,3.10,159.96
img_1216.npy,2.84,179.72
img_1217.npy,3.47,121.79
img_1218.npy,3.39,126.26
img_1219.npy,2.74,199.00
img_122.npy,2.80,174.18
img_1220.npy,2.81,125.54
img_1221.npy,3.07,124.77
img_1222.npy,2.99,130.15
img_1223.npy,3.18,129.01
img_1224.npy,3.14,136.41
img_1225.npy,2.87,153.30
img_1226.npy,3.05,131.25
img_1227.npy,3.15,125.63
img_1228.npy,2.99,120.30
img_1229.npy,3.06,127.52
img_123.npy,3.04,129.59
img_1230.npy,3.34,125.68
img_1231.npy,3.28,118.71
img_1232.npy,2.65,146.74
img_1233.npy,3.24,154.11
img_1234.npy,3.32,120.75
img_1235.npy,3.25,121.43
img_1236.npy,3.34,147.21
img_1237.npy,2.87,161.37
img_1238.npy,3.20,128.69
img_1239.npy,3.35,123.12
img_124.npy,3.02,155.71
img_1240.npy,2.57,197.57
img_1241.npy,3.10,119.75
img_1242.npy,3.05,116.35
img_1243.npy,2.50,199.78
img_1244.npy,3.33,130.11
img_1245.npy,3.15,116.65
img_1246.npy,3.01,177.87
img_1247.npy,2.85,148.94
img_1248.npy,3.14,129.52
img_1249.npy,3.16,143.70
img_125.npy,2.96,183.13
img_1250.npy,3.01,142.24
img_1251.npy,3.00,124.95
img_1252.npy,3.14,140.14
img_1253.npy,3.11,147.23
img_1254.npy,3.08,127.57
img_1255.npy,2.84,124.04
img_1256.npy,2.82,142.77
img_1257.npy,2.77,127.97
img_1258.npy,3.19,125.16
img_1259.npy,3.12,125.15
img_126.npy,2.69,137.09
img_1260.npy,3.18,173.77
img_1261.npy,3.35,128.46
img_1262.npy,2.92,134.97
img_1263.npy,3.11,135.02
img_1264.npy,3.10,170.14
img_1265.npy,3.08,121.98
img_1266.npy,3.06,152.31
img_1267.npy,2.76,167.67
img_1268.npy,3.02,120.16
img_1269.npy,3.12,129.96
img_127.npy,3.06,147.46
img_1270.npy,2.60,163.09
img_1271.npy,2.76,128.81
img_1272.npy,3.00,129.89
img_1273.npy,2.84,130.95
img_1274.npy,3.00,133.77
img_1275.npy,3.06,120.13
img_1276.npy,2.84,127.58
img_1277.npy,2.96,162.94
img_1278.npy,2.93,182.43
img_1279.npy,2.76,127.57
img_128.npy,3.15,159.58
img_1280.npy,2.76,198.09
img_1281.npy,2.76,124.27
img_1282.npy,2.94,121.46
img_1283.npy,3.05,171.29
img_1284.npy,3.09,134.24
img_1285.npy,3.08,125.28
img_1286.npy,2.96,126.97
img_1287.npy,2.69,150.05
img_1288.npy,3.10,128.42
img_1289.npy,3.13,135.71
img_129.npy,2.53,174.94
img_1290.npy,3.19,132.10
img_1291.npy,3.33,125.67
img_1292.npy,3.08,127.71
img_1293.npy,3.05,140.50
img_1294.npy,3.33,150.93
img_1295.npy,3.10,126.84
img_1296.npy,2.99,162.18
img_1297.npy,2.71,194.46
img_1298.npy,2.92,126.91
img_1299.npy,2.91,127.05
img_13.npy,2.75,130.16
img_130.npy,3.14,151.55
img_1300.npy,2.80,138.98
img_1301.npy,2.77,152.32
img_1302.npy,2.94,136.82
img_1303.npy,3.06,126.78
img_1304.npy,2.84,160.78
img_1305.npy,2.92,158.53
img_1306.npy,2.89,123.76
img_1307.npy,3.01,145.56
img_1308.npy,2.64,166.44
img_1309.npy,3.01,134.65
img_131.npy,2.92,123.31
img_1310.npy,2.84,152.30
img_1311.npy,2.78,170.50
img_1312.npy,2.86,118.33
img_1313.npy,2.82,149.04
img_1314.npy,2.56,190.37
img_1315.npy,2.80,132.56
img_1316.npy,2.76,142.88
img_1317.npy,2.48,172.39
img_1318.npy,2.98,126.82
img_1319.npy,2.69,121.00
img_132.npy,2.93,160.55
img_1320.npy,2.71,127.46
img_1321.npy,2.87,121.24
img_1322.npy,2.61,170.49
img_1323.npy,2.66,176.41
img_1324.npy,2.84,121.23
img_1325.npy,2.82,125.29
img_1326.npy,2.38,199.14
img_1327.npy,2.93,126.77
img_1328.npy,2.90,127.71
img_1329.npy,2.75,190.67
img_133.npy,2.64,145.57
img_1330.npy,2.66,129.06
img_1331.npy,2.71,144.67
img_1332.npy,2.68,159.35
img_1333.npy,2.81,132.03
img_1334.npy,2.64,138.00
img_1335.npy,2.55,191.28
img_1336.npy,2.76,187.34
img_1337.npy,3.00,138.10
img_1338.npy,2.62,134.07
img_1339.npy,2.91,132.11
img_134.npy,2.56,130.63
img_1340.npy,2.71,164.48
img_1341.npy,2.52,178.93
img_1342.npy,2.90,127.89
img_1343.npy,2.59,192.95
img_1344.npy,2.51,132.20
img_1345.npy,2.67,129.72
img_1346.npy,2.75,183.49
img_1347.npy,2.42,154.87
img_1348.npy,2.83,122.91
img_1349.npy,2.73,151.06
img_135.npy,2.46,162.27
img_1350.npy,2.59,133.01
img_1351.npy,2.87,124.27
img_1352.npy,2.47,173.39
img_1353.npy,2.63,167.34
img_1354.npy,3.04,120.04
img_1355.npy,2.87,157.61
img_1356.npy,2.49,187.51
img_1357.npy,2.98,129.69
img_1358.npy,2.70,124.79
img_1359.npy,2.66,166.46
img_136.npy,2.31,189.67
img_1360.npy,2.90,124.62
img_1361.npy,2.63,142.32
img_1362.npy,2.84,154.93
img_1363.npy,2.78,133.09
img_1364.npy,3.05,124.45
img_1365.npy,2.79,144.51
img_1366.npy,2.68,186.79
img_1367.npy,2.87,126.24
img_1368.npy,3.01,137.14
img_1369.npy,2.46,199.10
img_137.npy,2.84,130.06
img_1370.npy,2.44,141.70
img_1371.npy,2.63,132.77
img_1372.npy,2.65,134.62
img_1373.npy,3.07,124.65
img_1374.npy,2.63,146.87
img_1375.npy,2.48,197.81
img_1376.npy,2.76,121.13
img_1377.npy,3.02,130.00
img_1378.npy,2.79,146.62
img_1379.npy,2.56,156.39
img_138.npy,2.69,123.48
img_1380.npy,2.68,135.50
img_1381.npy,2.70,156.18
img_1382.npy,3.01,163.45
img_1383.npy,2.84,125.64
img_1384.npy,2.89,144.57
img_1385.npy,2.44,172.43
img_1386.npy,2.74,129.98
img_1387.npy,2.64,130.04
img_1388.npy,3.05,144.79
img_1389.npy,2.79,169.34
img_139.npy,2.82,126.24
img_1390.npy,2.80,130.30
img_1391.npy,2.62,165.49
img_1392.npy,2.80,155.70
img_1393.npy,2.75,134.71
img_1394.npy,2.59,156.41
img_1395.npy,2.82,177.92
img_1396.npy,2.82,128.09
img_1397.npy,2.77,124.23
img_1398.npy,2.40,133.42
img_1399.npy,2.75,132.60
img_14.npy,2.82,124.49
img_140.npy,2.49,163.63
img_1400.npy,2.62,197.90
img_1401.npy,3.12,126.90
img_1402.npy,3.06,137.16
img_1403.npy,2.63,198.39
img_1404.npy,2.74,148.13
img_1405.npy,2.46,124.04
img_1406.npy,2.58,155.48
img_1407.npy,2.85,131.35
img_1408.npy,2.88,123.26
img_1409.npy,2.58,126.47
img_141.npy,2.64,131.52
img_1410.npy,2.82,127.88
img_1411.npy,2.69,118.66
img_1412.npy,2.99,160.86
img_1413.npy,2.65,181.57
img_1414.npy,2.55,128.03
img_1415.npy,2.81,147.74
img_1416.npy,2.43,134.00
img_1417.npy,2.88,126.53
img_1418.npy,2.91,124.74
img_1419.npy,2.49,169.54
img_142.npy,2.80,142.16
img_1420.npy,3.11,112.28
img_1421.npy,2.86,122.32
img_1422.npy,2.59,133.65
img_1423.npy,2.84,126.20
img_1424.npy,2.49,119.56
img_1425.npy,2.49,170.09
img_1426.npy,2.72,128.78
img_1427.npy,2.77,115.99
img_1428.npy,2.61,144.90
img_1429.npy,2.95,130.80
img_143.npy,2.63,114.59
img_1430.npy,2.62,123.17
img_1431.npy,2.78,185.23
img_1432.npy,2.78,125.22
img_1433.npy,2.94,124.93
img_1434.npy,2.70,124.13
img_1435.npy,2.46,139.84
img_1436.npy,2.62,125.74
img_1437.npy,2.42,116.77
img_1438.npy,2.42,155.88
img_1439.npy,2.73,131.63
img_144.npy,2.58,122.55
img_1440.npy,2.31,180.95
img_1441.npy,2.43,149.11
img_1442.npy,2.60,120.80
img_1443.npy,2.38,190.47
img_1444.npy,2.38,179.79
img_1445.npy,2.73,127.29
img_1446.npy,2.70,125.96
img_1447.npy,2.49,168.79
img_1448.npy,2.37,163.12
img_1449.npy,2.46,127.18
img_145.npy,2.35,145.16
img_1450.npy,2.49,129.24
img_1451.npy,2.56,122.61
img_1452.npy,2.53,165.16
img_1453.npy,2.31,173.00
img_1454.npy,2.55,120.18
img_1455.npy,2.43,153.06
img_1456.npy,2.63,158.61
img_1457.npy,2.65,128.95
img_1458.npy,2.92,133.88
img_1459.npy,2.40,169.98
img_146.npy,2.49,157.39
img_1460.npy,2.73,130.42
img_1461.npy,2.58,164.30
img_1462.npy,2.48,193.27
img_1463.npy,2.98,123.52
img_1464.npy,2.48,153.03
img_1465.npy,2.39,145.96
img_1466.npy,2.50,124.13
img_1467.npy,2.54,122.29
img_1468.npy,2.22,132.07
img_1469.npy,2.60,134.11
img_147.npy,2.65,123.64
img_1470.npy,2.29,197.84
img_1471.npy,2.31,176.77
img_1472.npy,2.51,120.70
img_1473.npy,2.64,168.52
img_1474.npy,2.32,179.46
img_1475.npy,2.49,122.45
img_1476.npy,2.85,127.00
img_1477.npy,2.41,185.98
img_1478.npy,2.60,121.39
img_1479.npy,2.69,135.65
img_148.npy,2.30,172.32
img_1480.npy,2.64,131.81
img_1481.npy,2.65,124.05
img_1482.npy,2.55,165.64
img_1483.npy,2.53,191.34
img_1484.npy,2.74,126.84
img_1485.npy,2.84,152.17
img_1486.npy,2.46,197.75
img_1487.npy,2.91,123.31
img_1488.npy,2.67,124.09
img_1489.npy,2.36,170.65
img_149.npy,2.79,133.59
img_1490.npy,2.54,119.41
img_1491.npy,2.51,157.01
img_1492.npy,2.62,135.71
img_1493.npy,2.97,129.98
img_1494.npy,2.90,117.66
img_1495.npy,2.53,132.47
img_1496.npy,2.87,123.71
img_1497.npy,2.55,129.91
img_1498.npy,2.57,193.40
img_1499.npy,2.94,134.58
img_15.npy,2.74,120.42
img_150.npy,2.70,129.31
img_1500.npy,2.45,129.61
img_1501.npy,2.92,141.09
img_1502.npy,2.60,124.91
img_1503.npy,2.58,133.85
img_1504.npy,2.67,158.54
img_1505.npy,2.97,129.04
img_1506.npy,2.64,116.27
img_1507.npy,2.59,166.93
img_1508.npy,2.61,168.70
img_1509.npy,2.92,123.11
img_151.npy,2.49,133.88
img_1510.npy,2.61,133.21
img_1511.npy,3.06,127.95
img_1512.npy,2.68,135.45
img_1513.npy,2.22,186.79
img_1514.npy,2.66,151.94
img_1515.npy,2.68,127.13
img_1516.npy,2.54,146.01
img_1517.npy,2.29,130.94
img_1518.npy,2.89,127.69
img_1519.npy,2.89,126.57
img_152.npy,2.79,148.58
img_1520.npy,2.54,199.30
img_1521.npy,2.69,122.66
img_1522.npy,2.64,127.26
img_1523.npy,2.63,182.34
img_1524.npy,2.74,132.39
img_1525.npy,2.63,126.21
img_1526.npy,2.89,141.13
img_1527.npy,2.40,199.07
img_1528.npy,2.91,123.96
img_1529.npy,2.98,117.64
img_153.npy,2.75,147.54
img_1530.npy,2.48,132.72
img_1531.npy,2.94,126.80
img_1532.npy,2.76,123.82
img_1533.npy,2.58,140.05
img_1534.npy,2.61,152.12
img_1535.npy,2.78,125.06
img_1536.npy,2.60,141.35
img_1537.npy,2.43,177.75
img_1538.npy,2.72,136.56
img_1539.npy,2.67,121.53
img_154.npy,2.82,140.88
img_1540.npy,2.64,196.83
img_1541.npy,2.54,126.75
img_1542.npy,2.58,127.33
img_1543.npy,2.61,150.35
img_1544.npy,2.58,128.06
img_1545.npy,2.82,140.80
img_1546.npy,3.03,152.07
img_1547.npy,2.50,177.62
img_1548.npy,2.57,122.17
img_1549.npy,2.70,128.37
img_155.npy,2.75,149.77
img_1550.npy,2.30,162.14
img_1551.npy,2.49,129.86
img_1552.npy,2.31,128.16
img_1553.npy,2.29,180.56
img_1554.npy,2.44,128.92
img_1555.npy,2.42,134.57
img_1556.npy,2.40,180.15
img_1557.npy,2.49,136.79
img_1558.npy,2.73,115.18
img_1559.npy,2.14,154.46
img_156.npy,2.29,115.50
img_1560.npy,2.76,121.60
img_1561.npy,2.71,128.71
img_1562.npy,2.47,128.76
img_1563.npy,2.32,125.38
img_1564.npy,2.69,121.71
img_1565.npy,2.72,125.86
img_1566.npy,2.55,140.35
img_1567.npy,2.68,125.79
img_1568.npy,2.50,123.84
img_1569.npy,2.82,130.03
img_157.npy,2.93,124.80
img_1570.npy,2.47,126.61
img_1571.npy,2.60,151.91
img_1572.npy,2.50,132.83
img_1573.npy,2.61,131.50
img_1574.npy,2.54,133.54
img_1575.npy,2.59,162.95
img_1576.npy,2.46,133.64
img_1577.npy,2.68,121.02
img_1578.npy,2.64,141.17
img_1579.npy,2.76,129.76
img_158.npy,2.58,126.34
img_1580.npy,2.65,129.30
img_1581.npy,2.83,118.93
img_1582.npy,2.56,136.96
img_1583.npy,2.63,155.62
img_1584.npy,2.41,130.45
img_1585.npy,2.56,129.75
img_1586.npy,2.30,136.12
img_1587.npy,2.46,138.45
img_1588.npy,2.54,114.37
img_1589.npy,2.66,135.98
img_159.npy,2.54,131.37
img_1590.npy,2.25,148.52
img_1591.npy,2.24,128.58
img_1592.npy,2.38,148.45
img_1593.npy,2.37,127.27
img_1594.npy,2.63,128.09
img_1595.npy,2.52,131.74
img_1596.npy,2.54,125.20
img_1597.npy,2.80,129.21
img_1598.npy,2.36,140.64
img_1599.npy,2.25,139.45
img_16.npy,2.83,120.30
img_160.npy,3.06,132.11
img_1600.npy,2.68,140.21
img_1601.npy,2.53,128.00
img_1602.npy,2.78,147.93
img_1603.npy,2.56,131.98
img_1604.npy,2.68,127.11
img_1605.npy,2.48,132.81
img_1606.npy,2.63,130.48
img_1607.npy,2.81,148.63
img_1608.npy,2.50,129.91
img_1609.npy,2.61,152.78
img_161.npy,2.64,131.82
img_1610.npy,2.57,149.52
img_1611.npy,2.61,141.31
img_1612.npy,2.82,115.34
img_1613.npy,2.61,133.75
img_1614.npy,2.81,122.52
img_1615.npy,2.45,117.08
img_1616.npy,2.52,128.66
img_1617.npy,3.08,114.66
img_1618.npy,2.81,137.28
img_1619.npy,2.61,130.77
img_162.npy,2.64,133.06
img_1620.npy,2.78,136.91
img_1621.npy,2.59,160.26
img_1622.npy,2.52,128.40
img_1623.npy,2.62,109.63
img_1624.npy,2.66,136.96
img_1625.npy,2.62,118.02
img_1626.npy,2.70,120.06
img_1627.npy,2.66,117.91
img_1628.npy,2.64,125.99
img_1629.npy,2.67,155.71
img_163.npy,2.79,127.57
img_1630.npy,2.73,132.89
img_1631.npy,2.68,152.97
img_1632.npy,2.83,129.91
img_1633.npy,2.60,123.82
img_1634.npy,2.95,127.91
img_1635.npy,2.86,170.75
img_1636.npy,2.66,132.86
img_1637.npy,2.75,135.08
img_1638.npy,2.63,124.06
img_1639.npy,2.23,119.88
img_164.npy,2.42,129.25
img_1640.npy,2.40,117.77
img_1641.npy,2.25,144.77
img_1642.npy,2.27,126.55
img_1643.npy,2.45,112.52
img_1644.npy,2.39,138.30
img_1645.npy,2.36,123.56
img_1646.npy,2.56,135.88
img_1647.npy,2.38,126.23
img_1648.npy,2.39,118.09
img_1649.npy,2.49,125.84
img_165.npy,2.80,124.96
img_1650.npy,2.39,127.83
img_1651.npy,2.38,188.71
img_1652.npy,2.53,120.24
img_1653.npy,2.52,138.81
img_1654.npy,2.36,164.07
img_1655.npy,2.35,124.59
img_1656.npy,2.47,126.54
img_1657.npy,2.50,158.71
img_1658.npy,2.39,126.06
img_1659.npy,2.34,128.23
img_166.npy,2.36,143.10
img_1660.npy,2.51,120.69
img_1661.npy,2.42,140.96
img_1662.npy,2.45,127.18
img_1663.npy,2.42,133.03
img_1664.npy,2.64,128.01
img_1665.npy,2.67,123.44
img_1666.npy,2.67,133.03
img_1667.npy,2.60,128.45
img_1668.npy,2.53,152.82
img_1669.npy,2.32,128.22
img_167.npy,2.61,122.59
img_1670.npy,2.75,124.83
img_1671.npy,2.89,123.07
img_1672.npy,3.07,139.90
img_1673.npy,2.68,182.42
img_1674.npy,2.46,132.84
img_1675.npy,2.75,132.09
img_1676.npy,2.53,172.78
img_1677.npy,2.70,128.68
img_1678.npy,2.63,135.49
img_1679.npy,2.47,148.35
img_168.npy,2.59,135.52
img_1680.npy,2.68,145.90
img_1681.npy,2.80,132.96
img_1682.npy,2.44,149.05
img_1683.npy,2.52,139.79
img_1684.npy,2.51,130.00
img_1685.npy,2.63,147.59
img_1686.npy,2.68,135.30
img_1687.npy,2.63,198.47
img_1688.npy,2.59,130.82
img_1689.npy,2.80,124.91
img_169.npy,2.83,199.20
img_1690.npy,2.68,130.25
img_1691.npy,2.69,125.21
img_1692.npy,2.56,138.15
img_1693.npy,2.43,128.76
img_1694.npy,2.66,122.29
img_1695.npy,2.73,125.33
img_1696.npy,2.44,179.05
img_1697.npy,2.42,130.42
img_1698.npy,2.57,123.03
img_1699.npy,2.88,130.21
img_17.npy,2.25,130.51
img_170.npy,2.79,131.02
img_1700.npy,2.84,128.11
img_1701.npy,2.46,174.39
img_1702.npy,2.75,196.95
img_1703.npy,2.72,122.78
img_1704.npy,2.59,139.64
img_1705.npy,2.65,136.30
img_1706.npy,3.15,125.89
img_1707.npy,2.87,132.38
img_1708.npy,2.19,197.07
img_1709.npy,3.01,146.60
img_171.npy,2.58,133.98
img_1710.npy,2.53,157.88
img_1711.npy,2.57,131.27
img_1712.npy,2.85,124.89
img_1713.npy,2.67,142.80
img_1714.npy,2.46,131.74
img_1715.npy,2.48,134.58
img_1716.npy,2.47,135.85
img_1717.npy,2.60,139.80
img_1718.npy,2.73,132.20
img_1719.npy,2.67,129.92
img_172.npy,2.86,128.02
img_1720.npy,2.56,197.38
img_1721.npy,2.47,198.75
img_1722.npy,2.77,128.43
img_1723.npy,2.59,165.03
img_1724.npy,2.63,199.50
img_1725.npy,2.77,123.27
img_1726.npy,2.68,156.06
img_1727.npy,2.30,196.68
img_1728.npy,2.78,122.20
img_1729.npy,2.75,133.68
img_173.npy,2.42,129.29
img_1730.npy,2.55,128.52
img_1731.npy,2.54,122.98
img_1732.npy,2.64,134.04
img_1733.npy,2.41,131.78
img_1734.npy,2.55,123.33
img_1735.npy,2.48,126.38
img_1736.npy,2.39,185.52
img_1737.npy,2.51,127.02
img_1738.npy,2.48,127.61
img_1739.npy,2.37,190.79
img_174.npy,2.28,189.17
img_1740.npy,2.48,121.39
img_1741.npy,2.27,181.40
img_1742.npy,2.82,137.95
img_1743.npy,2.67,138.45
img_1744.npy,2.15,198.55
img_1745.npy,2.42,171.41
img_1746.npy,2.58,132.50
img_1747.npy,2.38,151.38
img_1748.npy,2.37,132.59
img_1749.npy,2.67,128.13
img_175.npy,2.55,133.94
img_1750.npy,2.34,198.38
img_1751.npy,2.22,198.30
img_1752.npy,2.61,127.49
img_1753.npy,2.62,127.39
img_1754.npy,2.30,194.51
img_1755.npy,2.48,127.00
img_1756.npy,2.65,120.96
img_1757.npy,2.45,164.27
img_1758.npy,2.40,184.50
img_1759.npy,2.77,128.40
img_176.npy,2.95,135.76
img_1760.npy,2.72,182.17
img_1761.npy,2.87,186.74
img_1762.npy,2.53,128.84
img_1763.npy,2.30,136.99
img_1764.npy,2.19,197.36
img_1765.npy,2.47,126.80
img_1766.npy,2.38,126.02
img_1767.npy,2.30,165.50
img_1768.npy,2.39,198.01
img_1769.npy,2.43,126.84
img_177.npy,2.45,126.78
img_1770.npy,2.39,175.51
img_1771.npy,2.33,182.56
img_1772.npy,2.64,119.48
img_1773.npy,2.52,128.75
img_1774.npy,2.54,164.61
img_1775.npy,2.28,199.19
img_1776.npy,2.35,128.86
img_1777.npy,2.63,137.64
img_1778.npy,2.22,182.26
img_1779.npy,2.45,142.71
img_178.npy,2.59,129.33
img_1780.npy,2.46,177.06
img_1781.npy,2.33,198.18
img_1782.npy,2.48,127.45
img_1783.npy,2.30,130.37
img_1784.npy,2.42,175.45
img_1785.npy,2.68,133.52
img_1786.npy,2.67,122.57
img_1787.npy,2.78,128.68
img_1788.npy,2.63,131.26
img_1789.npy,2.45,159.81
img_179.npy,2.51,129.23
img_1790.npy,2.43,197.25
img_1791.npy,2.34,199.00
img_1792.npy,2.64,120.09
img_1793.npy,2.75,135.95
img_1794.npy,2.78,179.92
img_1795.npy,2.57,153.31
img_1796.npy,2.83,120.59
img_1797.npy,2.79,166.19
img_1798.npy,2.42,192.91
img_1799.npy,2.93,128.51
img_18.npy,2.63,127.60
img_180.npy,2.48,137.04
img_1800.npy,2.46,131.20
img_1801.npy,3.05,124.70
img_1802.npy,3.10,127.69
img_1803.npy,2.73,122.43
img_1804.npy,2.31,131.75
img_1805.npy,2.86,130.38
img_1806.npy,2.81,127.23
img_1807.npy,2.60,124.59
img_1808.npy,2.59,129.55
img_1809.npy,2.88,137.89
img_181.npy,2.40,128.49
img_1810.npy,2.34,160.46
img_1811.npy,2.62,135.00
img_1812.npy,2.66,131.66
img_1813.npy,2.41,129.18
img_1814.npy,2.63,132.22
img_1815.npy,2.97,164.25
img_1816.npy,2.64,136.42
img_1817.npy,2.56,182.74
img_1818.npy,2.48,131.57
img_1819.npy,2.61,121.21
img_182.npy,2.77,144.53
img_1820.npy,2.29,167.07
img_1821.npy,2.68,130.08
img_1822.npy,2.91,124.87
img_1823.npy,2.81,148.61
img_1824.npy,2.47,174.73
img_1825.npy,2.62,139.30
img_1826.npy,2.36,125.34
img_1827.npy,2.57,152.60
img_1828.npy,2.52,173.72
img_1829.npy,2.90,130.68
img_183.npy,2.79,120.65
img_1830.npy,2.62,123.85
img_1831.npy,2.85,186.18
img_1832.npy,3.17,196.19
img_1833.npy,2.93,136.45
img_1834.npy,2.47,142.61
img_1835.npy,2.76,125.71
img_1836.npy,2.96,128.08
img_1837.npy,2.47,152.23
img_1838.npy,2.51,159.24
img_1839.npy,2.64,118.04
img_184.npy,2.60,128.82
img_1840.npy,2.66,126.62
img_1841.npy,2.73,153.97
img_1842.npy,2.58,123.34
img_1843.npy,2.56,118.39
img_1844.npy,2.35,119.55
img_1845.npy,2.89,115.36
img_1846.npy,2.81,125.21
img_1847.npy,2.69,139.51
img_1848.npy,2.61,137.55
img_1849.npy,2.77,115.86
img_185.npy,2.84,119.04
img_1850.npy,2.83,123.63
img_1851.npy,2.66,132.78
img_1852.npy,2.64,131.64
img_1853.npy,2.77,127.11
img_1854.npy,2.87,131.19
img_1855.npy,2.51,121.24
img_1856.npy,2.59,171.34
img_1857.npy,2.79,134.61
img_1858.npy,2.59,124.02
img_1859.npy,2.76,148.12
img_186.npy,2.46,197.76
img_1860.npy,2.62,178.12
img_1861.npy,2.81,125.02
img_1862.npy,2.68,126.05
img_1863.npy,2.53,159.17
img_1864.npy,2.92,140.13
img_1865.npy,2.50,126.61
img_1866.npy,2.80,134.32
img_1867.npy,2.56,191.64
img_1868.npy,2.72,135.62
img_1869.npy,2.73,123.09
img_187.npy,2.69,142.43
img_1870.npy,2.40,171.59
img_1871.npy,2.61,193.76
img_1872.npy,2.74,130.10
img_1873.npy,2.71,137.25
img_1874.npy,2.46,189.71
img_1875.npy,2.94,157.58
img_1876.npy,2.58,133.60
img_1877.npy,2.90,138.92
img_1878.npy,2.61,198.50
img_1879.npy,2.65,129.56
img_188.npy,2.77,135.00
img_1880.npy,2.66,147.66
img_1881.npy,2.63,197.70
img_1882.npy,2.74,131.97
img_1883.npy,2.47,160.43
img_1884.npy,2.69,197.75
img_1885.npy,2.84,142.71
img_1886.npy,2.44,128.64
img_1887.npy,2.77,126.30
img_1888.npy,2.50,131.06
img_1889.npy,3.12,139.29
img_189.npy,2.82,147.22
img_1890.npy,2.59,196.21
img_1891.npy,2.56,191.79
img_1892.npy,2.83,122.04
img_1893.npy,2.71,132.46
img_1894.npy,2.46,131.39
img_1895.npy,3.19,136.62
img_1896.npy,2.92,129.18
img_1897.npy,2.50,151.04
img_1898.npy,2.55,173.05
img_1899.npy,2.56,128.89
img_19.npy,2.71,142.50
img_190.npy,2.67,183.81
img_1900.npy,2.65,138.24
img_1901.npy,2.78,132.28
img_1902.npy,2.73,162.14
img_1903.npy,2.69,198.39
img_1904.npy,2.74,155.33
img_1905.npy,2.55,142.74
img_1906.npy,2.67,198.98
img_1907.npy,2.42,197.40
img_1908.npy,2.72,123.12
img_1909.npy,2.88,130.03
img_191.npy,2.44,197.14
img_1910.npy,2.71,182.12
img_1911.npy,2.89,131.23
img_1912.npy,2.47,184.46
img_1913.npy,2.28,177.77
img_1914.npy,2.60,127.81
img_1915.npy,2.52,133.70
img_1916.npy,2.33,130.88
img_1917.npy,2.82,132.75
img_1918.npy,2.77,122.41
img_1919.npy,2.57,129.26
img_192.npy,2.47,130.13
img_1920.npy,2.61,133.36
img_1921.npy,2.64,127.07
img_1922.npy,2.59,136.93
img_1923.npy,2.50,132.48
img_1924.npy,2.79,131.08
img_1925.npy,2.48,132.55
img_1926.npy,2.53,167.78
img_1927.npy,2.65,132.35
img_1928.npy,2.49,123.13
img_1929.npy,2.47,131.02
img_193.npy,2.93,170.46
img_1930.npy,2.57,197.65
img_1931.npy,2.61,129.01
img_1932.npy,2.70,155.20
img_1933.npy,2.31,198.18
img_1934.npy,2.47,127.90
img_1935.npy,2.56,143.27
img_1936.npy,2.78,167.52
img_1937.npy,2.75,198.73
img_1938.npy,2.70,135.47
img_1939.npy,2.72,132.49
img_194.npy,2.62,199.14
img_1940.npy,2.48,198.06
img_1941.npy,2.48,125.74
img_1942.npy,2.44,144.48
img_1943.npy,2.47,177.60
img_1944.npy,2.63,132.52
img_1945.npy,2.74,123.95
img_1946.npy,2.62,128.43
img_1947.npy,2.60,162.48
img_1948.npy,2.41,191.53
img_1949.npy,2.85,119.52
img_195.npy,2.93,132.85
img_1950.npy,2.47,161.06
img_1951.npy,2.64,126.55
img_1952.npy,2.69,128.22
img_1953.npy,2.49,130.85
img_1954.npy,2.45,129.14
img_1955.npy,2.92,124.49
img_1956.npy,2.53,121.01
img_1957.npy,2.74,159.71
img_1958.npy,2.32,198.65
img_1959.npy,2.46,137.68
img_196.npy,2.39,166.36
img_1960.npy,2.43,199.06
img_1961.npy,2.50,126.15
img_1962.npy,2.85,144.24
img_1963.npy,2.48,192.14
img_1964.npy,2.37,127.79
img_1965.npy,2.67,125.62
img_1966.npy,2.59,167.59
img_1967.npy,2.46,197.45
img_1968.npy,2.58,123.19
img_1969.npy,2.60,127.82
img_197.npy,2.83,156.06
img_1970.npy,2.62,182.98
img_1971.npy,2.67,133.00
img_1972.npy,2.68,131.43
img_1973.npy,2.42,166.77
img_1974.npy,2.49,129.48
img_1975.npy,2.85,117.74
img_1976.npy,2.73,129.75
img_1977.npy,2.70,134.79
img_1978.npy,2.82,131.17
img_1979.npy,2.80,125.12
img_198.npy,2.74,128.25
img_1980.npy,2.63,183.14
img_1981.npy,2.84,133.84
img_1982.npy,2.57,123.95
img_1983.npy,2.58,132.21
img_1984.npy,2.74,158.65
img_1985.npy,2.64,133.60
img_1986.npy,2.46,131.65
img_1987.npy,2.33,144.68
img_1988.npy,2.89,131.18
img_1989.npy,2.77,130.10
img_199.npy,2.32,132.90
img_1990.npy,2.59,192.78
img_1991.npy,2.73,132.09
img_1992.npy,2.65,143.38
img_1993.npy,2.37,130.35
img_1994.npy,2.58,132.05
img_1995.npy,2.31,128.20
img_1996.npy,2.76,168.66
img_1997.npy,2.31,199.45
img_1998.npy,2.43,131.68
img_1999.npy,2.50,162.34
img_2.npy,2.63,137.93
img_20.npy,2.54,197.93
img_200.npy,2.54,197.47
img_2000.npy,2.56,183.34
img_2001.npy,2.38,132.26
img_2002.npy,2.38,132.93
img_2003.npy,2.60,130.36
img_2004.npy,2.39,130.02
img_2005.npy,2.37,129.27
img_2006.npy,2.50,129.67
img_2007.npy,2.71,129.18
img_2008.npy,2.22,181.08
img_2009.npy,2.30,133.59
img_201.npy,2.59,153.77
img_2010.npy,2.82,133.37
img_2011.npy,2.33,198.56
img_2012.npy,2.27,200.98
img_2013.npy,2.38,130.77
img_2014.npy,2.79,138.86
img_2015.npy,2.64,132.13
img_2016.npy,2.65,133.72
img_2017.npy,2.53,134.25
img_2018.npy,2.88,131.00
img_2019.npy,2.31,199.18
img_202.npy,2.71,136.83
img_2020.npy,2.64,131.41
img_2021.npy,2.54,133.37
img_2022.npy,2.54,134.33
img_2023.npy,2.25,191.19
img_2024.npy,2.83,151.04
img_2025.npy,2.39,190.72
img_2026.npy,2.28,142.44
img_2027.npy,2.54,178.79
img_2028.npy,2.51,184.89
img_2029.npy,2.75,189.59
img_203.npy,2.32,198.96
img_2030.npy,2.65,131.26
img_2031.npy,2.66,197.45
img_2032.npy,2.22,188.02
img_2033.npy,2.31,135.02
img_2034.npy,2.33,200.04
img_2035.npy,2.70,135.41
img_2036.npy,2.53,193.53
img_2037.npy,2.36,176.30
img_2038.npy,2.13,133.32
img_2039.npy,2.28,139.70
img_204.npy,2.65,135.20
img_2040.npy,2.32,194.58
img_2041.npy,2.32,134.13
img_2042.npy,2.59,189.19
img_2043.npy,2.85,197.95
img_2044.npy,2.65,198.28
img_2045.npy,2.48,200.31
img_2046.npy,2.63,192.63
img_2047.npy,2.47,199.69
img_2048.npy,2.26,196.80
img_2049.npy,2.56,198.45
img_205.npy,2.33,179.67
img_2050.npy,2.17,165.72
img_2051.npy,2.41,141.35
img_2052.npy,2.64,153.47
img_2053.npy,2.45,199.72
img_2054.npy,2.44,199.73
img_2055.npy,2.63,135.39
img_2056.npy,2.31,189.78
img_2057.npy,2.62,150.59
img_2058.npy,2.49,187.77
img_2059.npy,2.44,132.55
img_206.npy,2.37,131.44
img_2060.npy,2.23,132.29
img_2061.npy,2.39,197.88
img_2062.npy,2.51,133.55
img_2063.npy,2.74,136.41
img_2064.npy,2.53,193.89
img_2065.npy,2.51,134.03
img_2066.npy,2.16,130.40
img_2067.npy,2.80,138.48
img_2068.npy,2.45,170.41
img_2069.npy,2.74,172.07
img_207.npy,2.25,180.68
img_2070.npy,2.24,132.84
img_2071.npy,2.29,128.76
img_2072.npy,2.61,133.09
img_2073.npy,2.76,134.59
img_2074.npy,2.38,134.25
img_2075.npy,2.35,127.97
img_2076.npy,2.41,132.04
img_2077.npy,2.70,161.87
img_2078.npy,2.33,191.10
img_2079.npy,2.48,148.31
img_208.npy,2.16,194.61
img_2080.npy,2.38,184.50
img_2081.npy,2.44,137.32
img_2082.npy,2.54,144.74
img_2083.npy,2.65,170.35
img_2084.npy,2.72,155.95
img_2085.npy,2.23,184.63
img_2086.npy,2.51,132.24
img_2087.npy,2.67,138.56
img_2088.npy,2.52,176.80
img_2089.npy,2.84,149.72
img_209.npy,2.64,137.20
img_2090.npy,2.52,196.68
img_2091.npy,2.27,201.33
img_2092.npy,2.27,199.21
img_2093.npy,2.39,138.69
img_2094.npy,2.39,136.70
img_2095.npy,2.59,155.36
img_2096.npy,2.45,196.71
img_2097.npy,2.44,133.73
img_2098.npy,2.35,130.56
img_2099.npy,2.72,133.95
img_21.npy,2.24,198.06
img_210.npy,2.36,131.80
img_2100.npy,2.42,132.58
img_2101.npy,2.27,128.40
img_2102.npy,2.16,136.01
img_2103.npy,2.74,171.62
img_2104.npy,2.28,132.18
img_2105.npy,2.48,135.84
img_2106.npy,2.33,129.23
img_2107.npy,2.36,183.12
img_2108.npy,2.49,130.28
img_2109.npy,2.41,192.24
img_211.npy,2.21,183.88
img_2110.npy,2.16,178.41
img_2111.npy,2.20,134.25
img_2112.npy,2.39,134.18
img_2113.npy,2.21,130.46
img_2114.npy,2.64,131.73
img_2115.npy,2.51,198.50
img_2116.npy,2.43,197.62
img_2117.npy,2.53,132.37
img_2118.npy,2.40,171.91
img_2119.npy,2.33,130.12
img_212.npy,2.74,138.27
img_2120.npy,2.57,134.20
img_2121.npy,2.50,133.04
img_2122.npy,2.50,133.40
img_2123.npy,2.89,164.09
img_2124.npy,2.43,193.58
img_2125.npy,2.52,132.51
img_2126.npy,2.76,194.17
img_2127.npy,2.47,198.14
img_2128.npy,2.32,193.51
img_2129.npy,2.35,193.17
img_213.npy,2.53,147.32
img_2130.npy,2.52,157.65
img_2131.npy,2.50,178.77
img_2132.npy,2.37,198.82
img_2133.npy,2.30,198.74
img_2134.npy,2.54,189.37
img_2135.npy,2.91,188.39
img_2136.npy,2.53,197.48
img_2137.npy,2.55,196.87
img_2138.npy,2.33,199.44
img_2139.npy,2.54,133.14
img_214.npy,2.52,147.28
img_2140.npy,2.29,168.66
img_2141.npy,2.79,145.62
img_2142.npy,2.62,187.89
img_2143.npy,2.31,187.04
img_2144.npy,2.65,135.76
img_2145.npy,2.29,199.70
img_2146.npy,2.53,193.84
img_2147.npy,2.46,196.52
img_2148.npy,2.79,130.62
img_2149.npy,2.58,198.28
img_215.npy,2.86,191.09
img_2150.npy,2.56,198.05
img_2151.npy,2.60,134.71
img_2152.npy,2.29,187.35
img_2153.npy,2.54,152.32
img_2154.npy,2.66,134.14
img_2155.npy,2.52,191.19
img_2156.npy,2.75,163.26
img_2157.npy,2.55,187.09
img_2158.npy,2.76,166.13
img_2159.npy,2.49,196.84
img_216.npy,2.40,165.37
img_2160.npy,2.56,152.96
img_2161.npy,2.33,136.08
img_2162.npy,2.48,178.72
img_2163.npy,2.32,167.88
img_2164.npy,2.48,138.63
img_2165.npy,2.45,168.49
img_2166.npy,2.66,131.53
img_2167.npy,2.53,183.38
img_2168.npy,2.35,188.08
img_2169.npy,2.18,188.48
img_217.npy,2.66,133.97
img_2170.npy,2.26,197.73
img_2171.npy,2.27,196.71
img_2172.npy,2.15,188.94
img_2173.npy,2.33,199.48
img_2174.npy,2.22,198.03
img_2175.npy,2.15,197.23
img_2176.npy,2.23,194.30
img_2177.npy,2.14,187.06
img_2178.npy,2.33,146.82
img_2179.npy,2.19,198.04
img_218.npy,2.18,197.13
img_2180.npy,2.17,199.14
img_2181.npy,2.12,196.31
img_2182.npy,2.04,175.55
img_2183.npy,2.62,132.03
img_2184.npy,2.43,138.13
img_2185.npy,2.01,176.91
img_2186.npy,2.24,132.09
img_2187.npy,2.51,132.71
img_2188.npy,2.42,129.35
img_2189.npy,2.13,145.62
img_219.npy,2.78,140.79
img_2190.npy,2.42,199.24
img_2191.npy,2.39,187.77
img_2192.npy,2.33,185.03
img_2193.npy,2.28,129.63
img_2194.npy,2.59,136.14
img_2195.npy,2.29,180.02
img_2196.npy,2.61,132.71
img_2197.npy,2.19,181.76
img_2198.npy,2.58,138.49
img_2199.npy,2.31,184.79
img_22.npy,2.65,171.29
img_220.npy,2.40,135.24
img_2200.npy,2.23,132.83
img_2201.npy,2.40,131.88
img_2202.npy,2.61,160.02
img_2203.npy,2.53,197.67
img_2204.npy,2.34,199.13
img_2205.npy,2.52,165.91
img_2206.npy,2.81,140.84
img_2207.npy,2.35,175.88
img_2208.npy,2.46,129.67
img_2209.npy,2.79,135.23
img_221.npy,2.48,196.84
img_2210.npy,2.48,133.37
img_2211.npy,2.42,131.11
img_2212.npy,2.52,134.38
img_2213.npy,2.37,132.60
img_2214.npy,2.86,134.72
img_2215.npy,2.34,131.77
img_2216.npy,2.44,132.43
img_2217.npy,2.64,132.50
img_2218.npy,2.27,134.83
img_2219.npy,2.58,131.96
img_222.npy,2.44,135.97
img_2220.npy,2.36,190.82
img_2221.npy,2.34,129.55
img_2222.npy,2.67,130.66
img_2223.npy,2.37,193.49
img_2224.npy,2.46,134.56
img_2225.npy,2.61,129.77
img_2226.npy,2.61,133.04
img_2227.npy,2.86,189.90
img_2228.npy,2.45,189.29
img_2229.npy,2.92,139.41
img_223.npy,2.74,195.79
img_2230.npy,2.79,197.96
img_2231.npy,2.49,192.87
img_2232.npy,2.34,180.97
img_2233.npy,2.91,181.24
img_2234.npy,2.51,172.65
img_2235.npy,2.44,161.29
img_2236.npy,2.34,198.85
img_2237.npy,2.66,129.07
img_2238.npy,2.79,143.11
img_2239.npy,2.44,197.87
img_224.npy,2.50,188.05
img_2240.npy,2.84,138.45
img_2241.npy,2.44,194.28
img_2242.npy,2.62,151.34
img_2243.npy,2.36,184.89
img_2244.npy,2.47,133.18
img_2245.npy,2.75,135.09
img_2246.npy,2.59,193.76
img_2247.npy,2.53,180.09
img_2248.npy,2.48,161.62
img_2249.npy,2.53,134.34
img_225.npy,2.44,160.35
img_2250.npy,2.75,134.33
img_2251.npy,2.40,194.18
img_2252.npy,2.46,186.27
img_2253.npy,2.71,182.07
img_2254.npy,2.48,183.43
img_2255.npy,2.48,164.47
img_2256.npy,2.67,182.49
img_2257.npy,2.41,200.09
img_2258.npy,2.55,198.60
img_2259.npy,2.38,199.35
img_226.npy,2.74,133.34
img_2260.npy,2.52,197.43
img_2261.npy,2.27,183.96
img_2262.npy,2.72,132.89
img_2263.npy,2.55,148.51
img_2264.npy,2.66,176.86
img_2265.npy,2.51,181.80
img_2266.npy,2.43,132.21
img_2267.npy,2.49,128.43
img_2268.npy,2.70,132.30
img_2269.npy,2.52,134.37
img_227.npy,2.45,137.89
img_2270.npy,2.64,134.99
img_2271.npy,2.38,195.45
img_2272.npy,2.26,187.80
img_2273.npy,2.39,192.51
img_2274.npy,2.48,131.38
img_2275.npy,2.56,141.02
img_2276.npy,2.47,197.43
img_2277.npy,2.19,198.31
img_2278.npy,2.14,171.79
img_2279.npy,2.69,129.44
img_228.npy,2.43,132.19
img_2280.npy,2.47,135.56
img_2281.npy,2.63,130.91
img_2282.npy,2.10,193.22
img_2283.npy,2.11,129.50
img_2284.npy,2.15,131.96
img_2285.npy,2.55,132.03
img_2286.npy,2.21,194.39
img_2287.npy,2.30,180.18
img_2288.npy,2.35,194.41
img_2289.npy,2.51,191.73
img_229.npy,2.54,198.55
img_2290.npy,2.38,196.75
img_2291.npy,2.60,199.67
img_2292.npy,2.30,197.72
img_2293.npy,2.38,173.88
img_2294.npy,2.47,199.10
img_2295.npy,2.26,195.11
img_2296.npy,2.62,199.98
img_2297.npy,2.03,194.23
img_2298.npy,2.21,195.90
img_2299.npy,1.95,183.80
img_23.npy,2.08,130.45
img_230.npy,2.38,130.78
img_2300.npy,2.07,181.44
img_2301.npy,2.04,130.94
img_2302.npy,2.06,133.84
img_2303.npy,2.02,129.11
img_2304.npy,2.13,128.19
img_2305.npy,2.27,131.73
img_2306.npy,2.02,129.99
img_2307.npy,2.44,138.05
img_2308.npy,2.06,181.33
img_2309.npy,2.32,168.67
img_231.npy,2.26,192.75
img_2310.npy,2.01,197.82
img_2311.npy,2.23,134.35
img_2312.npy,2.23,199.03
img_2313.npy,2.30,142.26
img_2314.npy,2.56,200.50
img_2315.npy,2.11,197.82
img_2316.npy,2.20,198.62
img_2317.npy,2.09,199.32
img_2318.npy,2.23,186.48
img_2319.npy,2.42,164.76
img_232.npy,2.14,199.25
img_2320.npy,2.39,184.60
img_2321.npy,2.18,190.04
img_2322.npy,2.36,133.92
img_2323.npy,2.23,132.34
img_2324.npy,2.26,134.12
img_2325.npy,2.24,131.56
img_2326.npy,2.31,132.22
img_2327.npy,2.45,133.95
img_2328.npy,2.28,131.22
img_2329.npy,2.48,148.10
img_233.npy,2.28,171.68
img_2330.npy,2.12,188.80
img_2331.npy,2.24,130.70
img_2332.npy,2.54,130.68
img_2333.npy,2.35,131.70
img_2334.npy,2.32,136.27
img_2335.npy,2.32,190.67
img_2336.npy,2.18,192.48
img_2337.npy,2.56,193.96
img_2338.npy,2.26,174.04
img_2339.npy,2.53,135.82
img_234.npy,2.50,174.79
img_2340.npy,2.56,137.39
img_2341.npy,2.45,192.33
img_2342.npy,2.37,186.35
img_2343.npy,2.62,131.81
img_2344.npy,2.36,192.26
img_2345.npy,2.40,177.46
img_2346.npy,2.23,198.61
img_2347.npy,2.44,183.09
img_2348.npy,2.44,139.43
img_2349.npy,2.63,138.57
img_235.npy,2.59,182.48
img_2350.npy,2.21,131.11
img_2351.npy,2.26,131.57
img_2352.npy,2.42,132.50
img_2353.npy,2.22,131.03
img_2354.npy,2.46,130.02
img_2355.npy,2.35,129.77
img_2356.npy,2.41,131.77
img_2357.npy,2.42,135.63
img_2358.npy,2.51,137.20
img_2359.npy,2.61,131.69
img_236.npy,2.50,140.04
img_2360.npy,2.51,198.16
img_2361.npy,2.43,189.25
img_2362.npy,2.48,184.51
img_2363.npy,2.60,189.85
img_2364.npy,2.28,189.80
img_2365.npy,2.35,197.26
img_2366.npy,2.97,134.98
img_2367.npy,2.22,130.12
img_2368.npy,2.37,132.41
img_2369.npy,2.27,128.72
img_237.npy,2.26,128.20
img_2370.npy,2.77,136.42
img_2371.npy,2.43,200.21
img_2372.npy,2.07,193.37
img_2373.npy,2.57,177.61
img_2374.npy,2.41,196.20
img_2375.npy,2.43,199.11
img_2376.npy,2.38,199.79
img_2377.npy,2.52,171.43
img_2378.npy,2.48,188.44
img_2379.npy,2.23,180.34
img_238.npy,2.41,143.55
img_2380.npy,2.35,175.21
img_2381.npy,2.41,172.06
img_2382.npy,2.29,171.99
img_2383.npy,2.69,199.03
img_2384.npy,2.54,190.27
img_2385.npy,2.30,179.52
img_2386.npy,2.36,178.61
img_2387.npy,2.38,129.40
img_2388.npy,2.44,137.30
img_2389.npy,2.51,137.26
img_239.npy,2.34,143.92
img_2390.npy,2.24,130.78
img_2391.npy,2.41,183.03
img_2392.npy,2.33,134.21
img_2393.npy,2.65,130.98
img_2394.npy,2.52,131.53
img_2395.npy,2.48,136.25
img_2396.npy,2.56,137.44
img_2397.npy,2.40,137.76
img_2398.npy,2.29,132.71
img_2399.npy,2.61,161.75
img_24.npy,2.44,198.14
img_240.npy,3.04,185.94
img_2400.npy,2.34,181.75
img_2401.npy,2.54,134.48
img_2402.npy,2.45,133.22
img_2403.npy,2.62,142.45
img_2404.npy,2.43,196.42
img_2405.npy,2.39,129.85
img_2406.npy,2.44,131.32
img_2407.npy,2.26,158.97
img_2408.npy,2.28,157.02
img_2409.npy,2.57,152.53
img_241.npy,2.40,137.78
img_2410.npy,2.33,143.44
img_2411.npy,2.52,140.25
img_2412.npy,2.42,129.94
img_2413.npy,2.40,145.46
img_2414.npy,2.50,134.65
img_2415.npy,2.39,137.38
img_2416.npy,2.44,180.71
img_2417.npy,2.46,133.04
img_2418.npy,2.29,129.97
img_2419.npy,2.37,133.55
img_242.npy,2.60,132.20
img_2420.npy,2.59,131.17
img_2421.npy,2.37,168.22
img_2422.npy,2.77,132.48
img_2423.npy,2.26,199.02
img_2424.npy,2.44,197.29
img_2425.npy,2.28,131.92
img_2426.npy,2.34,134.93
img_2427.npy,2.52,174.77
img_2428.npy,2.30,192.61
img_2429.npy,2.34,181.15
img_243.npy,2.32,132.37
img_2430.npy,2.45,138.36
img_2431.npy,2.42,133.28
img_2432.npy,2.42,132.96
img_2433.npy,2.68,140.41
img_2434.npy,2.68,140.95
img_2435.npy,2.44,190.26
img_2436.npy,2.47,139.68
img_2437.npy,2.33,136.63
img_2438.npy,2.28,132.72
img_2439.npy,2.40,134.48
img_244.npy,2.48,134.11
img_2440.npy,2.39,134.06
img_2441.npy,2.49,188.18
img_2442.npy,2.54,198.00
img_2443.npy,2.31,199.00
img_2444.npy,2.16,198.54
img_2445.npy,2.36,132.89
img_2446.npy,2.47,132.51
img_2447.npy,2.38,146.22
img_2448.npy,2.55,165.55
img_2449.npy,2.34,155.11
img_245.npy,2.62,135.22
img_2450.npy,2.29,187.07
img_2451.npy,2.61,131.12
img_2452.npy,2.38,163.56
img_2453.npy,2.37,132.60
img_2454.npy,2.41,136.52
img_2455.npy,2.48,134.18
img_2456.npy,2.48,130.74
img_2457.npy,2.53,137.35
img_2458.npy,2.32,199.82
img_2459.npy,2.61,194.27
img_246.npy,2.35,195.01
img_2460.npy,2.51,131.29
img_2461.npy,2.40,190.55
img_2462.npy,2.39,195.78
img_2463.npy,2.37,198.54
img_2464.npy,2.29,194.84
img_2465.npy,2.36,137.15
img_2466.npy,2.42,198.23
img_2467.npy,2.45,183.43
img_2468.npy,2.96,176.34
img_2469.npy,2.80,144.36
img_247.npy,2.20,152.06
img_2470.npy,2.29,147.45
img_2471.npy,2.45,120.38
img_2472.npy,2.56,123.84
img_2473.npy,2.52,123.60
img_2474.npy,2.58,133.56
img_2475.npy,2.36,198.29
img_2476.npy,2.31,198.31
img_2477.npy,2.49,198.19
img_2478.npy,2.07,197.68
img_2479.npy,2.30,131.71
img_248.npy,2.69,176.27
img_2480.npy,2.32,198.61
img_2481.npy,2.44,187.68
img_2482.npy,2.28,149.40
img_2483.npy,2.54,133.03
img_2484.npy,2.29,188.80
img_2485.npy,2.46,134.01
img_2486.npy,2.70,169.06
img_2487.npy,2.45,196.73
img_2488.npy,2.19,195.99
img_2489.npy,2.49,195.67
img_249.npy,2.47,172.04
img_2490.npy,2.23,196.07
img_2491.npy,2.48,132.39
img_2492.npy,2.38,131.73
img_2493.npy,2.35,131.23
img_2494.npy,2.32,134.28
img_2495.npy,2.49,130.99
img_2496.npy,2.31,132.97
img_2497.npy,2.65,139.09
img_2498.npy,2.30,191.78
img_2499.npy,2.39,162.18
img_25.npy,2.30,129.92
img_250.npy,2.60,135.81
img_2500.npy,2.29,131.62
img_2501.npy,2.69,141.14
img_2502.npy,2.85,141.23
img_2503.npy,2.40,132.04
img_2504.npy,2.49,133.82
img_2505.npy,2.69,144.48
img_2506.npy,2.46,197.78
img_2507.npy,2.33,186.96
img_2508.npy,2.07,129.69
img_2509.npy,2.42,132.69
img_251.npy,2.53,141.13
img_2510.npy,2.33,195.91
img_2511.npy,2.40,198.51
img_2512.npy,2.37,198.68
img_2513.npy,2.37,184.83
img_2514.npy,2.50,198.08
img_2515.npy,2.31,199.63
img_2516.npy,2.46,199.15
img_2517.npy,2.41,198.84
img_2518.npy,2.52,199.18
img_2519.npy,2.08,199.29
img_252.npy,2.71,198.25
img_2520.npy,2.35,198.54
img_2521.npy,2.23,197.21
img_2522.npy,2.59,133.69
img_2523.npy,2.50,180.14
img_2524.npy,2.13,179.41
img_2525.npy,2.68,134.69
img_2526.npy,2.38,189.82
img_2527.npy,2.45,136.58
img_2528.npy,2.29,187.75
img_2529.npy,2.55,135.30
img_253.npy,2.36,188.43
img_2530.npy,2.37,191.21
img_2531.npy,2.29,132.18
img_2532.npy,2.32,132.32
img_2533.npy,2.71,130.20
img_2534.npy,2.27,196.87
img_2535.npy,2.60,133.58
img_2536.npy,2.52,141.75
img_2537.npy,2.67,183.56
img_2538.npy,2.40,163.45
img_2539.npy,2.45,150.51
img_254.npy,2.33,134.02
img_2540.npy,2.41,157.36
img_2541.npy,2.54,133.50
img_2542.npy,2.40,199.29
img_2543.npy,2.58,199.82
img_2544.npy,2.24,193.77
img_2545.npy,2.52,136.14
img_2546.npy,2.52,188.74
img_2547.npy,2.41,140.95
img_2548.npy,2.25,132.60
img_2549.npy,2.79,134.59
img_255.npy,2.39,194.98
img_2550.npy,2.28,190.11
img_2551.npy,2.55,171.79
img_2552.npy,2.54,134.09
img_2553.npy,2.34,193.79
img_2554.npy,3.07,148.03
img_2555.npy,2.47,197.02
img_2556.npy,2.47,172.06
img_2557.npy,2.56,132.64
img_2558.npy,2.40,137.95
img_2559.npy,2.61,144.48
img_256.npy,2.28,189.67
img_2560.npy,2.49,194.71
img_2561.npy,2.35,180.32
img_2562.npy,2.49,132.82
img_2563.npy,2.33,139.21
img_2564.npy,2.39,181.37
img_2565.npy,2.60,134.75
img_2566.npy,2.77,152.93
img_2567.npy,2.68,183.17
img_2568.npy,2.28,194.63
img_2569.npy,2.48,134.21
img_257.npy,2.72,145.21
img_2570.npy,2.61,173.60
img_2571.npy,2.58,181.88
img_2572.npy,2.52,151.96
img_2573.npy,2.33,137.10
img_2574.npy,2.34,145.05
img_2575.npy,2.41,157.30
img_2576.npy,2.43,131.22
img_2577.npy,2.62,132.73
img_2578.npy,2.63,139.89
img_2579.npy,2.31,194.66
img_258.npy,2.45,137.51
img_2580.npy,2.41,133.79
img_2581.npy,2.77,148.92
img_2582.npy,2.48,196.20
img_2583.npy,2.38,197.79
img_2584.npy,2.14,199.12
img_2585.npy,2.44,197.36
img_2586.npy,2.46,199.03
img_2587.npy,2.24,199.74
img_2588.npy,2.42,129.57
img_2589.npy,2.43,132.57
img_259.npy,2.80,131.68
img_2590.npy,2.62,166.23
img_2591.npy,2.36,199.78
img_2592.npy,2.44,193.63
img_2593.npy,2.17,131.39
img_2594.npy,2.33,130.36
img_2595.npy,2.85,132.84
img_2596.npy,2.21,192.58
img_2597.npy,2.36,131.20
img_2598.npy,2.62,131.11
img_2599.npy,2.35,134.03
img_26.npy,2.46,134.46
img_260.npy,2.43,132.20
img_2600.npy,2.47,134.35
img_2601.npy,2.51,132.45
img_2602.npy,2.76,137.38
img_2603.npy,2.55,198.80
img_2604.npy,2.58,199.91
img_2605.npy,2.33,190.30
img_2606.npy,2.29,186.60
img_2607.npy,2.43,190.62
img_2608.npy,2.69,181.09
img_2609.npy,2.85,198.54
img_261.npy,2.63,171.64
img_2610.npy,2.52,197.98
img_2611.npy,2.33,198.61
img_2612.npy,2.47,133.57
img_2613.npy,2.75,139.64
img_2614.npy,2.40,198.76
img_2615.npy,2.51,196.77
img_2616.npy,2.46,189.16
img_2617.npy,2.21,192.29
img_2618.npy,2.71,133.86
img_2619.npy,2.30,192.43
img_262.npy,2.43,135.77
img_2620.npy,2.35,130.89
img_2621.npy,2.45,130.70
img_2622.npy,2.70,134.41
img_2623.npy,2.31,200.16
img_2624.npy,2.35,188.72
img_2625.npy,2.40,133.39
img_2626.npy,2.42,132.41
img_2627.npy,2.29,129.29
img_2628.npy,2.84,130.60
img_2629.npy,2.73,166.32
img_263.npy,2.35,193.52
img_2630.npy,2.48,183.84
img_2631.npy,2.50,132.67
img_2632.npy,2.49,133.59
img_2633.npy,2.61,198.78
img_2634.npy,2.56,200.14
img_2635.npy,2.31,198.16
img_2636.npy,2.23,199.31
img_2637.npy,2.20,166.98
img_2638.npy,2.50,131.50
img_2639.npy,2.42,169.61
img_264.npy,2.45,169.43
img_2640.npy,2.55,185.23
img_2641.npy,2.44,200.29
img_2642.npy,2.45,197.29
img_2643.npy,2.52,198.80
img_2644.npy,2.47,199.30
img_2645.npy,2.37,198.06
img_2646.npy,2.29,198.33
img_2647.npy,2.46,189.87
img_2648.npy,2.46,132.90
img_2649.npy,2.30,131.95
img_265.npy,2.39,169.27
img_2650.npy,2.36,143.60
img_2651.npy,2.49,177.51
img_2652.npy,2.69,178.09
img_2653.npy,2.17,183.62
img_2654.npy,2.64,136.20
img_2655.npy,2.55,178.78
img_2656.npy,2.45,198.74
img_2657.npy,2.56,198.84
img_2658.npy,2.53,200.39
img_2659.npy,2.40,197.86
img_266.npy,2.40,191.99
img_2660.npy,2.32,181.38
img_2661.npy,2.26,183.00
img_2662.npy,2.43,195.38
img_2663.npy,2.47,196.39
img_2664.npy,2.62,190.31
img_2665.npy,2.55,196.84
img_2666.npy,2.24,193.88
img_2667.npy,2.71,130.85
img_2668.npy,2.34,132.35
img_2669.npy,2.52,167.80
img_267.npy,2.37,132.30
img_2670.npy,2.59,134.56
img_2671.npy,2.30,197.46
img_2672.npy,2.43,197.41
img_2673.npy,2.32,197.65
img_2674.npy,2.32,184.42
img_2675.npy,2.60,146.14
img_2676.npy,2.65,150.80
img_2677.npy,2.58,128.55
img_2678.npy,2.71,156.08
img_2679.npy,2.41,195.34
img_268.npy,2.40,198.60
img_2680.npy,2.57,129.81
img_2681.npy,2.45,134.63
img_2682.npy,2.46,132.43
img_2683.npy,2.59,132.50
img_2684.npy,2.64,145.59
img_2685.npy,2.79,192.22
img_2686.npy,2.76,170.42
img_2687.npy,2.27,134.14
img_2688.npy,2.50,132.57
img_2689.npy,2.25,133.82
img_269.npy,2.29,133.58
img_2690.npy,2.55,184.06
img_2691.npy,2.39,181.98
img_2692.npy,2.53,148.21
img_2693.npy,2.48,197.89
img_2694.npy,2.62,196.02
img_2695.npy,2.45,130.02
img_2696.npy,2.45,135.07
img_2697.npy,2.44,132.43
img_2698.npy,2.59,143.81
img_2699.npy,2.39,199.24
img_27.npy,2.51,198.71
img_270.npy,2.58,199.64
img_2700.npy,2.45,195.50
img_2701.npy,2.66,139.78
img_2702.npy,2.51,200.38
img_2703.npy,2.64,191.21
img_2704.npy,2.48,137.91
img_2705.npy,2.84,139.03
img_2706.npy,2.20,198.16
img_2707.npy,2.41,138.21
img_2708.npy,2.62,130.12
img_2709.npy,2.33,186.80
img_271.npy,2.68,139.25
img_2710.npy,2.55,189.70
img_2711.npy,2.42,140.30
img_2712.npy,2.40,133.82
img_2713.npy,2.66,134.16
img_2714.npy,2.61,193.69
img_2715.npy,2.61,144.48
img_2716.npy,2.50,134.12
img_2717.npy,2.35,140.20
img_2718.npy,2.43,137.61
img_2719.npy,2.54,164.40
img_272.npy,2.25,130.23
img_2720.npy,2.73,155.23
img_2721.npy,2.93,198.37
img_2722.npy,2.56,198.77
img_2723.npy,2.44,196.20
img_2724.npy,2.49,200.80
img_2725.npy,2.34,200.09
img_2726.npy,2.51,199.18
img_2727.npy,2.36,191.55
img_2728.npy,2.58,147.40
img_2729.npy,2.65,191.59
img_273.npy,2.39,188.52
img_2730.npy,2.50,135.43
img_2731.npy,2.31,190.54
img_2732.npy,2.49,133.83
img_2733.npy,2.87,134.36
img_2734.npy,2.46,197.46
img_2735.npy,2.40,173.01
img_2736.npy,2.53,195.61
img_2737.npy,2.78,137.97
img_2738.npy,2.48,190.96
img_2739.npy,2.41,194.54
img_274.npy,2.88,188.56
img_2740.npy,2.53,200.40
img_2741.npy,2.32,132.31
img_2742.npy,2.40,134.35
img_2743.npy,2.51,130.51
img_2744.npy,2.70,134.13
img_2745.npy,2.55,133.03
img_2746.npy,2.31,140.64
img_2747.npy,2.88,155.67
img_2748.npy,2.37,197.12
img_2749.npy,2.35,192.02
img_275.npy,2.42,173.34
img_2750.npy,2.41,130.93
img_2751.npy,2.48,139.45
img_2752.npy,2.67,134.61
img_2753.npy,2.34,199.16
img_2754.npy,2.44,197.84
img_2755.npy,2.47,199.10
img_2756.npy,2.52,137.87
img_2757.npy,2.80,154.65
img_2758.npy,2.19,191.31
img_2759.npy,2.81,172.09
img_276.npy,2.38,199.77
img_2760.npy,2.25,189.29
img_2761.npy,2.73,139.83
img_2762.npy,2.19,184.02
img_2763.npy,2.62,137.29
img_2764.npy,2.57,197.23
img_2765.npy,2.39,200.82
img_2766.npy,2.35,197.19
img_2767.npy,2.56,133.43
img_2768.npy,2.28,197.63
img_2769.npy,2.37,132.97
img_277.npy,2.43,129.94
img_2770.npy,2.51,144.33
img_2771.npy,2.56,191.83
img_2772.npy,2.31,189.77
img_2773.npy,2.36,187.70
img_2774.npy,2.59,187.80
img_2775.npy,2.99,133.46
img_2776.npy,3.06,133.06
img_2777.npy,3.12,148.72
img_2778.npy,2.71,135.54
img_2779.npy,2.95,128.29
img_278.npy,2.64,133.30
img_2780.npy,2.31,129.00
img_2781.npy,2.41,130.68
img_2782.npy,2.46,176.61
img_2783.npy,2.63,135.85
img_2784.npy,2.20,192.62
img_2785.npy,2.36,179.24
img_2786.npy,2.32,190.40
img_2787.npy,2.31,131.37
img_2788.npy,2.47,129.79
img_2789.npy,2.44,136.85
img_279.npy,2.42,135.67
img_2790.npy,2.40,134.24
img_2791.npy,2.61,175.69
img_2792.npy,2.51,175.77
img_2793.npy,2.43,188.55
img_2794.npy,2.81,130.22
img_2795.npy,2.71,136.08
img_2796.npy,2.34,200.81
img_2797.npy,2.39,199.52
img_2798.npy,2.49,198.93
img_2799.npy,2.23,176.59
img_28.npy,2.31,131.00
img_280.npy,2.83,136.74
img_2800.npy,2.48,198.38
img_2801.npy,2.59,179.77
img_2802.npy,2.34,195.79
img_2803.npy,2.25,200.27
img_2804.npy,2.52,191.31
img_2805.npy,2.47,180.80
img_2806.npy,2.35,136.12
img_2807.npy,2.30,133.40
img_2808.npy,2.70,147.26
img_2809.npy,2.39,196.06
img_281.npy,2.46,193.61
img_2810.npy,2.28,172.97
img_2811.npy,2.53,198.16
img_2812.npy,2.72,182.25
img_2813.npy,2.31,131.37
img_2814.npy,2.17,133.52
img_2815.npy,2.20,132.26
img_2816.npy,2.32,130.98
img_2817.npy,2.31,137.16
img_2818.npy,2.23,158.52
img_2819.npy,2.26,135.36
img_282.npy,2.24,135.50
img_2820.npy,2.29,135.16
img_2821.npy,2.05,168.69
img_2822.npy,2.09,133.29
img_2823.npy,2.43,133.66
img_2824.npy,2.27,194.37
img_2825.npy,2.31,194.31
img_2826.npy,2.19,194.80
img_2827.npy,2.15,199.13
img_2828.npy,2.66,198.06
img_2829.npy,2.29,171.67
img_283.npy,2.31,199.40
img_2830.npy,2.18,198.26
img_2831.npy,2.64,197.62
img_2832.npy,2.22,191.21
img_2833.npy,2.12,196.77
img_2834.npy,2.19,192.68
img_2835.npy,2.31,137.55
img_2836.npy,2.36,133.64
img_2837.npy,2.22,191.71
img_2838.npy,2.18,194.43
img_2839.npy,2.29,184.32
img_284.npy,2.21,194.62
img_2840.npy,2.26,188.41
img_2841.npy,2.25,189.07
img_2842.npy,2.24,196.12
img_2843.npy,2.33,193.90
img_2844.npy,2.19,190.32
img_2845.npy,2.06,180.04
img_2846.npy,2.17,132.92
img_2847.npy,2.11,132.01
img_2848.npy,2.28,137.55
img_2849.npy,2.48,142.29
img_285.npy,2.19,163.35
img_2850.npy,2.32,159.37
img_2851.npy,2.61,197.33
img_2852.npy,2.10,175.14
img_2853.npy,2.33,138.12
img_2854.npy,2.07,134.79
img_2855.npy,2.06,133.94
img_2856.npy,2.40,131.51
img_2857.npy,2.10,195.38
img_2858.npy,1.94,196.79
img_2859.npy,2.15,178.83
img_286.npy,2.10,196.76
img_2860.npy,1.91,132.71
img_2861.npy,2.06,135.25
img_2862.npy,2.12,140.20
img_2863.npy,2.12,137.29
img_2864.npy,2.55,136.18
img_2865.npy,1.93,183.80
img_2866.npy,2.18,138.67
img_2867.npy,2.23,132.99
img_2868.npy,2.09,132.33
img_2869.npy,2.35,138.02
img_287.npy,2.17,195.76
img_2870.npy,2.18,190.68
img_2871.npy,2.15,192.16
img_2872.npy,2.24,183.40
img_2873.npy,2.03,131.89
img_2874.npy,2.19,136.89
img_2875.npy,2.20,140.09
img_2876.npy,2.42,141.52
img_2877.npy,2.22,197.04
img_2878.npy,2.06,194.68
img_2879.npy,2.07,198.17
img_288.npy,2.14,196.01
img_2880.npy,2.08,193.09
img_2881.npy,2.07,185.58
img_2882.npy,2.12,134.84
img_2883.npy,2.03,135.60
img_2884.npy,2.02,134.46
img_2885.npy,2.07,136.23
img_2886.npy,2.10,141.86
img_2887.npy,2.11,142.28
img_2888.npy,1.96,161.50
img_2889.npy,2.08,136.03
img_289.npy,2.34,134.61
img_2890.npy,2.17,199.69
img_2891.npy,2.25,193.76
img_2892.npy,2.04,196.75
img_2893.npy,2.40,133.41
img_2894.npy,1.91,133.06
img_2895.npy,2.12,132.32
img_2896.npy,2.30,136.45
img_2897.npy,2.09,192.38
img_2898.npy,2.01,189.04
img_2899.npy,2.09,131.82
img_29.npy,2.22,142.53
img_290.npy,2.12,161.02
img_2900.npy,2.12,137.93
img_2901.npy,2.14,145.71
img_2902.npy,2.40,136.88
img_2903.npy,1.90,197.55
img_2904.npy,2.11,199.56
img_2905.npy,2.04,198.95
img_2906.npy,1.96,198.47
img_2907.npy,2.11,180.72
img_2908.npy,2.10,139.21
img_2909.npy,2.02,134.98
img_291.npy,2.22,135.44
img_2910.npy,2.09,133.75
img_2911.npy,2.01,132.90
img_2912.npy,2.18,137.07
img_2913.npy,2.54,134.56
img_2914.npy,1.98,134.43
img_2915.npy,2.29,136.52
img_2916.npy,1.98,190.06
img_2917.npy,2.10,143.27
img_2918.npy,2.11,188.08
img_2919.npy,2.10,132.39
img_292.npy,2.22,178.95
img_2920.npy,1.96,196.97
img_2921.npy,2.09,197.48
img_2922.npy,2.33,178.03
img_2923.npy,2.13,201.35
img_2924.npy,1.91,171.24
img_2925.npy,2.00,157.47
img_2926.npy,2.03,135.12
img_2927.npy,1.87,135.00
img_2928.npy,1.99,129.70
img_2929.npy,2.18,132.02
img_293.npy,2.07,132.28
img_2930.npy,1.99,136.43
img_2931.npy,2.21,135.52
img_2932.npy,2.16,137.92
img_2933.npy,2.18,140.31
img_2934.npy,2.39,131.12
img_2935.npy,2.06,133.92
img_2936.npy,2.15,136.93
img_2937.npy,2.02,131.99
img_2938.npy,2.00,147.26
img_2939.npy,2.23,132.93
img_294.npy,2.14,132.32
img_2940.npy,2.11,133.23
img_2941.npy,2.17,195.69
img_2942.npy,2.20,190.32
img_2943.npy,2.16,185.22
img_2944.npy,2.06,189.90
img_2945.npy,2.25,197.31
img_2946.npy,2.00,195.44
img_2947.npy,2.07,195.14
img_2948.npy,2.05,198.13
img_2949.npy,2.11,188.16
img_295.npy,2.01,197.73
img_2950.npy,1.83,199.56
img_2951.npy,2.18,183.80
img_2952.npy,2.11,202.00
img_2953.npy,1.95,198.15
img_2954.npy,2.09,198.27
img_2955.npy,2.61,187.41
img_2956.npy,2.13,179.93
img_2957.npy,2.05,194.54
img_2958.npy,2.29,193.00
img_2959.npy,2.06,193.51
img_296.npy,2.11,192.60
img_2960.npy,2.24,194.87
img_2961.npy,2.03,196.90
img_2962.npy,2.01,181.80
img_2963.npy,2.23,147.39
img_2964.npy,2.27,141.74
img_2965.npy,2.33,182.43
img_2966.npy,2.10,196.55
img_2967.npy,2.15,192.72
img_2968.npy,2.13,193.59
img_2969.npy,2.09,193.75
img_297.npy,1.93,191.62
img_2970.npy,2.23,136.75
img_2971.npy,2.16,136.97
img_2972.npy,2.20,138.65
img_2973.npy,2.20,137.54
img_2974.npy,2.23,141.82
img_2975.npy,2.46,179.61
img_2976.npy,2.61,173.37
img_2977.npy,2.06,201.64
img_2978.npy,2.34,190.75
img_2979.npy,2.02,195.62
img_298.npy,2.19,137.39
img_2980.npy,2.24,133.50
img_2981.npy,1.95,178.66
img_2982.npy,2.02,140.52
img_2983.npy,2.19,134.85
img_2984.npy,2.07,137.83
img_2985.npy,2.29,135.46
img_2986.npy,2.24,199.24
img_2987.npy,2.02,198.93
img_2988.npy,1.98,198.63
img_2989.npy,2.10,195.93
img_299.npy,1.95,198.52
img_2990.npy,2.13,194.66
img_2991.npy,2.21,194.27
img_2992.npy,2.09,200.50
img_2993.npy,2.11,190.87
img_2994.npy,2.20,191.68
img_2995.npy,2.00,195.81
img_2996.npy,2.50,199.81
img_2997.npy,2.20,187.49
img_2998.npy,2.14,190.26
img_2999.npy,2.06,191.09
img_3.npy,2.18,132.80
img_30.npy,2.20,185.71
img_300.npy,2.04,192.35
img_3000.npy,2.15,135.62
img_3001.npy,2.13,139.14
img_3002.npy,2.01,134.02
img_3003.npy,2.18,137.30
img_3004.npy,2.10,193.16
img_3005.npy,2.04,191.64
img_3006.npy,2.34,141.89
img_3007.npy,2.09,198.72
img_3008.npy,2.01,193.28
img_3009.npy,2.07,134.51
img_301.npy,2.19,138.59
img_3010.npy,2.16,133.43
img_3011.npy,2.15,193.04
img_3012.npy,2.22,190.88
img_3013.npy,1.98,195.30
img_3014.npy,2.23,195.70
img_3015.npy,2.55,188.91
img_3016.npy,2.08,186.66
img_3017.npy,2.21,193.74
img_3018.npy,2.16,191.29
img_3019.npy,2.08,191.95
img_302.npy,2.24,193.29
img_3020.npy,2.19,194.77
img_3021.npy,2.05,198.18
img_3022.npy,2.00,198.94
img_3023.npy,2.10,131.75
img_3024.npy,1.98,133.09
img_3025.npy,2.12,137.16
img_3026.npy,2.26,155.70
img_3027.npy,2.09,191.89
img_3028.npy,2.05,196.56
img_3029.npy,1.98,133.86
img_303.npy,2.08,130.80
img_3030.npy,2.26,135.41
img_3031.npy,2.12,137.29
img_3032.npy,2.21,135.73
img_3033.npy,2.19,138.34
img_3034.npy,2.06,131.99
img_3035.npy,2.50,133.44
img_3036.npy,2.36,192.24
img_3037.npy,1.87,181.85
img_3038.npy,2.03,140.61
img_3039.npy,2.27,137.39
img_304.npy,1.96,196.50
img_3040.npy,2.32,138.14
img_3041.npy,2.19,199.38
img_3042.npy,2.01,189.75
img_3043.npy,2.22,199.18
img_3044.npy,2.01,198.76
img_3045.npy,1.96,198.68
img_3046.npy,2.17,192.59
img_3047.npy,1.91,191.66
img_3048.npy,1.96,137.70
img_3049.npy,2.20,141.48
img_305.npy,2.10,134.88
img_3050.npy,2.02,140.45
img_3051.npy,2.25,155.24
img_3052.npy,2.14,157.79
img_3053.npy,2.02,134.55
img_3054.npy,2.16,152.97
img_3055.npy,2.09,175.56
img_3056.npy,2.51,146.09
img_3057.npy,2.35,134.81
img_3058.npy,1.86,199.55
img_3059.npy,1.93,197.87
img_306.npy,1.97,198.61
img_3060.npy,2.23,134.27
img_3061.npy,2.13,199.51
img_3062.npy,2.17,198.04
img_3063.npy,2.02,195.56
img_3064.npy,2.22,131.59
img_3065.npy,2.09,200.17
img_3066.npy,2.03,177.26
img_3067.npy,2.29,136.79
img_3068.npy,2.24,185.20
img_3069.npy,1.84,197.50
img_307.npy,1.88,192.17
img_3070.npy,2.10,139.44
img_3071.npy,2.16,131.84
img_3072.npy,2.19,134.95
img_3073.npy,2.04,134.27
img_3074.npy,2.07,132.64
img_3075.npy,1.99,134.51
img_3076.npy,2.05,133.44
img_3077.npy,2.33,135.07
img_3078.npy,2.24,134.60
img_3079.npy,2.01,194.76
img_308.npy,2.02,135.72
img_3080.npy,2.19,138.79
img_3081.npy,2.21,142.34
img_3082.npy,2.15,136.48
img_3083.npy,2.23,139.54
img_3084.npy,2.02,134.43
img_3085.npy,2.06,136.43
img_3086.npy,2.15,135.20
img_3087.npy,2.14,134.42
img_3088.npy,2.25,136.19
img_3089.npy,2.01,198.33
img_309.npy,2.03,135.05
img_3090.npy,2.05,133.76
img_3091.npy,2.17,134.21
img_3092.npy,2.11,135.28
img_3093.npy,2.25,137.47
img_3094.npy,2.10,194.56
img_3095.npy,1.97,197.58
img_3096.npy,2.10,164.52
img_3097.npy,2.01,176.17
img_3098.npy,2.51,192.74
img_3099.npy,2.09,199.63
img_31.npy,2.08,200.57
img_310.npy,2.01,196.12
img_3100.npy,1.92,199.57
img_3101.npy,2.11,135.08
img_3102.npy,2.15,140.07
img_3103.npy,2.11,196.04
img_3104.npy,2.17,195.53
img_3105.npy,2.04,198.63
img_3106.npy,2.20,200.30
img_3107.npy,2.19,194.16
img_3108.npy,2.16,191.92
img_3109.npy,2.05,196.32
img_311.npy,2.11,201.18
img_3110.npy,1.93,196.64
img_3111.npy,2.21,137.64
img_3112.npy,2.12,193.77
img_3113.npy,2.05,194.20
img_3114.npy,2.05,199.37
img_3115.npy,2.06,198.86
img_3116.npy,2.01,198.54
img_3117.npy,2.27,192.41
img_3118.npy,2.11,187.72
img_3119.npy,2.07,190.13
img_312.npy,2.07,188.90
img_3120.npy,2.18,197.24
img_3121.npy,2.04,197.18
img_3122.npy,1.97,199.90
img_3123.npy,2.07,198.94
img_3124.npy,2.02,201.68
img_3125.npy,1.92,181.13
img_3126.npy,2.08,135.34
img_3127.npy,2.15,139.28
img_3128.npy,2.00,131.68
img_3129.npy,2.14,143.91
img_313.npy,2.13,140.12
img_3130.npy,2.12,155.95
img_3131.npy,2.02,132.96
img_3132.npy,2.11,133.83
img_3133.npy,2.13,198.27
img_3134.npy,2.14,191.29
img_3135.npy,2.07,201.30
img_3136.npy,2.08,194.13
img_3137.npy,2.10,196.00
img_3138.npy,2.05,199.85
img_3139.npy,2.29,201.15
img_314.npy,1.89,201.15
img_3140.npy,2.20,135.10
img_3141.npy,2.14,193.71
img_3142.npy,1.88,192.51
img_3143.npy,1.91,133.45
img_3144.npy,1.97,136.05
img_3145.npy,2.21,138.44
img_3146.npy,2.00,191.52
img_3147.npy,1.99,135.66
img_3148.npy,2.07,139.33
img_3149.npy,2.12,144.24
img_315.npy,2.09,133.36
img_3150.npy,2.07,133.66
img_3151.npy,2.09,136.41
img_3152.npy,2.06,138.49
img_3153.npy,2.18,135.02
img_3154.npy,2.08,189.40
img_3155.npy,2.05,199.99
img_3156.npy,2.17,199.12
img_3157.npy,2.08,195.72
img_3158.npy,2.05,198.50
img_3159.npy,2.07,191.37
img_316.npy,2.41,188.48
img_3160.npy,2.30,192.84
img_3161.npy,2.18,194.57
img_3162.npy,2.08,182.59
img_3163.npy,2.04,194.59
img_3164.npy,2.18,193.58
img_3165.npy,2.19,194.28
img_3166.npy,2.17,191.32
img_3167.npy,2.07,196.15
img_3168.npy,2.17,182.63
img_3169.npy,2.09,197.35
img_317.npy,2.04,199.70
img_3170.npy,2.11,132.04
img_3171.npy,2.09,137.98
img_3172.npy,2.08,133.91
img_3173.npy,2.00,135.63
img_3174.npy,2.05,133.80
img_3175.npy,2.11,134.30
img_3176.npy,2.07,141.85
img_3177.npy,2.28,138.06
img_3178.npy,1.96,196.99
img_3179.npy,2.05,153.14
img_318.npy,2.14,135.11
img_3180.npy,2.47,134.75
img_3181.npy,1.93,136.02
img_3182.npy,2.09,132.84
img_3183.npy,2.13,133.87
img_3184.npy,2.12,199.00
img_3185.npy,2.19,198.22
img_3186.npy,2.07,199.16
img_3187.npy,2.06,199.38
img_3188.npy,2.17,196.54
img_3189.npy,2.13,193.35
img_319.npy,1.97,196.06
img_3190.npy,2.17,189.56
img_3191.npy,1.76,191.13
img_3192.npy,2.04,193.27
img_3193.npy,1.99,197.30
img_3194.npy,2.01,200.84
img_3195.npy,2.08,202.04
img_3196.npy,2.05,190.82
img_3197.npy,2.13,196.74
img_3198.npy,2.07,201.42
img_3199.npy,2.09,199.79
img_32.npy,2.03,199.66
img_320.npy,2.00,201.56
img_3200.npy,2.52,190.62
img_3201.npy,2.10,193.66
img_3202.npy,2.11,188.31
img_3203.npy,1.98,199.72
img_3204.npy,2.07,194.45
img_3205.npy,2.04,196.27
img_3206.npy,2.01,190.97
img_3207.npy,1.96,199.20
img_3208.npy,1.97,195.68
img_3209.npy,2.20,135.39
img_321.npy,2.01,190.15
img_3210.npy,1.98,189.16
img_3211.npy,2.05,191.27
img_3212.npy,2.10,194.29
img_3213.npy,2.07,195.59
img_3214.npy,1.95,199.07
img_3215.npy,2.12,190.41
img_3216.npy,2.13,198.86
img_3217.npy,1.90,197.90
img_3218.npy,1.97,133.81
img_3219.npy,2.08,132.02
img_322.npy,2.09,134.89
img_3220.npy,2.17,139.04
img_3221.npy,2.41,131.52
img_3222.npy,2.09,131.52
img_3223.npy,1.88,132.34
img_3224.npy,2.05,133.75
img_3225.npy,2.10,135.12
img_3226.npy,2.12,135.25
img_3227.npy,2.13,137.18
img_3228.npy,2.02,133.37
img_3229.npy,2.06,134.40
img_323.npy,2.07,134.59
img_3230.npy,2.10,131.30
img_3231.npy,2.06,200.70
img_3232.npy,2.14,199.81
img_3233.npy,2.08,193.29
img_3234.npy,2.01,199.59
img_3235.npy,1.88,197.16
img_3236.npy,2.01,201.42
img_3237.npy,1.97,201.91
img_3238.npy,2.05,197.62
img_3239.npy,1.99,196.44
img_324.npy,2.07,200.46
img_3240.npy,1.91,198.25
img_3241.npy,2.01,133.09
img_3242.npy,2.08,132.10
img_3243.npy,2.47,137.71
img_3244.npy,1.94,147.06
img_3245.npy,2.13,134.04
img_3246.npy,2.14,134.56
img_3247.npy,2.02,198.76
img_3248.npy,1.90,195.70
img_3249.npy,1.96,171.69
img_325.npy,1.92,134.55
img_3250.npy,2.07,136.60
img_3251.npy,2.12,136.96
img_3252.npy,2.09,149.56
img_3253.npy,2.15,138.14
img_3254.npy,2.06,149.95
img_3255.npy,2.02,131.36
img_3256.npy,1.98,130.53
img_3257.npy,2.22,145.86
img_3258.npy,2.01,193.53
img_3259.npy,2.05,137.82
img_326.npy,2.11,134.79
img_3260.npy,2.02,133.94
img_3261.npy,2.02,130.48
img_3262.npy,2.25,137.28
img_3263.npy,2.01,139.71
img_3264.npy,2.50,130.54
img_3265.npy,2.00,132.58
img_3266.npy,1.83,133.21
img_3267.npy,2.04,133.45
img_3268.npy,1.92,134.69
img_3269.npy,2.13,134.96
img_327.npy,1.98,170.25
img_3270.npy,1.93,135.84
img_3271.npy,2.11,140.12
img_3272.npy,2.18,137.91
img_3273.npy,2.10,190.46
img_3274.npy,2.00,195.04
img_3275.npy,2.08,135.75
img_3276.npy,2.09,133.97
img_3277.npy,1.99,135.92
img_3278.npy,2.10,132.30
img_3279.npy,2.14,135.29
img_328.npy,2.09,198.02
img_3280.npy,2.10,198.11
img_3281.npy,2.05,195.24
img_3282.npy,2.09,190.10
img_3283.npy,2.09,187.40
img_3284.npy,2.08,190.20
img_3285.npy,2.53,184.74
img_3286.npy,2.28,179.99
img_3287.npy,2.09,193.31
img_3288.npy,2.04,193.75
img_3289.npy,1.99,189.15
img_329.npy,2.11,137.75
img_3290.npy,2.00,139.40
img_3291.npy,2.11,133.79
img_3292.npy,2.18,134.52
img_3293.npy,2.07,201.87
img_3294.npy,2.07,197.99
img_3295.npy,2.11,198.08
img_3296.npy,2.01,188.32
img_3297.npy,2.16,193.33
img_3298.npy,2.02,175.00
img_3299.npy,2.14,180.94
img_33.npy,2.03,199.77
img_330.npy,1.84,192.72
img_3300.npy,1.91,200.38
img_3301.npy,1.93,196.57
img_3302.npy,1.96,186.17
img_3303.npy,1.77,201.66
img_3304.npy,2.02,135.00
img_3305.npy,2.31,139.28
img_3306.npy,2.19,186.28
img_3307.npy,1.86,199.87
img_3308.npy,1.88,199.34
img_3309.npy,1.91,198.52
img_331.npy,1.91,198.05
img_3310.npy,1.83,194.42
img_3311.npy,1.92,134.25
img_3312.npy,1.95,139.34
img_3313.npy,1.89,143.68
img_3314.npy,1.83,138.21
img_3315.npy,1.90,134.42
img_3316.npy,1.87,133.22
img_3317.npy,1.90,135.14
img_3318.npy,1.95,141.31
img_3319.npy,1.91,135.31
img_332.npy,1.92,165.63
img_3320.npy,1.90,134.33
img_3321.npy,1.85,133.86
img_3322.npy,1.78,137.00
img_3323.npy,1.78,132.21
img_3324.npy,1.94,133.71
img_3325.npy,1.93,137.25
img_3326.npy,1.94,134.88
img_3327.npy,2.17,142.84
img_3328.npy,2.24,182.81
img_3329.npy,2.05,198.47
img_333.npy,2.04,132.54
img_3330.npy,1.74,198.97
img_3331.npy,1.97,134.04
img_3332.npy,1.82,133.56
img_3333.npy,1.92,134.39
img_3334.npy,1.95,135.88
img_3335.npy,1.97,137.59
img_3336.npy,1.87,135.40
img_3337.npy,1.91,133.75
img_3338.npy,1.92,137.82
img_3339.npy,1.87,133.61
img_334.npy,1.98,136.36
img_3340.npy,1.94,138.16
img_3341.npy,1.89,144.51
img_3342.npy,1.96,139.98
img_3343.npy,1.89,135.15
img_3344.npy,1.82,139.05
img_3345.npy,1.78,139.76
img_3346.npy,1.84,135.64
img_3347.npy,2.01,139.77
img_3348.npy,2.04,192.71
img_3349.npy,1.89,189.31
img_335.npy,1.81,131.11
img_3350.npy,2.36,132.45
img_3351.npy,2.03,156.27
img_3352.npy,1.74,198.73
img_3353.npy,1.94,141.24
img_3354.npy,1.93,132.89
img_3355.npy,2.00,133.75
img_3356.npy,1.96,139.76
img_3357.npy,2.01,142.46
img_3358.npy,1.97,136.10
img_3359.npy,1.92,143.35
img_336.npy,1.96,138.83
img_3360.npy,1.92,133.42
img_3361.npy,2.09,149.43
img_3362.npy,1.92,199.93
img_3363.npy,1.89,193.34
img_3364.npy,1.92,190.55
img_3365.npy,1.82,193.27
img_3366.npy,1.88,194.23
img_3367.npy,1.85,193.70
img_3368.npy,1.79,195.25
img_3369.npy,2.00,140.58
img_337.npy,2.13,137.86
img_3370.npy,1.92,198.96
img_3371.npy,1.98,196.48
img_3372.npy,1.76,199.93
img_3373.npy,2.26,133.48
img_3374.npy,1.80,133.32
img_3375.npy,1.91,133.91
img_3376.npy,1.96,134.88
img_3377.npy,1.87,133.96
img_3378.npy,1.87,133.10
img_3379.npy,1.95,133.89
img_338.npy,1.93,141.61
img_3380.npy,2.04,131.08
img_3381.npy,1.77,197.68
img_3382.npy,1.95,135.75
img_3383.npy,2.17,137.06
img_3384.npy,1.96,192.82
img_3385.npy,1.87,197.15
img_3386.npy,1.96,201.67
img_3387.npy,1.87,190.29
img_3388.npy,1.95,133.64
img_3389.npy,1.84,133.66
img_339.npy,1.75,132.11
img_3390.npy,2.01,133.76
img_3391.npy,1.91,200.13
img_3392.npy,1.84,198.62
img_3393.npy,1.87,199.84
img_3394.npy,2.00,177.26
img_3395.npy,1.86,192.73
img_3396.npy,2.23,132.29
img_3397.npy,1.96,136.62
img_3398.npy,1.99,140.80
img_3399.npy,1.87,140.55
img_34.npy,2.04,131.75
img_340.npy,1.96,198.04
img_3400.npy,1.81,194.05
img_3401.npy,1.97,138.98
img_3402.npy,1.92,177.93
img_3403.npy,1.85,135.82
img_3404.npy,2.04,158.60
img_3405.npy,1.91,196.05
img_3406.npy,1.73,200.47
img_3407.npy,1.85,200.73
img_3408.npy,1.92,198.07
img_3409.npy,1.96,193.50
img_341.npy,1.82,194.69
img_3410.npy,1.98,138.84
img_3411.npy,1.74,150.46
img_3412.npy,1.92,136.35
img_3413.npy,1.98,137.81
img_3414.npy,1.91,136.32
img_3415.npy,1.83,133.98
img_3416.npy,2.11,136.24
img_3417.npy,1.92,197.30
img_3418.npy,2.39,200.84
img_3419.npy,1.92,198.88
img_342.npy,1.84,193.99
img_3420.npy,1.84,197.01
img_3421.npy,1.77,196.76
img_3422.npy,1.77,198.95
img_3423.npy,1.99,148.04
img_3424.npy,1.91,136.54
img_3425.npy,1.95,134.86
img_3426.npy,1.94,140.95
img_3427.npy,1.96,131.60
img_3428.npy,1.90,132.42
img_3429.npy,1.86,157.70
img_343.npy,1.82,133.82
img_3430.npy,1.88,132.32
img_3431.npy,2.01,144.12
img_3432.npy,1.86,135.74
img_3433.npy,1.86,139.43
img_3434.npy,1.84,137.41
img_3435.npy,1.90,141.54
img_3436.npy,1.87,133.82
img_3437.npy,2.03,137.93
img_3438.npy,1.98,139.46
img_3439.npy,1.89,134.38
img_344.npy,1.90,138.35
img_3440.npy,1.92,135.25
img_3441.npy,1.91,133.56
img_3442.npy,1.88,137.31
img_3443.npy,1.82,134.98
img_3444.npy,1.82,140.13
img_3445.npy,1.93,141.40
img_3446.npy,2.51,132.47
img_3447.npy,2.13,156.52
img_3448.npy,1.98,140.05
img_3449.npy,1.85,147.04
img_345.npy,1.99,134.60
img_3450.npy,1.86,189.91
img_3451.npy,1.98,137.23
img_3452.npy,1.97,138.22
img_3453.npy,2.10,140.24
img_3454.npy,1.90,199.30
img_3455.npy,1.95,196.66
img_3456.npy,1.89,194.28
img_3457.npy,2.07,184.23
img_3458.npy,1.83,191.24
img_3459.npy,1.87,134.59
img_346.npy,1.96,134.13
img_3460.npy,1.96,137.58
img_3461.npy,2.00,139.53
img_3462.npy,1.94,134.86
img_3463.npy,1.96,138.13
img_3464.npy,1.90,136.07
img_3465.npy,1.92,135.82
img_3466.npy,2.01,136.12
img_3467.npy,1.90,131.57
img_3468.npy,1.99,136.22
img_3469.npy,1.94,141.11
img_347.npy,1.95,133.79
img_3470.npy,1.79,134.79
img_3471.npy,1.98,140.40
img_3472.npy,1.93,135.11
img_3473.npy,1.99,131.73
img_3474.npy,2.47,134.29
img_3475.npy,1.90,162.21
img_3476.npy,1.93,132.97
img_3477.npy,1.92,189.05
img_3478.npy,1.76,195.67
img_3479.npy,1.83,135.37
img_348.npy,1.81,136.34
img_3480.npy,1.83,134.93
img_3481.npy,1.95,136.64
img_3482.npy,1.92,138.07
img_3483.npy,1.83,133.45
img_3484.npy,1.89,142.71
img_3485.npy,1.97,137.26
img_3486.npy,2.05,135.12
img_3487.npy,1.75,196.32
img_3488.npy,1.82,134.02
img_3489.npy,1.82,135.67
img_349.npy,1.95,143.96
img_3490.npy,1.93,138.18
img_3491.npy,1.78,143.79
img_3492.npy,2.08,136.95
img_3493.npy,1.91,200.57
img_3494.npy,1.92,192.30
img_3495.npy,1.89,195.43
img_3496.npy,1.94,195.98
img_3497.npy,2.03,189.38
img_3498.npy,1.93,193.48
img_3499.npy,1.80,196.45
img_35.npy,1.81,200.50
img_350.npy,1.93,201.12
img_3500.npy,2.59,200.18
img_3501.npy,1.90,198.62
img_3502.npy,1.81,202.11
img_3503.npy,1.92,196.59
img_3504.npy,1.87,191.85
img_3505.npy,1.75,191.42
img_3506.npy,2.01,134.77
img_3507.npy,1.98,137.11
img_3508.npy,2.09,135.35
img_3509.npy,1.88,181.95
img_351.npy,1.95,136.15
img_3510.npy,1.97,136.70
img_3511.npy,1.93,135.00
img_3512.npy,2.01,134.15
img_3513.npy,1.97,133.86
img_3514.npy,1.88,153.35
img_3515.npy,1.86,135.89
img_3516.npy,1.88,134.79
img_3517.npy,1.94,133.04
img_3518.npy,1.94,135.88
img_3519.npy,1.78,134.82
img_352.npy,1.90,133.61
img_3520.npy,1.92,133.68
img_3521.npy,1.95,134.42
img_3522.npy,1.89,134.24
img_3523.npy,2.07,134.36
img_3524.npy,1.91,201.09
img_3525.npy,1.93,195.96
img_3526.npy,1.89,184.84
img_3527.npy,2.17,136.58
img_3528.npy,2.44,181.38
img_3529.npy,1.78,195.25
img_353.npy,1.89,198.98
img_3530.npy,1.89,199.37
img_3531.npy,1.91,201.27
img_3532.npy,2.02,186.29
img_3533.npy,1.89,195.45
img_3534.npy,1.91,198.00
img_3535.npy,1.91,198.67
img_3536.npy,1.91,196.23
img_3537.npy,2.01,139.10
img_3538.npy,1.96,195.70
img_3539.npy,1.89,192.27
img_354.npy,1.84,197.12
img_3540.npy,1.93,190.42
img_3541.npy,1.75,192.05
img_3542.npy,1.99,132.17
img_3543.npy,1.93,192.82
img_3544.npy,1.81,193.04
img_3545.npy,2.11,135.09
img_3546.npy,1.91,197.60
img_3547.npy,1.80,189.10
img_3548.npy,1.91,135.26
img_3549.npy,1.92,134.52
img_355.npy,1.87,134.93
img_3550.npy,1.95,137.58
img_3551.npy,1.89,135.39
img_3552.npy,1.96,133.77
img_3553.npy,2.09,135.17
img_3554.npy,2.55,176.05
img_3555.npy,1.73,199.14
img_3556.npy,1.83,197.45
img_3557.npy,1.81,199.26
img_3558.npy,1.84,199.72
img_3559.npy,1.89,198.95
img_356.npy,1.88,201.08
img_3560.npy,1.92,198.39
img_3561.npy,1.92,183.63
img_3562.npy,1.86,201.31
img_3563.npy,1.94,193.14
img_3564.npy,1.82,198.77
img_3565.npy,1.67,195.11
img_3566.npy,1.97,132.79
img_3567.npy,1.88,135.53
img_3568.npy,1.87,135.14
img_3569.npy,1.99,138.60
img_357.npy,1.93,135.33
img_3570.npy,1.89,140.52
img_3571.npy,2.02,131.81
img_3572.npy,1.78,132.86
img_3573.npy,1.82,133.24
img_3574.npy,1.78,133.89
img_3575.npy,1.80,132.94
img_3576.npy,1.87,144.97
img_3577.npy,2.04,139.30
img_3578.npy,1.94,195.11
img_3579.npy,1.94,195.41
img_358.npy,1.80,201.33
img_3580.npy,2.39,198.97
img_3581.npy,1.90,200.08
img_3582.npy,1.72,198.95
img_3583.npy,1.89,135.00
img_3584.npy,1.96,135.37
img_3585.npy,2.02,143.71
img_3586.npy,1.90,133.13
img_3587.npy,1.92,132.61
img_3588.npy,1.89,135.20
img_3589.npy,1.90,132.14
img_359.npy,2.03,133.70
img_3590.npy,1.89,137.39
img_3591.npy,1.94,134.89
img_3592.npy,1.96,137.93
img_3593.npy,1.99,136.96
img_3594.npy,1.72,139.36
img_3595.npy,1.86,134.62
img_3596.npy,1.95,133.58
img_3597.npy,2.11,140.68
img_3598.npy,2.03,191.08
img_3599.npy,1.82,194.08
img_36.npy,1.87,198.25
img_360.npy,1.78,198.74
img_3600.npy,1.93,133.29
img_3601.npy,1.89,131.07
img_3602.npy,1.91,135.03
img_3603.npy,1.83,133.73
img_3604.npy,1.86,132.89
img_3605.npy,2.39,132.62
img_3606.npy,2.02,163.68
img_3607.npy,2.00,136.82
img_3608.npy,1.70,133.02
img_3609.npy,1.83,135.92
img_361.npy,1.89,135.38
img_3610.npy,2.06,133.17
img_3611.npy,1.99,191.34
img_3612.npy,2.03,193.17
img_3613.npy,1.88,194.36
img_3614.npy,1.84,194.77
img_3615.npy,1.88,195.93
img_3616.npy,1.82,198.40
img_3617.npy,1.95,134.88
img_3618.npy,1.99,135.82
img_3619.npy,1.82,133.63
img_362.npy,1.94,135.02
img_3620.npy,1.89,134.31
img_3621.npy,1.94,140.85
img_3622.npy,1.94,144.68
img_3623.npy,1.88,133.55
img_3624.npy,1.95,134.61
img_3625.npy,1.95,136.82
img_3626.npy,1.94,133.98
img_3627.npy,1.84,133.73
img_3628.npy,1.93,131.44
img_3629.npy,2.03,143.99
img_363.npy,1.92,196.62
img_3630.npy,2.53,198.81
img_3631.npy,1.90,199.46
img_3632.npy,1.91,197.66
img_3633.npy,1.93,195.00
img_3634.npy,1.94,200.12
img_3635.npy,1.85,194.34
img_3636.npy,1.77,196.55
img_3637.npy,1.97,139.42
img_3638.npy,2.06,143.82
img_3639.npy,1.92,188.14
img_364.npy,1.98,195.22
img_3640.npy,1.76,197.52
img_3641.npy,1.86,142.30
img_3642.npy,1.95,134.47
img_3643.npy,1.74,134.91
img_3644.npy,1.98,138.82
img_3645.npy,1.87,135.18
img_3646.npy,1.91,139.13
img_3647.npy,1.91,139.55
img_3648.npy,1.93,135.52
img_3649.npy,1.94,133.85
img_365.npy,1.82,131.41
img_3650.npy,1.94,136.28
img_3651.npy,1.96,134.79
img_3652.npy,1.96,134.42
img_3653.npy,1.94,136.19
img_3654.npy,1.84,135.36
img_3655.npy,1.81,137.20
img_3656.npy,2.34,192.01
img_3657.npy,2.09,186.14
img_3658.npy,1.61,199.64
img_3659.npy,1.70,157.10
img_366.npy,1.69,134.19
img_3660.npy,1.68,132.55
img_3661.npy,1.72,132.92
img_3662.npy,1.86,131.82
img_3663.npy,1.70,131.55
img_3664.npy,1.81,136.11
img_3665.npy,1.76,132.30
img_3666.npy,1.71,135.20
img_3667.npy,1.66,134.75
img_3668.npy,1.89,135.33
img_3669.npy,1.81,178.64
img_367.npy,1.87,178.51
img_3670.npy,1.76,200.26
img_3671.npy,1.80,198.66
img_3672.npy,1.77,196.52
img_3673.npy,1.78,196.48
img_3674.npy,1.83,201.57
img_3675.npy,1.91,194.78
img_3676.npy,1.79,192.90
img_3677.npy,1.70,193.84
img_3678.npy,1.82,134.12
img_3679.npy,2.26,135.70
img_368.npy,2.32,174.90
img_3680.npy,1.78,197.10
img_3681.npy,1.85,198.52
img_3682.npy,1.95,199.57
img_3683.npy,1.89,197.84
img_3684.npy,1.87,198.84
img_3685.npy,1.96,197.20
img_3686.npy,1.84,201.45
img_3687.npy,1.81,197.81
img_3688.npy,1.96,137.80
img_3689.npy,1.95,136.67
img_369.npy,1.84,161.58
img_3690.npy,1.80,168.84
img_3691.npy,1.89,135.62
img_3692.npy,1.93,135.95
img_3693.npy,1.87,131.71
img_3694.npy,1.94,138.44
img_3695.npy,1.98,135.96
img_3696.npy,1.91,140.71
img_3697.npy,1.86,135.49
img_3698.npy,1.88,135.57
img_3699.npy,1.86,132.95
img_37.npy,1.92,130.70
img_370.npy,1.92,134.61
img_3700.npy,2.05,141.25
img_3701.npy,2.05,192.20
img_3702.npy,1.91,190.87
img_3703.npy,1.84,200.46
img_3704.npy,1.78,198.20
img_3705.npy,2.11,132.66
img_3706.npy,2.09,196.91
img_3707.npy,2.56,196.58
img_3708.npy,1.88,200.46
img_3709.npy,1.68,192.80
img_371.npy,2.07,135.30
img_3710.npy,1.77,195.79
img_3711.npy,1.85,134.18
img_3712.npy,1.89,136.00
img_3713.npy,1.88,133.63
img_3714.npy,1.92,136.34
img_3715.npy,1.93,135.57
img_3716.npy,1.93,134.20
img_3717.npy,2.01,134.26
img_3718.npy,1.93,191.06
img_3719.npy,1.94,197.64
img_372.npy,1.77,199.57
img_3720.npy,2.01,146.43
img_3721.npy,2.12,139.11
img_3722.npy,1.94,195.94
img_3723.npy,1.92,195.40
img_3724.npy,1.94,135.50
img_3725.npy,1.92,130.78
img_3726.npy,1.98,139.28
img_3727.npy,1.98,136.31
img_3728.npy,1.86,134.51
img_3729.npy,1.84,135.41
img_373.npy,1.90,133.05
img_3730.npy,2.01,154.07
img_3731.npy,2.01,135.15
img_3732.npy,1.97,135.04
img_3733.npy,1.97,137.80
img_3734.npy,1.95,140.05
img_3735.npy,1.98,134.87
img_3736.npy,1.93,135.69
img_3737.npy,1.95,135.36
img_3738.npy,2.09,131.37
img_3739.npy,1.78,198.48
img_374.npy,1.88,133.47
img_3740.npy,2.14,135.98
img_3741.npy,1.89,197.88
img_3742.npy,2.06,191.30
img_3743.npy,1.99,197.18
img_3744.npy,1.76,197.88
img_3745.npy,1.82,197.90
img_3746.npy,1.96,133.79
img_3747.npy,1.88,133.71
img_3748.npy,1.96,190.79
img_3749.npy,1.92,199.20
img_375.npy,1.92,193.38
img_3750.npy,1.94,200.63
img_3751.npy,1.77,195.18
img_3752.npy,1.87,195.91
img_3753.npy,1.82,199.71
img_3754.npy,1.84,196.57
img_3755.npy,1.79,133.66
img_3756.npy,2.42,131.31
img_3757.npy,1.84,133.62
img_3758.npy,1.77,136.14
img_3759.npy,1.81,136.19
img_376.npy,2.13,141.55
img_3760.npy,1.96,197.37
img_3761.npy,1.80,197.66
img_3762.npy,1.90,133.95
img_3763.npy,1.97,133.73
img_3764.npy,1.91,135.96
img_3765.npy,2.06,133.67
img_3766.npy,1.86,197.76
img_3767.npy,2.06,137.20
img_3768.npy,1.92,192.84
img_3769.npy,1.71,192.93
img_377.npy,1.83,134.61
img_3770.npy,1.95,138.73
img_3771.npy,1.92,135.16
img_3772.npy,2.03,134.31
img_3773.npy,1.92,190.86
img_3774.npy,1.80,197.42
img_3775.npy,1.90,133.30
img_3776.npy,1.95,139.74
img_3777.npy,1.81,135.76
img_3778.npy,1.90,136.19
img_3779.npy,1.96,144.04
img_378.npy,2.34,129.72
img_3780.npy,2.03,198.33
img_3781.npy,1.59,196.98
img_3782.npy,1.80,133.39
img_3783.npy,2.01,132.55
img_3784.npy,1.76,196.50
img_3785.npy,1.85,199.22
img_3786.npy,1.96,192.11
img_3787.npy,1.92,194.13
img_3788.npy,1.87,193.21
img_3789.npy,1.91,197.87
img_379.npy,1.91,200.17
img_3790.npy,1.82,201.62
img_3791.npy,1.82,198.77
img_3792.npy,1.84,199.85
img_3793.npy,2.06,181.80
img_3794.npy,1.88,188.02
img_3795.npy,1.97,192.46
img_3796.npy,1.93,200.12
img_3797.npy,1.92,199.26
img_3798.npy,1.82,199.86
img_3799.npy,1.83,199.28
img_38.npy,1.73,200.80
img_380.npy,1.92,195.19
img_3800.npy,1.75,193.96
img_3801.npy,1.84,132.44
img_3802.npy,1.95,133.34
img_3803.npy,1.89,137.40
img_3804.npy,2.20,131.11
img_3805.npy,2.21,187.45
img_3806.npy,1.85,132.67
img_3807.npy,1.87,137.15
img_3808.npy,1.94,133.13
img_3809.npy,1.73,134.12
img_381.npy,1.94,135.86
img_3810.npy,1.94,136.04
img_3811.npy,1.97,136.30
img_3812.npy,1.87,133.39
img_3813.npy,1.90,135.90
img_3814.npy,1.98,133.20
img_3815.npy,1.89,135.92
img_3816.npy,1.95,138.32
img_3817.npy,1.87,199.96
img_3818.npy,1.95,198.57
img_3819.npy,1.96,197.93
img_382.npy,1.80,197.71
img_3820.npy,1.95,135.39
img_3821.npy,1.86,133.95
img_3822.npy,1.80,131.79
img_3823.npy,1.87,135.08
img_3824.npy,2.09,134.67
img_3825.npy,1.89,201.42
img_3826.npy,1.92,196.90
img_3827.npy,2.28,198.20
img_3828.npy,1.93,186.77
img_3829.npy,1.78,197.53
img_383.npy,1.75,200.53
img_3830.npy,1.90,199.63
img_3831.npy,1.90,201.27
img_3832.npy,1.84,198.21
img_3833.npy,1.79,195.67
img_3834.npy,1.94,135.89
img_3835.npy,1.92,134.50
img_3836.npy,1.84,134.61
img_3837.npy,1.81,132.85
img_3838.npy,1.85,137.12
img_3839.npy,1.98,134.39
img_384.npy,2.00,136.04
img_3840.npy,1.98,135.23
img_3841.npy,1.87,132.79
img_3842.npy,1.91,132.90
img_3843.npy,1.92,133.87
img_3844.npy,1.85,132.61
img_3845.npy,1.93,130.37
img_3846.npy,2.02,134.47
img_3847.npy,1.93,136.00
img_3848.npy,1.89,135.50
img_3849.npy,2.01,134.26
img_385.npy,2.03,133.30
img_3850.npy,1.83,201.30
img_3851.npy,1.90,200.49
img_3852.npy,1.80,198.88
img_3853.npy,2.52,198.07
img_3854.npy,1.99,199.20
img_3855.npy,1.89,197.93
img_3856.npy,1.96,199.27
img_3857.npy,1.89,193.43
img_3858.npy,1.86,196.75
img_3859.npy,2.00,194.91
img_386.npy,1.93,197.62
img_3860.npy,1.95,194.94
img_3861.npy,1.82,201.41
img_3862.npy,1.92,199.93
img_3863.npy,1.92,201.28
img_3864.npy,1.85,198.85
img_3865.npy,1.94,199.82
img_3866.npy,1.97,192.66
img_3867.npy,1.85,198.26
img_3868.npy,1.87,200.63
img_3869.npy,1.90,197.63
img_387.npy,1.83,196.96
img_3870.npy,1.86,131.48
img_3871.npy,1.99,132.52
img_3872.npy,1.82,197.20
img_3873.npy,1.92,136.98
img_3874.npy,1.80,131.05
img_3875.npy,2.08,132.88
img_3876.npy,1.87,198.36
img_3877.npy,1.93,198.27
img_3878.npy,2.41,200.18
img_3879.npy,1.71,194.99
img_388.npy,1.93,132.84
img_3880.npy,1.73,190.50
img_3881.npy,1.79,139.39
img_3882.npy,1.89,135.62
img_3883.npy,1.93,136.73
img_3884.npy,1.96,132.74
img_3885.npy,1.87,135.29
img_3886.npy,1.79,138.58
img_3887.npy,1.91,134.21
img_3888.npy,1.86,191.96
img_3889.npy,1.94,199.07
img_389.npy,1.92,199.66
img_3890.npy,1.87,199.56
img_3891.npy,1.91,191.08
img_3892.npy,1.79,196.62
img_3893.npy,1.96,140.37
img_3894.npy,1.93,141.06
img_3895.npy,1.70,197.15
img_3896.npy,2.00,133.61
img_3897.npy,1.74,195.64
img_3898.npy,1.98,138.15
img_3899.npy,1.98,139.03
img_39.npy,1.86,191.56
img_390.npy,1.75,200.66
img_3900.npy,1.90,197.17
img_3901.npy,2.28,198.09
img_3902.npy,1.89,134.54
img_3903.npy,1.99,137.11
img_3904.npy,1.97,144.45
img_3905.npy,2.06,139.43
img_3906.npy,1.96,193.49
img_3907.npy,1.79,200.04
img_3908.npy,1.85,138.81
img_3909.npy,2.05,135.39
img_391.npy,1.94,193.39
img_3910.npy,1.89,197.28
img_3911.npy,1.99,199.74
img_3912.npy,1.95,200.22
img_3913.npy,1.84,198.04
img_3914.npy,1.84,199.62
img_3915.npy,1.97,194.56
img_3916.npy,1.85,197.00
img_3917.npy,1.83,192.49
img_3918.npy,1.89,135.64
img_3919.npy,1.81,141.09
img_392.npy,1.86,134.70
img_3920.npy,1.91,137.21
img_3921.npy,1.82,134.00
img_3922.npy,1.94,133.60
img_3923.npy,1.93,136.70
img_3924.npy,1.86,133.95
img_3925.npy,2.53,133.89
img_3926.npy,1.98,133.47
img_3927.npy,1.88,138.32
img_3928.npy,1.92,141.05
img_3929.npy,1.92,134.88
img_393.npy,1.93,133.78
img_3930.npy,1.98,133.23
img_3931.npy,1.99,194.77
img_3932.npy,1.98,190.16
img_3933.npy,1.97,193.53
img_3934.npy,1.81,196.02
img_3935.npy,1.88,132.85
img_3936.npy,1.91,133.02
img_3937.npy,1.94,133.48
img_3938.npy,1.91,139.68
img_3939.npy,1.95,140.29
img_394.npy,1.91,145.79
img_3940.npy,1.93,133.36
img_3941.npy,1.86,194.00
img_3942.npy,1.79,198.54
img_3943.npy,1.86,198.01
img_3944.npy,1.96,201.43
img_3945.npy,1.89,201.02
img_3946.npy,2.34,197.84
img_3947.npy,1.80,196.20
img_3948.npy,1.95,138.24
img_3949.npy,1.92,166.83
img_395.npy,1.82,133.42
img_3950.npy,1.84,134.55
img_3951.npy,1.99,135.75
img_3952.npy,1.99,139.53
img_3953.npy,2.03,133.39
img_3954.npy,1.85,198.62
img_3955.npy,1.83,192.42
img_3956.npy,1.85,199.98
img_3957.npy,1.87,193.14
img_3958.npy,2.00,195.75
img_3959.npy,1.88,200.86
img_396.npy,1.80,198.14
img_3960.npy,2.00,193.93
img_3961.npy,1.90,194.83
img_3962.npy,1.91,194.28
img_3963.npy,1.91,195.65
img_3964.npy,1.85,197.95
img_3965.npy,1.90,198.70
img_3966.npy,1.81,195.07
img_3967.npy,1.90,198.42
img_3968.npy,2.03,196.01
img_3969.npy,1.83,191.83
img_397.npy,1.89,135.65
img_3970.npy,2.06,135.96
img_3971.npy,1.93,193.66
img_3972.npy,1.87,195.42
img_3973.npy,2.15,200.11
img_3974.npy,1.94,183.27
img_3975.npy,1.77,187.80
img_3976.npy,1.98,138.52
img_3977.npy,1.93,133.25
img_3978.npy,1.89,132.83
img_3979.npy,2.00,137.50
img_398.npy,1.92,139.86
img_3980.npy,1.90,136.58
img_3981.npy,1.88,135.81
img_3982.npy,1.81,134.69
img_3983.npy,1.92,134.79
img_3984.npy,1.93,132.37
img_3985.npy,1.86,139.91
img_3986.npy,1.82,133.75
img_3987.npy,2.12,140.94
img_3988.npy,1.86,193.64
img_3989.npy,1.61,192.94
img_399.npy,2.02,139.14
img_3990.npy,1.92,137.09
img_3991.npy,1.89,136.61
img_3992.npy,2.05,144.60
img_3993.npy,1.91,195.80
img_3994.npy,1.91,196.93
img_3995.npy,1.80,200.28
img_3996.npy,1.90,136.38
img_3997.npy,2.53,137.74
img_3998.npy,1.92,134.52
img_3999.npy,1.90,138.26
img_4.npy,1.93,137.95
img_40.npy,1.93,137.56
img_400.npy,1.90,136.85
img_4000.npy,2.09,139.71
img_4001.npy,1.85,196.70
img_4002.npy,1.86,200.38
img_4003.npy,1.88,196.89
img_4004.npy,1.82,193.02
img_4005.npy,1.82,196.16
img_4006.npy,2.00,136.11
img_4007.npy,1.88,196.12
img_4008.npy,1.97,192.25
img_4009.npy,1.87,192.54
img_401.npy,1.81,188.01
img_4010.npy,1.83,136.42
img_4011.npy,1.84,135.89
img_4012.npy,1.87,131.80
img_4013.npy,1.90,132.13
img_4014.npy,1.89,142.59
img_4015.npy,1.92,133.48
img_4016.npy,1.87,135.40
img_4017.npy,1.95,137.40
img_4018.npy,1.88,136.94
img_4019.npy,2.37,132.16
img_402.npy,2.14,171.10
img_4020.npy,1.83,136.25
img_4021.npy,1.92,134.96
img_4022.npy,1.79,138.36
img_4023.npy,1.93,137.43
img_4024.npy,1.93,193.21
img_4025.npy,1.81,198.91
img_4026.npy,1.85,199.78
img_4027.npy,1.88,199.16
img_4028.npy,1.92,189.43
img_4029.npy,1.99,200.52
img_403.npy,1.72,200.77
img_4030.npy,1.93,138.00
img_4031.npy,1.92,130.66
img_4032.npy,2.09,144.46
img_4033.npy,1.86,195.52
img_4034.npy,1.90,194.95
img_4035.npy,1.77,193.48
img_4036.npy,1.90,134.46
img_4037.npy,1.92,140.74
img_4038.npy,2.02,140.06
img_4039.npy,1.92,144.54
img_404.npy,1.90,135.85
img_4040.npy,1.78,136.31
img_4041.npy,1.90,132.62
img_4042.npy,2.34,132.54
img_4043.npy,2.02,134.30
img_4044.npy,1.89,133.91
img_4045.npy,2.05,136.78
img_4046.npy,1.97,193.18
img_4047.npy,1.84,192.14
img_4048.npy,1.72,196.77
img_4049.npy,1.86,136.00
img_405.npy,1.88,136.02
img_4050.npy,2.01,139.13
img_4051.npy,1.98,193.46
img_4052.npy,1.96,194.55
img_4053.npy,1.87,197.05
img_4054.npy,1.75,194.19
img_4055.npy,1.75,142.98
img_4056.npy,2.07,131.97
img_4057.npy,1.95,188.40
img_4058.npy,1.81,192.64
img_4059.npy,1.97,191.70
img_406.npy,1.83,193.19
img_4060.npy,1.88,192.25
img_4061.npy,1.92,189.88
img_4062.npy,1.87,196.54
img_4063.npy,1.91,193.10
img_4064.npy,1.88,198.71
img_4065.npy,1.89,140.18
img_4066.npy,1.87,136.03
img_4067.npy,2.70,134.63
img_4068.npy,1.94,197.49
img_4069.npy,1.89,198.45
img_407.npy,1.88,197.81
img_4070.npy,1.91,195.64
img_4071.npy,1.95,198.38
img_4072.npy,2.01,193.54
img_4073.npy,1.97,189.43
img_4074.npy,2.03,195.40
img_4075.npy,1.96,196.60
img_4076.npy,1.96,193.45
img_4077.npy,1.84,183.82
img_4078.npy,1.95,189.57
img_4079.npy,1.87,197.40
img_408.npy,1.97,198.54
img_4080.npy,1.86,196.37
img_4081.npy,1.82,199.93
img_4082.npy,1.74,191.04
img_4083.npy,1.94,134.61
img_4084.npy,1.91,138.79
img_4085.npy,1.96,137.53
img_4086.npy,1.84,139.20
img_4087.npy,2.00,136.45
img_4088.npy,1.94,137.58
img_4089.npy,2.09,132.53
img_409.npy,1.98,189.54
img_4090.npy,2.27,177.07
img_4091.npy,2.12,137.02
img_4092.npy,1.91,192.54
img_4093.npy,1.89,198.11
img_4094.npy,1.91,196.61
img_4095.npy,1.95,180.81
img_4096.npy,1.82,189.00
img_4097.npy,2.08,141.98
img_4098.npy,1.87,188.88
img_4099.npy,2.12,139.34
img_41.npy,1.77,192.99
img_410.npy,1.95,201.52
img_4100.npy,1.88,199.63
img_4101.npy,1.79,193.40
img_4102.npy,2.08,141.13
img_4103.npy,1.80,194.15
img_4104.npy,1.91,134.61
img_4105.npy,1.94,136.16
img_4106.npy,2.01,134.43
img_4107.npy,1.82,188.33
img_4108.npy,2.00,190.13
img_4109.npy,1.98,198.27
img_411.npy,1.74,192.83
img_4110.npy,1.72,194.86
img_4111.npy,1.84,141.41
img_4112.npy,2.07,133.42
img_4113.npy,2.32,153.99
img_4114.npy,1.92,132.61
img_4115.npy,1.95,136.97
img_4116.npy,2.12,134.00
img_4117.npy,1.83,200.03
img_4118.npy,1.94,198.41
img_4119.npy,2.04,197.82
img_412.npy,1.81,196.00
img_4120.npy,1.86,134.94
img_4121.npy,2.00,134.31
img_4122.npy,1.89,135.70
img_4123.npy,1.70,134.64
img_4124.npy,1.86,135.58
img_4125.npy,1.91,148.61
img_4126.npy,1.99,133.33
img_4127.npy,1.95,133.39
img_4128.npy,2.01,142.80
img_4129.npy,1.90,134.79
img_413.npy,1.97,139.19
img_4130.npy,1.83,131.85
img_4131.npy,1.98,139.88
img_4132.npy,1.92,132.54
img_4133.npy,1.93,137.55
img_4134.npy,2.13,138.07
img_4135.npy,1.92,194.39
img_4136.npy,2.56,200.12
img_4137.npy,1.95,199.10
img_4138.npy,1.89,201.11
img_4139.npy,1.95,189.76
img_414.npy,1.87,196.17
img_4140.npy,1.92,196.47
img_4141.npy,1.89,200.43
img_4142.npy,1.99,198.36
img_4143.npy,1.88,197.11
img_4144.npy,1.97,196.45
img_4145.npy,1.78,195.36
img_4146.npy,1.78,183.36
img_4147.npy,1.89,196.03
img_4148.npy,1.91,142.79
img_4149.npy,1.96,138.18
img_415.npy,1.98,138.29
img_4150.npy,1.82,135.66
img_4151.npy,1.79,136.66
img_4152.npy,1.76,134.34
img_4153.npy,1.90,138.77
img_4154.npy,1.92,136.05
img_4155.npy,1.94,131.60
img_4156.npy,1.97,135.57
img_4157.npy,2.05,141.57
img_4158.npy,1.69,201.45
img_4159.npy,1.75,199.73
img_416.npy,1.90,189.85
img_4160.npy,2.11,187.03
img_4161.npy,1.85,145.69
img_4162.npy,1.76,199.26
img_4163.npy,1.78,198.22
img_4164.npy,1.77,198.34
img_4165.npy,1.69,194.65
img_4166.npy,1.80,140.93
img_4167.npy,1.76,135.27
img_4168.npy,2.00,132.71
img_4169.npy,1.65,191.40
img_417.npy,1.78,136.38
img_4170.npy,1.85,132.71
img_4171.npy,1.83,138.66
img_4172.npy,1.84,137.25
img_4173.npy,1.77,134.47
img_4174.npy,1.83,159.57
img_4175.npy,1.96,137.02
img_4176.npy,2.03,140.66
img_4177.npy,2.05,138.64
img_4178.npy,1.81,135.70
img_4179.npy,1.80,135.64
img_418.npy,1.90,138.80
img_4180.npy,1.85,199.88
img_4181.npy,1.83,191.79
img_4182.npy,1.91,192.95
img_4183.npy,1.90,194.02
img_4184.npy,2.16,190.83
img_4185.npy,2.19,133.81
img_4186.npy,1.87,133.19
img_4187.npy,1.91,134.64
img_4188.npy,1.99,137.36
img_4189.npy,1.97,135.99
img_419.npy,2.02,144.05
img_4190.npy,1.92,133.98
img_4191.npy,2.02,137.58
img_4192.npy,1.86,196.98
img_4193.npy,1.71,202.37
img_4194.npy,1.93,200.44
img_4195.npy,1.86,191.11
img_4196.npy,1.89,176.25
img_4197.npy,1.98,195.47
img_4198.npy,1.70,199.88
img_4199.npy,1.97,136.87
img_42.npy,1.96,140.69
img_420.npy,2.11,138.74
img_4200.npy,1.90,201.37
img_4201.npy,1.84,196.96
img_4202.npy,1.78,197.70
img_4203.npy,1.91,140.24
img_4204.npy,2.14,135.40
img_4205.npy,1.98,192.95
img_4206.npy,1.95,197.50
img_4207.npy,2.37,200.84
img_4208.npy,1.87,188.24
img_4209.npy,1.92,138.61
img_421.npy,1.95,137.68
img_4210.npy,1.92,133.57
img_4211.npy,1.99,136.05
img_4212.npy,2.07,142.03
img_4213.npy,1.72,198.38
img_4214.npy,1.65,195.79
img_4215.npy,2.01,138.03
img_4216.npy,1.85,134.86
img_4217.npy,1.84,134.94
img_4218.npy,1.95,139.99
img_4219.npy,1.97,136.77
img_422.npy,1.96,136.12
img_4220.npy,1.92,134.31
img_4221.npy,1.97,135.22
img_4222.npy,1.85,146.55
img_4223.npy,1.91,135.72
img_4224.npy,1.93,138.28
img_4225.npy,1.88,133.46
img_4226.npy,2.37,132.35
img_4227.npy,1.91,133.68
img_4228.npy,1.74,131.13
img_4229.npy,2.01,132.61
img_423.npy,1.98,195.39
img_4230.npy,1.93,197.09
img_4231.npy,1.96,193.39
img_4232.npy,1.87,185.18
img_4233.npy,1.85,200.31
img_4234.npy,1.89,132.19
img_4235.npy,1.95,134.55
img_4236.npy,1.81,136.18
img_4237.npy,1.93,134.58
img_4238.npy,1.93,197.61
img_4239.npy,1.84,200.12
img_424.npy,1.91,145.65
img_4240.npy,2.09,140.30
img_4241.npy,1.82,194.70
img_4242.npy,1.88,134.98
img_4243.npy,1.82,136.43
img_4244.npy,2.03,136.33
img_4245.npy,1.90,191.89
img_4246.npy,1.75,197.29
img_4247.npy,2.10,130.30
img_4248.npy,1.88,198.14
img_4249.npy,1.81,196.23
img_425.npy,1.86,190.56
img_4250.npy,1.91,194.84
img_4251.npy,1.98,193.33
img_4252.npy,1.86,201.47
img_4253.npy,2.06,196.62
img_4254.npy,2.05,200.97
img_4255.npy,1.82,199.28
img_4256.npy,1.85,198.90
img_4257.npy,1.89,200.60
img_4258.npy,1.97,195.11
img_4259.npy,1.83,195.00
img_426.npy,1.82,190.99
img_4260.npy,2.02,192.84
img_4261.npy,1.79,192.43
img_4262.npy,1.92,141.88
img_4263.npy,1.98,136.42
img_4264.npy,1.86,131.64
img_4265.npy,1.93,135.28
img_4266.npy,1.91,135.86
img_4267.npy,1.88,136.99
img_4268.npy,1.88,133.87
img_4269.npy,2.00,143.61
img_427.npy,1.91,201.27
img_4270.npy,2.02,197.18
img_4271.npy,1.75,198.12
img_4272.npy,1.87,137.69
img_4273.npy,1.99,136.22
img_4274.npy,1.97,132.27
img_4275.npy,1.97,135.25
img_4276.npy,2.10,137.36
img_4277.npy,1.87,200.50
img_4278.npy,2.58,194.27
img_4279.npy,1.89,199.50
img_428.npy,1.76,192.56
img_4280.npy,2.00,133.85
img_4281.npy,1.96,133.86
img_4282.npy,1.88,138.79
img_4283.npy,1.89,135.54
img_4284.npy,1.88,135.96
img_4285.npy,1.88,142.07
img_4286.npy,1.92,135.22
img_4287.npy,1.90,137.45
img_4288.npy,1.89,193.54
img_4289.npy,2.10,137.12
img_429.npy,1.77,191.12
img_4290.npy,1.90,135.41
img_4291.npy,1.95,132.67
img_4292.npy,1.95,135.86
img_4293.npy,1.90,133.69
img_4294.npy,1.87,132.88
img_4295.npy,1.88,139.14
img_4296.npy,1.92,137.22
img_4297.npy,2.08,136.21
img_4298.npy,1.94,195.17
img_4299.npy,1.82,199.30
img_43.npy,1.90,133.61
img_430.npy,1.91,139.88
img_4300.npy,2.20,134.65
img_4301.npy,1.88,134.97
img_4302.npy,1.96,134.97
img_4303.npy,1.98,141.39
img_4304.npy,1.92,137.18
img_4305.npy,1.84,139.26
img_4306.npy,1.87,197.15
img_4307.npy,1.78,201.63
img_4308.npy,1.80,200.92
img_4309.npy,1.79,198.32
img_431.npy,1.91,200.03
img_4310.npy,1.96,194.06
img_4311.npy,1.87,200.59
img_4312.npy,1.89,201.27
img_4313.npy,1.98,199.47
img_4314.npy,1.84,200.49
img_4315.npy,1.80,197.21
img_4316.npy,1.84,197.66
img_4317.npy,1.85,194.12
img_4318.npy,1.91,135.74
img_4319.npy,1.90,133.54
img_432.npy,1.94,133.36
img_4320.npy,1.79,136.29
img_4321.npy,2.05,133.11
img_4322.npy,1.96,195.20
img_4323.npy,1.91,196.84
img_4324.npy,2.50,199.76
img_4325.npy,1.99,198.18
img_4326.npy,1.87,198.90
img_4327.npy,1.87,199.13
img_4328.npy,1.75,191.19
img_4329.npy,1.70,200.20
img_433.npy,2.04,142.56
img_4330.npy,1.84,193.07
img_4331.npy,1.92,141.78
img_4332.npy,1.92,133.90
img_4333.npy,1.82,134.00
img_4334.npy,1.83,132.08
img_4335.npy,1.78,131.67
img_4336.npy,1.93,135.27
img_4337.npy,1.95,140.04
img_4338.npy,1.97,143.26
img_4339.npy,1.92,135.07
img_434.npy,2.10,137.26
img_4340.npy,2.01,193.11
img_4341.npy,1.92,192.15
img_4342.npy,1.86,136.05
img_4343.npy,1.95,135.78
img_4344.npy,1.92,132.61
img_4345.npy,2.03,140.70
img_4346.npy,1.95,196.67
img_4347.npy,1.94,193.64
img_4348.npy,2.52,202.25
img_4349.npy,1.77,200.76
img_435.npy,1.83,191.04
img_4350.npy,1.79,193.80
img_4351.npy,1.91,197.05
img_4352.npy,1.77,199.69
img_4353.npy,1.96,135.89
img_4354.npy,1.94,134.70
img_4355.npy,2.08,136.43
img_4356.npy,1.89,139.33
img_4357.npy,1.93,140.25
img_4358.npy,1.96,136.59
img_4359.npy,1.91,146.36
img_436.npy,1.95,143.41
img_4360.npy,2.04,137.69
img_4361.npy,2.04,196.69
img_4362.npy,2.11,193.93
img_4363.npy,2.02,194.93
img_4364.npy,1.86,197.43
img_4365.npy,1.80,195.94
img_4366.npy,1.81,137.21
img_4367.npy,2.08,133.52
img_4368.npy,2.00,195.85
img_4369.npy,1.81,192.51
img_437.npy,2.06,139.00
img_4370.npy,2.24,132.34
img_4371.npy,2.10,134.77
img_4372.npy,1.81,133.79
img_4373.npy,1.75,133.03
img_4374.npy,1.96,131.80
img_4375.npy,1.96,132.48
img_4376.npy,1.90,134.25
img_4377.npy,1.92,136.50
img_4378.npy,1.94,142.56
img_4379.npy,1.95,137.72
img_438.npy,1.91,132.38
img_4380.npy,2.10,142.91
img_4381.npy,1.92,194.71
img_4382.npy,1.98,195.52
img_4383.npy,1.97,195.20
img_4384.npy,1.81,200.28
img_4385.npy,2.10,196.61
img_4386.npy,1.95,199.34
img_4387.npy,1.89,193.73
img_4388.npy,2.00,192.84
img_4389.npy,1.96,195.19
img_439.npy,1.86,187.17
img_4390.npy,1.94,135.43
img_4391.npy,1.88,146.73
img_4392.npy,2.33,136.68
img_4393.npy,1.85,135.81
img_4394.npy,1.94,134.20
img_4395.npy,1.84,140.26
img_4396.npy,1.70,191.42
img_4397.npy,1.90,153.09
img_4398.npy,1.97,135.06
img_4399.npy,1.86,134.58
img_44.npy,1.87,135.85
img_440.npy,1.90,139.82
img_4400.npy,1.93,138.98
img_4401.npy,2.08,135.36
img_4402.npy,1.94,201.21
img_4403.npy,1.65,200.58
img_4404.npy,1.81,133.28
img_4405.npy,2.04,131.72
img_4406.npy,1.83,199.25
img_4407.npy,1.96,194.39
img_4408.npy,1.83,196.79
img_4409.npy,1.85,140.45
img_441.npy,1.98,143.20
img_4410.npy,2.11,135.66
img_4411.npy,2.06,199.92
img_4412.npy,2.14,199.71
img_4413.npy,1.90,201.55
img_4414.npy,1.87,193.82
img_4415.npy,1.97,140.13
img_4416.npy,1.93,133.61
img_4417.npy,1.98,137.25
img_4418.npy,1.87,136.87
img_4419.npy,1.91,132.73
img_442.npy,1.73,131.45
img_4420.npy,1.83,131.52
img_4421.npy,1.99,135.14
img_4422.npy,2.04,137.25
img_4423.npy,1.96,193.84
img_4424.npy,1.89,192.97
img_4425.npy,1.91,199.03
img_4426.npy,1.80,199.37
img_4427.npy,2.06,135.50
img_4428.npy,1.96,198.40
img_4429.npy,1.94,195.40
img_443.npy,1.83,198.21
img_4430.npy,1.84,192.43
img_4431.npy,1.92,195.93
img_4432.npy,1.84,197.67
img_4433.npy,2.25,199.61
img_4434.npy,1.85,191.36
img_4435.npy,2.03,134.84
img_4436.npy,1.84,192.30
img_4437.npy,1.90,135.78
img_4438.npy,1.93,138.57
img_4439.npy,2.11,137.04
img_444.npy,1.93,195.56
img_4440.npy,1.83,191.81
img_4441.npy,1.77,195.84
img_4442.npy,1.87,134.25
img_4443.npy,1.97,138.68
img_4444.npy,1.85,135.18
img_4445.npy,2.14,136.04
img_4446.npy,1.81,197.43
img_4447.npy,1.81,179.71
img_4448.npy,2.00,134.90
img_4449.npy,1.85,132.26
img_445.npy,1.84,134.18
img_4450.npy,1.90,133.95
img_4451.npy,2.08,134.80
img_4452.npy,1.93,196.12
img_4453.npy,1.87,198.10
img_4454.npy,1.97,198.86
img_4455.npy,2.20,197.25
img_4456.npy,1.85,191.16
img_4457.npy,1.97,198.20
img_4458.npy,2.03,191.07
img_4459.npy,1.95,202.08
img_446.npy,1.99,200.88
img_4460.npy,1.82,199.97
img_4461.npy,1.94,141.32
img_4462.npy,1.96,132.40
img_4463.npy,1.91,132.63
img_4464.npy,1.89,135.18
img_4465.npy,2.18,141.91
img_4466.npy,1.97,197.81
img_4467.npy,1.91,198.05
img_4468.npy,1.90,197.36
img_4469.npy,1.99,199.93
img_447.npy,1.91,198.00
img_4470.npy,1.90,192.34
img_4471.npy,2.11,138.85
img_4472.npy,1.91,198.23
img_4473.npy,1.96,201.61
img_4474.npy,1.82,195.52
img_4475.npy,2.05,134.24
img_4476.npy,2.15,135.61
img_4477.npy,1.90,135.68
img_4478.npy,1.91,133.38
img_4479.npy,1.94,134.08
img_448.npy,1.90,139.77
img_4480.npy,1.87,157.40
img_4481.npy,1.91,136.02
img_4482.npy,1.94,133.59
img_4483.npy,2.10,138.49
img_4484.npy,1.96,197.95
img_4485.npy,1.96,200.93
img_4486.npy,2.02,194.27
img_4487.npy,1.74,199.12
img_4488.npy,1.80,146.48
img_4489.npy,1.98,135.88
img_449.npy,1.80,200.54
img_4490.npy,1.85,137.41
img_4491.npy,2.10,139.29
img_4492.npy,1.94,199.84
img_4493.npy,1.98,192.78
img_4494.npy,1.94,199.72
img_4495.npy,1.93,199.19
img_4496.npy,2.01,200.12
img_4497.npy,2.40,201.59
img_4498.npy,2.02,189.84
img_4499.npy,1.92,194.32
img_45.npy,1.97,195.48
img_450.npy,1.94,196.86
img_4500.npy,1.93,192.15
img_4501.npy,1.83,199.20
img_4502.npy,1.82,201.19
img_4503.npy,1.92,197.65
img_4504.npy,1.91,190.77
img_4505.npy,1.86,198.92
img_4506.npy,1.91,202.06
img_4507.npy,1.89,197.15
img_4508.npy,1.92,192.89
img_4509.npy,1.98,193.40
img_451.npy,1.80,192.30
img_4510.npy,1.88,136.19
img_4511.npy,1.98,139.59
img_4512.npy,1.91,196.38
img_4513.npy,1.91,195.91
img_4514.npy,1.76,191.31
img_4515.npy,1.95,138.99
img_4516.npy,1.90,137.77
img_4517.npy,2.15,137.83
img_4518.npy,1.96,131.84
img_4519.npy,1.95,134.26
img_452.npy,1.85,133.24
img_4520.npy,1.78,141.51
img_4521.npy,1.94,134.46
img_4522.npy,1.90,136.62
img_4523.npy,2.08,136.56
img_4524.npy,1.77,193.32
img_4525.npy,1.99,135.61
img_4526.npy,1.98,138.04
img_4527.npy,1.99,137.30
img_4528.npy,1.82,133.84
img_4529.npy,1.92,135.43
img_453.npy,1.95,135.71
img_4530.npy,1.77,135.68
img_4531.npy,1.79,135.47
img_4532.npy,1.78,135.79
img_4533.npy,1.76,138.28
img_4534.npy,1.79,135.07
img_4535.npy,1.81,135.40
img_4536.npy,1.77,138.03
img_4537.npy,1.75,133.43
img_4538.npy,1.79,134.53
img_4539.npy,1.93,134.39
img_454.npy,1.79,195.77
img_4540.npy,2.26,200.29
img_4541.npy,1.73,200.26
img_4542.npy,1.72,199.41
img_4543.npy,1.76,188.99
img_4544.npy,1.80,194.33
img_4545.npy,1.73,192.21
img_4546.npy,1.76,192.13
img_4547.npy,1.74,197.07
img_4548.npy,1.78,196.05
img_4549.npy,1.76,200.73
img_455.npy,1.76,200.21
img_4550.npy,1.73,197.80
img_4551.npy,1.80,195.42
img_4552.npy,1.61,195.21
img_4553.npy,1.80,138.12
img_4554.npy,1.80,134.16
img_4555.npy,1.69,133.16
img_4556.npy,1.97,134.71
img_4557.npy,1.67,195.48
img_4558.npy,1.79,143.94
img_4559.npy,1.76,136.20
img_456.npy,1.78,135.87
img_4560.npy,1.92,134.77
img_4561.npy,1.94,134.78
img_4562.npy,1.94,140.69
img_4563.npy,2.28,132.99
img_4564.npy,2.22,165.09
img_4565.npy,1.83,132.34
img_4566.npy,1.94,134.44
img_4567.npy,1.91,137.99
img_4568.npy,1.89,134.42
img_4569.npy,1.90,138.91
img_457.npy,2.00,139.55
img_4570.npy,1.92,135.20
img_4571.npy,2.09,135.91
img_4572.npy,1.94,200.20
img_4573.npy,1.89,197.58
img_4574.npy,1.70,195.94
img_4575.npy,1.96,139.74
img_4576.npy,1.95,136.02
img_4577.npy,1.99,137.27
img_4578.npy,1.87,138.75
img_4579.npy,2.10,137.42
img_458.npy,1.94,199.05
img_4580.npy,1.88,196.62
img_4581.npy,1.95,197.05
img_4582.npy,1.80,200.30
img_4583.npy,1.84,134.08
img_4584.npy,2.17,144.32
img_4585.npy,2.28,183.07
img_4586.npy,1.94,200.94
img_4587.npy,1.87,197.76
img_4588.npy,1.83,200.19
img_4589.npy,1.83,199.71
img_459.npy,1.97,197.79
img_4590.npy,1.77,199.21
img_4591.npy,1.90,136.14
img_4592.npy,1.89,135.09
img_4593.npy,1.81,130.68
img_4594.npy,1.96,138.68
img_4595.npy,1.90,133.83
img_4596.npy,1.87,131.66
img_4597.npy,1.97,139.41
img_4598.npy,1.95,140.00
img_4599.npy,2.10,155.23
img_46.npy,1.96,196.54
img_460.npy,1.96,200.03
img_4600.npy,1.92,198.12
img_4601.npy,1.78,197.55
img_4602.npy,1.90,138.16
img_4603.npy,1.94,135.24
img_4604.npy,1.88,135.37
img_4605.npy,2.26,145.05
img_4606.npy,1.90,135.64
img_4607.npy,1.98,135.23
img_4608.npy,1.82,134.90
img_4609.npy,1.97,136.16
img_461.npy,2.08,138.92
img_4610.npy,1.93,186.48
img_4611.npy,1.89,195.11
img_4612.npy,1.85,195.80
img_4613.npy,1.91,134.69
img_4614.npy,1.93,133.27
img_4615.npy,1.94,137.13
img_4616.npy,1.90,136.08
img_4617.npy,1.85,136.26
img_4618.npy,1.91,132.86
img_4619.npy,1.83,133.23
img_462.npy,1.80,133.11
img_4620.npy,1.92,130.03
img_4621.npy,1.93,135.17
img_4622.npy,1.95,132.86
img_4623.npy,1.93,135.18
img_4624.npy,1.91,136.71
img_4625.npy,1.93,134.16
img_4626.npy,2.07,138.73
img_4627.npy,1.98,191.66
img_4628.npy,1.93,200.28
img_4629.npy,2.42,199.74
img_463.npy,1.70,192.99
img_4630.npy,2.03,136.16
img_4631.npy,1.93,133.70
img_4632.npy,1.89,133.84
img_4633.npy,1.92,133.46
img_4634.npy,1.87,134.85
img_4635.npy,1.95,137.55
img_4636.npy,2.14,136.78
img_4637.npy,1.78,197.43
img_4638.npy,1.97,135.10
img_4639.npy,1.90,141.82
img_464.npy,1.88,139.28
img_4640.npy,1.94,134.53
img_4641.npy,1.87,133.46
img_4642.npy,1.96,136.56
img_4643.npy,1.97,134.20
img_4644.npy,1.87,137.72
img_4645.npy,1.78,134.80
img_4646.npy,1.91,137.75
img_4647.npy,2.09,133.79
img_4648.npy,2.00,194.64
img_4649.npy,1.83,195.12
img_465.npy,1.89,181.87
img_4650.npy,2.32,199.66
img_4651.npy,1.95,177.20
img_4652.npy,1.74,135.39
img_4653.npy,1.82,133.44
img_4654.npy,2.10,134.48
img_4655.npy,1.86,135.50
img_4656.npy,1.87,135.00
img_4657.npy,1.99,136.82
img_4658.npy,1.84,131.21
img_4659.npy,1.97,134.16
img_466.npy,1.77,192.32
img_4660.npy,1.97,133.39
img_4661.npy,1.97,142.37
img_4662.npy,1.94,137.12
img_4663.npy,1.89,134.66
img_4664.npy,1.84,134.25
img_4665.npy,1.94,132.77
img_4666.npy,1.97,135.96
img_4667.npy,1.88,134.67
img_4668.npy,2.09,138.27
img_4669.npy,1.97,194.56
img_467.npy,1.95,198.65
img_4670.npy,1.96,188.59
img_4671.npy,2.16,199.86
img_4672.npy,2.17,165.57
img_4673.npy,2.00,177.36
img_4674.npy,1.89,200.89
img_4675.npy,1.93,199.31
img_4676.npy,1.87,201.31
img_4677.npy,1.91,198.93
img_4678.npy,1.82,195.48
img_4679.npy,1.87,138.02
img_468.npy,2.11,133.45
img_4680.npy,1.79,198.64
img_4681.npy,1.97,133.84
img_4682.npy,1.77,135.57
img_4683.npy,1.90,134.94
img_4684.npy,1.97,136.21
img_4685.npy,1.92,139.31
img_4686.npy,1.86,134.41
img_4687.npy,1.81,134.98
img_4688.npy,1.85,133.42
img_4689.npy,1.84,135.55
img_469.npy,1.97,138.38
img_4690.npy,1.95,135.97
img_4691.npy,1.96,133.59
img_4692.npy,1.95,133.75
img_4693.npy,1.91,196.75
img_4694.npy,2.09,198.78
img_4695.npy,1.86,191.27
img_4696.npy,1.78,194.62
img_4697.npy,1.69,199.13
img_4698.npy,1.86,133.30
img_4699.npy,1.88,133.45
img_47.npy,1.89,137.29
img_470.npy,1.83,141.26
img_4700.npy,1.86,136.42
img_4701.npy,1.97,135.61
img_4702.npy,2.12,141.22
img_4703.npy,1.98,200.32
img_4704.npy,1.96,196.65
img_4705.npy,1.90,198.21
img_4706.npy,1.87,199.13
img_4707.npy,1.95,200.29
img_4708.npy,1.86,188.65
img_4709.npy,1.90,201.23
img_471.npy,1.77,200.74
img_4710.npy,1.90,134.96
img_4711.npy,1.93,132.33
img_4712.npy,1.96,136.64
img_4713.npy,1.92,194.17
img_4714.npy,1.77,193.98
img_4715.npy,2.21,139.08
img_4716.npy,1.97,132.48
img_4717.npy,2.06,132.77
img_4718.npy,1.91,136.37
img_4719.npy,1.95,141.93
img_472.npy,1.91,134.31
img_4720.npy,1.90,136.43
img_4721.npy,1.93,137.83
img_4722.npy,1.95,134.23
img_4723.npy,1.89,131.02
img_4724.npy,1.94,139.10
img_4725.npy,1.86,155.07
img_4726.npy,1.99,137.28
img_4727.npy,1.96,136.69
img_4728.npy,1.92,140.64
img_4729.npy,1.81,139.12
img_473.npy,1.91,197.69
img_4730.npy,1.87,199.03
img_4731.npy,1.84,199.58
img_4732.npy,1.72,194.28
img_4733.npy,1.95,138.54
img_4734.npy,1.93,135.80
img_4735.npy,1.95,132.81
img_4736.npy,1.96,137.46
img_4737.npy,1.91,136.30
img_4738.npy,1.94,135.58
img_4739.npy,1.96,137.80
img_474.npy,2.69,132.56
img_4740.npy,1.90,189.98
img_4741.npy,1.84,153.45
img_4742.npy,1.88,131.49
img_4743.npy,1.89,131.24
img_4744.npy,1.91,132.91
img_4745.npy,1.90,135.33
img_4746.npy,1.94,134.16
img_4747.npy,1.99,135.70
img_4748.npy,2.08,132.30
img_4749.npy,1.85,199.79
img_475.npy,1.80,195.91
img_4750.npy,2.00,136.09
img_4751.npy,1.89,132.19
img_4752.npy,2.06,136.32
img_4753.npy,1.95,197.46
img_4754.npy,2.00,196.40
img_4755.npy,1.77,197.57
img_4756.npy,1.95,137.03
img_4757.npy,1.95,135.86
img_4758.npy,1.87,136.02
img_4759.npy,1.93,137.98
img_476.npy,1.97,144.64
img_4760.npy,1.88,134.30
img_4761.npy,1.98,137.47
img_4762.npy,2.26,137.34
img_4763.npy,2.10,140.60
img_4764.npy,1.88,202.65
img_4765.npy,1.93,198.18
img_4766.npy,2.01,196.19
img_4767.npy,1.94,195.88
img_4768.npy,1.89,194.10
img_4769.npy,2.01,192.47
img_477.npy,1.80,199.15
img_4770.npy,1.73,196.12
img_4771.npy,1.82,195.10
img_4772.npy,1.92,134.70
img_4773.npy,1.98,135.47
img_4774.npy,1.95,134.82
img_4775.npy,1.91,148.61
img_4776.npy,1.99,136.57
img_4777.npy,1.87,135.42
img_4778.npy,1.97,138.96
img_4779.npy,1.90,139.84
img_478.npy,1.85,140.57
img_4780.npy,1.91,134.61
img_4781.npy,1.98,133.39
img_4782.npy,1.79,136.32
img_4783.npy,1.93,138.62
img_4784.npy,2.41,133.50
img_4785.npy,1.94,177.43
img_4786.npy,1.96,198.86
img_4787.npy,1.77,190.78
img_4788.npy,1.94,139.84
img_4789.npy,1.85,135.68
img_479.npy,2.03,137.70
img_4790.npy,1.80,199.02
img_4791.npy,1.87,132.95
img_4792.npy,1.90,134.28
img_4793.npy,1.96,135.93
img_4794.npy,1.92,135.57
img_4795.npy,1.93,135.13
img_4796.npy,2.05,136.62
img_4797.npy,1.82,191.96
img_4798.npy,2.03,134.62
img_4799.npy,2.02,137.66
img_48.npy,1.98,134.97
img_480.npy,1.97,140.33
img_4800.npy,1.96,136.03
img_4801.npy,2.14,130.30
img_4802.npy,2.09,136.12
img_4803.npy,2.01,198.58
img_4804.npy,1.73,200.57
img_4805.npy,1.95,140.56
img_4806.npy,2.08,140.44
img_4807.npy,1.92,197.35
img_4808.npy,1.82,198.17
img_4809.npy,1.84,193.68
img_481.npy,1.94,194.01
img_4810.npy,1.90,199.37
img_4811.npy,1.74,199.14
img_4812.npy,2.06,138.45
img_4813.npy,1.89,135.83
img_4814.npy,2.01,139.51
img_4815.npy,1.89,194.83
img_4816.npy,1.97,189.90
img_4817.npy,1.93,190.88
img_4818.npy,1.92,200.80
img_4819.npy,1.89,199.02
img_482.npy,1.86,196.58
img_4820.npy,1.88,197.27
img_4821.npy,1.82,192.42
img_4822.npy,2.06,162.25
img_4823.npy,1.91,195.97
img_4824.npy,1.83,194.87
img_4825.npy,1.89,133.54
img_4826.npy,2.06,139.33
img_4827.npy,2.01,193.78
img_4828.npy,1.95,196.93
img_4829.npy,2.42,200.96
img_483.npy,1.99,192.98
img_4830.npy,1.89,200.87
img_4831.npy,1.80,200.00
img_4832.npy,1.75,198.70
img_4833.npy,1.94,136.77
img_4834.npy,1.91,135.24
img_4835.npy,1.90,137.10
img_4836.npy,1.82,133.32
img_4837.npy,1.96,140.92
img_4838.npy,1.93,134.92
img_4839.npy,1.86,131.66
img_484.npy,1.90,137.64
img_4840.npy,1.95,136.84
img_4841.npy,2.04,137.22
img_4842.npy,1.88,201.77
img_4843.npy,2.01,180.87
img_4844.npy,1.75,199.24
img_4845.npy,1.84,200.42
img_4846.npy,1.91,195.07
img_4847.npy,1.83,194.22
img_4848.npy,1.80,192.86
img_4849.npy,1.81,198.67
img_485.npy,1.84,199.50
img_4850.npy,1.67,198.78
img_4851.npy,2.35,197.45
img_4852.npy,2.00,132.85
img_4853.npy,1.94,141.45
img_4854.npy,1.97,133.96
img_4855.npy,1.77,134.95
img_4856.npy,1.76,134.05
img_4857.npy,1.84,136.70
img_4858.npy,1.91,132.08
img_4859.npy,1.91,147.28
img_486.npy,1.89,138.20
img_4860.npy,1.85,135.42
img_4861.npy,1.91,134.02
img_4862.npy,1.95,143.96
img_4863.npy,1.97,140.47
img_4864.npy,1.99,135.32
img_4865.npy,1.86,197.90
img_4866.npy,1.77,197.18
img_4867.npy,1.87,134.41
img_4868.npy,1.80,133.96
img_4869.npy,1.94,134.70
img_487.npy,2.09,143.89
img_4870.npy,1.90,192.75
img_4871.npy,1.81,186.46
img_4872.npy,1.77,200.07
img_4873.npy,1.99,133.07
img_4874.npy,2.53,136.04
img_4875.npy,1.93,168.19
img_4876.npy,1.89,135.46
img_4877.npy,2.00,140.09
img_4878.npy,2.14,138.91
img_4879.npy,1.92,200.77
img_488.npy,1.93,200.04
img_4880.npy,1.93,195.41
img_4881.npy,1.94,198.96
img_4882.npy,1.93,202.61
img_4883.npy,1.92,198.65
img_4884.npy,1.95,191.67
img_4885.npy,1.79,198.21
img_4886.npy,1.84,137.32
img_4887.npy,1.95,142.14
img_4888.npy,1.89,175.48
img_4889.npy,1.92,134.72
img_489.npy,1.88,200.28
img_4890.npy,1.95,199.74
img_4891.npy,1.80,190.54
img_4892.npy,2.13,140.84
img_4893.npy,1.87,198.67
img_4894.npy,1.98,188.69
img_4895.npy,1.74,196.16
img_4896.npy,2.23,136.73
img_4897.npy,2.21,197.54
img_4898.npy,1.92,134.33
img_4899.npy,2.07,139.74
img_49.npy,1.87,199.12
img_490.npy,2.02,196.53
img_4900.npy,1.94,201.34
img_4901.npy,1.94,200.62
img_4902.npy,1.86,190.37
img_4903.npy,1.83,173.15
img_4904.npy,1.86,136.67
img_4905.npy,1.75,199.24
img_4906.npy,1.79,133.85
img_4907.npy,1.88,141.43
img_4908.npy,1.85,136.67
img_4909.npy,2.04,139.84
img_491.npy,1.91,197.73
img_4910.npy,1.94,200.19
img_4911.npy,1.82,198.06
img_4912.npy,1.91,193.39
img_4913.npy,1.92,197.88
img_4914.npy,1.77,193.26
img_4915.npy,2.02,179.18
img_4916.npy,1.91,196.62
img_4917.npy,1.93,199.30
img_4918.npy,2.05,195.73
img_4919.npy,2.50,199.44
img_492.npy,1.95,195.66
img_4920.npy,1.97,199.75
img_4921.npy,1.88,199.16
img_4922.npy,1.85,200.59
img_4923.npy,1.95,188.65
img_4924.npy,1.91,193.62
img_4925.npy,1.94,192.00
img_4926.npy,1.97,200.55
img_4927.npy,1.95,194.03
img_4928.npy,2.06,185.49
img_4929.npy,1.95,193.27
img_493.npy,1.94,198.96
img_4930.npy,1.90,197.97
img_4931.npy,1.93,194.20
img_4932.npy,1.96,193.43
img_4933.npy,1.83,194.61
img_4934.npy,1.93,200.07
img_4935.npy,1.74,191.48
img_4936.npy,1.98,140.61
img_4937.npy,1.92,132.06
img_4938.npy,1.90,138.52
img_4939.npy,1.99,138.00
img_494.npy,1.91,187.96
img_4940.npy,1.78,199.49
img_4941.npy,2.45,132.51
img_4942.npy,1.95,133.53
img_4943.npy,1.73,133.79
img_4944.npy,1.90,133.51
img_4945.npy,2.02,137.15
img_4946.npy,1.96,135.84
img_4947.npy,1.92,134.12
img_4948.npy,1.85,134.98
img_4949.npy,1.78,131.75
img_495.npy,1.83,133.54
img_4950.npy,1.84,156.94
img_4951.npy,1.79,151.72
img_4952.npy,1.82,133.46
img_4953.npy,1.94,133.11
img_4954.npy,1.92,133.52
img_4955.npy,1.99,142.96
img_4956.npy,2.07,139.14
img_4957.npy,1.94,197.31
img_4958.npy,1.92,199.50
img_4959.npy,1.99,196.52
img_496.npy,1.93,187.97
img_4960.npy,1.96,200.15
img_4961.npy,2.03,194.22
img_4962.npy,1.97,194.75
img_4963.npy,1.87,201.88
img_4964.npy,2.36,200.46
img_4965.npy,1.77,195.23
img_4966.npy,1.84,137.29
img_4967.npy,2.07,143.16
img_4968.npy,1.88,193.93
img_4969.npy,1.94,178.44
img_497.npy,1.81,200.53
img_4970.npy,1.95,133.43
img_4971.npy,1.98,134.41
img_4972.npy,1.93,137.57
img_4973.npy,1.92,156.28
img_4974.npy,1.79,196.23
img_4975.npy,1.96,135.89
img_4976.npy,2.08,134.63
img_4977.npy,1.84,193.26
img_4978.npy,1.91,194.33
img_4979.npy,1.93,200.74
img_498.npy,1.87,200.36
img_4980.npy,1.76,199.22
img_4981.npy,1.74,134.11
img_4982.npy,2.04,159.48
img_4983.npy,1.82,199.31
img_4984.npy,1.91,197.62
img_4985.npy,1.98,192.89
img_4986.npy,1.92,193.02
img_4987.npy,2.47,199.82
img_4988.npy,2.04,186.22
img_4989.npy,1.91,201.74
img_499.npy,1.94,200.79
img_4990.npy,1.91,200.36
img_4991.npy,1.94,194.04
img_4992.npy,2.05,199.05
img_4993.npy,1.86,199.36
img_4994.npy,1.83,193.89
img_4995.npy,1.92,136.75
img_4996.npy,1.87,139.61
img_4997.npy,1.98,132.93
img_4998.npy,1.82,198.39
img_4999.npy,1.88,199.11
img_5.npy,1.88,200.13
img_50.npy,1.94,139.69
img_500.npy,2.09,138.04
img_5000.npy,1.93,198.92
img_5001.npy,1.87,197.89
img_5002.npy,1.91,132.87
img_5003.npy,1.90,137.36
img_5004.npy,2.01,136.38
img_5005.npy,1.86,140.53
img_5006.npy,1.84,140.60
img_5007.npy,2.19,136.46
img_5008.npy,2.53,198.01
img_5009.npy,1.92,196.50
img_501.npy,1.77,192.91
img_5010.npy,1.91,137.62
img_5011.npy,1.94,134.62
img_5012.npy,1.96,132.57
img_5013.npy,2.03,137.35
img_5014.npy,1.90,140.64
img_5015.npy,1.81,137.95
img_5016.npy,1.83,139.59
img_5017.npy,1.90,134.33
img_5018.npy,1.88,198.68
img_5019.npy,1.96,196.26
img_502.npy,1.89,193.18
img_5020.npy,1.97,190.90
img_5021.npy,1.97,196.45
img_5022.npy,1.95,197.52
img_5023.npy,1.96,193.77
img_5024.npy,1.96,193.54
img_5025.npy,1.93,201.89
img_5026.npy,1.89,195.72
img_5027.npy,1.85,187.45
img_5028.npy,1.89,200.77
img_5029.npy,1.79,193.62
img_503.npy,1.97,136.39
img_5030.npy,2.42,136.73
img_5031.npy,1.88,131.26
img_5032.npy,1.89,132.10
img_5033.npy,1.89,137.21
img_5034.npy,1.74,138.30
img_5035.npy,2.04,138.04
img_5036.npy,1.82,196.61
img_5037.npy,1.99,192.16
img_5038.npy,1.91,192.98
img_5039.npy,1.85,189.20
img_504.npy,2.07,136.49
img_5040.npy,1.90,198.98
img_5041.npy,1.85,198.79
img_5042.npy,1.89,191.21
img_5043.npy,1.95,189.77
img_5044.npy,1.94,195.02
img_5045.npy,1.86,190.22
img_5046.npy,1.95,136.33
img_5047.npy,1.85,133.58
img_5048.npy,1.94,134.10
img_5049.npy,1.76,133.86
img_505.npy,1.80,135.84
img_5050.npy,1.89,133.67
img_5051.npy,2.05,135.86
img_5052.npy,1.66,189.13
img_5053.npy,1.98,164.93
img_5054.npy,2.24,201.02
img_5055.npy,2.11,140.60
img_5056.npy,1.89,196.13
img_5057.npy,1.77,198.42
img_5058.npy,1.68,192.82
img_5059.npy,1.89,140.00
img_506.npy,1.95,136.82
img_5060.npy,1.97,135.09
img_5061.npy,1.87,135.27
img_5062.npy,1.91,138.91
img_5063.npy,1.84,135.70
img_5064.npy,1.92,142.41
img_5065.npy,1.93,136.39
img_5066.npy,1.90,138.38
img_5067.npy,2.27,132.21
img_5068.npy,1.84,196.29
img_5069.npy,1.92,199.58
img_507.npy,1.87,194.63
img_5070.npy,1.84,135.46
img_5071.npy,1.84,139.05
img_5072.npy,1.86,133.34
img_5073.npy,1.94,132.03
img_5074.npy,1.95,135.88
img_5075.npy,1.96,135.48
img_5076.npy,1.89,134.50
img_5077.npy,2.14,139.29
img_5078.npy,1.93,132.20
img_5079.npy,1.89,134.17
img_508.npy,2.00,132.51
img_5080.npy,1.96,135.20
img_5081.npy,2.00,140.86
img_5082.npy,1.83,142.25
img_5083.npy,2.05,134.84
img_5084.npy,1.91,194.46
img_5085.npy,1.94,197.52
img_5086.npy,1.88,190.17
img_5087.npy,2.00,137.54
img_5088.npy,2.08,137.20
img_5089.npy,1.83,188.12
img_509.npy,1.94,133.48
img_5090.npy,1.97,138.10
img_5091.npy,1.75,135.55
img_5092.npy,1.80,133.96
img_5093.npy,1.89,189.95
img_5094.npy,2.06,136.69
img_5095.npy,1.96,195.29
img_5096.npy,1.93,200.12
img_5097.npy,1.86,194.98
img_5098.npy,2.09,139.23
img_5099.npy,1.90,200.33
img_51.npy,2.02,134.45
img_510.npy,1.93,133.07
img_5100.npy,1.86,133.23
img_5101.npy,1.99,135.02
img_5102.npy,1.97,134.47
img_5103.npy,1.93,139.05
img_5104.npy,1.92,135.04
img_5105.npy,1.90,132.55
img_5106.npy,1.99,138.06
img_5107.npy,1.92,133.91
img_5108.npy,2.04,141.78
img_5109.npy,2.08,134.51
img_511.npy,1.80,196.72
img_5110.npy,1.87,200.79
img_5111.npy,1.91,199.46
img_5112.npy,1.80,196.82
img_5113.npy,1.94,138.06
img_5114.npy,1.94,139.28
img_5115.npy,1.93,160.19
img_5116.npy,1.90,135.50
img_5117.npy,1.86,138.41
img_5118.npy,1.91,133.40
img_5119.npy,1.77,137.36
img_512.npy,1.86,143.91
img_5120.npy,1.98,133.77
img_5121.npy,2.53,136.41
img_5122.npy,1.87,150.88
img_5123.npy,1.96,134.68
img_5124.npy,2.14,134.12
img_5125.npy,1.85,196.54
img_5126.npy,1.74,195.13
img_5127.npy,1.97,132.66
img_5128.npy,2.14,136.37
img_5129.npy,1.86,193.89
img_513.npy,1.85,134.32
img_5130.npy,1.77,133.12
img_5131.npy,1.72,139.91
img_5132.npy,1.69,135.35
img_5133.npy,1.75,137.36
img_5134.npy,1.89,143.97
img_5135.npy,1.84,135.32
img_5136.npy,1.82,133.96
img_5137.npy,1.80,131.79
img_5138.npy,1.89,137.20
img_5139.npy,1.73,136.90
img_514.npy,1.79,131.30
img_5140.npy,1.90,135.23
img_5141.npy,1.88,135.45
img_5142.npy,1.88,137.79
img_5143.npy,1.85,138.31
img_5144.npy,1.90,133.92
img_5145.npy,2.43,133.88
img_5146.npy,1.86,134.72
img_5147.npy,1.82,136.30
img_5148.npy,1.86,139.49
img_5149.npy,1.73,134.73
img_515.npy,1.97,131.60
img_5150.npy,1.85,157.91
img_5151.npy,1.67,133.04
img_5152.npy,1.89,133.75
img_5153.npy,1.89,132.47
img_5154.npy,1.93,136.63
img_5155.npy,2.04,136.00
img_5156.npy,1.94,194.59
img_5157.npy,2.00,192.96
img_5158.npy,1.91,197.77
img_5159.npy,1.82,193.67
img_516.npy,1.97,199.19
img_5160.npy,1.95,197.41
img_5161.npy,1.66,198.24
img_5162.npy,2.08,136.98
img_5163.npy,1.83,193.39
img_5164.npy,1.96,185.33
img_5165.npy,1.95,200.77
img_5166.npy,1.87,199.23
img_5167.npy,1.78,188.81
img_5168.npy,1.99,131.79
img_5169.npy,2.41,165.28
img_517.npy,1.85,198.77
img_5170.npy,1.96,195.82
img_5171.npy,1.95,193.57
img_5172.npy,1.87,179.77
img_5173.npy,1.98,137.51
img_5174.npy,1.94,134.55
img_5175.npy,1.83,139.11
img_5176.npy,1.84,135.38
img_5177.npy,1.98,137.50
img_5178.npy,1.97,138.16
img_5179.npy,1.97,135.38
img_518.npy,1.96,133.75
img_5180.npy,2.06,150.30
img_5181.npy,1.93,130.82
img_5182.npy,1.91,134.74
img_5183.npy,1.93,137.25
img_5184.npy,1.95,138.53
img_5185.npy,2.09,138.82
img_5186.npy,1.94,190.25
img_5187.npy,1.78,195.68
img_5188.npy,1.92,131.70
img_5189.npy,1.92,133.43
img_519.npy,1.96,135.94
img_5190.npy,2.21,156.30
img_5191.npy,2.14,132.61
img_5192.npy,1.85,131.67
img_5193.npy,1.99,130.46
img_5194.npy,1.93,136.65
img_5195.npy,1.97,137.29
img_5196.npy,1.89,135.80
img_5197.npy,1.91,136.04
img_5198.npy,1.82,134.06
img_5199.npy,1.88,136.41
img_52.npy,1.93,134.75
img_520.npy,1.79,133.51
img_5200.npy,1.86,135.42
img_5201.npy,2.04,138.13
img_5202.npy,1.87,192.97
img_5203.npy,1.71,189.18
img_5204.npy,1.86,134.88
img_5205.npy,2.13,136.91
img_5206.npy,1.76,196.00
img_5207.npy,1.93,140.86
img_5208.npy,1.82,141.46
img_5209.npy,1.89,133.73
img_521.npy,1.95,139.21
img_5210.npy,1.87,138.19
img_5211.npy,1.82,132.87
img_5212.npy,2.01,137.21
img_5213.npy,2.52,200.03
img_5214.npy,1.92,197.18
img_5215.npy,1.83,199.71
img_5216.npy,1.93,196.75
img_5217.npy,1.83,198.26
img_5218.npy,1.88,201.20
img_5219.npy,1.91,193.21
img_522.npy,1.83,193.55
img_5220.npy,1.91,135.29
img_5221.npy,2.13,136.20
img_5222.npy,1.85,188.89
img_5223.npy,1.95,133.23
img_5224.npy,2.07,139.48
img_5225.npy,1.91,193.61
img_5226.npy,1.98,184.93
img_5227.npy,1.83,198.29
img_5228.npy,1.95,133.37
img_5229.npy,1.78,133.96
img_523.npy,1.92,132.62
img_5230.npy,1.99,138.33
img_5231.npy,1.79,138.45
img_5232.npy,2.08,139.36
img_5233.npy,1.96,198.16
img_5234.npy,1.97,193.18
img_5235.npy,1.96,195.73
img_5236.npy,2.47,200.21
img_5237.npy,1.87,199.04
img_5238.npy,1.94,197.42
img_5239.npy,1.90,199.81
img_524.npy,1.88,192.86
img_5240.npy,1.88,136.90
img_5241.npy,1.92,136.49
img_5242.npy,2.13,139.89
img_5243.npy,1.84,192.93
img_5244.npy,1.98,195.38
img_5245.npy,1.84,194.07
img_5246.npy,2.08,138.14
img_5247.npy,1.76,192.86
img_5248.npy,2.00,138.44
img_5249.npy,1.90,200.46
img_525.npy,1.94,197.89
img_5250.npy,1.95,199.70
img_5251.npy,1.92,191.35
img_5252.npy,1.88,199.16
img_5253.npy,1.93,190.87
img_5254.npy,1.84,190.66
img_5255.npy,1.84,190.20
img_5256.npy,1.94,195.07
img_5257.npy,1.98,191.96
img_5258.npy,2.04,188.82
img_5259.npy,2.39,201.13
img_526.npy,1.91,198.26
img_5260.npy,1.97,199.39
img_5261.npy,1.92,198.54
img_5262.npy,1.84,191.64
img_5263.npy,1.88,185.12
img_5264.npy,1.69,200.37
img_5265.npy,1.76,131.43
img_5266.npy,1.90,132.19
img_5267.npy,1.87,138.04
img_5268.npy,1.88,135.34
img_5269.npy,1.96,150.30
img_527.npy,1.94,133.95
img_5270.npy,1.88,136.68
img_5271.npy,1.94,133.38
img_5272.npy,2.06,135.18
img_5273.npy,1.84,191.52
img_5274.npy,1.82,191.57
img_5275.npy,1.99,139.23
img_5276.npy,1.95,138.43
img_5277.npy,1.91,132.30
img_5278.npy,2.04,135.51
img_5279.npy,1.87,194.72
img_528.npy,1.92,196.07
img_5280.npy,2.24,198.22
img_5281.npy,1.76,201.00
img_5282.npy,1.92,133.81
img_5283.npy,2.00,138.92
img_5284.npy,1.95,138.78
img_5285.npy,1.93,132.19
img_5286.npy,1.98,138.55
img_5287.npy,1.98,139.50
img_5288.npy,1.99,141.28
img_5289.npy,1.96,137.86
img_529.npy,1.94,199.94
img_5290.npy,1.88,198.20
img_5291.npy,1.75,190.48
img_5292.npy,1.99,137.08
img_5293.npy,1.96,136.76
img_5294.npy,1.99,138.29
img_5295.npy,1.90,188.76
img_5296.npy,1.94,194.35
img_5297.npy,2.00,193.04
img_5298.npy,1.89,200.20
img_5299.npy,1.84,189.64
img_53.npy,1.92,198.27
img_530.npy,1.75,198.09
img_5300.npy,1.86,131.64
img_5301.npy,1.85,133.40
img_5302.npy,1.88,136.62
img_5303.npy,2.02,136.41
img_5304.npy,2.47,139.02
img_5305.npy,2.06,135.25
img_5306.npy,1.86,193.77
img_5307.npy,1.83,197.84
img_5308.npy,2.00,133.63
img_5309.npy,2.00,138.12
img_531.npy,2.00,137.79
img_5310.npy,1.96,136.51
img_5311.npy,1.97,197.42
img_5312.npy,1.73,195.25
img_5313.npy,1.80,198.15
img_5314.npy,1.85,194.18
img_5315.npy,1.90,131.36
img_5316.npy,1.98,143.38
img_5317.npy,1.95,134.19
img_5318.npy,1.91,130.99
img_5319.npy,1.94,142.25
img_532.npy,1.99,134.38
img_5320.npy,2.13,138.98
img_5321.npy,1.87,197.72
img_5322.npy,1.82,196.66
img_5323.npy,1.70,195.51
img_5324.npy,1.91,136.36
img_5325.npy,2.09,142.77
img_5326.npy,2.03,179.81
img_5327.npy,2.32,197.21
img_5328.npy,1.72,191.79
img_5329.npy,1.89,135.53
img_533.npy,1.93,137.56
img_5330.npy,1.92,144.36
img_5331.npy,1.92,136.62
img_5332.npy,1.91,137.89
img_5333.npy,1.97,133.53
img_5334.npy,1.95,135.93
img_5335.npy,1.86,137.14
img_5336.npy,1.91,135.09
img_5337.npy,2.10,143.95
img_5338.npy,1.96,187.25
img_5339.npy,1.88,193.66
img_534.npy,1.83,193.80
img_5340.npy,1.93,138.24
img_5341.npy,2.07,136.61
img_5342.npy,1.91,200.52
img_5343.npy,1.96,197.38
img_5344.npy,1.92,194.75
img_5345.npy,1.94,196.16
img_5346.npy,1.86,197.13
img_5347.npy,2.25,180.18
img_5348.npy,1.78,192.46
img_5349.npy,1.98,136.90
img_535.npy,1.90,135.23
img_5350.npy,1.96,136.10
img_5351.npy,1.93,132.43
img_5352.npy,2.17,140.73
img_5353.npy,1.95,194.72
img_5354.npy,1.92,202.44
img_5355.npy,1.88,198.86
img_5356.npy,1.76,196.54
img_5357.npy,1.94,138.84
img_5358.npy,1.98,137.36
img_5359.npy,1.96,135.96
img_536.npy,1.92,135.82
img_5360.npy,1.98,140.22
img_5361.npy,2.02,133.41
img_5362.npy,1.89,133.43
img_5363.npy,1.89,138.77
img_5364.npy,1.90,134.54
img_5365.npy,1.96,143.95
img_5366.npy,1.96,136.41
img_5367.npy,1.96,135.01
img_5368.npy,1.93,137.41
img_5369.npy,1.88,143.46
img_537.npy,2.08,134.96
img_5370.npy,1.81,197.22
img_5371.npy,1.82,143.18
img_5372.npy,1.84,133.18
img_5373.npy,1.93,132.79
img_5374.npy,2.10,142.50
img_5375.npy,1.81,192.83
img_5376.npy,1.96,136.97
img_5377.npy,2.01,135.34
img_5378.npy,2.04,135.54
img_5379.npy,1.85,196.82
img_538.npy,1.85,194.73
img_5380.npy,1.94,195.00
img_5381.npy,1.77,193.57
img_5382.npy,2.15,158.72
img_5383.npy,1.98,192.74
img_5384.npy,1.99,187.97
img_5385.npy,2.08,193.71
img_5386.npy,1.82,137.79
img_5387.npy,1.95,136.43
img_5388.npy,2.02,138.04
img_5389.npy,2.02,133.18
img_539.npy,2.04,138.63
img_5390.npy,1.90,132.98
img_5391.npy,1.95,139.67
img_5392.npy,1.91,141.69
img_5393.npy,1.91,132.41
img_5394.npy,1.85,136.07
img_5395.npy,1.99,133.16
img_5396.npy,2.00,137.51
img_5397.npy,1.98,138.21
img_5398.npy,1.97,138.20
img_5399.npy,1.90,139.48
img_54.npy,1.88,136.77
img_540.npy,1.89,133.59
img_5400.npy,1.94,133.80
img_5401.npy,1.97,132.46
img_5402.npy,2.08,148.75
img_5403.npy,2.21,132.57
img_5404.npy,2.04,140.06
img_5405.npy,1.97,190.62
img_5406.npy,1.86,197.03
img_5407.npy,1.75,187.37
img_5408.npy,1.84,136.05
img_5409.npy,1.93,134.04
img_541.npy,1.97,136.44
img_5410.npy,1.90,138.38
img_5411.npy,1.93,138.16
img_5412.npy,1.70,137.45
img_5413.npy,1.79,137.51
img_5414.npy,1.88,134.00
img_5415.npy,1.95,138.44
img_5416.npy,2.00,138.73
img_5417.npy,1.94,138.62
img_5418.npy,1.87,148.78
img_5419.npy,1.97,137.19
img_542.npy,1.92,132.70
img_5420.npy,1.90,133.52
img_5421.npy,1.94,135.88
img_5422.npy,2.26,132.13
img_5423.npy,1.98,142.27
img_5424.npy,1.94,140.62
img_5425.npy,1.96,131.76
img_5426.npy,1.87,132.75
img_5427.npy,2.01,153.68
img_5428.npy,1.90,198.07
img_5429.npy,1.88,197.29
img_543.npy,1.90,194.92
img_5430.npy,1.84,195.23
img_5431.npy,1.99,190.72
img_5432.npy,1.87,197.25
img_5433.npy,1.83,199.48
img_5434.npy,1.96,196.43
img_5435.npy,1.97,196.05
img_5436.npy,1.92,135.26
img_5437.npy,1.87,135.64
img_5438.npy,1.94,136.03
img_5439.npy,1.91,135.78
img_544.npy,1.92,136.09
img_5440.npy,1.89,132.54
img_5441.npy,1.93,138.37
img_5442.npy,1.85,133.60
img_5443.npy,2.10,135.74
img_5444.npy,1.97,196.56
img_5445.npy,1.93,191.79
img_5446.npy,1.91,192.72
img_5447.npy,2.02,189.29
img_5448.npy,1.86,191.54
img_5449.npy,1.65,193.02
img_545.npy,2.11,135.64
img_5450.npy,1.84,191.76
img_5451.npy,2.02,189.60
img_5452.npy,1.94,199.49
img_5453.npy,1.80,195.43
img_5454.npy,1.98,134.24
img_5455.npy,1.81,192.09
img_5456.npy,1.97,134.86
img_5457.npy,1.91,136.13
img_5458.npy,2.07,161.89
img_5459.npy,1.83,194.89
img_546.npy,1.96,192.83
img_5460.npy,1.87,200.62
img_5461.npy,1.93,192.76
img_5462.npy,2.31,188.86
img_5463.npy,1.94,200.93
img_5464.npy,1.87,202.07
img_5465.npy,1.93,192.29
img_5466.npy,1.89,199.62
img_5467.npy,1.93,198.42
img_5468.npy,1.86,194.68
img_5469.npy,1.80,194.78
img_547.npy,1.96,186.13
img_5470.npy,1.93,199.30
img_5471.npy,1.97,194.39
img_5472.npy,1.91,192.84
img_5473.npy,1.91,193.21
img_5474.npy,1.93,191.51
img_5475.npy,1.89,196.04
img_5476.npy,1.68,189.63
img_5477.npy,1.91,139.02
img_5478.npy,1.88,140.44
img_5479.npy,1.99,138.88
img_548.npy,1.86,197.73
img_5480.npy,1.77,194.70
img_5481.npy,1.77,195.63
img_5482.npy,1.92,201.07
img_5483.npy,2.32,199.25
img_5484.npy,1.84,173.52
img_5485.npy,1.88,191.65
img_5486.npy,1.81,196.57
img_5487.npy,1.82,194.54
img_5488.npy,1.70,195.06
img_5489.npy,2.04,136.99
img_549.npy,1.89,198.00
img_5490.npy,1.96,192.96
img_5491.npy,1.76,193.35
img_5492.npy,1.73,200.86
img_5493.npy,1.91,198.43
img_5494.npy,1.91,202.17
img_5495.npy,1.86,200.82
img_5496.npy,1.81,199.84
img_5497.npy,1.72,195.45
img_5498.npy,1.92,137.04
img_5499.npy,1.96,137.95
img_55.npy,2.02,136.77
img_550.npy,1.93,197.12
img_5500.npy,1.87,195.49
img_5501.npy,1.79,198.18
img_5502.npy,1.90,133.65
img_5503.npy,2.40,140.39
img_5504.npy,1.85,192.85
img_5505.npy,1.75,187.33
img_5506.npy,1.93,139.94
img_5507.npy,2.07,140.72
img_5508.npy,2.01,198.04
img_5509.npy,1.72,192.77
img_551.npy,1.85,139.43
img_5510.npy,1.85,142.86
img_5511.npy,1.84,193.19
img_5512.npy,2.11,140.78
img_5513.npy,1.93,195.87
img_5514.npy,1.67,193.06
img_5515.npy,1.94,139.89
img_5516.npy,1.91,139.72
img_5517.npy,2.00,136.60
img_5518.npy,1.77,199.91
img_5519.npy,1.76,200.76
img_552.npy,1.99,195.22
img_5520.npy,1.94,187.29
img_5521.npy,1.86,202.04
img_5522.npy,1.88,194.95
img_5523.npy,1.83,192.47
img_5524.npy,2.28,131.75
img_5525.npy,1.79,134.30
img_5526.npy,1.66,134.49
img_5527.npy,1.81,134.49
img_5528.npy,1.88,131.66
img_5529.npy,1.93,147.01
img_553.npy,1.92,135.65
img_5530.npy,1.90,144.23
img_5531.npy,2.06,137.64
img_5532.npy,1.96,193.34
img_5533.npy,1.89,196.68
img_5534.npy,1.91,137.27
img_5535.npy,1.93,133.04
img_5536.npy,1.90,141.30
img_5537.npy,1.93,132.07
img_5538.npy,1.97,135.95
img_5539.npy,1.97,138.05
img_554.npy,1.89,139.74
img_5540.npy,1.65,131.80
img_5541.npy,1.99,134.81
img_5542.npy,1.88,188.93
img_5543.npy,2.05,142.52
img_5544.npy,2.01,190.30
img_5545.npy,2.22,197.25
img_5546.npy,1.94,196.48
img_5547.npy,1.87,198.78
img_5548.npy,1.83,196.33
img_5549.npy,1.81,194.72
img_555.npy,1.94,134.91
img_5550.npy,1.94,135.32
img_5551.npy,1.91,134.84
img_5552.npy,1.97,139.85
img_5553.npy,1.95,134.56
img_5554.npy,2.05,138.87
img_5555.npy,1.98,134.43
img_5556.npy,1.96,137.67
img_5557.npy,1.95,132.77
img_5558.npy,1.91,135.41
img_5559.npy,2.00,135.30
img_556.npy,1.95,137.21
img_5560.npy,1.83,163.86
img_5561.npy,2.05,134.43
img_5562.npy,1.85,196.88
img_5563.npy,1.90,199.16
img_5564.npy,1.89,193.90
img_5565.npy,1.74,198.00
img_5566.npy,2.31,138.60
img_5567.npy,1.76,134.75
img_5568.npy,1.87,132.90
img_5569.npy,1.95,134.99
img_557.npy,1.97,133.29
img_5570.npy,1.96,134.18
img_5571.npy,1.98,136.88
img_5572.npy,1.96,139.59
img_5573.npy,1.93,131.20
img_5574.npy,1.96,138.62
img_5575.npy,1.92,136.19
img_5576.npy,1.87,135.34
img_5577.npy,1.88,137.29
img_5578.npy,2.10,137.70
img_5579.npy,1.89,201.00
img_558.npy,1.97,192.75
img_5580.npy,1.83,199.88
img_5581.npy,1.83,133.36
img_5582.npy,2.03,139.37
img_5583.npy,1.92,199.49
img_5584.npy,1.96,192.20
img_5585.npy,1.98,192.95
img_5586.npy,1.77,194.25
img_5587.npy,2.16,201.91
img_5588.npy,1.67,200.28
img_5589.npy,1.79,133.25
img_559.npy,1.91,132.88
img_5590.npy,1.88,131.73
img_5591.npy,1.96,136.04
img_5592.npy,2.08,135.05
img_5593.npy,1.94,191.48
img_5594.npy,1.83,195.02
img_5595.npy,1.83,191.48
img_5596.npy,1.91,192.14
img_5597.npy,1.74,191.01
img_5598.npy,1.96,138.61
img_5599.npy,1.94,133.97
img_56.npy,1.95,138.89
img_560.npy,1.99,136.21
img_5600.npy,1.93,136.02
img_5601.npy,1.86,133.18
img_5602.npy,1.96,133.68
img_5603.npy,1.96,135.74
img_5604.npy,2.00,136.90
img_5605.npy,1.94,139.26
img_5606.npy,1.96,134.27
img_5607.npy,2.35,131.34
img_5608.npy,1.87,134.95
img_5609.npy,1.90,135.24
img_561.npy,2.02,135.53
img_5610.npy,1.94,195.14
img_5611.npy,2.00,196.94
img_5612.npy,1.90,196.48
img_5613.npy,1.82,192.49
img_5614.npy,1.97,135.37
img_5615.npy,1.81,133.28
img_5616.npy,1.91,141.21
img_5617.npy,1.80,135.79
img_5618.npy,2.03,134.66
img_5619.npy,1.91,196.29
img_562.npy,1.97,200.53
img_5620.npy,1.81,197.71
img_5621.npy,1.87,199.45
img_5622.npy,1.88,199.49
img_5623.npy,1.86,198.04
img_5624.npy,1.84,197.41
img_5625.npy,1.89,201.05
img_5626.npy,1.92,199.93
img_5627.npy,1.87,194.79
img_5628.npy,2.24,198.49
img_5629.npy,1.85,198.32
img_563.npy,1.89,199.45
img_5630.npy,1.89,198.46
img_5631.npy,1.91,194.52
img_5632.npy,1.70,199.63
img_5633.npy,1.75,190.32
img_5634.npy,1.92,137.32
img_5635.npy,1.90,162.45
img_5636.npy,1.91,132.74
img_5637.npy,1.75,135.22
img_5638.npy,1.93,139.26
img_5639.npy,1.87,134.86
img_564.npy,1.78,135.94
img_5640.npy,1.85,132.92
img_5641.npy,2.02,136.23
img_5642.npy,2.06,132.87
img_5643.npy,1.91,151.31
img_5644.npy,1.84,135.39
img_5645.npy,1.83,140.27
img_5646.npy,1.90,140.46
img_5647.npy,1.80,132.73
img_5648.npy,1.65,134.55
img_5649.npy,1.94,137.51
img_565.npy,2.02,132.21
img_5650.npy,1.88,132.50
img_5651.npy,1.78,134.20
img_5652.npy,1.82,134.27
img_5653.npy,2.03,135.12
img_5654.npy,1.91,136.83
img_5655.npy,1.96,138.88
img_5656.npy,1.90,134.26
img_5657.npy,1.98,135.51
img_5658.npy,1.95,138.15
img_5659.npy,1.97,134.37
img_566.npy,1.94,134.12
img_5660.npy,2.02,143.07
img_5661.npy,1.89,138.98
img_5662.npy,1.98,138.10
img_5663.npy,1.87,189.57
img_5664.npy,1.97,183.37
img_5665.npy,1.82,174.95
img_5666.npy,1.82,191.95
img_5667.npy,1.90,138.76
img_5668.npy,2.04,134.70
img_5669.npy,1.90,192.55
img_567.npy,1.92,195.98
img_5670.npy,1.99,191.37
img_5671.npy,2.45,183.85
img_5672.npy,1.67,182.34
img_5673.npy,1.98,135.24
img_5674.npy,1.95,135.29
img_5675.npy,2.01,133.71
img_5676.npy,1.84,196.85
img_5677.npy,1.80,143.12
img_5678.npy,1.93,134.69
img_5679.npy,1.79,146.21
img_568.npy,1.98,134.17
img_5680.npy,1.96,135.08
img_5681.npy,1.91,142.13
img_5682.npy,1.97,138.40
img_5683.npy,2.00,142.12
img_5684.npy,1.91,133.39
img_5685.npy,1.85,143.46
img_5686.npy,1.93,138.12
img_5687.npy,1.92,133.86
img_5688.npy,1.94,135.03
img_5689.npy,1.87,137.52
img_569.npy,1.83,135.54
img_5690.npy,1.89,135.22
img_5691.npy,1.90,131.50
img_5692.npy,2.00,137.59
img_5693.npy,2.40,137.34
img_5694.npy,1.90,141.23
img_5695.npy,1.81,135.05
img_5696.npy,1.99,139.42
img_5697.npy,1.95,134.36
img_5698.npy,1.86,131.22
img_5699.npy,1.87,165.86
img_57.npy,1.92,132.68
img_570.npy,1.95,135.07
img_5700.npy,1.83,134.23
img_5701.npy,1.88,133.39
img_5702.npy,1.94,133.18
img_5703.npy,1.94,136.43
img_5704.npy,2.16,136.53
img_5705.npy,1.89,194.91
img_5706.npy,1.97,197.02
img_5707.npy,1.90,197.80
img_5708.npy,1.74,197.20
img_5709.npy,1.99,133.97
img_571.npy,1.93,135.62
img_5710.npy,1.85,142.25
img_5711.npy,1.93,136.92
img_5712.npy,1.99,138.87
img_5713.npy,2.39,132.49
img_5714.npy,2.01,144.81
img_5715.npy,1.88,133.16
img_5716.npy,1.89,133.80
img_5717.npy,1.89,131.79
img_5718.npy,1.98,134.55
img_5719.npy,1.92,135.66
img_572.npy,1.88,134.15
img_5720.npy,1.92,139.64
img_5721.npy,1.91,138.81
img_5722.npy,1.89,134.97
img_5723.npy,1.98,133.88
img_5724.npy,1.96,140.45
img_5725.npy,1.89,134.63
img_5726.npy,1.90,131.05
img_5727.npy,1.89,135.28
img_5728.npy,1.99,136.89
img_5729.npy,1.86,134.00
img_573.npy,1.92,136.02
img_5730.npy,1.94,136.06
img_5731.npy,2.04,136.29
img_5732.npy,1.88,186.85
img_5733.npy,1.75,199.54
img_5734.npy,1.98,133.73
img_5735.npy,2.33,133.95
img_5736.npy,2.08,132.67
img_5737.npy,1.96,198.91
img_5738.npy,1.92,202.00
img_5739.npy,1.85,195.30
img_574.npy,1.90,134.10
img_5740.npy,1.89,140.27
img_5741.npy,1.89,135.22
img_5742.npy,1.97,142.54
img_5743.npy,1.91,133.70
img_5744.npy,1.78,134.28
img_5745.npy,1.94,136.05
img_5746.npy,1.92,134.10
img_5747.npy,2.05,139.84
img_5748.npy,1.87,196.08
img_5749.npy,2.04,139.79
img_575.npy,1.88,131.93
img_5750.npy,2.06,133.88
img_5751.npy,1.81,199.00
img_5752.npy,1.98,141.31
img_5753.npy,2.03,140.29
img_5754.npy,1.98,197.62
img_5755.npy,2.19,198.97
img_5756.npy,1.81,199.35
img_5757.npy,2.05,132.57
img_5758.npy,1.90,200.41
img_5759.npy,1.96,200.72
img_576.npy,1.98,198.04
img_5760.npy,2.00,197.80
img_5761.npy,1.95,195.00
img_5762.npy,1.94,196.44
img_5763.npy,1.95,198.71
img_5764.npy,1.79,198.29
img_5765.npy,2.07,135.11
img_5766.npy,1.88,198.93
img_5767.npy,1.86,197.89
img_5768.npy,2.03,199.89
img_5769.npy,1.78,196.91
img_577.npy,1.98,134.71
img_5770.npy,1.79,133.58
img_5771.npy,1.89,133.24
img_5772.npy,1.90,131.33
img_5773.npy,1.83,138.06
img_5774.npy,1.96,136.00
img_5775.npy,1.97,136.98
img_5776.npy,1.88,142.23
img_5777.npy,1.97,136.79
img_5778.npy,1.82,135.85
img_5779.npy,2.29,132.98
img_578.npy,1.94,134.59
img_5780.npy,1.98,133.32
img_5781.npy,2.03,159.41
img_5782.npy,1.94,200.36
img_5783.npy,1.95,197.95
img_5784.npy,1.97,194.16
img_5785.npy,1.67,189.36
img_5786.npy,1.89,138.47
img_5787.npy,1.96,134.61
img_5788.npy,1.92,132.78
img_5789.npy,1.92,137.07
img_579.npy,1.88,133.98
img_5790.npy,2.04,134.30
img_5791.npy,1.92,190.37
img_5792.npy,1.86,200.51
img_5793.npy,1.96,196.12
img_5794.npy,1.94,192.55
img_5795.npy,1.98,189.34
img_5796.npy,1.93,198.84
img_5797.npy,1.78,199.33
img_5798.npy,1.81,194.00
img_5799.npy,1.90,200.43
img_58.npy,1.98,193.56
img_580.npy,2.43,191.32
img_5800.npy,1.93,195.21
img_5801.npy,1.86,193.73
img_5802.npy,1.84,132.60
img_5803.npy,1.97,132.56
img_5804.npy,1.95,138.49
img_5805.npy,1.85,192.70
img_5806.npy,1.88,195.89
img_5807.npy,1.84,188.46
img_5808.npy,1.93,137.97
img_5809.npy,1.94,133.30
img_581.npy,1.92,133.73
img_5810.npy,1.92,133.62
img_5811.npy,1.73,133.31
img_5812.npy,2.18,141.76
img_5813.npy,1.91,200.98
img_5814.npy,1.82,193.23
img_5815.npy,1.96,136.08
img_5816.npy,1.95,134.23
img_5817.npy,1.86,132.75
img_5818.npy,1.95,134.70
img_5819.npy,1.83,139.67
img_582.npy,1.82,133.27
img_5820.npy,2.01,130.54
img_5821.npy,2.16,190.59
img_5822.npy,1.95,136.19
img_5823.npy,1.93,132.80
img_5824.npy,1.92,134.46
img_5825.npy,1.98,134.71
img_5826.npy,1.93,131.28
img_5827.npy,1.86,137.04
img_5828.npy,1.99,132.77
img_5829.npy,2.12,131.72
img_583.npy,1.94,194.04
img_5830.npy,2.01,188.88
img_5831.npy,1.81,193.79
img_5832.npy,1.99,138.53
img_5833.npy,2.00,140.61
img_5834.npy,2.00,132.41
img_5835.npy,1.94,198.13
img_5836.npy,1.73,192.49
img_5837.npy,1.86,133.32
img_5838.npy,2.05,136.37
img_5839.npy,1.97,135.59
img_584.npy,1.98,134.53
img_5840.npy,1.94,134.75
img_5841.npy,1.75,133.82
img_5842.npy,2.27,135.92
img_5843.npy,2.27,191.10
img_5844.npy,1.89,201.68
img_5845.npy,1.94,194.75
img_5846.npy,1.92,197.62
img_5847.npy,1.85,196.38
img_5848.npy,1.91,132.34
img_5849.npy,2.00,139.30
img_585.npy,1.94,133.45
img_5850.npy,2.05,139.86
img_5851.npy,1.93,191.43
img_5852.npy,1.88,200.89
img_5853.npy,1.87,197.16
img_5854.npy,1.86,200.07
img_5855.npy,1.90,197.19
img_5856.npy,1.92,195.35
img_5857.npy,1.82,197.08
img_5858.npy,1.89,199.62
img_5859.npy,1.81,197.27
img_586.npy,1.90,136.81
img_5860.npy,1.89,132.75
img_5861.npy,2.12,133.83
img_5862.npy,1.73,199.16
img_5863.npy,1.88,132.51
img_5864.npy,1.80,137.83
img_5865.npy,2.45,139.34
img_5866.npy,2.01,150.98
img_5867.npy,1.94,132.34
img_5868.npy,1.89,134.17
img_5869.npy,1.98,135.38
img_587.npy,1.94,134.82
img_5870.npy,1.95,133.19
img_5871.npy,1.90,138.70
img_5872.npy,1.92,138.18
img_5873.npy,1.97,138.52
img_5874.npy,1.92,133.92
img_5875.npy,1.93,134.36
img_5876.npy,2.00,139.46
img_5877.npy,1.88,134.06
img_5878.npy,2.04,137.77
img_5879.npy,1.96,134.67
img_588.npy,2.07,133.64
img_5880.npy,1.85,200.18
img_5881.npy,1.97,136.09
img_5882.npy,2.00,132.91
img_5883.npy,1.94,136.06
img_5884.npy,1.95,140.12
img_5885.npy,1.94,135.41
img_5886.npy,2.46,134.55
img_5887.npy,2.15,170.25
img_5888.npy,1.81,200.21
img_5889.npy,1.83,199.71
img_589.npy,1.82,201.50
img_5890.npy,1.93,202.09
img_5891.npy,1.76,202.38
img_5892.npy,1.82,200.26
img_5893.npy,1.85,197.98
img_5894.npy,1.88,199.42
img_5895.npy,1.98,197.68
img_5896.npy,1.77,193.64
img_5897.npy,2.01,133.73
img_5898.npy,1.88,137.12
img_5899.npy,1.93,137.19
img_59.npy,1.98,134.48
img_590.npy,1.91,138.58
img_5900.npy,1.93,135.49
img_5901.npy,1.84,142.34
img_5902.npy,1.87,131.59
img_5903.npy,1.92,135.35
img_5904.npy,1.90,132.24
img_5905.npy,2.11,136.08
img_5906.npy,1.74,201.45
img_5907.npy,2.37,133.66
img_5908.npy,1.99,135.22
img_5909.npy,1.92,139.20
img_591.npy,1.77,134.61
img_5910.npy,1.88,134.52
img_5911.npy,1.70,134.88
img_5912.npy,2.00,133.30
img_5913.npy,1.91,133.27
img_5914.npy,1.83,140.27
img_5915.npy,1.97,133.18
img_5916.npy,1.86,132.04
img_5917.npy,1.91,135.31
img_5918.npy,1.98,134.08
img_5919.npy,1.90,200.46
img_592.npy,1.94,197.94
img_5920.npy,1.98,192.33
img_5921.npy,2.09,200.73
img_5922.npy,1.76,200.79
img_5923.npy,1.89,196.49
img_5924.npy,1.92,199.42
img_5925.npy,1.87,202.48
img_5926.npy,1.98,195.40
img_5927.npy,1.88,199.95
img_5928.npy,1.79,202.17
img_5929.npy,2.02,135.18
img_593.npy,2.14,134.29
img_5930.npy,1.83,192.37
img_5931.npy,1.86,141.12
img_5932.npy,2.03,136.00
img_5933.npy,1.92,134.08
img_5934.npy,1.89,136.69
img_5935.npy,1.94,137.31
img_5936.npy,1.90,133.41
img_5937.npy,1.90,134.97
img_5938.npy,2.03,133.08
img_5939.npy,1.72,196.31
img_594.npy,2.01,157.76
img_5940.npy,1.94,188.76
img_5941.npy,1.81,198.70
img_5942.npy,1.82,133.46
img_5943.npy,1.87,135.27
img_5944.npy,1.79,135.89
img_5945.npy,1.89,141.91
img_5946.npy,1.86,138.49
img_5947.npy,1.90,138.64
img_5948.npy,2.00,137.13
img_5949.npy,1.93,132.11
img_595.npy,1.93,135.46
img_5950.npy,1.82,136.31
img_5951.npy,1.92,140.30
img_5952.npy,2.35,138.78
img_5953.npy,1.96,155.75
img_5954.npy,1.92,136.41
img_5955.npy,1.96,132.66
img_5956.npy,1.94,134.52
img_5957.npy,1.80,133.32
img_5958.npy,2.15,136.20
img_5959.npy,1.98,198.44
img_596.npy,1.95,188.96
img_5960.npy,1.89,200.50
img_5961.npy,1.90,197.60
img_5962.npy,1.85,197.70
img_5963.npy,2.00,200.16
img_5964.npy,1.67,196.60
img_5965.npy,1.91,135.35
img_5966.npy,1.94,138.54
img_5967.npy,2.03,136.51
img_5968.npy,1.75,201.48
img_5969.npy,1.94,134.99
img_597.npy,2.12,135.52
img_5970.npy,1.78,199.82
img_5971.npy,2.02,138.11
img_5972.npy,1.96,136.27
img_5973.npy,2.15,138.86
img_5974.npy,2.02,139.84
img_5975.npy,2.07,137.96
img_5976.npy,1.96,200.17
img_5977.npy,1.81,196.30
img_5978.npy,1.98,199.15
img_5979.npy,1.82,197.82
img_598.npy,1.95,136.14
img_5980.npy,1.95,138.44
img_5981.npy,1.91,134.17
img_5982.npy,1.96,136.30
img_5983.npy,1.98,138.83
img_5984.npy,1.92,134.21
img_5985.npy,1.95,140.21
img_5986.npy,1.93,133.23
img_5987.npy,1.83,134.41
img_5988.npy,1.84,134.09
img_5989.npy,1.85,134.85
img_599.npy,1.94,139.21
img_5990.npy,1.96,137.92
img_5991.npy,1.85,134.56
img_5992.npy,2.02,141.82
img_5993.npy,1.97,192.84
img_5994.npy,1.89,199.73
img_5995.npy,1.87,200.02
img_5996.npy,2.24,190.14
img_5997.npy,1.95,200.14
img_5998.npy,1.87,134.47
img_5999.npy,2.01,138.81
img_6.npy,1.89,137.89
img_60.npy,1.73,131.46
img_600.npy,1.83,145.21
img_6000.npy,1.72,132.04
img_6001.npy,1.74,133.86
img_6002.npy,1.84,134.43
img_6003.npy,1.94,148.62
img_6004.npy,1.95,136.36
img_6005.npy,1.91,136.60
img_6006.npy,1.97,137.57
img_6007.npy,1.93,136.46
img_6008.npy,1.94,138.36
img_6009.npy,1.92,135.66
img_601.npy,2.05,135.28
img_6010.npy,1.97,193.71
img_6011.npy,1.98,194.41
img_6012.npy,1.82,194.41
img_6013.npy,2.01,135.50
img_6014.npy,1.90,139.93
img_6015.npy,2.01,133.39
img_6016.npy,1.89,194.42
img_6017.npy,2.33,182.62
img_6018.npy,1.93,197.38
img_6019.npy,1.91,198.17
img_602.npy,1.93,197.90
img_6020.npy,1.78,193.92
img_6021.npy,1.86,133.56
img_6022.npy,1.90,138.41
img_6023.npy,1.98,139.95
img_6024.npy,1.87,131.81
img_6025.npy,1.78,133.89
img_6026.npy,2.13,139.73
img_6027.npy,1.93,199.44
img_6028.npy,1.90,194.63
img_6029.npy,1.99,191.30
img_603.npy,1.97,199.70
img_6030.npy,1.89,193.87
img_6031.npy,1.92,198.62
img_6032.npy,1.90,195.75
img_6033.npy,1.87,191.65
img_6034.npy,2.08,135.48
img_6035.npy,1.98,201.18
img_6036.npy,1.89,199.91
img_6037.npy,1.90,200.14
img_6038.npy,1.88,198.58
img_6039.npy,2.46,200.50
img_604.npy,1.95,201.39
img_6040.npy,1.90,198.27
img_6041.npy,1.84,197.73
img_6042.npy,1.80,199.04
img_6043.npy,2.04,134.65
img_6044.npy,1.87,201.00
img_6045.npy,1.91,202.36
img_6046.npy,1.95,194.54
img_6047.npy,1.76,197.61
img_6048.npy,1.91,193.95
img_6049.npy,2.05,188.90
img_605.npy,1.92,198.51
img_6050.npy,1.71,197.12
img_6051.npy,1.95,162.44
img_6052.npy,1.95,136.20
img_6053.npy,1.94,135.67
img_6054.npy,1.96,135.88
img_6055.npy,1.96,138.77
img_6056.npy,2.04,134.18
img_6057.npy,1.86,198.39
img_6058.npy,1.79,197.47
img_6059.npy,1.91,199.23
img_606.npy,1.84,194.09
img_6060.npy,1.91,175.87
img_6061.npy,2.35,133.08
img_6062.npy,1.98,133.79
img_6063.npy,1.98,132.22
img_6064.npy,1.84,194.02
img_6065.npy,1.98,196.95
img_6066.npy,1.81,200.06
img_6067.npy,1.91,134.12
img_6068.npy,1.89,139.22
img_6069.npy,2.02,138.79
img_607.npy,1.80,192.87
img_6070.npy,1.92,198.80
img_6071.npy,1.89,199.96
img_6072.npy,1.89,198.74
img_6073.npy,1.91,193.57
img_6074.npy,1.98,191.72
img_6075.npy,1.89,198.52
img_6076.npy,1.78,200.38
img_6077.npy,1.90,133.69
img_6078.npy,1.85,137.45
img_6079.npy,1.95,134.29
img_608.npy,1.89,130.71
img_6080.npy,1.80,162.64
img_6081.npy,1.93,133.88
img_6082.npy,1.90,133.61
img_6083.npy,2.41,133.01
img_6084.npy,2.01,144.91
img_6085.npy,1.85,131.29
img_6086.npy,1.90,134.82
img_6087.npy,1.84,132.44
img_6088.npy,1.78,135.66
img_6089.npy,1.94,131.73
img_609.npy,1.93,134.45
img_6090.npy,1.96,134.63
img_6091.npy,1.97,135.43
img_6092.npy,1.75,136.16
img_6093.npy,1.91,146.82
img_6094.npy,2.10,141.05
img_6095.npy,1.90,200.93
img_6096.npy,1.95,195.65
img_6097.npy,1.79,199.98
img_6098.npy,1.96,137.50
img_6099.npy,1.93,137.43
img_61.npy,1.96,136.27
img_610.npy,1.98,134.93
img_6100.npy,1.93,140.56
img_6101.npy,1.97,134.62
img_6102.npy,1.80,130.24
img_6103.npy,2.02,134.60
img_6104.npy,2.44,131.33
img_6105.npy,1.76,185.25
img_6106.npy,1.87,135.63
img_6107.npy,2.00,134.78
img_6108.npy,2.11,135.39
img_6109.npy,1.91,198.34
img_611.npy,1.80,200.14
img_6110.npy,1.83,200.38
img_6111.npy,1.88,197.16
img_6112.npy,2.00,197.64
img_6113.npy,1.78,195.59
img_6114.npy,1.93,138.23
img_6115.npy,1.93,190.65
img_6116.npy,1.74,196.36
img_6117.npy,1.90,136.24
img_6118.npy,1.91,135.64
img_6119.npy,1.91,133.19
img_612.npy,1.84,135.41
img_6120.npy,2.13,134.99
img_6121.npy,1.92,200.67
img_6122.npy,1.97,192.83
img_6123.npy,1.93,200.83
img_6124.npy,1.96,198.32
img_6125.npy,1.92,200.00
img_6126.npy,1.86,198.83
img_6127.npy,2.38,196.17
img_6128.npy,1.90,185.55
img_6129.npy,1.93,130.93
img_613.npy,1.83,135.00
img_6130.npy,1.85,133.58
img_6131.npy,1.97,139.04
img_6132.npy,1.90,133.45
img_6133.npy,2.13,133.52
img_6134.npy,1.81,198.82
img_6135.npy,1.84,133.88
img_6136.npy,1.93,140.43
img_6137.npy,1.79,140.40
img_6138.npy,1.94,138.82
img_6139.npy,2.05,135.68
img_614.npy,1.89,193.12
img_6140.npy,1.85,200.19
img_6141.npy,1.96,191.30
img_6142.npy,1.95,181.48
img_6143.npy,1.97,199.57
img_6144.npy,1.96,199.67
img_6145.npy,1.85,197.40
img_6146.npy,1.90,198.88
img_6147.npy,2.00,188.88
img_6148.npy,1.97,194.72
img_6149.npy,1.81,196.53
img_615.npy,2.48,135.18
img_6150.npy,1.88,135.52
img_6151.npy,1.96,134.59
img_6152.npy,1.92,136.86
img_6153.npy,2.17,128.64
img_6154.npy,1.91,136.05
img_6155.npy,1.95,137.90
img_6156.npy,2.14,133.48
img_6157.npy,1.95,188.24
img_6158.npy,1.85,196.39
img_6159.npy,1.81,133.26
img_616.npy,1.88,135.77
img_6160.npy,1.88,132.83
img_6161.npy,1.94,141.19
img_6162.npy,1.75,134.52
img_6163.npy,1.91,139.06
img_6164.npy,1.94,136.07
img_6165.npy,1.90,132.82
img_6166.npy,2.05,135.09
img_6167.npy,1.86,192.85
img_6168.npy,1.84,132.50
img_6169.npy,2.03,142.84
img_617.npy,1.94,134.86
img_6170.npy,1.90,138.17
img_6171.npy,2.43,138.69
img_6172.npy,1.93,135.80
img_6173.npy,1.95,138.65
img_6174.npy,1.92,137.80
img_6175.npy,1.92,136.80
img_6176.npy,1.95,134.16
img_6177.npy,2.13,138.19
img_6178.npy,1.96,200.42
img_6179.npy,1.93,199.84
img_618.npy,1.93,192.84
img_6180.npy,1.91,198.81
img_6181.npy,1.70,195.21
img_6182.npy,1.82,194.80
img_6183.npy,1.84,192.77
img_6184.npy,1.77,193.85
img_6185.npy,1.81,140.84
img_6186.npy,1.89,145.86
img_6187.npy,1.96,139.56
img_6188.npy,1.97,142.09
img_6189.npy,1.95,138.83
img_619.npy,1.96,132.91
img_6190.npy,1.95,139.45
img_6191.npy,1.80,194.04
img_6192.npy,1.83,134.75
img_6193.npy,1.89,135.93
img_6194.npy,2.00,138.93
img_6195.npy,2.11,137.06
img_6196.npy,1.91,195.41
img_6197.npy,1.91,187.57
img_6198.npy,1.80,193.75
img_6199.npy,2.17,141.97
img_62.npy,1.93,200.46
img_620.npy,1.98,201.21
img_6200.npy,1.93,195.95
img_6201.npy,1.89,195.80
img_6202.npy,1.83,199.49
img_6203.npy,1.87,138.40
img_6204.npy,1.87,137.75
img_6205.npy,1.97,133.48
img_6206.npy,2.01,137.97
img_6207.npy,1.95,135.37
img_6208.npy,2.00,140.77
img_6209.npy,1.92,133.86
img_621.npy,1.92,140.16
img_6210.npy,1.94,134.95
img_6211.npy,1.82,198.16
img_6212.npy,1.94,194.85
img_6213.npy,1.78,199.96
img_6214.npy,2.01,145.05
img_6215.npy,2.41,133.83
img_6216.npy,1.87,142.95
img_6217.npy,1.85,131.62
img_6218.npy,1.89,139.28
img_6219.npy,1.90,135.67
img_622.npy,1.87,136.71
img_6220.npy,2.08,138.52
img_6221.npy,1.95,190.83
img_6222.npy,1.86,200.16
img_6223.npy,1.97,198.99
img_6224.npy,1.90,187.26
img_6225.npy,1.88,200.03
img_6226.npy,1.87,193.54
img_6227.npy,1.69,189.25
img_6228.npy,1.73,198.42
img_6229.npy,1.95,132.97
img_623.npy,1.92,134.14
img_6230.npy,1.92,137.11
img_6231.npy,1.93,136.61
img_6232.npy,1.98,132.73
img_6233.npy,1.94,134.72
img_6234.npy,1.98,139.39
img_6235.npy,1.90,135.50
img_6236.npy,1.88,138.63
img_6237.npy,2.17,135.74
img_6238.npy,1.96,132.29
img_6239.npy,2.02,143.49
img_624.npy,2.03,196.10
img_6240.npy,1.93,199.45
img_6241.npy,1.92,182.01
img_6242.npy,1.90,146.33
img_6243.npy,1.92,134.25
img_6244.npy,1.95,138.10
img_6245.npy,2.03,141.66
img_6246.npy,1.92,136.96
img_6247.npy,1.88,144.95
img_6248.npy,1.99,134.12
img_6249.npy,1.77,138.93
img_625.npy,1.91,132.52
img_6250.npy,1.91,132.89
img_6251.npy,1.90,139.78
img_6252.npy,1.85,141.48
img_6253.npy,1.93,134.55
img_6254.npy,1.97,135.70
img_6255.npy,1.91,133.68
img_6256.npy,2.10,133.80
img_6257.npy,1.88,198.15
img_6258.npy,1.95,200.32
img_6259.npy,1.94,196.48
img_626.npy,2.36,196.79
img_6260.npy,1.94,202.11
img_6261.npy,1.86,197.68
img_6262.npy,1.92,200.71
img_6263.npy,1.89,198.80
img_6264.npy,1.84,199.68
img_6265.npy,1.88,198.66
img_6266.npy,1.91,191.54
img_6267.npy,1.90,186.07
img_6268.npy,1.94,193.82
img_6269.npy,1.89,198.66
img_627.npy,1.99,196.25
img_6270.npy,1.82,189.54
img_6271.npy,1.82,198.73
img_6272.npy,1.97,135.08
img_6273.npy,1.82,138.23
img_6274.npy,2.02,140.55
img_6275.npy,1.96,193.44
img_6276.npy,1.92,198.29
img_6277.npy,1.77,198.84
img_6278.npy,1.87,134.30
img_6279.npy,2.06,133.25
img_628.npy,1.85,196.36
img_6280.npy,1.81,199.46
img_6281.npy,1.69,199.54
img_6282.npy,2.40,134.93
img_6283.npy,1.96,148.14
img_6284.npy,2.00,144.28
img_6285.npy,2.15,139.87
img_6286.npy,1.84,198.56
img_6287.npy,1.98,137.02
img_6288.npy,1.95,135.84
img_6289.npy,2.08,137.74
img_629.npy,2.01,133.15
img_6290.npy,1.91,199.30
img_6291.npy,1.94,200.60
img_6292.npy,1.92,199.49
img_6293.npy,1.96,199.93
img_6294.npy,1.90,197.27
img_6295.npy,1.78,200.62
img_6296.npy,1.95,194.68
img_6297.npy,2.00,183.08
img_6298.npy,1.97,196.75
img_6299.npy,1.81,192.02
img_63.npy,1.88,134.86
img_630.npy,1.88,139.85
img_6300.npy,1.95,136.09
img_6301.npy,1.87,136.34
img_6302.npy,1.88,132.61
img_6303.npy,2.25,167.88
img_6304.npy,1.95,199.00
img_6305.npy,1.87,192.27
img_6306.npy,1.84,193.04
img_6307.npy,1.84,192.73
img_6308.npy,1.86,196.78
img_6309.npy,1.80,200.67
img_631.npy,1.92,199.68
img_6310.npy,1.87,202.02
img_6311.npy,1.89,200.58
img_6312.npy,1.94,194.84
img_6313.npy,1.96,196.39
img_6314.npy,1.91,192.70
img_6315.npy,1.87,196.60
img_6316.npy,1.89,199.77
img_6317.npy,1.85,199.12
img_6318.npy,1.90,200.06
img_6319.npy,1.96,196.33
img_632.npy,1.91,195.96
img_6320.npy,1.87,186.87
img_6321.npy,1.69,189.54
img_6322.npy,1.95,163.28
img_6323.npy,1.75,196.19
img_6324.npy,1.86,137.62
img_6325.npy,2.34,133.34
img_6326.npy,1.88,131.92
img_6327.npy,2.01,138.02
img_6328.npy,1.90,137.53
img_6329.npy,2.01,137.59
img_633.npy,1.91,199.24
img_6330.npy,1.89,194.75
img_6331.npy,1.93,198.38
img_6332.npy,1.97,193.87
img_6333.npy,1.91,199.67
img_6334.npy,1.77,194.38
img_6335.npy,2.08,138.86
img_6336.npy,1.67,196.25
img_6337.npy,1.92,133.29
img_6338.npy,1.71,194.55
img_6339.npy,1.90,135.04
img_634.npy,1.91,133.76
img_6340.npy,2.00,139.29
img_6341.npy,1.92,136.82
img_6342.npy,1.92,135.93
img_6343.npy,1.90,133.71
img_6344.npy,1.93,135.12
img_6345.npy,1.99,138.05
img_6346.npy,2.03,134.05
img_6347.npy,2.19,189.46
img_6348.npy,1.94,200.98
img_6349.npy,1.78,191.91
img_635.npy,1.93,135.29
img_6350.npy,1.87,137.61
img_6351.npy,1.83,192.99
img_6352.npy,1.74,195.66
img_6353.npy,1.94,138.11
img_6354.npy,1.86,135.66
img_6355.npy,1.89,154.42
img_6356.npy,2.06,136.08
img_6357.npy,1.83,201.08
img_6358.npy,1.82,194.47
img_6359.npy,1.74,195.20
img_636.npy,1.81,202.29
img_6360.npy,1.89,198.19
img_6361.npy,1.77,196.46
img_6362.npy,1.87,192.96
img_6363.npy,1.75,194.66
img_6364.npy,1.91,134.96
img_6365.npy,1.81,143.71
img_6366.npy,1.87,135.39
img_6367.npy,1.85,132.91
img_6368.npy,1.86,140.32
img_6369.npy,2.31,139.32
img_637.npy,1.86,135.27
img_6370.npy,1.99,136.46
img_6371.npy,1.96,197.73
img_6372.npy,1.95,198.33
img_6373.npy,1.84,186.65
img_6374.npy,1.97,142.74
img_6375.npy,1.75,138.83
img_6376.npy,1.89,134.77
img_6377.npy,1.84,135.87
img_6378.npy,1.98,134.39
img_6379.npy,1.91,134.87
img_638.npy,1.94,132.22
img_6380.npy,1.75,198.35
img_6381.npy,1.87,143.13
img_6382.npy,2.02,133.11
img_6383.npy,1.90,193.73
img_6384.npy,1.84,200.47
img_6385.npy,1.93,189.75
img_6386.npy,1.80,198.78
img_6387.npy,1.78,199.48
img_6388.npy,1.97,194.13
img_6389.npy,1.83,192.53
img_639.npy,1.86,195.11
img_6390.npy,2.44,198.96
img_6391.npy,1.86,198.61
img_6392.npy,1.78,200.05
img_6393.npy,1.88,132.75
img_6394.npy,1.92,134.36
img_6395.npy,1.83,196.49
img_6396.npy,1.88,195.46
img_6397.npy,1.89,197.41
img_6398.npy,1.93,193.57
img_6399.npy,1.93,199.72
img_64.npy,1.96,198.40
img_640.npy,1.73,197.82
img_6400.npy,1.70,191.33
img_6401.npy,1.80,138.94
img_6402.npy,1.96,134.28
img_6403.npy,1.99,136.05
img_6404.npy,2.08,139.98
img_6405.npy,1.84,199.71
img_6406.npy,1.71,201.56
img_6407.npy,1.85,139.89
img_6408.npy,1.79,133.66
img_6409.npy,1.87,133.58
img_641.npy,1.92,135.31
img_6410.npy,1.82,133.07
img_6411.npy,2.44,134.37
img_6412.npy,1.93,132.58
img_6413.npy,1.91,139.71
img_6414.npy,1.98,136.20
img_6415.npy,1.86,135.12
img_6416.npy,2.00,137.98
img_6417.npy,1.92,133.80
img_6418.npy,1.91,134.74
img_6419.npy,1.95,135.25
img_642.npy,1.91,135.56
img_6420.npy,1.85,147.88
img_6421.npy,1.96,137.39
img_6422.npy,2.10,135.77
img_6423.npy,1.93,196.54
img_6424.npy,1.87,200.98
img_6425.npy,1.90,195.99
img_6426.npy,1.97,193.10
img_6427.npy,1.97,196.17
img_6428.npy,1.81,193.68
img_6429.npy,1.91,130.06
img_643.npy,1.86,133.70
img_6430.npy,1.94,199.02
img_6431.npy,1.73,198.38
img_6432.npy,2.26,134.51
img_6433.npy,1.90,134.71
img_6434.npy,1.97,135.13
img_6435.npy,1.95,138.98
img_6436.npy,1.87,147.04
img_6437.npy,2.04,139.55
img_6438.npy,2.03,135.80
img_6439.npy,1.92,138.73
img_644.npy,1.99,136.57
img_6440.npy,1.97,141.54
img_6441.npy,2.01,132.54
img_6442.npy,1.93,189.93
img_6443.npy,1.80,199.27
img_6444.npy,1.94,199.50
img_6445.npy,1.95,200.07
img_6446.npy,1.89,200.17
img_6447.npy,1.90,192.06
img_6448.npy,1.94,184.59
img_6449.npy,1.87,196.69
img_645.npy,1.87,194.32
img_6450.npy,1.86,195.37
img_6451.npy,1.99,133.26
img_6452.npy,1.88,145.65
img_6453.npy,1.91,136.07
img_6454.npy,2.00,140.36
img_6455.npy,2.25,132.84
img_6456.npy,1.90,138.91
img_6457.npy,1.90,138.41
img_6458.npy,2.20,137.77
img_6459.npy,1.92,194.49
img_646.npy,1.97,193.02
img_6460.npy,1.80,193.28
img_6461.npy,1.92,140.97
img_6462.npy,1.92,135.45
img_6463.npy,1.94,138.46
img_6464.npy,1.85,141.36
img_6465.npy,1.95,141.47
img_6466.npy,1.93,138.30
img_6467.npy,2.05,137.24
img_6468.npy,2.12,200.03
img_6469.npy,1.79,200.11
img_647.npy,1.88,133.12
img_6470.npy,1.82,136.55
img_6471.npy,1.98,131.89
img_6472.npy,1.93,134.48
img_6473.npy,2.08,139.07
img_6474.npy,2.02,198.84
img_6475.npy,1.85,199.64
img_6476.npy,1.88,188.43
img_6477.npy,1.86,154.72
img_6478.npy,1.85,139.83
img_6479.npy,1.87,135.03
img_648.npy,1.86,130.85
img_6480.npy,1.88,132.82
img_6481.npy,1.91,133.17
img_6482.npy,1.98,141.63
img_6483.npy,1.96,136.47
img_6484.npy,2.07,136.01
img_6485.npy,1.97,195.11
img_6486.npy,1.88,199.43
img_6487.npy,1.90,199.64
img_6488.npy,2.01,190.28
img_6489.npy,1.99,187.66
img_649.npy,2.00,192.11
img_6490.npy,1.91,199.94
img_6491.npy,1.93,197.02
img_6492.npy,1.85,198.19
img_6493.npy,1.95,200.38
img_6494.npy,2.00,197.25
img_6495.npy,1.93,186.34
img_6496.npy,1.94,196.62
img_6497.npy,1.92,193.94
img_6498.npy,2.26,200.94
img_6499.npy,2.17,200.12
img_65.npy,1.82,200.82
img_650.npy,1.80,198.03
img_6500.npy,1.95,197.65
img_6501.npy,1.91,188.47
img_6502.npy,1.91,188.25
img_6503.npy,1.97,196.75
img_6504.npy,1.93,192.68
img_6505.npy,1.72,199.20
img_6506.npy,2.01,145.30
img_6507.npy,1.92,136.45
img_6508.npy,2.09,133.68
img_6509.npy,1.82,199.80
img_651.npy,1.79,194.28
img_6510.npy,1.76,194.84
img_6511.npy,1.89,195.04
img_6512.npy,1.97,197.19
img_6513.npy,1.85,192.66
img_6514.npy,1.92,199.21
img_6515.npy,1.87,195.16
img_6516.npy,1.67,199.50
img_6517.npy,1.93,136.86
img_6518.npy,2.00,141.29
img_6519.npy,2.26,134.64
img_652.npy,1.95,132.45
img_6520.npy,1.93,134.55
img_6521.npy,1.98,139.77
img_6522.npy,2.04,138.44
img_6523.npy,1.83,136.95
img_6524.npy,1.82,198.02
img_6525.npy,1.71,197.65
img_6526.npy,1.99,134.95
img_6527.npy,2.17,139.58
img_6528.npy,1.84,199.50
img_6529.npy,2.11,140.10
img_653.npy,1.67,193.75
img_6530.npy,1.93,142.53
img_6531.npy,1.87,137.30
img_6532.npy,1.92,135.32
img_6533.npy,1.95,142.59
img_6534.npy,2.08,140.26
img_6535.npy,1.85,190.81
img_6536.npy,1.97,136.84
img_6537.npy,2.00,134.80
img_6538.npy,1.98,185.09
img_6539.npy,1.85,195.51
img_654.npy,2.01,137.71
img_6540.npy,2.21,132.39
img_6541.npy,2.13,170.59
img_6542.npy,1.91,199.84
img_6543.npy,1.89,196.02
img_6544.npy,1.95,193.09
img_6545.npy,1.96,195.48
img_6546.npy,1.84,193.13
img_6547.npy,1.88,158.20
img_6548.npy,1.95,142.39
img_6549.npy,1.85,137.66
img_655.npy,1.76,133.76
img_6550.npy,2.08,140.25
img_6551.npy,1.93,193.04
img_6552.npy,1.83,192.66
img_6553.npy,1.90,198.79
img_6554.npy,1.83,199.86
img_6555.npy,1.94,133.84
img_6556.npy,1.92,134.79
img_6557.npy,1.93,137.06
img_6558.npy,2.01,134.89
img_6559.npy,1.94,193.99
img_656.npy,1.92,194.48
img_6560.npy,1.91,198.83
img_6561.npy,1.78,193.84
img_6562.npy,1.93,136.48
img_6563.npy,2.37,134.37
img_6564.npy,1.92,135.01
img_6565.npy,1.87,133.89
img_6566.npy,1.90,139.99
img_6567.npy,1.85,192.24
img_6568.npy,1.81,183.35
img_6569.npy,1.73,200.07
img_657.npy,1.69,195.91
img_6570.npy,1.75,134.83
img_6571.npy,1.76,136.71
img_6572.npy,1.79,148.13
img_6573.npy,1.78,132.27
img_6574.npy,1.74,136.99
img_6575.npy,1.78,137.47
img_6576.npy,1.76,136.17
img_6577.npy,1.75,133.22
img_6578.npy,1.83,131.29
img_6579.npy,1.79,135.61
img_658.npy,1.96,141.68
img_6580.npy,2.01,137.71
img_6581.npy,1.69,195.87
img_6582.npy,1.83,195.93
img_6583.npy,1.94,141.76
img_6584.npy,1.96,131.00
img_6585.npy,1.80,200.30
img_6586.npy,2.28,199.73
img_6587.npy,2.10,182.93
img_6588.npy,1.84,199.40
img_6589.npy,1.83,176.75
img_659.npy,2.10,136.39
img_6590.npy,1.78,195.82
img_6591.npy,1.82,134.18
img_6592.npy,1.93,134.42
img_6593.npy,1.92,135.86
img_6594.npy,2.03,138.26
img_6595.npy,1.94,138.27
img_6596.npy,1.93,138.07
img_6597.npy,2.00,141.82
img_6598.npy,1.85,134.47
img_6599.npy,1.89,133.75
img_66.npy,1.97,134.06
img_660.npy,1.87,136.52
img_6600.npy,1.87,136.25
img_6601.npy,2.03,138.57
img_6602.npy,1.98,193.14
img_6603.npy,1.92,199.59
img_6604.npy,1.61,199.68
img_6605.npy,1.84,137.44
img_6606.npy,1.98,135.84
img_6607.npy,2.51,132.44
img_6608.npy,2.00,197.18
img_6609.npy,1.84,199.93
img_661.npy,1.70,199.23
img_6610.npy,1.91,132.80
img_6611.npy,2.03,141.34
img_6612.npy,2.02,139.07
img_6613.npy,1.90,141.05
img_6614.npy,2.05,137.04
img_6615.npy,1.98,197.68
img_6616.npy,1.77,194.29
img_6617.npy,2.12,140.04
img_6618.npy,1.99,194.23
img_6619.npy,2.02,193.24
img_662.npy,1.97,197.78
img_6620.npy,1.95,196.26
img_6621.npy,1.96,196.01
img_6622.npy,1.94,192.30
img_6623.npy,1.98,197.15
img_6624.npy,1.92,194.79
img_6625.npy,2.01,197.90
img_6626.npy,1.94,196.60
img_6627.npy,1.96,199.01
img_6628.npy,1.99,202.20
img_6629.npy,2.27,199.30
img_663.npy,1.83,186.15
img_6630.npy,2.03,143.18
img_6631.npy,1.83,200.89
img_6632.npy,1.82,191.02
img_6633.npy,1.87,182.64
img_6634.npy,1.82,190.20
img_6635.npy,1.98,136.95
img_6636.npy,1.93,139.64
img_6637.npy,1.92,133.51
img_6638.npy,1.85,136.82
img_6639.npy,1.86,140.25
img_664.npy,1.96,136.14
img_6640.npy,2.01,141.24
img_6641.npy,1.93,144.66
img_6642.npy,1.93,134.71
img_6643.npy,1.92,130.56
img_6644.npy,1.97,133.42
img_6645.npy,1.96,135.74
img_6646.npy,1.87,189.07
img_6647.npy,1.83,188.97
img_6648.npy,1.89,196.06
img_6649.npy,1.92,199.91
img_665.npy,2.00,194.32
img_6650.npy,2.10,196.17
img_6651.npy,2.33,185.17
img_6652.npy,1.78,196.62
img_6653.npy,1.78,198.91
img_6654.npy,1.91,202.59
img_6655.npy,1.77,202.10
img_6656.npy,1.80,132.64
img_6657.npy,1.89,140.67
img_6658.npy,1.94,135.45
img_6659.npy,1.87,135.20
img_666.npy,1.90,136.25
img_6660.npy,1.83,134.68
img_6661.npy,1.89,134.86
img_6662.npy,2.11,137.41
img_6663.npy,1.98,198.57
img_6664.npy,1.99,196.50
img_6665.npy,1.88,202.22
img_6666.npy,1.91,131.96
img_6667.npy,1.88,135.79
img_6668.npy,2.00,133.10
img_6669.npy,1.91,135.64
img_667.npy,1.93,141.59
img_6670.npy,1.82,134.31
img_6671.npy,1.98,138.06
img_6672.npy,2.10,139.52
img_6673.npy,2.39,197.32
img_6674.npy,1.93,195.34
img_6675.npy,1.88,195.88
img_6676.npy,1.75,195.43
img_6677.npy,1.93,135.26
img_6678.npy,1.95,134.57
img_6679.npy,1.77,197.16
img_668.npy,1.86,137.30
img_6680.npy,1.96,135.41
img_6681.npy,1.88,135.72
img_6682.npy,1.95,135.11
img_6683.npy,1.85,136.16
img_6684.npy,1.81,137.49
img_6685.npy,1.93,136.46
img_6686.npy,1.95,135.57
img_6687.npy,1.97,134.26
img_6688.npy,1.91,136.62
img_6689.npy,1.92,197.85
img_669.npy,1.91,199.21
img_6690.npy,1.92,198.55
img_6691.npy,1.90,193.64
img_6692.npy,1.91,192.66
img_6693.npy,1.92,199.86
img_6694.npy,2.26,197.93
img_6695.npy,1.97,198.87
img_6696.npy,1.83,201.48
img_6697.npy,1.79,198.48
img_6698.npy,1.99,140.98
img_6699.npy,2.10,136.04
img_67.npy,1.86,187.36
img_670.npy,1.83,134.86
img_6700.npy,1.79,198.90
img_6701.npy,1.94,197.11
img_6702.npy,1.87,198.54
img_6703.npy,1.87,199.06
img_6704.npy,1.79,195.77
img_6705.npy,2.05,141.64
img_6706.npy,2.04,141.62
img_6707.npy,1.95,192.72
img_6708.npy,1.97,197.76
img_6709.npy,1.93,199.64
img_671.npy,1.95,197.95
img_6710.npy,1.93,197.15
img_6711.npy,1.94,197.90
img_6712.npy,1.79,198.77
img_6713.npy,1.90,137.32
img_6714.npy,1.95,140.73
img_6715.npy,1.94,132.64
img_6716.npy,1.73,132.14
img_6717.npy,2.41,135.19
img_6718.npy,1.93,134.89
img_6719.npy,1.90,137.73
img_672.npy,1.92,134.29
img_6720.npy,1.90,136.94
img_6721.npy,1.86,138.12
img_6722.npy,1.82,138.58
img_6723.npy,1.85,135.48
img_6724.npy,1.82,135.61
img_6725.npy,1.82,130.34
img_6726.npy,2.06,138.54
img_6727.npy,1.87,134.92
img_6728.npy,1.96,135.56
img_6729.npy,1.95,137.84
img_673.npy,1.89,136.81
img_6730.npy,1.79,131.43
img_6731.npy,2.00,164.58
img_6732.npy,1.91,131.43
img_6733.npy,2.02,140.96
img_6734.npy,1.90,135.48
img_6735.npy,1.94,148.34
img_6736.npy,1.91,138.54
img_6737.npy,1.93,132.95
img_6738.npy,1.86,131.49
img_6739.npy,2.44,136.70
img_674.npy,1.91,137.04
img_6740.npy,1.91,139.56
img_6741.npy,1.90,130.98
img_6742.npy,1.96,133.45
img_6743.npy,1.89,131.71
img_6744.npy,1.72,134.47
img_6745.npy,1.90,154.17
img_6746.npy,1.95,135.68
img_6747.npy,1.91,133.54
img_6748.npy,1.89,132.85
img_6749.npy,1.91,135.38
img_675.npy,1.85,188.68
img_6750.npy,1.75,191.28
img_6751.npy,1.93,140.39
img_6752.npy,1.85,134.82
img_6753.npy,1.90,138.51
img_6754.npy,1.93,141.41
img_6755.npy,1.97,137.29
img_6756.npy,1.90,134.77
img_6757.npy,1.93,136.05
img_6758.npy,1.89,134.05
img_6759.npy,1.98,141.82
img_676.npy,1.93,138.98
img_6760.npy,1.87,134.31
img_6761.npy,2.10,131.17
img_6762.npy,1.86,138.71
img_6763.npy,1.97,144.16
img_6764.npy,1.91,135.26
img_6765.npy,2.00,144.88
img_6766.npy,1.95,138.30
img_6767.npy,1.90,132.89
img_6768.npy,1.94,138.47
img_6769.npy,2.04,135.04
img_677.npy,1.89,195.17
img_6770.npy,1.80,199.21
img_6771.npy,1.85,135.39
img_6772.npy,1.86,196.94
img_6773.npy,1.93,198.13
img_6774.npy,1.87,192.01
img_6775.npy,1.92,197.28
img_6776.npy,1.82,200.79
img_6777.npy,1.86,198.10
img_6778.npy,1.93,193.66
img_6779.npy,1.95,197.94
img_678.npy,1.91,198.48
img_6780.npy,1.72,197.64
img_6781.npy,1.90,159.35
img_6782.npy,1.94,135.71
img_6783.npy,2.43,131.33
img_6784.npy,1.96,159.19
img_6785.npy,1.81,135.47
img_6786.npy,1.96,130.96
img_6787.npy,2.07,137.20
img_6788.npy,1.95,196.00
img_6789.npy,1.85,192.66
img_679.npy,1.95,197.60
img_6790.npy,1.74,197.70
img_6791.npy,1.77,132.84
img_6792.npy,1.88,137.11
img_6793.npy,2.04,136.04
img_6794.npy,1.74,192.68
img_6795.npy,1.94,138.28
img_6796.npy,1.85,133.73
img_6797.npy,1.87,133.64
img_6798.npy,1.92,136.29
img_6799.npy,1.89,134.75
img_68.npy,1.92,136.80
img_680.npy,1.95,138.88
img_6800.npy,1.92,143.04
img_6801.npy,1.95,135.43
img_6802.npy,1.75,135.47
img_6803.npy,1.87,132.24
img_6804.npy,1.91,133.93
img_6805.npy,2.70,138.79
img_6806.npy,1.79,199.99
img_6807.npy,1.77,140.09
img_6808.npy,1.69,133.68
img_6809.npy,1.69,146.42
img_681.npy,1.65,133.70
img_6810.npy,1.73,132.14
img_6811.npy,1.89,139.07
img_6812.npy,1.89,136.98
img_6813.npy,1.84,133.48
img_6814.npy,1.90,135.57
img_6815.npy,1.74,137.96
img_6816.npy,1.90,139.36
img_6817.npy,1.97,136.55
img_6818.npy,1.84,133.63
img_6819.npy,1.89,134.94
img_682.npy,1.74,133.81
img_6820.npy,1.84,134.86
img_6821.npy,1.77,134.52
img_6822.npy,1.86,136.49
img_6823.npy,1.71,136.58
img_6824.npy,1.89,134.25
img_6825.npy,1.80,137.18
img_6826.npy,1.80,129.81
img_6827.npy,2.02,139.05
img_6828.npy,2.38,199.75
img_6829.npy,2.14,199.19
img_683.npy,1.74,200.18
img_6830.npy,1.79,197.97
img_6831.npy,1.94,194.23
img_6832.npy,1.88,194.19
img_6833.npy,1.94,197.36
img_6834.npy,1.80,201.45
img_6835.npy,1.89,200.59
img_6836.npy,1.86,200.43
img_6837.npy,1.73,200.45
img_6838.npy,1.73,136.72
img_6839.npy,1.94,135.23
img_684.npy,1.94,135.99
img_6840.npy,1.89,136.07
img_6841.npy,1.89,137.05
img_6842.npy,1.92,138.74
img_6843.npy,1.83,134.54
img_6844.npy,1.84,136.55
img_6845.npy,1.95,133.25
img_6846.npy,1.98,140.88
img_6847.npy,1.96,132.24
img_6848.npy,1.95,138.88
img_6849.npy,2.06,133.16
img_685.npy,1.99,197.90
img_6850.npy,2.46,200.04
img_6851.npy,1.91,199.59
img_6852.npy,1.84,192.56
img_6853.npy,1.95,138.02
img_6854.npy,2.11,139.28
img_6855.npy,1.80,199.39
img_6856.npy,1.86,135.43
img_6857.npy,1.89,135.62
img_6858.npy,2.01,137.30
img_6859.npy,1.94,193.00
img_686.npy,1.88,199.63
img_6860.npy,1.77,195.16
img_6861.npy,1.94,136.86
img_6862.npy,1.90,136.79
img_6863.npy,1.95,136.67
img_6864.npy,1.88,134.97
img_6865.npy,1.87,131.74
img_6866.npy,1.77,138.39
img_6867.npy,1.82,138.70
img_6868.npy,1.90,133.97
img_6869.npy,2.07,144.01
img_687.npy,1.99,193.64
img_6870.npy,1.78,198.10
img_6871.npy,1.93,198.49
img_6872.npy,1.97,191.12
img_6873.npy,2.18,166.43
img_6874.npy,1.90,136.68
img_6875.npy,2.05,139.39
img_6876.npy,2.07,136.93
img_6877.npy,2.01,197.97
img_6878.npy,1.86,199.78
img_6879.npy,1.83,193.60
img_688.npy,2.00,144.03
img_6880.npy,1.81,134.52
img_6881.npy,2.13,136.37
img_6882.npy,1.81,190.76
img_6883.npy,2.08,135.12
img_6884.npy,1.76,194.28
img_6885.npy,1.97,135.25
img_6886.npy,1.93,139.12
img_6887.npy,1.92,134.65
img_6888.npy,1.95,137.50
img_6889.npy,1.95,195.10
img_689.npy,1.77,195.00
img_6890.npy,1.74,134.89
img_6891.npy,1.87,136.31
img_6892.npy,1.81,195.29
img_6893.npy,1.95,143.21
img_6894.npy,2.16,138.93
img_6895.npy,2.17,200.69
img_6896.npy,1.90,198.49
img_6897.npy,1.79,197.80
img_6898.npy,1.89,136.41
img_6899.npy,1.86,136.41
img_69.npy,1.87,134.15
img_690.npy,1.83,133.98
img_6900.npy,1.84,137.83
img_6901.npy,1.85,135.64
img_6902.npy,1.84,133.34
img_6903.npy,1.99,137.40
img_6904.npy,1.87,145.14
img_6905.npy,2.10,159.30
img_6906.npy,1.75,197.67
img_6907.npy,1.93,132.19
img_6908.npy,2.04,142.86
img_6909.npy,1.85,133.94
img_691.npy,2.09,138.76
img_6910.npy,1.77,190.60
img_6911.npy,1.99,138.93
img_6912.npy,1.72,139.72
img_6913.npy,1.78,156.00
img_6914.npy,2.08,136.25
img_6915.npy,1.85,192.47
img_6916.npy,2.07,137.82
img_6917.npy,2.02,138.59
img_6918.npy,1.84,136.70
img_6919.npy,1.98,136.85
img_692.npy,1.99,137.10
img_6920.npy,1.89,139.60
img_6921.npy,1.96,142.43
img_6922.npy,2.08,138.20
img_6923.npy,1.93,185.54
img_6924.npy,2.03,196.20
img_6925.npy,1.94,193.91
img_6926.npy,1.99,196.54
img_6927.npy,1.80,201.16
img_6928.npy,1.87,195.76
img_6929.npy,1.89,200.39
img_693.npy,1.95,199.34
img_6930.npy,1.85,199.26
img_6931.npy,1.86,196.84
img_6932.npy,1.78,194.64
img_6933.npy,1.89,134.40
img_6934.npy,2.03,137.09
img_6935.npy,1.91,190.92
img_6936.npy,1.72,193.43
img_6937.npy,1.90,140.78
img_6938.npy,1.99,135.66
img_6939.npy,2.46,134.40
img_694.npy,1.91,136.40
img_6940.npy,1.94,138.64
img_6941.npy,2.09,140.13
img_6942.npy,1.72,194.50
img_6943.npy,1.98,145.25
img_6944.npy,1.98,134.16
img_6945.npy,1.93,142.67
img_6946.npy,1.86,133.49
img_6947.npy,2.01,135.39
img_6948.npy,1.88,131.68
img_6949.npy,2.09,137.77
img_695.npy,1.97,193.07
img_6950.npy,1.89,197.95
img_6951.npy,1.95,191.11
img_6952.npy,1.88,198.16
img_6953.npy,2.01,138.82
img_6954.npy,1.95,200.81
img_6955.npy,1.73,193.44
img_6956.npy,1.82,134.02
img_6957.npy,1.81,130.31
img_6958.npy,2.18,143.84
img_6959.npy,1.94,194.39
img_696.npy,1.67,194.57
img_6960.npy,2.27,132.53
img_6961.npy,2.18,163.43
img_6962.npy,1.88,199.26
img_6963.npy,1.91,198.63
img_6964.npy,1.90,199.25
img_6965.npy,1.85,200.45
img_6966.npy,1.93,195.89
img_6967.npy,1.89,198.43
img_6968.npy,1.69,194.08
img_6969.npy,1.93,134.29
img_697.npy,1.95,135.03
img_6970.npy,1.87,136.90
img_6971.npy,1.76,198.62
img_6972.npy,1.89,202.62
img_6973.npy,1.96,195.03
img_6974.npy,1.89,196.12
img_6975.npy,1.99,189.59
img_6976.npy,1.98,193.69
img_6977.npy,1.91,198.61
img_6978.npy,1.90,192.99
img_6979.npy,1.92,199.39
img_698.npy,2.00,195.96
img_6980.npy,1.97,191.68
img_6981.npy,1.86,196.34
img_6982.npy,1.84,194.55
img_6983.npy,2.36,196.00
img_6984.npy,1.83,197.69
img_6985.npy,1.99,137.07
img_6986.npy,2.00,134.00
img_6987.npy,1.95,133.05
img_6988.npy,1.91,134.86
img_6989.npy,1.90,134.75
img_699.npy,2.02,135.89
img_6990.npy,2.00,144.50
img_6991.npy,1.90,137.04
img_6992.npy,1.97,136.98
img_6993.npy,2.13,141.62
img_6994.npy,2.03,198.84
img_6995.npy,1.76,198.29
img_6996.npy,1.94,141.51
img_6997.npy,1.95,135.28
img_6998.npy,1.92,139.88
img_6999.npy,1.83,130.73
img_7.npy,2.07,145.29
img_70.npy,1.97,193.34
img_700.npy,1.80,193.39
img_7000.npy,1.87,135.79
img_7001.npy,1.95,136.50
img_7002.npy,1.91,132.75
img_7003.npy,2.38,133.80
img_7004.npy,1.83,154.98
img_7005.npy,1.93,136.44
img_7006.npy,2.13,145.66
img_7007.npy,1.88,197.98
img_7008.npy,2.04,192.72
img_7009.npy,1.94,197.28
img_701.npy,1.84,194.86
img_7010.npy,1.89,137.26
img_7011.npy,1.90,134.98
img_7012.npy,1.91,135.70
img_7013.npy,1.95,137.61
img_7014.npy,1.96,133.75
img_7015.npy,2.15,138.63
img_7016.npy,1.91,198.53
img_7017.npy,1.76,197.30
img_7018.npy,2.00,142.26
img_7019.npy,2.01,138.97
img_702.npy,2.02,193.19
img_7020.npy,1.95,199.30
img_7021.npy,1.91,200.48
img_7022.npy,1.94,198.09
img_7023.npy,1.94,189.95
img_7024.npy,1.72,190.58
img_7025.npy,2.56,133.25
img_7026.npy,2.10,142.62
img_7027.npy,1.66,184.23
img_7028.npy,1.86,133.31
img_7029.npy,1.87,132.01
img_703.npy,1.93,132.30
img_7030.npy,1.89,135.02
img_7031.npy,1.89,134.74
img_7032.npy,2.03,136.58
img_7033.npy,1.75,193.26
img_7034.npy,2.06,136.30
img_7035.npy,1.82,191.27
img_7036.npy,2.00,137.68
img_7037.npy,1.88,134.20
img_7038.npy,1.85,140.11
img_7039.npy,1.89,139.04
img_704.npy,1.93,138.28
img_7040.npy,2.07,139.94
img_7041.npy,1.84,198.32
img_7042.npy,2.29,135.53
img_7043.npy,1.93,198.40
img_7044.npy,1.82,199.28
img_7045.npy,1.91,192.54
img_7046.npy,1.88,195.23
img_7047.npy,1.90,200.57
img_7048.npy,1.89,194.41
img_7049.npy,1.79,196.24
img_705.npy,1.75,195.39
img_7050.npy,1.82,134.24
img_7051.npy,1.98,136.66
img_7052.npy,1.97,133.34
img_7053.npy,1.89,189.26
img_7054.npy,1.77,192.60
img_7055.npy,1.86,144.66
img_7056.npy,1.85,137.82
img_7057.npy,1.91,135.70
img_7058.npy,2.02,138.05
img_7059.npy,1.87,134.68
img_706.npy,1.89,133.29
img_7060.npy,2.01,137.02
img_7061.npy,1.72,195.43
img_7062.npy,1.92,137.47
img_7063.npy,1.98,151.25
img_7064.npy,1.95,136.93
img_7065.npy,1.91,135.23
img_7066.npy,1.91,133.86
img_7067.npy,2.00,139.84
img_7068.npy,1.87,135.70
img_7069.npy,1.86,131.50
img_707.npy,2.10,131.95
img_7070.npy,2.27,167.34
img_7071.npy,1.96,138.68
img_7072.npy,1.81,137.92
img_7073.npy,1.97,134.36
img_7074.npy,1.90,132.43
img_7075.npy,1.90,130.96
img_7076.npy,2.00,138.89
img_7077.npy,1.83,133.77
img_7078.npy,1.98,140.05
img_7079.npy,1.97,170.55
img_708.npy,1.98,147.71
img_7080.npy,1.85,130.90
img_7081.npy,1.89,133.49
img_7082.npy,1.87,133.14
img_7083.npy,1.77,133.70
img_7084.npy,1.93,133.23
img_7085.npy,1.92,136.73
img_7086.npy,1.85,132.84
img_7087.npy,1.99,134.38
img_7088.npy,1.94,139.87
img_7089.npy,1.92,138.09
img_709.npy,1.99,148.33
img_7090.npy,2.16,133.58
img_7091.npy,1.91,130.78
img_7092.npy,1.91,132.03
img_7093.npy,2.06,133.93
img_7094.npy,1.99,193.00
img_7095.npy,1.87,189.30
img_7096.npy,1.87,193.61
img_7097.npy,1.93,195.76
img_7098.npy,1.83,193.59
img_7099.npy,2.00,134.53
img_71.npy,2.00,197.62
img_710.npy,1.94,193.98
img_7100.npy,1.95,191.34
img_7101.npy,1.78,196.64
img_7102.npy,2.01,137.23
img_7103.npy,2.01,138.78
img_7104.npy,1.81,136.05
img_7105.npy,2.10,137.57
img_7106.npy,1.79,191.63
img_7107.npy,1.88,136.09
img_7108.npy,1.92,134.24
img_7109.npy,1.93,135.41
img_711.npy,1.89,137.46
img_7110.npy,2.05,148.64
img_7111.npy,1.74,196.76
img_7112.npy,1.92,138.63
img_7113.npy,2.14,133.93
img_7114.npy,2.37,169.84
img_7115.npy,1.90,201.87
img_7116.npy,1.87,193.54
img_7117.npy,1.83,198.36
img_7118.npy,1.80,134.94
img_7119.npy,1.95,136.07
img_712.npy,2.01,138.14
img_7120.npy,1.92,131.71
img_7121.npy,1.92,137.33
img_7122.npy,1.84,135.91
img_7123.npy,1.97,137.34
img_7124.npy,1.92,134.74
img_7125.npy,1.93,134.77
img_7126.npy,1.91,133.82
img_7127.npy,1.95,137.25
img_7128.npy,1.92,136.10
img_7129.npy,1.85,135.20
img_713.npy,2.00,136.61
img_7130.npy,1.92,200.07
img_7131.npy,1.83,196.71
img_7132.npy,1.72,199.41
img_7133.npy,1.83,188.87
img_7134.npy,1.86,199.05
img_7135.npy,1.76,201.93
img_7136.npy,2.24,136.76
img_7137.npy,1.90,173.29
img_7138.npy,1.95,134.41
img_7139.npy,1.89,138.58
img_714.npy,1.81,132.80
img_7140.npy,1.95,135.45
img_7141.npy,1.87,139.94
img_7142.npy,1.91,133.17
img_7143.npy,1.93,137.42
img_7144.npy,1.87,130.94
img_7145.npy,1.98,136.95
img_7146.npy,1.97,134.56
img_7147.npy,1.91,134.31
img_7148.npy,1.92,139.35
img_7149.npy,1.97,138.04
img_715.npy,1.86,195.17
img_7150.npy,1.74,133.77
img_7151.npy,1.74,133.82
img_7152.npy,1.91,140.70
img_7153.npy,1.85,133.58
img_7154.npy,1.84,133.48
img_7155.npy,1.91,134.91
img_7156.npy,1.85,135.57
img_7157.npy,1.99,141.38
img_7158.npy,1.87,137.06
img_7159.npy,2.43,132.83
img_716.npy,1.93,133.42
img_7160.npy,1.91,136.67
img_7161.npy,2.12,133.02
img_7162.npy,1.91,196.07
img_7163.npy,1.85,195.47
img_7164.npy,1.71,184.59
img_7165.npy,1.85,134.86
img_7166.npy,1.83,132.80
img_7167.npy,1.99,136.30
img_7168.npy,1.89,142.31
img_7169.npy,1.77,135.05
img_717.npy,1.83,131.47
img_7170.npy,1.93,134.53
img_7171.npy,1.93,138.62
img_7172.npy,1.82,140.75
img_7173.npy,1.94,153.88
img_7174.npy,1.90,199.52
img_7175.npy,1.90,197.53
img_7176.npy,1.90,198.32
img_7177.npy,1.83,198.83
img_7178.npy,1.97,201.38
img_7179.npy,1.84,196.77
img_718.npy,1.93,197.88
img_7180.npy,2.01,197.19
img_7181.npy,2.28,182.74
img_7182.npy,1.69,198.00
img_7183.npy,1.61,199.57
img_7184.npy,1.92,133.57
img_7185.npy,1.87,134.76
img_7186.npy,1.98,134.31
img_7187.npy,1.91,188.40
img_7188.npy,1.86,193.84
img_7189.npy,1.97,193.81
img_719.npy,1.99,201.79
img_7190.npy,1.90,198.60
img_7191.npy,1.87,200.41
img_7192.npy,1.88,192.28
img_7193.npy,1.96,196.48
img_7194.npy,1.87,199.61
img_7195.npy,1.79,194.77
img_7196.npy,1.90,135.93
img_7197.npy,1.94,136.21
img_7198.npy,2.00,134.54
img_7199.npy,1.86,135.23
img_72.npy,1.96,136.12
img_720.npy,1.94,137.33
img_7200.npy,1.94,139.25
img_7201.npy,2.04,138.20
img_7202.npy,1.87,196.97
img_7203.npy,2.39,198.77
img_7204.npy,1.90,199.06
img_7205.npy,1.89,195.26
img_7206.npy,1.89,195.48
img_7207.npy,1.79,195.79
img_7208.npy,1.85,137.46
img_7209.npy,1.79,133.12
img_721.npy,1.87,133.98
img_7210.npy,1.90,135.77
img_7211.npy,1.99,143.30
img_7212.npy,1.97,135.62
img_7213.npy,2.00,136.08
img_7214.npy,1.82,132.52
img_7215.npy,1.97,133.14
img_7216.npy,1.98,133.61
img_7217.npy,1.92,133.96
img_7218.npy,1.90,134.50
img_7219.npy,1.96,132.16
img_722.npy,1.92,138.18
img_7220.npy,1.87,133.89
img_7221.npy,1.86,137.35
img_7222.npy,2.01,137.87
img_7223.npy,1.83,201.05
img_7224.npy,1.99,198.82
img_7225.npy,2.55,199.45
img_7226.npy,1.89,199.51
img_7227.npy,1.87,201.44
img_7228.npy,1.97,193.00
img_7229.npy,1.66,198.96
img_723.npy,1.96,140.93
img_7230.npy,1.90,155.91
img_7231.npy,1.94,138.23
img_7232.npy,1.92,135.62
img_7233.npy,1.82,137.77
img_7234.npy,1.90,134.32
img_7235.npy,1.89,138.59
img_7236.npy,1.76,134.78
img_7237.npy,1.99,137.19
img_7238.npy,2.04,135.20
img_7239.npy,1.94,134.90
img_724.npy,1.97,142.30
img_7240.npy,1.89,192.25
img_7241.npy,1.94,195.35
img_7242.npy,1.83,192.74
img_7243.npy,1.95,134.19
img_7244.npy,1.95,134.40
img_7245.npy,2.06,141.01
img_7246.npy,2.00,196.06
img_7247.npy,1.89,199.88
img_7248.npy,2.30,196.23
img_7249.npy,1.81,139.56
img_725.npy,1.95,140.99
img_7250.npy,2.09,137.99
img_7251.npy,2.01,188.35
img_7252.npy,1.94,198.07
img_7253.npy,1.90,201.95
img_7254.npy,1.84,194.53
img_7255.npy,1.62,193.86
img_7256.npy,1.85,136.02
img_7257.npy,1.98,139.19
img_7258.npy,1.80,194.21
img_7259.npy,1.91,135.98
img_726.npy,1.94,133.81
img_7260.npy,1.94,132.07
img_7261.npy,1.98,138.24
img_7262.npy,2.10,139.22
img_7263.npy,1.87,193.72
img_7264.npy,1.95,185.93
img_7265.npy,1.94,196.30
img_7266.npy,1.97,197.35
img_7267.npy,1.94,199.84
img_7268.npy,1.76,198.31
img_7269.npy,1.93,133.16
img_727.npy,2.02,140.05
img_7270.npy,1.91,188.99
img_7271.npy,1.73,201.11
img_7272.npy,2.55,137.95
img_7273.npy,1.86,198.66
img_7274.npy,1.87,195.84
img_7275.npy,1.87,198.86
img_7276.npy,2.01,196.35
img_7277.npy,1.82,199.40
img_7278.npy,1.82,136.09
img_7279.npy,1.98,134.21
img_728.npy,1.90,132.27
img_7280.npy,1.98,139.19
img_7281.npy,1.99,137.52
img_7282.npy,1.88,134.21
img_7283.npy,1.95,134.62
img_7284.npy,1.99,138.74
img_7285.npy,1.93,134.11
img_7286.npy,1.76,134.44
img_7287.npy,1.93,134.39
img_7288.npy,2.11,140.83
img_7289.npy,1.95,197.78
img_729.npy,1.91,198.84
img_7290.npy,1.91,195.55
img_7291.npy,1.78,200.91
img_7292.npy,1.91,198.87
img_7293.npy,1.93,198.04
img_7294.npy,1.89,200.11
img_7295.npy,1.76,191.96
img_7296.npy,2.25,135.32
img_7297.npy,2.46,141.21
img_7298.npy,2.00,191.84
img_7299.npy,1.94,195.61
img_73.npy,1.96,197.34
img_730.npy,1.83,200.32
img_7300.npy,1.82,197.10
img_7301.npy,2.05,134.89
img_7302.npy,1.98,197.77
img_7303.npy,1.94,196.14
img_7304.npy,1.83,192.79
img_7305.npy,1.93,196.84
img_7306.npy,1.96,199.82
img_7307.npy,2.01,194.74
img_7308.npy,1.83,196.86
img_7309.npy,1.96,136.75
img_731.npy,2.05,139.68
img_7310.npy,1.93,135.73
img_7311.npy,1.96,132.98
img_7312.npy,2.11,140.30
img_7313.npy,1.92,199.33
img_7314.npy,1.98,195.30
img_7315.npy,1.89,190.91
img_7316.npy,1.98,192.42
img_7317.npy,1.96,198.59
img_7318.npy,1.68,201.02
img_7319.npy,2.10,138.47
img_732.npy,1.98,192.98
img_7320.npy,1.91,133.05
img_7321.npy,1.91,133.41
img_7322.npy,1.87,136.52
img_7323.npy,1.83,192.73
img_7324.npy,1.89,199.68
img_7325.npy,1.97,200.20
img_7326.npy,1.76,200.85
img_7327.npy,1.91,139.27
img_7328.npy,1.96,135.28
img_7329.npy,1.89,169.02
img_733.npy,1.94,134.19
img_7330.npy,1.96,133.84
img_7331.npy,1.95,135.64
img_7332.npy,1.91,136.11
img_7333.npy,1.87,141.54
img_7334.npy,1.99,143.00
img_7335.npy,1.90,132.20
img_7336.npy,1.88,136.60
img_7337.npy,1.96,132.97
img_7338.npy,1.96,134.75
img_7339.npy,1.91,135.27
img_734.npy,1.92,135.51
img_7340.npy,1.86,136.41
img_7341.npy,1.97,139.16
img_7342.npy,2.08,139.81
img_7343.npy,2.42,200.78
img_7344.npy,2.04,179.27
img_7345.npy,1.93,197.22
img_7346.npy,1.91,188.18
img_7347.npy,1.88,190.04
img_7348.npy,1.88,196.60
img_7349.npy,1.86,199.69
img_735.npy,1.98,138.40
img_7350.npy,1.94,141.31
img_7351.npy,1.90,137.37
img_7352.npy,1.97,133.22
img_7353.npy,1.84,135.77
img_7354.npy,2.00,137.98
img_7355.npy,1.96,136.03
img_7356.npy,2.06,141.77
img_7357.npy,2.00,192.57
img_7358.npy,1.72,194.50
img_7359.npy,1.89,146.79
img_736.npy,1.98,137.01
img_7360.npy,1.93,137.83
img_7361.npy,2.06,138.36
img_7362.npy,1.81,196.50
img_7363.npy,1.83,137.34
img_7364.npy,1.88,140.03
img_7365.npy,1.98,141.64
img_7366.npy,1.96,135.35
img_7367.npy,2.50,195.44
img_7368.npy,2.04,193.68
img_7369.npy,1.92,198.59
img_737.npy,1.95,199.55
img_7370.npy,1.93,197.31
img_7371.npy,1.99,192.97
img_7372.npy,1.89,197.44
img_7373.npy,2.00,197.92
img_7374.npy,1.69,200.11
img_7375.npy,1.90,136.93
img_7376.npy,1.92,136.20
img_7377.npy,1.96,139.18
img_7378.npy,1.98,138.21
img_7379.npy,1.97,195.81
img_738.npy,1.93,198.64
img_7380.npy,1.92,195.43
img_7381.npy,1.85,195.11
img_7382.npy,1.86,195.43
img_7383.npy,2.00,198.75
img_7384.npy,1.93,195.21
img_7385.npy,1.94,197.76
img_7386.npy,1.83,198.77
img_7387.npy,1.90,135.07
img_7388.npy,1.80,137.66
img_7389.npy,1.82,165.45
img_739.npy,1.85,136.00
img_7390.npy,2.13,133.41
img_7391.npy,2.19,172.58
img_7392.npy,1.90,136.97
img_7393.npy,1.82,138.46
img_7394.npy,1.86,136.34
img_7395.npy,2.02,136.41
img_7396.npy,1.87,135.41
img_7397.npy,1.87,134.20
img_7398.npy,2.04,144.21
img_7399.npy,1.87,179.81
img_74.npy,1.88,135.09
img_740.npy,1.92,134.12
img_7400.npy,1.88,134.40
img_7401.npy,1.97,137.18
img_7402.npy,1.85,186.49
img_7403.npy,2.07,140.84
img_7404.npy,2.04,141.35
img_7405.npy,1.93,192.58
img_7406.npy,1.88,191.45
img_7407.npy,1.94,136.16
img_7408.npy,2.05,138.07
img_7409.npy,2.01,141.68
img_741.npy,1.93,138.88
img_7410.npy,1.90,131.66
img_7411.npy,1.99,139.31
img_7412.npy,2.02,136.18
img_7413.npy,2.26,159.50
img_7414.npy,2.00,133.48
img_7415.npy,1.94,133.54
img_7416.npy,1.95,140.64
img_7417.npy,1.93,139.52
img_7418.npy,2.02,135.98
img_7419.npy,2.16,139.89
img_742.npy,1.88,199.33
img_7420.npy,1.79,196.84
img_7421.npy,2.00,190.46
img_7422.npy,1.83,194.55
img_7423.npy,1.94,132.27
img_7424.npy,1.88,135.56
img_7425.npy,1.90,134.57
img_7426.npy,1.91,136.22
img_7427.npy,2.00,140.97
img_7428.npy,2.01,161.10
img_7429.npy,1.94,134.12
img_743.npy,2.14,136.41
img_7430.npy,1.94,193.63
img_7431.npy,1.71,195.52
img_7432.npy,1.94,140.51
img_7433.npy,1.83,134.54
img_7434.npy,1.86,134.43
img_7435.npy,1.97,137.54
img_7436.npy,2.00,136.30
img_7437.npy,2.36,131.59
img_7438.npy,2.04,149.46
img_7439.npy,1.90,195.56
img_744.npy,1.93,193.04
img_7440.npy,1.97,134.85
img_7441.npy,1.92,135.45
img_7442.npy,1.89,141.88
img_7443.npy,1.91,194.66
img_7444.npy,1.90,197.06
img_7445.npy,1.78,197.92
img_7446.npy,1.86,141.07
img_7447.npy,1.97,135.74
img_7448.npy,1.97,194.07
img_7449.npy,1.92,193.77
img_745.npy,1.85,196.08
img_7450.npy,1.75,199.25
img_7451.npy,1.78,197.32
img_7452.npy,1.93,137.01
img_7453.npy,1.90,191.21
img_7454.npy,2.04,188.04
img_7455.npy,1.93,197.86
img_7456.npy,1.98,192.64
img_7457.npy,1.89,192.72
img_7458.npy,1.82,136.14
img_7459.npy,1.94,136.85
img_746.npy,2.31,137.88
img_7460.npy,2.22,200.39
img_7461.npy,1.89,200.58
img_7462.npy,1.75,199.65
img_7463.npy,1.88,193.77
img_7464.npy,1.88,189.42
img_7465.npy,1.93,144.25
img_7466.npy,1.94,135.23
img_7467.npy,1.93,133.75
img_7468.npy,1.95,137.72
img_7469.npy,1.93,135.33
img_747.npy,1.98,134.83
img_7470.npy,2.02,142.10
img_7471.npy,1.96,188.54
img_7472.npy,1.82,196.71
img_7473.npy,1.82,192.89
img_7474.npy,2.01,197.35
img_7475.npy,1.89,199.02
img_7476.npy,1.81,201.16
img_7477.npy,1.81,198.99
img_7478.npy,1.65,198.48
img_7479.npy,1.76,135.05
img_748.npy,1.96,133.90
img_7480.npy,1.67,200.52
img_7481.npy,1.95,196.26
img_7482.npy,1.76,166.02
img_7483.npy,1.77,135.45
img_7484.npy,1.79,133.62
img_7485.npy,1.80,136.03
img_7486.npy,1.77,131.90
img_7487.npy,1.77,142.77
img_7488.npy,1.79,135.74
img_7489.npy,1.87,136.58
img_749.npy,1.84,146.21
img_7490.npy,1.84,131.51
img_7491.npy,1.86,138.91
img_7492.npy,1.79,136.40
img_7493.npy,1.85,135.71
img_7494.npy,1.84,135.24
img_7495.npy,1.81,132.01
img_7496.npy,1.86,132.21
img_7497.npy,1.90,133.15
img_7498.npy,1.87,139.70
img_7499.npy,1.94,133.56
img_75.npy,1.93,134.82
img_750.npy,1.98,136.00
img_751.npy,1.94,132.44
img_752.npy,1.92,132.96
img_753.npy,2.02,141.27
img_754.npy,2.12,138.82
img_755.npy,1.94,200.55
img_756.npy,1.72,200.26
img_757.npy,1.85,132.72
img_758.npy,2.55,136.50
img_759.npy,2.00,142.75
img_76.npy,1.99,116.93
img_760.npy,1.89,144.22
img_761.npy,2.02,143.16
img_762.npy,1.90,158.10
img_763.npy,1.95,158.96
img_764.npy,1.94,152.78
img_765.npy,1.85,152.38
img_766.npy,1.90,152.19
img_767.npy,1.98,144.48
img_768.npy,2.01,136.55
img_769.npy,2.08,122.70
img_77.npy,2.02,129.66
img_770.npy,2.09,130.54
img_771.npy,1.96,137.75
img_772.npy,1.85,136.64
img_773.npy,1.94,136.38
img_774.npy,1.89,130.63
img_775.npy,1.87,136.10
img_776.npy,1.95,132.48
img_777.npy,1.97,136.98
img_778.npy,1.91,137.62
img_779.npy,1.95,136.93
img_78.npy,1.89,139.70
img_780.npy,1.96,135.73
img_781.npy,2.35,135.21
img_782.npy,1.87,133.96
img_783.npy,1.95,136.77
img_784.npy,1.94,131.91
img_785.npy,2.03,135.20
img_786.npy,1.82,134.06
img_787.npy,1.97,136.49
img_788.npy,1.95,138.62
img_789.npy,1.91,193.09
img_79.npy,1.97,192.23
img_790.npy,1.96,197.59
img_791.npy,1.87,199.61
img_792.npy,2.05,135.80
img_793.npy,1.98,195.85
img_794.npy,1.98,193.00
img_795.npy,1.88,195.26
img_796.npy,1.81,193.57
img_797.npy,1.96,134.10
img_798.npy,1.98,149.82
img_799.npy,2.05,140.61
img_8.npy,1.90,193.89
img_80.npy,1.88,193.41
img_800.npy,1.92,197.80
img_801.npy,1.89,190.12
img_802.npy,1.87,192.30
img_803.npy,2.46,133.34
img_804.npy,1.91,133.72
img_805.npy,1.87,132.79
img_806.npy,2.11,144.04
img_807.npy,1.95,187.07
img_808.npy,1.93,201.36
img_809.npy,1.89,192.59
img_81.npy,1.96,196.04
img_810.npy,1.94,195.41
img_811.npy,1.94,198.20
img_812.npy,1.71,193.47
img_813.npy,1.98,138.41
img_814.npy,1.98,137.74
img_815.npy,1.64,135.37
img_816.npy,1.96,135.22
img_817.npy,1.89,133.65
img_818.npy,1.97,135.48
img_819.npy,1.98,134.72
img_82.npy,2.00,137.43
img_820.npy,2.00,139.55
img_821.npy,1.87,134.96
img_822.npy,1.96,132.69
img_823.npy,1.91,134.99
img_824.npy,1.96,134.61
img_825.npy,1.97,136.78
img_826.npy,2.53,132.22
img_827.npy,2.00,135.45
img_828.npy,1.96,182.31
img_829.npy,1.86,196.45
img_83.npy,1.80,200.18
img_830.npy,2.04,155.11
img_831.npy,1.98,188.84
img_832.npy,1.82,189.91
img_833.npy,1.99,136.98
img_834.npy,1.97,136.79
img_835.npy,2.09,137.52
img_836.npy,1.72,194.18
img_837.npy,1.85,134.11
img_838.npy,1.88,133.03
img_839.npy,2.25,135.20
img_84.npy,2.03,195.86
img_840.npy,1.74,190.77
img_841.npy,1.83,159.12
img_842.npy,1.86,136.48
img_843.npy,1.89,141.45
img_844.npy,1.99,135.16
img_845.npy,1.91,135.67
img_846.npy,1.96,136.74
img_847.npy,2.01,139.82
img_848.npy,2.06,190.71
img_849.npy,1.92,198.06
img_85.npy,1.95,195.26
img_850.npy,1.74,199.66
img_851.npy,1.95,136.97
img_852.npy,1.96,134.29
img_853.npy,1.94,143.34
img_854.npy,2.06,163.55
img_855.npy,1.91,191.75
img_856.npy,1.89,196.95
img_857.npy,1.96,199.62
img_858.npy,1.76,195.36
img_859.npy,2.12,140.88
img_86.npy,2.00,198.70
img_860.npy,1.84,195.52
img_861.npy,1.94,197.72
img_862.npy,1.98,198.73
img_863.npy,1.88,197.25
img_864.npy,1.94,192.44
img_865.npy,1.83,191.83
img_866.npy,1.90,136.26
img_867.npy,1.97,131.92
img_868.npy,1.91,135.23
img_869.npy,1.88,137.00
img_87.npy,1.87,134.98
img_870.npy,2.10,158.48
img_871.npy,2.14,192.92
img_872.npy,2.16,176.36
img_873.npy,1.78,135.74
img_874.npy,1.73,133.95
img_875.npy,1.96,131.51
img_876.npy,1.90,135.50
img_877.npy,1.83,134.75
img_878.npy,1.96,136.48
img_879.npy,1.98,132.18
img_88.npy,2.00,134.32
img_880.npy,1.92,198.71
img_881.npy,2.00,199.40
img_882.npy,1.79,197.48
img_883.npy,1.97,138.25
img_884.npy,1.92,134.66
img_885.npy,2.01,133.91
img_886.npy,1.96,135.73
img_887.npy,1.93,136.86
img_888.npy,1.97,135.27
img_889.npy,1.93,136.82
img_89.npy,2.00,172.17
img_890.npy,1.81,197.62
img_891.npy,1.87,198.14
img_892.npy,1.93,194.36
img_893.npy,2.00,195.07
img_894.npy,1.80,199.05
img_895.npy,2.45,132.88
img_896.npy,1.82,166.50
img_897.npy,1.96,136.99
img_898.npy,1.99,133.17
img_899.npy,1.91,135.20
img_9.npy,1.91,133.72
img_90.npy,1.80,132.36
img_900.npy,1.89,138.59
img_901.npy,1.99,133.78
img_902.npy,1.92,136.30
img_903.npy,2.05,134.77
img_904.npy,1.86,199.15
img_905.npy,1.87,198.56
img_906.npy,1.92,136.00
img_907.npy,1.98,143.23
img_908.npy,1.97,133.64
img_909.npy,1.91,133.25
img_91.npy,1.91,135.39
img_910.npy,1.97,139.44
img_911.npy,1.94,139.43
img_912.npy,1.87,138.14
img_913.npy,2.09,137.88
img_914.npy,1.99,196.37
img_915.npy,1.90,201.20
img_916.npy,1.79,193.34
img_917.npy,2.52,133.13
img_918.npy,1.81,194.86
img_919.npy,1.82,198.07
img_92.npy,1.90,197.63
img_920.npy,1.78,199.35
img_921.npy,1.77,197.95
img_922.npy,1.87,193.43
img_923.npy,1.97,192.05
img_924.npy,1.66,192.61
img_925.npy,1.90,132.61
img_926.npy,1.89,136.84
img_927.npy,1.93,133.32
img_928.npy,1.87,136.45
img_929.npy,1.95,137.70
img_93.npy,1.89,142.11
img_930.npy,1.88,132.55
img_931.npy,1.86,133.25
img_932.npy,1.98,133.27
img_933.npy,1.88,135.41
img_934.npy,2.09,134.46
img_935.npy,1.96,191.42
img_936.npy,1.72,191.98
img_937.npy,1.90,134.77
img_938.npy,1.91,133.37
img_939.npy,1.87,132.67
img_94.npy,1.77,135.00
img_940.npy,2.35,142.68
img_941.npy,1.93,138.76
img_942.npy,1.90,135.34
img_943.npy,1.95,132.36
img_944.npy,2.12,143.94
img_945.npy,1.91,190.97
img_946.npy,1.69,189.27
img_947.npy,1.70,197.86
img_948.npy,1.72,199.02
img_949.npy,1.69,193.26
img_95.npy,1.74,196.34
img_950.npy,1.75,200.12
img_951.npy,1.85,200.93
img_952.npy,1.67,197.97
img_953.npy,1.72,134.88
img_954.npy,1.71,136.16
img_955.npy,1.74,134.09
img_956.npy,1.74,135.28
img_957.npy,1.73,138.98
img_958.npy,1.78,135.24
img_959.npy,1.93,132.91
img_96.npy,1.83,135.18
img_960.npy,1.96,141.15
img_961.npy,1.73,189.02
img_962.npy,1.74,192.51
img_963.npy,1.80,197.78
img_964.npy,1.74,200.00
img_965.npy,2.27,195.42
img_966.npy,1.94,133.78
img_967.npy,2.00,135.75
img_968.npy,1.97,140.89
img_969.npy,1.84,135.74
img_97.npy,2.06,136.75
img_970.npy,1.84,197.23
img_971.npy,2.01,193.02
img_972.npy,1.93,196.20
img_973.npy,1.75,197.18
img_974.npy,2.03,191.05
img_975.npy,1.86,200.60
img_976.npy,1.78,196.76
img_977.npy,2.00,135.86
img_978.npy,1.91,132.42
img_979.npy,1.96,137.82
img_98.npy,1.98,132.69
img_980.npy,1.92,135.34
img_981.npy,1.98,135.71
img_982.npy,1.94,136.26
img_983.npy,1.94,133.95
img_984.npy,1.85,134.57
img_985.npy,2.09,137.32
img_986.npy,2.00,189.59
img_987.npy,1.90,134.20
img_988.npy,2.06,135.25
img_989.npy,1.92,132.69
img_99.npy,1.85,133.29
img_990.npy,1.94,131.10
img_991.npy,1.98,133.99
img_992.npy,1.93,136.42
img_993.npy,1.96,132.34
img_994.npy,1.85,134.63
img_995.npy,1.85,135.36
img_996.npy,1.86,135.21
img_997.npy,1.88,134.31
img_998.npy,1.93,133.91
img_999.npy,1.90,131.29
