filename,time_s,peak_memory_mb
img_0.npy,3.55,144.50
img_1.npy,3.13,124.95
img_10.npy,3.26,115.71
img_100.npy,3.20,125.45
img_1000.npy,3.50,130.25
img_1001.npy,3.24,126.49
img_1002.npy,3.58,142.20
img_1003.npy,3.15,197.32
img_1004.npy,3.38,131.34
img_1005.npy,3.06,116.45
img_1006.npy,3.05,150.84
img_1007.npy,3.03,131.23
img_1008.npy,3.29,130.97
img_1009.npy,3.42,129.42
img_101.npy,2.93,132.93
img_1010.npy,3.27,133.34
img_1011.npy,3.40,127.89
img_1012.npy,3.17,122.96
img_1013.npy,3.14,125.30
img_1014.npy,3.07,132.01
img_1015.npy,3.08,133.83
img_1016.npy,3.10,122.00
img_1017.npy,2.97,182.46
img_1018.npy,2.95,167.12
img_1019.npy,3.43,126.47
img_102.npy,3.36,123.18
img_1020.npy,3.10,154.60
img_1021.npy,3.17,142.88
img_1022.npy,3.22,122.48
img_1023.npy,3.30,130.40
img_1024.npy,3.07,135.01
img_1025.npy,3.18,130.90
img_1026.npy,3.09,127.30
img_1027.npy,3.20,128.70
img_1028.npy,3.46,182.72
img_1029.npy,3.14,176.59
img_103.npy,3.06,131.55
img_1030.npy,2.99,123.38
img_1031.npy,3.29,111.90
img_1032.npy,3.03,191.29
img_1033.npy,3.18,129.43
img_1034.npy,3.48,121.05
img_1035.npy,3.28,115.41
img_1036.npy,2.95,166.93
img_1037.npy,2.84,180.27
img_1038.npy,3.46,117.14
img_1039.npy,3.10,135.73
img_104.npy,3.05,128.66
img_1040.npy,3.23,132.28
img_1041.npy,3.23,127.62
img_1042.npy,3.02,154.49
img_1043.npy,2.97,146.06
img_1044.npy,3.37,129.02
img_1045.npy,3.86,117.33
img_1046.npy,3.27,121.33
img_1047.npy,3.04,148.79
img_1048.npy,3.32,155.29
img_1049.npy,3.15,120.37
img_105.npy,3.27,132.35
img_1050.npy,2.98,183.89
img_1051.npy,3.19,139.25
img_1052.npy,3.31,126.96
img_1053.npy,3.35,128.46
img_1054.npy,3.18,180.84
img_1055.npy,3.04,175.66
img_1056.npy,3.37,122.59
img_1057.npy,3.17,156.90
img_1058.npy,2.99,180.57
img_1059.npy,3.38,145.04
img_106.npy,3.07,124.04
img_1060.npy,3.00,119.38
img_1061.npy,3.19,166.57
img_1062.npy,3.47,127.03
img_1063.npy,2.99,116.74
img_1064.npy,3.01,175.95
img_1065.npy,3.13,132.14
img_1066.npy,3.12,126.50
img_1067.npy,3.16,130.72
img_1068.npy,3.09,168.75
img_1069.npy,3.49,129.80
img_107.npy,3.62,120.39
img_1070.npy,2.88,152.48
img_1071.npy,3.34,164.43
img_1072.npy,3.23,131.46
img_1073.npy,3.26,122.87
img_1074.npy,3.47,120.94
img_1075.npy,3.44,169.30
img_1076.npy,3.08,154.64
img_1077.npy,3.47,126.66
img_1078.npy,3.28,120.46
img_1079.npy,3.26,147.18
img_108.npy,3.14,200.16
img_1080.npy,3.23,130.74
img_1081.npy,3.49,122.18
img_1082.npy,2.95,131.27
img_1083.npy,3.32,144.21
img_1084.npy,3.46,128.90
img_1085.npy,3.19,126.82
img_1086.npy,3.10,163.76
img_1087.npy,2.99,147.63
img_1088.npy,3.49,129.47
img_1089.npy,3.22,140.64
img_109.npy,3.25,154.93
img_1090.npy,2.93,185.42
img_1091.npy,3.42,124.52
img_1092.npy,3.38,130.56
img_1093.npy,2.95,193.40
img_1094.npy,2.97,183.16
img_1095.npy,3.42,121.39
img_1096.npy,3.17,137.56
img_1097.npy,3.10,193.40
img_1098.npy,3.13,185.92
img_1099.npy,2.94,138.07
img_11.npy,3.18,170.77
img_110.npy,3.06,166.30
img_1100.npy,3.24,127.05
img_1101.npy,3.32,133.19
img_1102.npy,3.17,186.04
img_1103.npy,3.33,162.23
img_1104.npy,3.23,126.12
img_1105.npy,3.29,129.19
img_1106.npy,3.13,180.23
img_1107.npy,3.06,198.19
img_1108.npy,3.23,127.19
img_1109.npy,2.83,164.00
img_111.npy,3.06,164.16
img_1110.npy,3.35,136.63
img_1111.npy,3.07,117.68
img_1112.npy,3.39,145.46
img_1113.npy,3.30,172.28
img_1114.npy,3.22,148.83
img_1115.npy,3.17,124.74
img_1116.npy,3.43,171.98
img_1117.npy,2.75,193.80
img_1118.npy,3.34,125.07
img_1119.npy,3.17,126.21
img_112.npy,3.05,163.37
img_1120.npy,3.25,134.19
img_1121.npy,3.30,128.88
img_1122.npy,3.00,140.30
img_1123.npy,2.81,183.89
img_1124.npy,3.29,125.27
img_1125.npy,3.06,121.09
img_1126.npy,3.22,156.67
img_1127.npy,2.69,190.62
img_1128.npy,3.10,120.85
img_1129.npy,3.26,138.30
img_113.npy,3.16,154.13
img_1130.npy,3.12,129.38
img_1131.npy,2.96,116.26
img_1132.npy,3.30,126.54
img_1133.npy,3.13,138.05
img_1134.npy,2.93,124.76
img_1135.npy,3.52,122.87
img_1136.npy,3.07,136.21
img_1137.npy,2.92,184.04
img_1138.npy,2.98,126.82
img_1139.npy,2.91,120.27
img_114.npy,2.87,126.43
img_1140.npy,2.86,155.78
img_1141.npy,3.22,125.35
img_1142.npy,2.91,114.68
img_1143.npy,2.94,148.02
img_1144.npy,3.16,129.09
img_1145.npy,3.05,124.93
img_1146.npy,3.04,131.34
img_1147.npy,3.13,149.85
img_1148.npy,3.37,126.85
img_1149.npy,3.22,126.40
img_115.npy,3.13,136.73
img_1150.npy,3.09,165.47
img_1151.npy,3.24,124.95
img_1152.npy,3.05,123.98
img_1153.npy,2.74,131.63
img_1154.npy,3.07,120.46
img_1155.npy,3.04,134.68
img_1156.npy,3.06,128.11
img_1157.npy,2.99,143.88
img_1158.npy,3.28,133.97
img_1159.npy,3.07,140.55
img_116.npy,2.90,129.37
img_1160.npy,3.05,153.34
img_1161.npy,2.84,135.76
img_1162.npy,3.32,141.91
img_1163.npy,2.84,121.70
img_1164.npy,3.34,122.49
img_1165.npy,3.21,127.39
img_1166.npy,3.19,122.62
img_1167.npy,3.24,122.35
img_1168.npy,3.20,125.78
img_1169.npy,3.27,127.02
img_117.npy,3.24,124.10
img_1170.npy,3.20,130.97
img_1171.npy,3.10,142.88
img_1172.npy,2.97,119.84
img_1173.npy,3.32,123.60
img_1174.npy,3.46,127.88
img_1175.npy,3.19,151.05
img_1176.npy,3.15,125.18
img_1177.npy,3.15,125.25
img_1178.npy,2.98,125.42
img_1179.npy,2.92,138.35
img_118.npy,3.09,127.57
img_1180.npy,3.00,121.01
img_1181.npy,2.74,130.23
img_1182.npy,2.92,129.79
img_1183.npy,3.00,122.63
img_1184.npy,2.89,121.96
img_1185.npy,3.19,131.02
img_1186.npy,3.06,152.77
img_1187.npy,3.08,124.64
img_1188.npy,3.28,132.71
img_1189.npy,3.12,152.07
img_119.npy,2.77,192.35
img_1190.npy,2.89,128.99
img_1191.npy,2.85,144.20
img_1192.npy,2.96,171.48
img_1193.npy,3.20,164.11
img_1194.npy,3.43,122.77
img_1195.npy,3.18,124.97
img_1196.npy,3.06,131.75
img_1197.npy,3.45,126.81
img_1198.npy,3.02,132.31
img_1199.npy,2.90,177.80
img_12.npy,2.97,179.91
img_120.npy,3.02,125.17
img_1200.npy,2.95,138.80
img_1201.npy,3.10,152.58
img_1202.npy,3.00,132.36
img_1203.npy,2.98,126.86
img_1204.npy,3.23,143.00
img_1205.npy,2.90,155.07
img_1206.npy,3.04,129.61
img_1207.npy,3.04,119.52
img_1208.npy,3.06,167.41
img_1209.npy,3.14,155.39
img_121.npy,3.52,136.98
img_1210.npy,2.97,126.41
img_1211.npy,3.06,164.91
img_1212.npy,2.76,193.21
img_1213.npy,3.16,124.98
img_1214.npy,2.94,133.05
img_1215.npy,3.03,153.72
img_1216.npy,3.01,146.30
img_1217.npy,3.48,122.56
img_1218.npy,3.29,124.74
img_1219.npy,2.62,130.10
img_122.npy,3.03,160.43
img_1220.npy,2.91,125.02
img_1221.npy,3.09,187.35
img_1222.npy,2.86,188.94
img_1223.npy,3.18,128.20
img_1224.npy,3.05,128.81
img_1225.npy,3.11,148.70
img_1226.npy,2.92,197.04
img_1227.npy,3.12,126.51
img_1228.npy,3.05,125.11
img_1229.npy,3.13,139.78
img_123.npy,2.92,188.35
img_1230.npy,3.34,133.11
img_1231.npy,3.31,117.36
img_1232.npy,2.78,133.83
img_1233.npy,3.08,166.95
img_1234.npy,3.31,119.81
img_1235.npy,3.33,123.36
img_1236.npy,3.17,134.08
img_1237.npy,2.93,154.96
img_1238.npy,3.21,127.21
img_1239.npy,3.30,123.70
img_124.npy,2.92,133.53
img_1240.npy,2.52,128.01
img_1241.npy,3.30,120.55
img_1242.npy,2.96,117.70
img_1243.npy,2.60,134.83
img_1244.npy,3.34,129.32
img_1245.npy,3.22,120.68
img_1246.npy,2.83,175.49
img_1247.npy,2.97,166.47
img_1248.npy,3.17,126.39
img_1249.npy,3.00,129.61
img_125.npy,3.19,165.81
img_1250.npy,2.90,166.05
img_1251.npy,3.06,123.23
img_1252.npy,3.20,152.53
img_1253.npy,2.99,173.30
img_1254.npy,3.08,126.73
img_1255.npy,2.91,122.31
img_1256.npy,2.87,170.98
img_1257.npy,2.96,198.76
img_1258.npy,2.96,136.02
img_1259.npy,2.97,129.02
img_126.npy,2.87,139.65
img_1260.npy,3.08,163.89
img_1261.npy,3.34,128.36
img_1262.npy,3.04,143.08
img_1263.npy,3.10,199.58
img_1264.npy,2.98,175.60
img_1265.npy,3.13,128.11
img_1266.npy,2.91,165.77
img_1267.npy,2.86,144.84
img_1268.npy,3.02,121.36
img_1269.npy,3.17,122.14
img_127.npy,2.94,133.32
img_1270.npy,2.68,146.00
img_1271.npy,2.76,128.94
img_1272.npy,3.11,130.29
img_1273.npy,2.87,195.29
img_1274.npy,2.87,189.08
img_1275.npy,3.09,119.74
img_1276.npy,2.92,126.07
img_1277.npy,2.69,165.24
img_1278.npy,3.08,134.98
img_1279.npy,2.68,127.70
img_128.npy,3.06,178.01
img_1280.npy,2.63,133.69
img_1281.npy,3.08,123.96
img_1282.npy,3.00,122.24
img_1283.npy,3.14,187.97
img_1284.npy,2.94,188.07
img_1285.npy,3.06,121.91
img_1286.npy,2.86,132.89
img_1287.npy,2.81,147.17
img_1288.npy,3.11,130.65
img_1289.npy,3.02,119.84
img_129.npy,2.77,147.00
img_1290.npy,3.05,191.32
img_1291.npy,3.29,124.99
img_1292.npy,3.25,129.02
img_1293.npy,2.99,172.55
img_1294.npy,3.25,150.18
img_1295.npy,3.03,127.79
img_1296.npy,2.91,144.70
img_1297.npy,2.86,135.75
img_1298.npy,2.92,128.74
img_1299.npy,3.07,127.73
img_13.npy,2.73,184.82
img_130.npy,3.01,157.88
img_1300.npy,2.91,142.52
img_1301.npy,2.79,184.87
img_1302.npy,2.81,185.11
img_1303.npy,3.11,130.73
img_1304.npy,2.93,166.96
img_1305.npy,2.77,179.80
img_1306.npy,2.82,121.55
img_1307.npy,2.95,153.38
img_1308.npy,2.75,166.53
img_1309.npy,3.03,135.84
img_131.npy,3.02,129.86
img_1310.npy,2.63,173.52
img_1311.npy,2.88,139.75
img_1312.npy,2.91,122.39
img_1313.npy,2.67,142.17
img_1314.npy,2.65,154.42
img_1315.npy,2.84,128.40
img_1316.npy,2.86,145.07
img_1317.npy,2.32,181.15
img_1318.npy,2.99,127.22
img_1319.npy,2.78,120.34
img_132.npy,2.83,159.11
img_1320.npy,2.71,127.07
img_1321.npy,2.80,122.07
img_1322.npy,2.57,137.52
img_1323.npy,2.70,133.50
img_1324.npy,2.90,121.23
img_1325.npy,2.74,136.25
img_1326.npy,2.46,137.56
img_1327.npy,2.94,129.23
img_1328.npy,2.81,124.46
img_1329.npy,2.95,134.59
img_133.npy,2.54,169.81
img_1330.npy,2.64,129.64
img_1331.npy,2.81,129.32
img_1332.npy,2.60,159.89
img_1333.npy,2.81,130.88
img_1334.npy,2.55,126.34
img_1335.npy,2.52,158.75
img_1336.npy,2.88,174.87
img_1337.npy,3.13,146.70
img_1338.npy,2.49,195.34
img_1339.npy,2.90,131.75
img_134.npy,2.46,121.35
img_1340.npy,2.72,154.50
img_1341.npy,2.59,166.97
img_1342.npy,2.84,124.93
img_1343.npy,2.83,132.74
img_1344.npy,2.45,197.43
img_1345.npy,2.64,130.64
img_1346.npy,2.57,159.14
img_1347.npy,2.52,148.74
img_1348.npy,2.79,123.02
img_1349.npy,2.63,146.33
img_135.npy,2.60,150.14
img_1350.npy,2.60,132.23
img_1351.npy,2.94,143.79
img_1352.npy,2.28,159.05
img_1353.npy,2.75,146.12
img_1354.npy,2.99,120.08
img_1355.npy,2.78,137.12
img_1356.npy,2.63,137.68
img_1357.npy,2.98,129.62
img_1358.npy,2.80,122.40
img_1359.npy,2.38,156.28
img_136.npy,2.48,133.55
img_1360.npy,2.86,126.62
img_1361.npy,2.80,159.68
img_1362.npy,2.71,164.41
img_1363.npy,2.80,129.01
img_1364.npy,3.13,126.80
img_1365.npy,2.59,168.99
img_1366.npy,2.78,132.81
img_1367.npy,2.79,119.08
img_1368.npy,2.88,146.81
img_1369.npy,2.68,134.36
img_137.npy,2.83,131.12
img_1370.npy,2.50,139.86
img_1371.npy,2.58,197.73
img_1372.npy,2.64,136.20
img_1373.npy,3.04,123.91
img_1374.npy,2.56,141.25
img_1375.npy,2.57,129.38
img_1376.npy,2.77,121.52
img_1377.npy,2.96,123.07
img_1378.npy,2.93,153.79
img_1379.npy,2.48,151.42
img_138.npy,2.69,124.05
img_1380.npy,2.60,131.97
img_1381.npy,2.93,152.25
img_1382.npy,2.77,150.86
img_1383.npy,2.88,124.25
img_1384.npy,2.86,117.91
img_1385.npy,2.51,162.38
img_1386.npy,2.74,129.46
img_1387.npy,2.71,123.05
img_1388.npy,3.10,146.10
img_1389.npy,2.67,181.78
img_139.npy,2.80,129.45
img_1390.npy,2.69,123.02
img_1391.npy,2.66,153.29
img_1392.npy,2.89,143.11
img_1393.npy,2.69,124.94
img_1394.npy,2.50,153.18
img_1395.npy,2.95,147.10
img_1396.npy,2.83,127.93
img_1397.npy,2.86,127.26
img_1398.npy,2.44,194.30
img_1399.npy,2.65,173.64
img_14.npy,2.88,125.61
img_140.npy,2.32,163.48
img_1400.npy,2.65,133.43
img_1401.npy,3.18,127.14
img_1402.npy,2.99,129.06
img_1403.npy,2.71,133.10
img_1404.npy,2.76,152.02
img_1405.npy,2.53,122.96
img_1406.npy,2.70,166.55
img_1407.npy,2.67,185.70
img_1408.npy,2.92,123.42
img_1409.npy,2.68,172.29
img_141.npy,2.56,197.20
img_1410.npy,2.76,128.42
img_1411.npy,2.78,122.03
img_1412.npy,2.75,157.21
img_1413.npy,2.79,178.06
img_1414.npy,2.63,127.15
img_1415.npy,2.86,142.01
img_1416.npy,2.31,190.16
img_1417.npy,2.86,125.85
img_1418.npy,2.99,126.93
img_1419.npy,2.54,158.50
img_142.npy,2.69,164.78
img_1420.npy,3.12,113.74
img_1421.npy,2.96,121.63
img_1422.npy,2.48,188.30
img_1423.npy,2.84,126.59
img_1424.npy,2.44,122.36
img_1425.npy,2.54,188.12
img_1426.npy,2.73,126.68
img_1427.npy,2.74,118.03
img_1428.npy,2.78,136.49
img_1429.npy,2.83,199.29
img_143.npy,2.62,115.21
img_1430.npy,2.69,127.58
img_1431.npy,2.72,174.90
img_1432.npy,2.78,124.12
img_1433.npy,2.94,125.22
img_1434.npy,2.76,123.62
img_1435.npy,2.39,172.16
img_1436.npy,2.64,123.93
img_1437.npy,2.48,118.68
img_1438.npy,2.50,167.38
img_1439.npy,2.63,190.50
img_144.npy,2.46,124.13
img_1440.npy,2.48,170.67
img_1441.npy,2.33,164.00
img_1442.npy,2.54,121.68
img_1443.npy,2.32,154.37
img_1444.npy,2.52,137.16
img_1445.npy,2.72,125.79
img_1446.npy,2.60,121.11
img_1447.npy,2.46,165.61
img_1448.npy,2.48,161.91
img_1449.npy,2.52,126.49
img_145.npy,2.42,196.07
img_1450.npy,2.36,194.70
img_1451.npy,2.61,135.13
img_1452.npy,2.39,164.80
img_1453.npy,2.39,150.99
img_1454.npy,2.64,123.64
img_1455.npy,2.45,165.07
img_1456.npy,2.55,152.61
img_1457.npy,2.64,129.34
img_1458.npy,2.82,132.55
img_1459.npy,2.62,144.19
img_146.npy,2.36,170.99
img_1460.npy,2.79,125.67
img_1461.npy,2.41,167.23
img_1462.npy,2.60,134.74
img_1463.npy,2.92,129.00
img_1464.npy,2.62,145.48
img_1465.npy,2.31,176.78
img_1466.npy,2.48,129.13
img_1467.npy,2.66,126.64
img_1468.npy,2.24,199.23
img_1469.npy,2.47,178.40
img_147.npy,2.57,125.45
img_1470.npy,2.15,130.50
img_1471.npy,2.53,134.68
img_1472.npy,2.58,126.66
img_1473.npy,2.47,157.58
img_1474.npy,2.41,156.74
img_1475.npy,2.54,125.25
img_1476.npy,2.70,132.48
img_1477.npy,2.51,135.57
img_1478.npy,2.61,122.68
img_1479.npy,2.64,124.30
img_148.npy,2.45,185.84
img_1480.npy,2.55,177.40
img_1481.npy,2.74,125.04
img_1482.npy,2.33,168.14
img_1483.npy,2.62,132.01
img_1484.npy,2.82,124.55
img_1485.npy,2.62,135.87
img_1486.npy,2.53,128.82
img_1487.npy,3.02,123.18
img_1488.npy,2.59,128.29
img_1489.npy,2.58,153.62
img_149.npy,2.68,175.25
img_1490.npy,2.45,119.20
img_1491.npy,2.67,143.09
img_1492.npy,2.48,194.43
img_1493.npy,2.99,129.20
img_1494.npy,3.05,116.16
img_1495.npy,2.40,197.49
img_1496.npy,2.85,123.97
img_1497.npy,2.46,126.11
img_1498.npy,2.81,132.34
img_1499.npy,2.81,184.45
img_15.npy,2.78,123.47
img_150.npy,2.81,131.33
img_1500.npy,2.57,199.26
img_1501.npy,2.66,165.16
img_1502.npy,2.66,128.95
img_1503.npy,2.58,125.23
img_1504.npy,2.61,158.94
img_1505.npy,2.97,130.56
img_1506.npy,2.71,118.77
img_1507.npy,2.41,182.16
img_1508.npy,2.73,189.24
img_1509.npy,2.92,123.15
img_151.npy,2.60,136.79
img_1510.npy,2.50,193.18
img_1511.npy,3.05,127.89
img_1512.npy,2.61,124.94
img_1513.npy,2.37,170.88
img_1514.npy,2.58,157.05
img_1515.npy,2.72,127.20
img_1516.npy,2.62,138.88
img_1517.npy,2.27,198.64
img_1518.npy,2.79,124.46
img_1519.npy,2.85,123.44
img_152.npy,2.66,139.59
img_1520.npy,2.60,129.82
img_1521.npy,2.80,122.57
img_1522.npy,2.59,128.34
img_1523.npy,2.72,168.26
img_1524.npy,2.71,132.26
img_1525.npy,2.64,125.74
img_1526.npy,2.78,132.37
img_1527.npy,2.50,141.18
img_1528.npy,2.92,131.02
img_1529.npy,3.02,123.25
img_153.npy,2.86,141.14
img_1530.npy,2.32,199.93
img_1531.npy,2.95,130.80
img_1532.npy,2.71,120.56
img_1533.npy,2.50,138.37
img_1534.npy,2.75,173.86
img_1535.npy,2.78,129.78
img_1536.npy,2.52,125.92
img_1537.npy,2.52,183.37
img_1538.npy,2.70,129.63
img_1539.npy,2.68,122.11
img_154.npy,2.69,137.52
img_1540.npy,2.76,132.70
img_1541.npy,2.56,131.00
img_1542.npy,2.60,125.41
img_1543.npy,2.57,136.95
img_1544.npy,2.61,132.46
img_1545.npy,2.77,128.80
img_1546.npy,2.89,123.34
img_1547.npy,2.67,165.80
img_1548.npy,2.58,133.55
img_1549.npy,2.75,125.95
img_155.npy,2.58,129.48
img_1550.npy,2.41,164.71
img_1551.npy,2.50,120.55
img_1552.npy,2.36,133.41
img_1553.npy,2.23,182.70
img_1554.npy,2.45,137.96
img_1555.npy,2.45,129.72
img_1556.npy,2.37,174.48
img_1557.npy,2.50,133.07
img_1558.npy,2.74,119.04
img_1559.npy,2.13,148.45
img_156.npy,2.29,117.36
img_1560.npy,2.76,122.81
img_1561.npy,2.78,128.31
img_1562.npy,2.70,132.15
img_1563.npy,2.36,132.89
img_1564.npy,2.60,138.00
img_1565.npy,2.45,145.43
img_1566.npy,2.57,136.12
img_1567.npy,2.64,125.06
img_1568.npy,2.54,117.53
img_1569.npy,2.80,127.00
img_157.npy,2.95,126.47
img_1570.npy,2.53,129.75
img_1571.npy,2.55,158.35
img_1572.npy,2.50,137.12
img_1573.npy,2.61,131.57
img_1574.npy,2.43,134.08
img_1575.npy,2.69,127.14
img_1576.npy,2.47,134.61
img_1577.npy,2.65,120.50
img_1578.npy,2.67,135.03
img_1579.npy,2.71,127.15
img_158.npy,2.63,123.61
img_1580.npy,2.67,130.36
img_1581.npy,2.81,118.86
img_1582.npy,2.52,124.73
img_1583.npy,2.67,166.63
img_1584.npy,2.41,148.57
img_1585.npy,2.53,133.05
img_1586.npy,2.32,156.86
img_1587.npy,2.48,133.47
img_1588.npy,2.53,115.78
img_1589.npy,2.65,132.78
img_159.npy,2.54,131.11
img_1590.npy,2.25,129.61
img_1591.npy,2.20,132.57
img_1592.npy,2.42,153.94
img_1593.npy,2.36,146.52
img_1594.npy,2.63,128.25
img_1595.npy,2.51,146.70
img_1596.npy,2.59,125.44
img_1597.npy,2.76,136.46
img_1598.npy,2.42,134.74
img_1599.npy,2.22,175.08
img_16.npy,2.79,122.43
img_160.npy,3.01,131.25
img_1600.npy,2.72,135.03
img_1601.npy,2.62,135.15
img_1602.npy,2.70,149.31
img_1603.npy,2.57,142.80
img_1604.npy,2.67,128.51
img_1605.npy,2.50,144.46
img_1606.npy,2.64,132.25
img_1607.npy,2.78,132.00
img_1608.npy,2.44,129.68
img_1609.npy,2.67,158.21
img_161.npy,2.65,123.12
img_1610.npy,2.56,135.14
img_1611.npy,2.61,133.32
img_1612.npy,2.82,119.14
img_1613.npy,2.62,134.25
img_1614.npy,2.86,125.65
img_1615.npy,2.45,172.05
img_1616.npy,2.48,131.22
img_1617.npy,3.08,114.54
img_1618.npy,2.82,138.50
img_1619.npy,2.53,122.03
img_162.npy,2.71,126.79
img_1620.npy,2.70,137.99
img_1621.npy,2.67,130.62
img_1622.npy,2.53,141.60
img_1623.npy,2.63,112.88
img_1624.npy,2.70,136.74
img_1625.npy,2.57,117.65
img_1626.npy,2.71,123.00
img_1627.npy,2.67,123.48
img_1628.npy,2.70,140.24
img_1629.npy,2.60,167.20
img_163.npy,2.79,131.73
img_1630.npy,2.65,124.58
img_1631.npy,2.81,161.58
img_1632.npy,2.78,129.71
img_1633.npy,2.59,126.70
img_1634.npy,3.08,136.61
img_1635.npy,2.75,150.70
img_1636.npy,2.60,135.14
img_1637.npy,2.82,138.37
img_1638.npy,2.70,120.20
img_1639.npy,2.17,193.94
img_164.npy,2.42,129.81
img_1640.npy,2.41,119.77
img_1641.npy,2.21,144.18
img_1642.npy,2.29,125.25
img_1643.npy,2.45,112.38
img_1644.npy,2.39,129.85
img_1645.npy,2.36,123.46
img_1646.npy,2.55,132.55
img_1647.npy,2.45,129.31
img_1648.npy,2.32,115.35
img_1649.npy,2.48,122.12
img_165.npy,2.81,129.11
img_1650.npy,2.46,132.21
img_1651.npy,2.31,170.81
img_1652.npy,2.53,130.03
img_1653.npy,2.61,137.61
img_1654.npy,2.25,162.56
img_1655.npy,2.37,128.41
img_1656.npy,2.54,129.29
img_1657.npy,2.42,155.04
img_1658.npy,2.38,127.64
img_1659.npy,2.34,128.22
img_166.npy,2.37,139.84
img_1660.npy,2.47,124.15
img_1661.npy,2.51,141.23
img_1662.npy,2.41,129.62
img_1663.npy,2.44,133.84
img_1664.npy,2.63,138.94
img_1665.npy,2.66,122.79
img_1666.npy,2.68,127.27
img_1667.npy,2.58,124.48
img_1668.npy,2.55,139.90
img_1669.npy,2.32,132.04
img_167.npy,2.62,122.47
img_1670.npy,2.76,124.89
img_1671.npy,2.88,122.80
img_1672.npy,2.99,139.60
img_1673.npy,2.76,151.82
img_1674.npy,2.46,138.79
img_1675.npy,2.82,133.80
img_1676.npy,2.46,159.09
img_1677.npy,2.71,137.94
img_1678.npy,2.61,137.52
img_1679.npy,2.48,131.46
img_168.npy,2.54,133.43
img_1680.npy,2.75,125.47
img_1681.npy,2.74,138.25
img_1682.npy,2.50,143.29
img_1683.npy,2.52,132.93
img_1684.npy,2.51,129.83
img_1685.npy,2.63,137.71
img_1686.npy,2.61,131.53
img_1687.npy,2.63,130.93
img_1688.npy,2.66,132.25
img_1689.npy,2.75,125.27
img_169.npy,2.81,132.88
img_1690.npy,2.76,128.57
img_1691.npy,2.69,124.40
img_1692.npy,2.68,140.04
img_1693.npy,2.44,197.01
img_1694.npy,2.53,141.67
img_1695.npy,2.81,125.21
img_1696.npy,2.35,163.50
img_1697.npy,2.41,129.05
img_1698.npy,2.55,123.36
img_1699.npy,3.00,136.80
img_17.npy,2.22,198.01
img_170.npy,2.72,130.83
img_1700.npy,2.77,122.11
img_1701.npy,2.41,163.95
img_1702.npy,2.84,131.38
img_1703.npy,2.70,124.11
img_1704.npy,2.82,144.99
img_1705.npy,2.46,197.51
img_1706.npy,3.15,126.66
img_1707.npy,2.76,127.28
img_1708.npy,2.32,129.71
img_1709.npy,3.00,147.13
img_171.npy,2.64,129.52
img_1710.npy,2.64,173.59
img_1711.npy,2.51,199.02
img_1712.npy,2.76,129.07
img_1713.npy,2.77,130.15
img_1714.npy,2.51,198.36
img_1715.npy,2.34,197.63
img_1716.npy,2.52,135.39
img_1717.npy,2.68,196.32
img_1718.npy,2.58,196.29
img_1719.npy,2.66,126.52
img_172.npy,2.77,130.91
img_1720.npy,2.50,126.43
img_1721.npy,2.63,134.35
img_1722.npy,2.73,134.53
img_1723.npy,2.53,143.57
img_1724.npy,2.71,133.16
img_1725.npy,2.76,130.56
img_1726.npy,2.53,155.42
img_1727.npy,2.50,137.91
img_1728.npy,2.76,120.29
img_1729.npy,2.90,140.11
img_173.npy,2.60,199.09
img_1730.npy,2.55,198.33
img_1731.npy,2.43,140.78
img_1732.npy,2.61,199.02
img_1733.npy,2.42,199.50
img_1734.npy,2.50,134.46
img_1735.npy,2.45,168.17
img_1736.npy,2.26,182.30
img_1737.npy,2.53,127.91
img_1738.npy,2.40,126.75
img_1739.npy,2.29,153.73
img_174.npy,2.43,138.45
img_1740.npy,2.43,122.74
img_1741.npy,2.47,175.68
img_1742.npy,2.68,197.80
img_1743.npy,2.59,130.08
img_1744.npy,2.31,131.80
img_1745.npy,2.33,187.45
img_1746.npy,2.63,128.78
img_1747.npy,2.46,153.62
img_1748.npy,2.24,198.36
img_1749.npy,2.67,127.04
img_175.npy,2.49,129.04
img_1750.npy,2.22,130.98
img_1751.npy,2.33,131.12
img_1752.npy,2.66,126.22
img_1753.npy,2.53,121.64
img_1754.npy,2.42,139.47
img_1755.npy,2.48,126.45
img_1756.npy,2.59,117.06
img_1757.npy,2.37,151.48
img_1758.npy,2.53,177.75
img_1759.npy,2.79,126.09
img_176.npy,2.85,125.82
img_1760.npy,2.53,127.33
img_1761.npy,2.90,134.43
img_1762.npy,2.73,125.45
img_1763.npy,2.27,127.21
img_1764.npy,2.27,144.76
img_1765.npy,2.47,124.86
img_1766.npy,2.44,133.91
img_1767.npy,2.13,160.05
img_1768.npy,2.51,136.87
img_1769.npy,2.44,127.60
img_177.npy,2.38,122.24
img_1770.npy,2.37,160.30
img_1771.npy,2.41,153.60
img_1772.npy,2.65,118.25
img_1773.npy,2.57,122.68
img_1774.npy,2.37,148.89
img_1775.npy,2.27,130.36
img_1776.npy,2.50,126.11
img_1777.npy,2.52,122.77
img_1778.npy,2.44,140.55
img_1779.npy,2.33,174.26
img_178.npy,2.55,130.16
img_1780.npy,2.36,146.94
img_1781.npy,2.40,131.40
img_1782.npy,2.57,128.21
img_1783.npy,2.39,134.18
img_1784.npy,2.44,171.58
img_1785.npy,2.57,194.73
img_1786.npy,2.60,127.13
img_1787.npy,2.93,141.81
img_1788.npy,2.65,199.67
img_1789.npy,2.33,169.01
img_179.npy,2.40,133.27
img_1790.npy,2.41,134.48
img_1791.npy,2.48,130.07
img_1792.npy,2.67,125.15
img_1793.npy,2.79,143.09
img_1794.npy,2.58,174.71
img_1795.npy,2.69,162.32
img_1796.npy,2.75,123.71
img_1797.npy,2.73,119.62
img_1798.npy,2.72,166.32
img_1799.npy,2.80,196.48
img_18.npy,2.68,134.57
img_180.npy,2.59,198.25
img_1800.npy,2.40,200.09
img_1801.npy,2.93,127.13
img_1802.npy,3.03,120.88
img_1803.npy,2.95,129.16
img_1804.npy,2.14,199.11
img_1805.npy,2.85,130.18
img_1806.npy,2.89,128.30
img_1807.npy,2.68,154.64
img_1808.npy,2.61,197.61
img_1809.npy,2.71,194.10
img_181.npy,2.30,133.40
img_1810.npy,2.57,186.07
img_1811.npy,2.51,198.87
img_1812.npy,2.64,132.96
img_1813.npy,2.52,135.45
img_1814.npy,2.67,186.57
img_1815.npy,2.82,187.03
img_1816.npy,2.56,135.30
img_1817.npy,2.77,183.27
img_1818.npy,2.42,198.49
img_1819.npy,2.61,130.70
img_182.npy,2.61,128.21
img_1820.npy,2.38,185.25
img_1821.npy,2.68,137.32
img_1822.npy,2.88,123.87
img_1823.npy,2.74,133.56
img_1824.npy,2.74,186.96
img_1825.npy,2.45,198.97
img_1826.npy,2.43,132.90
img_1827.npy,2.31,179.73
img_1828.npy,2.71,158.29
img_1829.npy,2.90,130.53
img_183.npy,2.72,128.50
img_1830.npy,2.79,129.05
img_1831.npy,2.56,178.78
img_1832.npy,3.30,128.41
img_1833.npy,3.17,157.97
img_1834.npy,2.30,195.48
img_1835.npy,2.76,125.68
img_1836.npy,3.00,126.84
img_1837.npy,2.54,154.82
img_1838.npy,2.41,178.20
img_1839.npy,2.63,117.20
img_184.npy,2.74,137.74
img_1840.npy,2.64,181.79
img_1841.npy,2.60,195.50
img_1842.npy,2.64,123.32
img_1843.npy,2.61,154.73
img_1844.npy,2.36,171.95
img_1845.npy,2.78,117.35
img_1846.npy,2.89,128.79
img_1847.npy,2.69,145.38
img_1848.npy,2.52,151.04
img_1849.npy,2.77,117.14
img_185.npy,2.86,118.36
img_1850.npy,2.76,121.36
img_1851.npy,2.68,135.82
img_1852.npy,2.67,128.28
img_1853.npy,2.76,126.45
img_1854.npy,2.83,123.86
img_1855.npy,2.65,119.61
img_1856.npy,2.48,178.97
img_1857.npy,2.78,136.89
img_1858.npy,2.55,119.36
img_1859.npy,2.71,129.49
img_186.npy,2.46,141.45
img_1860.npy,2.73,175.88
img_1861.npy,2.75,124.03
img_1862.npy,2.85,140.86
img_1863.npy,2.57,185.92
img_1864.npy,2.77,187.18
img_1865.npy,2.46,123.35
img_1866.npy,2.70,137.36
img_1867.npy,2.69,139.02
img_1868.npy,2.72,131.17
img_1869.npy,2.77,127.55
img_187.npy,2.57,122.34
img_1870.npy,2.34,167.36
img_1871.npy,2.76,133.72
img_1872.npy,2.72,125.67
img_1873.npy,2.56,164.65
img_1874.npy,2.64,131.03
img_1875.npy,2.95,138.66
img_1876.npy,2.65,126.17
img_1877.npy,2.72,132.01
img_1878.npy,2.67,131.77
img_1879.npy,2.72,124.46
img_188.npy,2.88,141.59
img_1880.npy,2.40,197.89
img_1881.npy,2.70,130.17
img_1882.npy,2.76,124.66
img_1883.npy,2.38,127.97
img_1884.npy,2.82,134.50
img_1885.npy,2.82,142.76
img_1886.npy,2.51,131.16
img_1887.npy,2.85,160.69
img_1888.npy,2.65,199.10
img_1889.npy,2.83,187.05
img_189.npy,2.69,127.19
img_1890.npy,2.55,133.77
img_1891.npy,2.73,132.55
img_1892.npy,2.88,128.07
img_1893.npy,2.81,134.25
img_1894.npy,2.45,198.38
img_1895.npy,3.04,132.46
img_1896.npy,2.83,121.25
img_1897.npy,2.74,144.32
img_1898.npy,2.40,187.09
img_1899.npy,2.58,128.64
img_19.npy,2.58,134.83
img_190.npy,2.78,170.91
img_1900.npy,2.66,132.24
img_1901.npy,2.70,134.74
img_1902.npy,2.66,166.72
img_1903.npy,2.52,135.26
img_1904.npy,2.76,131.42
img_1905.npy,2.46,124.08
img_1906.npy,2.53,135.96
img_1907.npy,2.79,126.45
img_1908.npy,2.91,123.76
img_1909.npy,2.75,131.86
img_191.npy,2.40,131.35
img_1910.npy,2.85,138.92
img_1911.npy,2.78,139.04
img_1912.npy,2.47,145.04
img_1913.npy,2.39,161.81
img_1914.npy,2.62,132.68
img_1915.npy,2.60,137.48
img_1916.npy,2.49,196.34
img_1917.npy,2.55,192.57
img_1918.npy,2.82,122.47
img_1919.npy,2.69,138.39
img_192.npy,2.45,197.59
img_1920.npy,2.47,133.60
img_1921.npy,2.71,134.48
img_1922.npy,2.72,145.59
img_1923.npy,2.36,197.47
img_1924.npy,2.74,144.18
img_1925.npy,2.40,136.57
img_1926.npy,2.74,164.67
img_1927.npy,2.51,199.58
img_1928.npy,2.51,122.23
img_1929.npy,2.54,140.43
img_193.npy,2.67,175.53
img_1930.npy,2.73,132.57
img_1931.npy,2.56,123.85
img_1932.npy,2.54,163.80
img_1933.npy,2.34,129.42
img_1934.npy,2.68,126.77
img_1935.npy,2.42,125.23
img_1936.npy,2.77,138.71
img_1937.npy,2.86,165.59
img_1938.npy,2.71,136.26
img_1939.npy,2.61,129.32
img_194.npy,2.46,135.80
img_1940.npy,2.59,130.86
img_1941.npy,2.57,121.06
img_1942.npy,2.42,119.57
img_1943.npy,2.54,158.44
img_1944.npy,2.65,132.42
img_1945.npy,2.73,124.68
img_1946.npy,2.58,121.27
img_1947.npy,2.51,155.69
img_1948.npy,2.54,160.68
img_1949.npy,2.85,118.59
img_195.npy,3.03,144.29
img_1950.npy,2.38,182.24
img_1951.npy,2.63,128.27
img_1952.npy,2.77,135.08
img_1953.npy,2.61,197.09
img_1954.npy,2.42,198.53
img_1955.npy,2.73,127.78
img_1956.npy,2.61,125.30
img_1957.npy,2.49,171.66
img_1958.npy,2.50,142.25
img_1959.npy,2.39,127.71
img_196.npy,2.31,160.43
img_1960.npy,2.56,131.89
img_1961.npy,2.52,124.45
img_1962.npy,2.72,137.21
img_1963.npy,2.60,141.19
img_1964.npy,2.38,130.15
img_1965.npy,2.63,122.11
img_1966.npy,2.49,142.23
img_1967.npy,2.59,133.92
img_1968.npy,2.58,122.23
img_1969.npy,2.69,131.23
img_197.npy,2.60,144.75
img_1970.npy,2.77,133.43
img_1971.npy,2.67,127.38
img_1972.npy,2.59,123.98
img_1973.npy,2.51,183.51
img_1974.npy,2.50,130.49
img_1975.npy,2.82,116.84
img_1976.npy,2.85,140.61
img_1977.npy,2.59,196.05
img_1978.npy,2.83,128.47
img_1979.npy,2.79,123.64
img_198.npy,2.80,136.92
img_1980.npy,2.59,170.73
img_1981.npy,2.82,133.62
img_1982.npy,2.55,126.66
img_1983.npy,2.74,146.98
img_1984.npy,2.61,170.65
img_1985.npy,2.62,124.02
img_1986.npy,2.50,131.45
img_1987.npy,2.31,152.95
img_1988.npy,2.89,131.00
img_1989.npy,2.78,138.44
img_199.npy,2.41,127.14
img_1990.npy,2.49,173.12
img_1991.npy,2.73,128.67
img_1992.npy,2.79,137.46
img_1993.npy,2.59,198.68
img_1994.npy,2.47,198.79
img_1995.npy,2.18,197.07
img_1996.npy,2.50,177.20
img_1997.npy,2.61,133.02
img_1998.npy,2.34,195.70
img_1999.npy,2.59,168.62
img_2.npy,2.33,193.52
img_20.npy,2.55,132.72
img_200.npy,2.74,136.23
img_2000.npy,2.66,182.20
img_2001.npy,2.51,198.53
img_2002.npy,2.42,199.93
img_2003.npy,2.45,198.70
img_2004.npy,2.34,196.54
img_2005.npy,2.38,196.00
img_2006.npy,2.51,189.59
img_2007.npy,2.41,196.70
img_2008.npy,2.51,146.74
img_2009.npy,2.29,192.09
img_201.npy,2.62,190.54
img_2010.npy,2.45,194.79
img_2011.npy,2.41,131.55
img_2012.npy,2.56,135.50
img_2013.npy,2.49,198.72
img_2014.npy,2.65,191.85
img_2015.npy,2.84,197.91
img_2016.npy,2.50,199.99
img_2017.npy,2.51,192.38
img_2018.npy,2.52,197.96
img_2019.npy,2.68,130.63
img_202.npy,2.73,188.29
img_2020.npy,2.65,192.73
img_2021.npy,2.48,198.61
img_2022.npy,2.31,186.60
img_2023.npy,2.54,145.71
img_2024.npy,2.46,182.63
img_2025.npy,2.70,134.02
img_2026.npy,2.21,184.66
img_2027.npy,2.27,181.27
img_2028.npy,2.60,131.03
img_2029.npy,2.69,179.45
img_203.npy,2.74,135.66
img_2030.npy,2.26,198.38
img_2031.npy,2.61,130.21
img_2032.npy,2.57,140.38
img_2033.npy,2.03,188.53
img_2034.npy,2.65,129.68
img_2035.npy,2.35,198.08
img_2036.npy,2.59,133.95
img_2037.npy,2.59,174.88
img_2038.npy,2.22,199.04
img_2039.npy,2.27,195.83
img_204.npy,2.31,194.86
img_2040.npy,2.59,132.56
img_2041.npy,2.09,196.98
img_2042.npy,2.58,148.19
img_2043.npy,2.83,133.76
img_2044.npy,2.47,128.62
img_2045.npy,2.62,132.48
img_2046.npy,2.57,130.66
img_2047.npy,2.48,130.89
img_2048.npy,2.36,128.76
img_2049.npy,2.53,131.96
img_205.npy,2.40,160.10
img_2050.npy,2.46,156.59
img_2051.npy,2.41,185.65
img_2052.npy,2.29,172.37
img_2053.npy,2.41,133.06
img_2054.npy,2.77,133.04
img_2055.npy,2.38,189.98
img_2056.npy,2.53,136.26
img_2057.npy,2.41,183.70
img_2058.npy,2.70,143.49
img_2059.npy,2.52,199.63
img_206.npy,2.37,197.90
img_2060.npy,1.93,199.21
img_2061.npy,2.69,153.98
img_2062.npy,2.51,199.90
img_2063.npy,2.38,189.88
img_2064.npy,2.83,139.20
img_2065.npy,2.50,201.70
img_2066.npy,2.24,197.74
img_2067.npy,2.46,191.86
img_2068.npy,2.72,154.05
img_2069.npy,2.43,167.61
img_207.npy,2.58,148.32
img_2070.npy,2.29,200.36
img_2071.npy,2.32,195.22
img_2072.npy,2.58,197.07
img_2073.npy,2.68,197.76
img_2074.npy,2.50,198.79
img_2075.npy,2.38,198.32
img_2076.npy,2.08,199.80
img_2077.npy,2.57,178.97
img_2078.npy,2.65,133.08
img_2079.npy,2.21,187.82
img_208.npy,2.41,138.66
img_2080.npy,2.40,164.88
img_2081.npy,2.46,187.56
img_2082.npy,2.30,189.87
img_2083.npy,2.88,152.19
img_2084.npy,2.45,168.75
img_2085.npy,2.51,160.16
img_2086.npy,2.51,198.75
img_2087.npy,2.37,191.33
img_2088.npy,2.78,153.34
img_2089.npy,2.93,185.41
img_209.npy,2.34,193.76
img_2090.npy,2.49,130.24
img_2091.npy,2.29,130.14
img_2092.npy,2.50,132.03
img_2093.npy,2.42,178.17
img_2094.npy,2.33,187.36
img_2095.npy,2.41,177.68
img_2096.npy,2.68,135.14
img_2097.npy,2.45,199.57
img_2098.npy,2.43,197.21
img_2099.npy,2.29,198.91
img_21.npy,2.59,134.68
img_210.npy,2.39,199.12
img_2100.npy,2.42,199.77
img_2101.npy,2.23,197.59
img_2102.npy,2.09,188.50
img_2103.npy,2.76,175.29
img_2104.npy,2.33,200.37
img_2105.npy,2.45,194.26
img_2106.npy,2.34,196.39
img_2107.npy,2.39,179.83
img_2108.npy,2.21,198.36
img_2109.npy,2.44,140.81
img_211.npy,2.22,163.73
img_2110.npy,2.35,173.00
img_2111.npy,2.19,200.66
img_2112.npy,2.41,198.77
img_2113.npy,2.32,199.77
img_2114.npy,2.27,198.16
img_2115.npy,2.42,131.25
img_2116.npy,2.80,134.84
img_2117.npy,2.31,198.26
img_2118.npy,2.64,176.89
img_2119.npy,2.34,199.15
img_212.npy,2.76,186.52
img_2120.npy,2.54,194.64
img_2121.npy,2.53,198.11
img_2122.npy,2.46,193.55
img_2123.npy,2.53,160.25
img_2124.npy,2.81,138.70
img_2125.npy,2.27,195.31
img_2126.npy,2.67,133.64
img_2127.npy,2.46,130.02
img_2128.npy,2.34,137.20
img_2129.npy,2.67,136.00
img_213.npy,2.51,174.19
img_2130.npy,2.48,170.38
img_2131.npy,2.27,172.99
img_2132.npy,2.36,132.24
img_2133.npy,2.34,132.89
img_2134.npy,2.56,134.82
img_2135.npy,2.87,140.69
img_2136.npy,2.53,133.19
img_2137.npy,2.50,132.22
img_2138.npy,2.66,135.01
img_2139.npy,2.50,199.17
img_214.npy,2.52,184.29
img_2140.npy,2.31,180.87
img_2141.npy,2.50,190.91
img_2142.npy,2.60,146.18
img_2143.npy,2.60,133.10
img_2144.npy,2.41,191.53
img_2145.npy,2.26,132.83
img_2146.npy,2.49,131.41
img_2147.npy,2.88,131.38
img_2148.npy,2.37,197.12
img_2149.npy,2.57,129.08
img_215.npy,2.93,133.25
img_2150.npy,2.83,131.74
img_2151.npy,2.30,192.90
img_2152.npy,2.57,142.36
img_2153.npy,2.54,185.43
img_2154.npy,2.39,198.60
img_2155.npy,2.77,130.35
img_2156.npy,2.50,185.14
img_2157.npy,2.81,141.51
img_2158.npy,2.50,172.29
img_2159.npy,2.51,131.25
img_216.npy,2.70,179.17
img_2160.npy,2.56,178.82
img_2161.npy,2.06,188.51
img_2162.npy,2.71,144.83
img_2163.npy,2.33,180.75
img_2164.npy,2.23,191.22
img_2165.npy,2.72,157.21
img_2166.npy,2.63,199.23
img_2167.npy,2.21,177.83
img_2168.npy,2.41,137.81
img_2169.npy,2.42,158.98
img_217.npy,2.43,198.81
img_2170.npy,2.26,129.67
img_2171.npy,2.27,130.78
img_2172.npy,2.16,137.11
img_2173.npy,2.30,132.42
img_2174.npy,2.16,131.66
img_2175.npy,2.23,130.95
img_2176.npy,2.24,151.02
img_2177.npy,2.36,161.02
img_2178.npy,2.08,171.45
img_2179.npy,2.19,128.86
img_218.npy,2.21,133.62
img_2180.npy,2.14,131.41
img_2181.npy,2.15,130.30
img_2182.npy,2.30,170.05
img_2183.npy,2.64,197.30
img_2184.npy,2.14,197.22
img_2185.npy,2.31,178.16
img_2186.npy,2.22,198.45
img_2187.npy,2.49,200.30
img_2188.npy,2.40,193.51
img_2189.npy,2.14,190.71
img_219.npy,2.47,191.86
img_2190.npy,2.46,133.29
img_2191.npy,2.40,143.64
img_2192.npy,2.61,156.11
img_2193.npy,2.27,198.58
img_2194.npy,2.31,190.06
img_2195.npy,2.58,171.72
img_2196.npy,2.35,199.25
img_2197.npy,2.43,177.23
img_2198.npy,2.29,194.86
img_2199.npy,2.36,134.97
img_22.npy,2.89,160.30
img_220.npy,2.37,193.83
img_2200.npy,2.32,199.41
img_2201.npy,2.28,194.04
img_2202.npy,2.37,188.33
img_2203.npy,2.53,134.70
img_2204.npy,2.59,132.55
img_2205.npy,2.59,184.00
img_2206.npy,2.48,189.71
img_2207.npy,2.67,172.18
img_2208.npy,2.56,199.46
img_2209.npy,2.44,195.90
img_221.npy,2.74,135.51
img_2210.npy,2.59,199.22
img_2211.npy,2.38,198.68
img_2212.npy,2.48,200.33
img_2213.npy,2.38,198.24
img_2214.npy,2.85,196.72
img_2215.npy,2.42,200.17
img_2216.npy,2.40,197.96
img_2217.npy,2.58,193.63
img_2218.npy,2.31,190.20
img_2219.npy,2.53,199.07
img_222.npy,2.16,194.15
img_2220.npy,2.67,135.16
img_2221.npy,2.39,196.93
img_2222.npy,2.33,196.74
img_2223.npy,2.60,138.47
img_2224.npy,2.46,185.42
img_2225.npy,2.71,191.02
img_2226.npy,2.29,199.04
img_2227.npy,2.78,144.12
img_2228.npy,2.83,131.48
img_2229.npy,2.59,188.32
img_223.npy,2.70,137.91
img_2230.npy,2.83,134.47
img_2231.npy,2.57,133.09
img_2232.npy,2.56,174.73
img_2233.npy,2.64,179.79
img_2234.npy,2.75,178.60
img_2235.npy,2.21,187.76
img_2236.npy,2.61,133.90
img_2237.npy,2.70,197.22
img_2238.npy,2.47,190.72
img_2239.npy,2.32,129.51
img_224.npy,2.92,139.57
img_2240.npy,2.51,189.41
img_2241.npy,2.75,133.94
img_2242.npy,2.58,193.61
img_2243.npy,2.45,184.61
img_2244.npy,2.44,197.89
img_2245.npy,2.47,194.61
img_2246.npy,2.65,131.94
img_2247.npy,2.75,185.39
img_2248.npy,2.52,190.45
img_2249.npy,2.48,187.88
img_225.npy,2.46,174.09
img_2250.npy,2.46,191.55
img_2251.npy,2.41,135.88
img_2252.npy,2.70,135.38
img_2253.npy,2.45,162.77
img_2254.npy,2.52,160.27
img_2255.npy,2.69,195.79
img_2256.npy,2.39,174.09
img_2257.npy,2.38,132.34
img_2258.npy,2.45,130.54
img_2259.npy,2.86,132.61
img_226.npy,2.37,199.72
img_2260.npy,2.59,135.64
img_2261.npy,2.52,166.30
img_2262.npy,2.76,196.87
img_2263.npy,2.46,180.53
img_2264.npy,2.38,173.05
img_2265.npy,2.88,141.38
img_2266.npy,2.42,199.55
img_2267.npy,2.49,197.76
img_2268.npy,2.72,199.21
img_2269.npy,2.42,196.86
img_227.npy,2.55,196.64
img_2270.npy,2.32,198.99
img_2271.npy,2.36,131.81
img_2272.npy,2.25,142.45
img_2273.npy,2.74,136.57
img_2274.npy,2.40,188.85
img_2275.npy,2.32,193.78
img_2276.npy,2.44,133.25
img_2277.npy,2.23,132.94
img_2278.npy,2.39,156.50
img_2279.npy,2.74,199.36
img_228.npy,2.45,198.62
img_2280.npy,2.47,195.54
img_2281.npy,2.29,195.19
img_2282.npy,2.35,136.55
img_2283.npy,2.21,197.93
img_2284.npy,2.16,199.70
img_2285.npy,2.21,197.99
img_2286.npy,2.24,131.55
img_2287.npy,2.29,158.48
img_2288.npy,2.28,137.84
img_2289.npy,2.51,132.48
img_229.npy,2.56,132.86
img_2290.npy,2.40,138.84
img_2291.npy,2.57,133.09
img_2292.npy,2.35,131.48
img_2293.npy,2.30,171.58
img_2294.npy,2.52,132.04
img_2295.npy,2.29,132.82
img_2296.npy,2.63,130.58
img_2297.npy,2.01,137.28
img_2298.npy,2.27,138.32
img_2299.npy,2.19,163.75
img_23.npy,2.12,198.66
img_230.npy,2.09,199.52
img_2300.npy,2.26,181.16
img_2301.npy,2.23,197.75
img_2302.npy,2.10,198.13
img_2303.npy,1.96,199.11
img_2304.npy,2.14,196.00
img_2305.npy,2.21,199.17
img_2306.npy,1.94,197.26
img_2307.npy,2.20,182.91
img_2308.npy,2.26,150.54
img_2309.npy,2.14,181.47
img_231.npy,2.24,169.30
img_2310.npy,2.23,133.19
img_2311.npy,1.97,199.25
img_2312.npy,2.48,131.59
img_2313.npy,2.10,180.51
img_2314.npy,2.50,131.95
img_2315.npy,2.11,130.99
img_2316.npy,2.24,133.11
img_2317.npy,2.09,132.66
img_2318.npy,2.44,133.65
img_2319.npy,2.20,183.98
img_232.npy,2.16,131.31
img_2320.npy,2.36,160.97
img_2321.npy,2.49,138.04
img_2322.npy,2.38,201.42
img_2323.npy,2.25,198.91
img_2324.npy,2.17,199.21
img_2325.npy,2.29,197.47
img_2326.npy,2.34,195.30
img_2327.npy,2.41,191.38
img_2328.npy,2.29,193.98
img_2329.npy,2.20,196.40
img_233.npy,2.32,183.46
img_2330.npy,2.40,165.37
img_2331.npy,2.18,196.73
img_2332.npy,2.57,196.88
img_2333.npy,2.30,196.17
img_2334.npy,2.12,197.66
img_2335.npy,2.29,142.92
img_2336.npy,2.22,132.81
img_2337.npy,2.53,148.12
img_2338.npy,2.50,179.61
img_2339.npy,2.49,189.19
img_234.npy,2.51,176.94
img_2340.npy,2.30,195.42
img_2341.npy,2.45,134.58
img_2342.npy,2.68,138.80
img_2343.npy,2.29,193.12
img_2344.npy,2.40,136.02
img_2345.npy,2.38,172.13
img_2346.npy,2.27,132.90
img_2347.npy,2.69,153.63
img_2348.npy,2.41,190.18
img_2349.npy,2.60,189.73
img_235.npy,2.63,181.95
img_2350.npy,2.34,199.31
img_2351.npy,2.22,198.85
img_2352.npy,2.35,199.16
img_2353.npy,2.29,198.80
img_2354.npy,2.35,200.23
img_2355.npy,2.49,201.27
img_2356.npy,2.29,198.86
img_2357.npy,2.41,192.70
img_2358.npy,2.57,188.84
img_2359.npy,2.54,190.78
img_236.npy,2.25,195.24
img_2360.npy,2.51,132.83
img_2361.npy,2.44,139.97
img_2362.npy,2.43,155.76
img_2363.npy,2.63,136.40
img_2364.npy,2.29,137.80
img_2365.npy,2.62,134.79
img_2366.npy,2.95,200.89
img_2367.npy,2.42,197.88
img_2368.npy,2.41,197.54
img_2369.npy,2.17,200.11
img_237.npy,2.24,198.50
img_2370.npy,2.39,186.82
img_2371.npy,2.40,132.20
img_2372.npy,2.37,132.74
img_2373.npy,2.31,186.73
img_2374.npy,2.45,132.59
img_2375.npy,2.38,132.20
img_2376.npy,2.41,132.56
img_2377.npy,2.54,147.44
img_2378.npy,2.48,146.66
img_2379.npy,2.47,139.12
img_238.npy,2.39,191.62
img_2380.npy,2.36,173.11
img_2381.npy,2.43,177.59
img_2382.npy,2.04,181.32
img_2383.npy,2.69,133.16
img_2384.npy,2.57,131.66
img_2385.npy,2.30,177.89
img_2386.npy,2.59,169.57
img_2387.npy,2.39,195.92
img_2388.npy,2.44,188.45
img_2389.npy,2.50,188.82
img_239.npy,2.35,194.84
img_2390.npy,2.21,198.50
img_2391.npy,2.43,182.06
img_2392.npy,2.34,199.71
img_2393.npy,2.66,194.07
img_2394.npy,2.51,199.79
img_2395.npy,2.44,196.57
img_2396.npy,2.56,194.13
img_2397.npy,2.42,193.03
img_2398.npy,2.27,194.85
img_2399.npy,2.34,184.86
img_24.npy,2.49,132.99
img_240.npy,3.00,162.67
img_2400.npy,2.66,135.36
img_2401.npy,2.53,191.18
img_2402.npy,2.42,194.77
img_2403.npy,2.38,189.57
img_2404.npy,2.72,141.70
img_2405.npy,2.36,199.75
img_2406.npy,2.40,197.84
img_2407.npy,2.26,180.86
img_2408.npy,2.25,185.04
img_2409.npy,2.63,174.49
img_241.npy,2.37,198.20
img_2410.npy,2.36,191.17
img_2411.npy,2.57,191.64
img_2412.npy,2.32,190.90
img_2413.npy,2.41,194.55
img_2414.npy,2.53,192.88
img_2415.npy,2.32,198.98
img_2416.npy,2.50,178.86
img_2417.npy,2.59,198.44
img_2418.npy,2.25,197.82
img_2419.npy,2.32,200.36
img_242.npy,2.61,199.33
img_2420.npy,2.29,196.23
img_2421.npy,2.63,169.43
img_2422.npy,2.49,195.76
img_2423.npy,2.27,132.79
img_2424.npy,2.69,136.55
img_2425.npy,2.31,198.25
img_2426.npy,2.29,188.47
img_2427.npy,2.29,179.66
img_2428.npy,2.33,140.11
img_2429.npy,2.55,187.07
img_243.npy,2.35,199.34
img_2430.npy,2.44,183.68
img_2431.npy,2.46,198.15
img_2432.npy,2.37,198.99
img_2433.npy,2.71,188.95
img_2434.npy,2.37,193.73
img_2435.npy,2.77,144.22
img_2436.npy,2.45,198.15
img_2437.npy,2.31,194.86
img_2438.npy,2.32,200.74
img_2439.npy,2.41,201.15
img_244.npy,2.40,197.70
img_2440.npy,2.37,200.34
img_2441.npy,2.32,175.88
img_2442.npy,2.40,132.40
img_2443.npy,2.39,132.30
img_2444.npy,2.44,133.06
img_2445.npy,2.42,199.89
img_2446.npy,2.37,194.42
img_2447.npy,2.43,189.43
img_2448.npy,2.55,185.22
img_2449.npy,2.35,183.75
img_245.npy,2.32,187.52
img_2450.npy,2.56,145.13
img_2451.npy,2.66,197.49
img_2452.npy,2.36,186.31
img_2453.npy,2.40,196.23
img_2454.npy,2.38,201.46
img_2455.npy,2.52,199.38
img_2456.npy,2.50,199.29
img_2457.npy,2.17,200.50
img_2458.npy,2.32,134.39
img_2459.npy,2.58,132.50
img_246.npy,2.70,136.45
img_2460.npy,2.19,200.57
img_2461.npy,2.40,135.18
img_2462.npy,2.43,143.69
img_2463.npy,2.33,133.47
img_2464.npy,2.58,134.45
img_2465.npy,2.10,190.25
img_2466.npy,2.47,139.19
img_2467.npy,2.39,170.17
img_2468.npy,3.20,120.02
img_2469.npy,2.56,141.59
img_247.npy,2.25,121.91
img_2470.npy,2.48,124.33
img_2471.npy,2.43,136.09
img_2472.npy,2.52,121.26
img_2473.npy,2.47,121.17
img_2474.npy,2.44,133.29
img_2475.npy,2.39,130.62
img_2476.npy,2.28,145.88
img_2477.npy,2.48,134.20
img_2478.npy,2.35,136.05
img_2479.npy,2.27,199.38
img_248.npy,2.43,167.34
img_2480.npy,2.32,132.25
img_2481.npy,2.71,145.11
img_2482.npy,2.29,172.38
img_2483.npy,2.28,193.92
img_2484.npy,2.57,142.20
img_2485.npy,2.45,200.14
img_2486.npy,2.42,175.97
img_2487.npy,2.38,129.88
img_2488.npy,2.26,139.45
img_2489.npy,2.53,133.60
img_249.npy,2.45,164.99
img_2490.npy,2.51,140.17
img_2491.npy,2.47,199.16
img_2492.npy,2.39,199.16
img_2493.npy,2.33,195.55
img_2494.npy,2.40,197.61
img_2495.npy,2.43,197.09
img_2496.npy,2.31,198.06
img_2497.npy,2.35,188.34
img_2498.npy,2.33,137.61
img_2499.npy,2.66,149.02
img_25.npy,2.30,196.81
img_250.npy,2.60,198.08
img_2500.npy,2.36,199.79
img_2501.npy,2.63,189.95
img_2502.npy,2.86,190.31
img_2503.npy,2.38,197.59
img_2504.npy,2.50,188.64
img_2505.npy,2.36,181.31
img_2506.npy,2.50,130.55
img_2507.npy,2.60,154.20
img_2508.npy,2.18,198.15
img_2509.npy,2.32,190.75
img_251.npy,2.25,186.84
img_2510.npy,2.33,136.30
img_2511.npy,2.41,134.69
img_2512.npy,2.37,131.79
img_2513.npy,2.37,133.47
img_2514.npy,2.42,130.78
img_2515.npy,2.33,132.34
img_2516.npy,2.40,128.30
img_2517.npy,2.49,131.73
img_2518.npy,2.37,129.30
img_2519.npy,2.20,132.06
img_252.npy,2.72,130.68
img_2520.npy,2.38,130.82
img_2521.npy,2.54,131.75
img_2522.npy,2.61,196.88
img_2523.npy,2.22,177.85
img_2524.npy,2.38,170.98
img_2525.npy,2.40,189.96
img_2526.npy,2.68,135.43
img_2527.npy,2.18,195.92
img_2528.npy,2.58,134.49
img_2529.npy,2.28,186.56
img_253.npy,2.39,140.84
img_2530.npy,2.59,148.01
img_2531.npy,2.31,199.59
img_2532.npy,2.33,198.22
img_2533.npy,2.36,191.00
img_2534.npy,2.58,134.79
img_2535.npy,2.58,191.00
img_2536.npy,2.29,192.31
img_2537.npy,2.91,168.42
img_2538.npy,2.36,179.39
img_2539.npy,2.47,174.05
img_254.npy,2.28,199.14
img_2540.npy,2.47,187.89
img_2541.npy,2.28,198.91
img_2542.npy,2.38,138.26
img_2543.npy,2.50,130.55
img_2544.npy,2.57,132.66
img_2545.npy,2.29,197.65
img_2546.npy,2.75,167.54
img_2547.npy,2.41,191.06
img_2548.npy,2.27,198.41
img_2549.npy,2.52,196.50
img_255.npy,2.34,142.70
img_2550.npy,2.52,137.02
img_2551.npy,2.61,192.30
img_2552.npy,2.21,198.64
img_2553.npy,2.62,134.04
img_2554.npy,2.77,192.97
img_2555.npy,2.52,134.13
img_2556.npy,2.80,184.30
img_2557.npy,2.55,197.95
img_2558.npy,2.33,190.20
img_2559.npy,2.40,191.52
img_256.npy,2.29,158.44
img_2560.npy,2.48,139.83
img_2561.npy,2.61,160.10
img_2562.npy,2.48,193.60
img_2563.npy,2.27,195.00
img_2564.npy,2.45,176.05
img_2565.npy,2.62,194.07
img_2566.npy,2.47,181.70
img_2567.npy,2.65,136.14
img_2568.npy,2.58,132.45
img_2569.npy,2.51,188.88
img_257.npy,2.44,181.25
img_2570.npy,2.63,161.35
img_2571.npy,2.77,180.69
img_2572.npy,2.54,191.63
img_2573.npy,2.36,199.16
img_2574.npy,2.31,199.61
img_2575.npy,2.47,191.93
img_2576.npy,2.51,200.31
img_2577.npy,2.54,199.89
img_2578.npy,2.28,190.91
img_2579.npy,2.61,133.84
img_258.npy,2.48,194.96
img_2580.npy,2.39,199.23
img_2581.npy,2.50,182.32
img_2582.npy,2.47,131.30
img_2583.npy,2.34,130.20
img_2584.npy,2.17,132.56
img_2585.npy,2.46,135.36
img_2586.npy,2.32,130.41
img_2587.npy,2.68,136.36
img_2588.npy,2.47,197.21
img_2589.npy,2.40,199.38
img_259.npy,2.76,200.68
img_2590.npy,2.35,173.24
img_2591.npy,2.34,132.20
img_2592.npy,2.74,137.92
img_2593.npy,2.24,199.43
img_2594.npy,2.36,199.93
img_2595.npy,2.43,199.42
img_2596.npy,2.53,134.00
img_2597.npy,2.45,198.00
img_2598.npy,2.56,197.54
img_2599.npy,2.33,200.27
img_26.npy,2.46,198.86
img_260.npy,2.41,199.93
img_2600.npy,2.48,199.63
img_2601.npy,2.58,198.25
img_2602.npy,2.41,195.98
img_2603.npy,2.47,130.20
img_2604.npy,2.60,129.77
img_2605.npy,2.43,142.43
img_2606.npy,2.26,154.77
img_2607.npy,2.46,136.63
img_2608.npy,2.62,141.22
img_2609.npy,2.92,133.83
img_261.npy,2.56,163.98
img_2610.npy,2.48,130.76
img_2611.npy,2.65,132.63
img_2612.npy,2.53,199.86
img_2613.npy,2.44,194.00
img_2614.npy,2.42,133.14
img_2615.npy,2.47,138.49
img_2616.npy,2.46,130.91
img_2617.npy,2.50,133.09
img_2618.npy,2.42,190.10
img_2619.npy,2.56,138.86
img_262.npy,2.52,199.60
img_2620.npy,2.33,199.66
img_2621.npy,2.50,199.26
img_2622.npy,2.30,199.70
img_2623.npy,2.32,130.36
img_2624.npy,2.65,138.05
img_2625.npy,2.42,195.52
img_2626.npy,2.42,198.37
img_2627.npy,2.28,191.39
img_2628.npy,2.81,197.12
img_2629.npy,2.48,182.84
img_263.npy,2.62,135.25
img_2630.npy,2.52,181.63
img_2631.npy,2.52,198.73
img_2632.npy,2.17,194.04
img_2633.npy,2.56,132.43
img_2634.npy,2.63,134.73
img_2635.npy,2.22,132.36
img_2636.npy,2.32,133.57
img_2637.npy,2.47,163.00
img_2638.npy,2.24,198.15
img_2639.npy,2.63,168.51
img_264.npy,2.50,178.53
img_2640.npy,2.29,177.70
img_2641.npy,2.29,129.61
img_2642.npy,2.47,128.46
img_2643.npy,2.52,131.13
img_2644.npy,2.49,131.66
img_2645.npy,2.36,130.80
img_2646.npy,2.33,129.61
img_2647.npy,2.82,140.74
img_2648.npy,2.49,193.45
img_2649.npy,2.22,194.13
img_265.npy,2.40,182.19
img_2650.npy,2.34,185.20
img_2651.npy,2.31,174.54
img_2652.npy,2.65,168.79
img_2653.npy,2.45,142.04
img_2654.npy,2.36,190.39
img_2655.npy,2.51,135.35
img_2656.npy,2.46,133.09
img_2657.npy,2.60,131.99
img_2658.npy,2.46,132.99
img_2659.npy,2.42,130.29
img_266.npy,2.46,134.27
img_2660.npy,2.36,169.43
img_2661.npy,2.26,145.03
img_2662.npy,2.35,129.90
img_2663.npy,2.56,136.72
img_2664.npy,2.54,167.88
img_2665.npy,2.58,134.78
img_2666.npy,2.51,132.09
img_2667.npy,2.84,198.21
img_2668.npy,2.18,198.70
img_2669.npy,2.58,178.14
img_267.npy,2.42,200.94
img_2670.npy,2.26,200.35
img_2671.npy,2.29,133.20
img_2672.npy,2.44,137.25
img_2673.npy,2.32,131.83
img_2674.npy,2.56,161.31
img_2675.npy,2.57,189.53
img_2676.npy,2.96,183.32
img_2677.npy,2.34,190.80
img_2678.npy,2.41,184.21
img_2679.npy,2.38,128.45
img_268.npy,2.76,131.50
img_2680.npy,2.55,196.86
img_2681.npy,2.45,188.46
img_2682.npy,2.46,199.84
img_2683.npy,2.59,198.24
img_2684.npy,2.31,191.20
img_2685.npy,2.88,135.39
img_2686.npy,2.96,189.65
img_2687.npy,2.29,201.05
img_2688.npy,2.47,199.37
img_2689.npy,2.28,199.10
img_269.npy,2.23,192.46
img_2690.npy,2.34,176.39
img_2691.npy,2.68,150.27
img_2692.npy,2.25,183.20
img_2693.npy,2.46,132.06
img_2694.npy,2.86,131.66
img_2695.npy,2.48,198.59
img_2696.npy,2.51,198.97
img_2697.npy,2.35,195.60
img_2698.npy,2.32,191.43
img_2699.npy,2.31,131.14
img_27.npy,2.48,129.64
img_270.npy,2.64,130.51
img_2700.npy,2.79,131.35
img_2701.npy,2.37,189.37
img_2702.npy,2.49,134.06
img_2703.npy,2.93,135.51
img_2704.npy,2.49,190.37
img_2705.npy,2.49,186.34
img_2706.npy,2.56,129.79
img_2707.npy,2.43,194.86
img_2708.npy,2.30,196.70
img_2709.npy,2.63,137.23
img_271.npy,2.34,186.90
img_2710.npy,2.90,136.76
img_2711.npy,2.40,194.84
img_2712.npy,2.40,195.50
img_2713.npy,2.36,199.10
img_2714.npy,2.87,136.20
img_2715.npy,2.64,174.16
img_2716.npy,2.47,200.23
img_2717.npy,2.34,198.59
img_2718.npy,2.48,198.37
img_2719.npy,2.48,182.61
img_272.npy,2.28,196.97
img_2720.npy,2.43,191.02
img_2721.npy,2.96,133.79
img_2722.npy,2.54,135.69
img_2723.npy,2.39,134.24
img_2724.npy,2.49,133.77
img_2725.npy,2.35,132.84
img_2726.npy,2.55,132.97
img_2727.npy,2.67,136.18
img_2728.npy,2.27,187.60
img_2729.npy,2.62,132.05
img_273.npy,2.75,130.79
img_2730.npy,2.17,193.40
img_2731.npy,2.64,137.99
img_2732.npy,2.48,196.23
img_2733.npy,2.53,184.54
img_2734.npy,2.48,134.07
img_2735.npy,2.34,138.84
img_2736.npy,2.95,132.96
img_2737.npy,2.41,189.05
img_2738.npy,2.49,135.07
img_2739.npy,2.41,128.95
img_274.npy,2.90,140.03
img_2740.npy,2.81,137.98
img_2741.npy,2.34,200.30
img_2742.npy,2.40,199.20
img_2743.npy,2.55,198.15
img_2744.npy,2.63,184.02
img_2745.npy,2.53,200.05
img_2746.npy,2.32,189.03
img_2747.npy,2.54,162.70
img_2748.npy,2.44,135.84
img_2749.npy,2.36,146.30
img_275.npy,2.64,182.33
img_2750.npy,2.49,197.76
img_2751.npy,2.48,193.39
img_2752.npy,2.33,192.92
img_2753.npy,2.40,133.04
img_2754.npy,2.42,135.64
img_2755.npy,2.72,133.30
img_2756.npy,2.55,188.86
img_2757.npy,2.46,176.07
img_2758.npy,2.49,133.97
img_2759.npy,2.55,192.72
img_276.npy,2.40,134.02
img_2760.npy,2.60,162.76
img_2761.npy,2.36,186.74
img_2762.npy,2.50,152.89
img_2763.npy,2.33,200.34
img_2764.npy,2.32,131.26
img_2765.npy,2.57,133.20
img_2766.npy,2.71,131.13
img_2767.npy,2.27,196.85
img_2768.npy,2.54,144.81
img_2769.npy,2.39,199.17
img_277.npy,2.44,194.55
img_2770.npy,2.20,184.84
img_2771.npy,2.55,135.19
img_2772.npy,2.36,141.85
img_2773.npy,2.32,134.56
img_2774.npy,3.07,153.35
img_2775.npy,2.91,199.20
img_2776.npy,2.96,197.96
img_2777.npy,3.21,187.88
img_2778.npy,2.80,201.21
img_2779.npy,3.17,199.98
img_278.npy,2.28,199.73
img_2780.npy,2.38,198.95
img_2781.npy,2.29,198.48
img_2782.npy,2.45,180.72
img_2783.npy,2.39,188.65
img_2784.npy,2.25,134.56
img_2785.npy,2.36,175.19
img_2786.npy,2.60,168.79
img_2787.npy,2.28,200.31
img_2788.npy,2.47,197.96
img_2789.npy,2.44,193.30
img_279.npy,2.44,195.30
img_2790.npy,2.33,195.50
img_2791.npy,2.32,170.00
img_2792.npy,2.54,143.24
img_2793.npy,2.78,133.45
img_2794.npy,2.70,196.62
img_2795.npy,2.47,198.88
img_2796.npy,2.32,134.81
img_2797.npy,2.41,129.73
img_2798.npy,2.52,134.35
img_2799.npy,2.49,186.52
img_28.npy,2.31,197.11
img_280.npy,2.48,193.81
img_2800.npy,2.55,135.71
img_2801.npy,2.52,161.34
img_2802.npy,2.41,128.67
img_2803.npy,2.31,132.52
img_2804.npy,2.43,142.98
img_2805.npy,2.80,149.58
img_2806.npy,2.30,195.23
img_2807.npy,2.26,189.36
img_2808.npy,2.48,194.99
img_2809.npy,2.37,136.02
img_281.npy,2.49,135.09
img_2810.npy,2.24,153.27
img_2811.npy,2.60,131.70
img_2812.npy,2.93,179.86
img_2813.npy,2.32,197.90
img_2814.npy,2.19,198.03
img_2815.npy,2.23,201.22
img_2816.npy,2.29,193.53
img_2817.npy,2.29,190.71
img_2818.npy,2.26,189.78
img_2819.npy,2.23,198.24
img_282.npy,2.24,195.40
img_2820.npy,2.09,196.11
img_2821.npy,2.26,193.69
img_2822.npy,2.11,198.65
img_2823.npy,2.15,200.27
img_2824.npy,2.23,134.18
img_2825.npy,2.33,135.64
img_2826.npy,2.19,153.07
img_2827.npy,2.17,133.92
img_2828.npy,2.91,133.27
img_2829.npy,2.07,186.31
img_283.npy,2.26,133.50
img_2830.npy,2.16,131.39
img_2831.npy,2.70,140.91
img_2832.npy,2.15,146.76
img_2833.npy,2.16,137.53
img_2834.npy,2.50,139.38
img_2835.npy,2.28,189.75
img_2836.npy,2.08,191.46
img_2837.npy,2.24,139.44
img_2838.npy,2.16,139.98
img_2839.npy,2.28,165.73
img_284.npy,2.24,138.08
img_2840.npy,2.23,141.48
img_2841.npy,2.27,143.58
img_2842.npy,2.23,132.70
img_2843.npy,2.37,138.79
img_2844.npy,2.18,157.84
img_2845.npy,2.32,183.21
img_2846.npy,2.22,199.84
img_2847.npy,2.05,198.07
img_2848.npy,2.27,196.10
img_2849.npy,2.46,194.96
img_285.npy,2.18,174.12
img_2850.npy,2.09,184.45
img_2851.npy,2.85,131.70
img_2852.npy,2.12,188.62
img_2853.npy,2.33,191.92
img_2854.npy,2.06,197.30
img_2855.npy,2.10,197.34
img_2856.npy,2.05,197.13
img_2857.npy,2.13,138.27
img_2858.npy,1.96,129.68
img_2859.npy,2.15,155.14
img_286.npy,2.34,133.92
img_2860.npy,1.91,200.39
img_2861.npy,2.09,195.55
img_2862.npy,2.10,191.44
img_2863.npy,2.17,195.70
img_2864.npy,2.26,197.36
img_2865.npy,2.18,171.24
img_2866.npy,2.21,189.41
img_2867.npy,2.21,199.71
img_2868.npy,2.07,197.07
img_2869.npy,2.08,186.35
img_287.npy,2.16,133.00
img_2870.npy,2.16,141.14
img_2871.npy,2.21,134.32
img_2872.npy,2.50,166.01
img_2873.npy,2.02,198.91
img_2874.npy,2.19,199.17
img_2875.npy,2.18,190.04
img_2876.npy,2.16,188.90
img_2877.npy,2.19,129.57
img_2878.npy,2.09,139.25
img_2879.npy,2.06,135.73
img_288.npy,2.16,136.06
img_2880.npy,2.08,133.09
img_2881.npy,2.33,166.58
img_2882.npy,2.14,200.35
img_2883.npy,2.03,202.13
img_2884.npy,2.01,194.71
img_2885.npy,2.09,195.76
img_2886.npy,2.07,187.52
img_2887.npy,2.11,192.69
img_2888.npy,1.96,186.66
img_2889.npy,2.07,198.66
img_289.npy,2.09,195.89
img_2890.npy,2.20,132.50
img_2891.npy,2.18,136.73
img_2892.npy,2.33,133.82
img_2893.npy,2.39,197.27
img_2894.npy,1.90,199.52
img_2895.npy,2.14,199.80
img_2896.npy,2.04,190.68
img_2897.npy,2.11,135.62
img_2898.npy,2.26,136.73
img_2899.npy,2.08,199.37
img_29.npy,2.23,192.55
img_290.npy,2.13,184.14
img_2900.npy,2.11,198.72
img_2901.npy,2.17,195.51
img_2902.npy,2.09,186.73
img_2903.npy,1.93,132.68
img_2904.npy,2.11,134.89
img_2905.npy,2.04,134.41
img_2906.npy,1.93,133.53
img_2907.npy,2.39,144.68
img_2908.npy,2.08,193.25
img_2909.npy,2.03,200.07
img_291.npy,2.18,198.85
img_2910.npy,2.10,198.22
img_2911.npy,2.05,199.82
img_2912.npy,2.16,196.96
img_2913.npy,2.54,199.93
img_2914.npy,1.98,200.96
img_2915.npy,2.06,192.05
img_2916.npy,2.20,159.97
img_2917.npy,1.88,192.84
img_2918.npy,2.36,158.59
img_2919.npy,2.08,197.56
img_292.npy,1.99,186.20
img_2920.npy,1.96,136.64
img_2921.npy,2.10,137.43
img_2922.npy,2.28,168.57
img_2923.npy,2.12,136.98
img_2924.npy,2.17,172.73
img_2925.npy,1.99,188.48
img_2926.npy,2.11,200.89
img_2927.npy,1.97,200.10
img_2928.npy,1.99,198.54
img_2929.npy,2.07,197.88
img_293.npy,2.05,200.56
img_2930.npy,2.00,200.03
img_2931.npy,2.21,198.89
img_2932.npy,2.15,193.33
img_2933.npy,2.16,193.75
img_2934.npy,2.48,198.91
img_2935.npy,2.00,198.61
img_2936.npy,2.14,194.32
img_2937.npy,2.00,197.96
img_2938.npy,2.05,189.50
img_2939.npy,2.22,200.49
img_294.npy,2.10,200.13
img_2940.npy,1.90,198.64
img_2941.npy,2.17,135.35
img_2942.npy,2.17,136.75
img_2943.npy,2.13,138.30
img_2944.npy,2.11,137.74
img_2945.npy,2.25,139.02
img_2946.npy,1.98,137.54
img_2947.npy,2.09,137.97
img_2948.npy,2.01,132.84
img_2949.npy,2.15,145.86
img_295.npy,2.00,135.27
img_2950.npy,2.04,134.18
img_2951.npy,1.97,176.66
img_2952.npy,2.09,135.48
img_2953.npy,1.94,132.06
img_2954.npy,2.12,131.64
img_2955.npy,2.61,144.70
img_2956.npy,2.09,143.61
img_2957.npy,2.07,141.61
img_2958.npy,2.29,137.00
img_2959.npy,2.07,137.06
img_296.npy,2.13,134.12
img_2960.npy,2.20,142.86
img_2961.npy,2.06,137.53
img_2962.npy,2.25,160.61
img_2963.npy,2.24,189.12
img_2964.npy,1.98,189.54
img_2965.npy,2.30,154.82
img_2966.npy,2.17,132.97
img_2967.npy,2.11,134.56
img_2968.npy,2.18,134.81
img_2969.npy,2.08,137.53
img_297.npy,2.20,139.31
img_2970.npy,2.21,193.43
img_2971.npy,2.14,194.79
img_2972.npy,2.25,193.59
img_2973.npy,2.19,199.88
img_2974.npy,2.00,191.41
img_2975.npy,2.67,152.79
img_2976.npy,2.36,192.77
img_2977.npy,2.07,133.35
img_2978.npy,2.31,137.30
img_2979.npy,2.32,135.19
img_298.npy,2.21,191.26
img_2980.npy,1.93,199.59
img_2981.npy,2.21,177.24
img_2982.npy,2.05,194.26
img_2983.npy,2.20,200.14
img_2984.npy,2.02,197.88
img_2985.npy,2.06,196.69
img_2986.npy,2.24,136.30
img_2987.npy,2.05,131.57
img_2988.npy,1.94,133.15
img_2989.npy,2.13,138.72
img_299.npy,1.97,137.80
img_2990.npy,2.12,137.24
img_2991.npy,2.20,142.53
img_2992.npy,2.02,134.11
img_2993.npy,2.16,137.86
img_2994.npy,2.17,136.91
img_2995.npy,2.04,137.51
img_2996.npy,2.53,133.49
img_2997.npy,2.15,148.90
img_2998.npy,2.15,137.46
img_2999.npy,2.35,138.85
img_3.npy,1.90,199.57
img_30.npy,2.18,136.99
img_300.npy,2.33,137.93
img_3000.npy,2.15,192.56
img_3001.npy,2.14,194.63
img_3002.npy,2.03,192.72
img_3003.npy,1.91,193.17
img_3004.npy,2.08,139.60
img_3005.npy,2.31,139.09
img_3006.npy,2.07,181.87
img_3007.npy,2.07,133.88
img_3008.npy,2.28,138.20
img_3009.npy,2.11,192.32
img_301.npy,2.16,195.75
img_3010.npy,1.88,197.46
img_3011.npy,2.16,141.63
img_3012.npy,2.24,134.24
img_3013.npy,1.95,141.53
img_3014.npy,2.22,136.45
img_3015.npy,2.54,136.64
img_3016.npy,2.11,137.71
img_3017.npy,2.20,139.74
img_3018.npy,2.15,134.46
img_3019.npy,2.10,135.50
img_302.npy,2.25,135.46
img_3020.npy,2.17,140.85
img_3021.npy,2.04,136.95
img_3022.npy,2.31,136.26
img_3023.npy,2.08,197.51
img_3024.npy,1.98,196.96
img_3025.npy,2.11,189.46
img_3026.npy,1.98,194.39
img_3027.npy,2.10,136.79
img_3028.npy,2.31,134.61
img_3029.npy,1.98,199.47
img_303.npy,2.09,193.65
img_3030.npy,2.26,197.29
img_3031.npy,2.09,192.25
img_3032.npy,2.23,197.16
img_3033.npy,2.16,196.73
img_3034.npy,2.07,194.36
img_3035.npy,2.45,196.24
img_3036.npy,2.16,163.77
img_3037.npy,2.08,163.87
img_3038.npy,2.09,199.07
img_3039.npy,2.01,195.60
img_304.npy,2.19,136.29
img_3040.npy,2.08,196.32
img_3041.npy,2.19,141.52
img_3042.npy,2.02,149.11
img_3043.npy,2.19,135.62
img_3044.npy,2.00,136.52
img_3045.npy,2.00,137.12
img_3046.npy,2.14,153.50
img_3047.npy,2.14,143.00
img_3048.npy,2.01,197.96
img_3049.npy,2.20,194.80
img_305.npy,2.09,191.58
img_3050.npy,2.05,194.19
img_3051.npy,2.21,190.62
img_3052.npy,2.17,194.91
img_3053.npy,1.97,200.54
img_3054.npy,2.16,191.67
img_3055.npy,2.13,179.65
img_3056.npy,2.49,194.22
img_3057.npy,2.14,198.62
img_3058.npy,1.85,137.08
img_3059.npy,1.94,135.92
img_306.npy,2.22,133.59
img_3060.npy,1.97,192.91
img_3061.npy,2.13,133.81
img_3062.npy,2.18,130.58
img_3063.npy,2.25,141.60
img_3064.npy,1.99,197.62
img_3065.npy,2.14,134.95
img_3066.npy,2.25,178.52
img_3067.npy,2.02,201.54
img_3068.npy,2.24,156.05
img_3069.npy,1.86,134.61
img_307.npy,2.08,150.90
img_3070.npy,2.16,190.29
img_3071.npy,2.16,196.62
img_3072.npy,2.22,188.99
img_3073.npy,1.98,198.27
img_3074.npy,2.08,199.25
img_3075.npy,1.99,200.70
img_3076.npy,2.06,197.65
img_3077.npy,2.30,199.73
img_3078.npy,1.96,193.87
img_3079.npy,2.27,138.00
img_308.npy,2.03,199.49
img_3080.npy,2.20,197.40
img_3081.npy,2.20,196.09
img_3082.npy,2.16,192.91
img_3083.npy,2.21,194.36
img_3084.npy,2.00,198.92
img_3085.npy,2.10,195.92
img_3086.npy,2.12,201.02
img_3087.npy,2.17,193.96
img_3088.npy,1.94,200.52
img_3089.npy,2.30,135.92
img_309.npy,2.06,197.70
img_3090.npy,2.02,200.46
img_3091.npy,2.19,200.68
img_3092.npy,2.10,200.57
img_3093.npy,1.98,196.75
img_3094.npy,2.11,139.77
img_3095.npy,2.16,137.80
img_3096.npy,1.92,191.09
img_3097.npy,2.00,166.27
img_3098.npy,2.48,150.12
img_3099.npy,2.00,133.68
img_31.npy,2.16,135.67
img_310.npy,2.01,132.09
img_3100.npy,2.20,132.95
img_3101.npy,2.10,200.15
img_3102.npy,1.95,195.42
img_3103.npy,2.07,143.88
img_3104.npy,2.17,137.38
img_3105.npy,2.00,134.89
img_3106.npy,2.20,137.09
img_3107.npy,2.19,141.51
img_3108.npy,2.15,138.99
img_3109.npy,2.06,131.37
img_311.npy,2.12,136.29
img_3110.npy,2.17,143.86
img_3111.npy,2.00,194.71
img_3112.npy,2.10,135.97
img_3113.npy,2.03,136.66
img_3114.npy,2.08,137.78
img_3115.npy,2.06,143.25
img_3116.npy,2.00,133.29
img_3117.npy,2.28,134.62
img_3118.npy,2.12,163.59
img_3119.npy,2.01,138.64
img_312.npy,2.11,137.34
img_3120.npy,2.19,137.41
img_3121.npy,2.04,136.42
img_3122.npy,1.94,133.49
img_3123.npy,2.02,134.16
img_3124.npy,2.08,136.19
img_3125.npy,2.18,178.71
img_3126.npy,2.10,190.56
img_3127.npy,2.11,195.47
img_3128.npy,2.02,197.96
img_3129.npy,2.14,194.08
img_313.npy,2.11,191.66
img_3130.npy,2.17,192.05
img_3131.npy,1.99,198.27
img_3132.npy,1.84,199.34
img_3133.npy,2.12,131.98
img_3134.npy,2.15,138.37
img_3135.npy,2.05,133.74
img_3136.npy,2.11,140.95
img_3137.npy,2.08,137.48
img_3138.npy,2.07,132.85
img_3139.npy,2.26,133.38
img_314.npy,2.18,135.34
img_3140.npy,1.94,197.65
img_3141.npy,2.17,140.93
img_3142.npy,2.16,139.33
img_3143.npy,1.86,199.87
img_3144.npy,1.96,195.28
img_3145.npy,1.95,188.77
img_3146.npy,2.25,137.75
img_3147.npy,1.99,193.25
img_3148.npy,2.09,198.30
img_3149.npy,2.13,188.85
img_315.npy,2.09,196.78
img_3150.npy,2.04,190.07
img_3151.npy,2.10,192.83
img_3152.npy,2.05,193.32
img_3153.npy,1.90,194.22
img_3154.npy,2.10,136.05
img_3155.npy,2.05,134.53
img_3156.npy,2.15,133.87
img_3157.npy,2.09,133.11
img_3158.npy,2.04,134.63
img_3159.npy,2.08,139.73
img_316.npy,2.42,134.10
img_3160.npy,2.27,142.79
img_3161.npy,2.20,140.12
img_3162.npy,2.09,157.83
img_3163.npy,2.05,136.43
img_3164.npy,2.14,133.38
img_3165.npy,2.21,139.09
img_3166.npy,2.19,138.40
img_3167.npy,2.09,135.23
img_3168.npy,2.13,151.17
img_3169.npy,2.09,132.62
img_317.npy,2.33,134.30
img_3170.npy,2.11,197.02
img_3171.npy,2.10,193.37
img_3172.npy,2.07,199.50
img_3173.npy,1.98,202.04
img_3174.npy,2.07,199.07
img_3175.npy,2.09,199.54
img_3176.npy,2.09,194.23
img_3177.npy,2.00,198.32
img_3178.npy,2.22,133.95
img_3179.npy,2.06,191.60
img_318.npy,2.13,197.82
img_3180.npy,2.49,198.18
img_3181.npy,1.93,199.53
img_3182.npy,2.11,201.09
img_3183.npy,1.85,193.67
img_3184.npy,2.09,133.88
img_3185.npy,2.20,136.23
img_3186.npy,2.08,133.72
img_3187.npy,2.07,133.32
img_3188.npy,2.16,138.27
img_3189.npy,2.11,133.61
img_319.npy,1.98,131.57
img_3190.npy,2.16,141.57
img_3191.npy,1.80,133.98
img_3192.npy,2.01,146.27
img_3193.npy,2.00,133.62
img_3194.npy,2.02,135.62
img_3195.npy,2.09,136.93
img_3196.npy,2.03,144.49
img_3197.npy,2.13,132.46
img_3198.npy,2.06,134.78
img_3199.npy,2.10,133.53
img_32.npy,2.03,131.24
img_320.npy,2.00,135.83
img_3200.npy,2.50,142.96
img_3201.npy,2.11,138.82
img_3202.npy,2.11,142.71
img_3203.npy,1.97,132.99
img_3204.npy,2.08,133.95
img_3205.npy,2.03,130.66
img_3206.npy,2.00,134.91
img_3207.npy,1.95,131.77
img_3208.npy,2.27,137.30
img_3209.npy,1.92,198.22
img_321.npy,2.01,137.75
img_3210.npy,1.97,142.80
img_3211.npy,2.03,136.11
img_3212.npy,2.13,137.87
img_3213.npy,2.05,140.14
img_3214.npy,1.98,131.37
img_3215.npy,2.10,137.28
img_3216.npy,2.13,134.61
img_3217.npy,2.17,132.23
img_3218.npy,2.02,201.94
img_3219.npy,2.05,197.67
img_322.npy,2.11,200.20
img_3220.npy,2.12,193.61
img_3221.npy,2.41,200.21
img_3222.npy,2.18,199.77
img_3223.npy,1.84,201.11
img_3224.npy,2.05,201.47
img_3225.npy,2.09,197.00
img_3226.npy,2.11,198.44
img_3227.npy,2.11,198.99
img_3228.npy,2.07,200.92
img_3229.npy,2.03,201.47
img_323.npy,2.07,199.22
img_3230.npy,1.82,199.09
img_3231.npy,2.04,132.72
img_3232.npy,2.17,134.34
img_3233.npy,2.08,138.88
img_3234.npy,2.04,134.41
img_3235.npy,1.90,136.52
img_3236.npy,1.89,134.68
img_3237.npy,2.04,135.89
img_3238.npy,2.03,131.97
img_3239.npy,1.99,136.72
img_324.npy,2.07,135.62
img_3240.npy,2.21,133.51
img_3241.npy,2.05,199.56
img_3242.npy,2.02,199.13
img_3243.npy,2.42,189.64
img_3244.npy,1.97,196.40
img_3245.npy,2.16,195.23
img_3246.npy,1.87,197.41
img_3247.npy,2.02,138.01
img_3248.npy,2.12,145.41
img_3249.npy,1.95,186.18
img_325.npy,1.93,199.45
img_3250.npy,2.09,198.28
img_3251.npy,2.12,190.69
img_3252.npy,2.09,195.32
img_3253.npy,2.11,184.25
img_3254.npy,2.09,174.73
img_3255.npy,2.01,198.02
img_3256.npy,1.98,187.29
img_3257.npy,1.96,192.89
img_3258.npy,2.26,152.62
img_3259.npy,2.08,198.06
img_326.npy,2.09,197.62
img_3260.npy,2.09,199.23
img_3261.npy,2.00,200.61
img_3262.npy,2.22,191.99
img_3263.npy,2.01,194.11
img_3264.npy,2.55,200.40
img_3265.npy,2.05,200.38
img_3266.npy,1.79,201.16
img_3267.npy,1.96,199.68
img_3268.npy,1.90,199.38
img_3269.npy,2.15,195.00
img_327.npy,1.95,179.66
img_3270.npy,1.98,198.49
img_3271.npy,2.10,195.51
img_3272.npy,1.96,200.04
img_3273.npy,2.05,142.16
img_3274.npy,2.24,135.68
img_3275.npy,2.13,192.39
img_3276.npy,2.08,200.07
img_3277.npy,2.00,190.89
img_3278.npy,2.05,195.96
img_3279.npy,1.89,191.07
img_328.npy,2.09,132.31
img_3280.npy,2.10,132.34
img_3281.npy,2.07,137.33
img_3282.npy,2.09,154.36
img_3283.npy,2.10,149.56
img_3284.npy,2.11,133.54
img_3285.npy,2.49,161.32
img_3286.npy,2.31,143.22
img_3287.npy,2.06,132.02
img_3288.npy,2.08,137.75
img_3289.npy,2.24,161.52
img_329.npy,2.10,192.55
img_3290.npy,2.00,196.76
img_3291.npy,2.12,199.52
img_3292.npy,1.92,198.33
img_3293.npy,2.03,142.77
img_3294.npy,2.07,132.09
img_3295.npy,2.13,135.82
img_3296.npy,2.02,135.91
img_3297.npy,2.12,132.60
img_3298.npy,2.04,165.49
img_3299.npy,2.15,169.28
img_33.npy,2.03,138.34
img_330.npy,1.81,138.21
img_3300.npy,1.91,134.39
img_3301.npy,1.97,136.79
img_3302.npy,1.92,170.65
img_3303.npy,2.05,136.54
img_3304.npy,2.01,199.96
img_3305.npy,2.08,190.04
img_3306.npy,2.20,178.75
img_3307.npy,1.77,132.05
img_3308.npy,1.85,130.94
img_3309.npy,2.02,132.45
img_331.npy,1.88,136.52
img_3310.npy,2.09,144.41
img_3311.npy,1.89,198.41
img_3312.npy,1.96,193.82
img_3313.npy,1.88,192.48
img_3314.npy,1.87,197.38
img_3315.npy,1.88,200.03
img_3316.npy,1.86,196.39
img_3317.npy,1.91,194.14
img_3318.npy,1.95,195.47
img_3319.npy,1.90,196.21
img_332.npy,1.94,180.82
img_3320.npy,1.91,196.66
img_3321.npy,1.82,200.61
img_3322.npy,1.79,199.19
img_3323.npy,1.81,200.04
img_3324.npy,1.93,200.45
img_3325.npy,1.92,192.93
img_3326.npy,1.96,190.51
img_3327.npy,1.89,194.04
img_3328.npy,2.27,157.96
img_3329.npy,2.31,139.40
img_333.npy,1.73,198.40
img_3330.npy,2.02,133.51
img_3331.npy,1.92,199.59
img_3332.npy,1.89,197.74
img_3333.npy,1.95,200.91
img_3334.npy,1.90,198.38
img_3335.npy,1.96,195.51
img_3336.npy,1.91,201.18
img_3337.npy,1.92,192.62
img_3338.npy,1.88,198.81
img_3339.npy,1.86,191.10
img_334.npy,2.00,192.32
img_3340.npy,1.90,199.29
img_3341.npy,1.94,188.33
img_3342.npy,1.93,194.59
img_3343.npy,1.90,200.45
img_3344.npy,1.78,193.22
img_3345.npy,1.79,192.27
img_3346.npy,1.86,197.87
img_3347.npy,1.78,194.43
img_3348.npy,2.04,133.96
img_3349.npy,2.13,134.49
img_335.npy,1.82,189.66
img_3350.npy,2.37,192.86
img_3351.npy,1.78,194.56
img_3352.npy,2.00,135.02
img_3353.npy,1.93,192.84
img_3354.npy,1.96,200.09
img_3355.npy,1.97,196.70
img_3356.npy,1.95,194.65
img_3357.npy,2.02,194.02
img_3358.npy,1.95,196.05
img_3359.npy,1.93,182.30
img_336.npy,1.96,195.09
img_3360.npy,1.88,198.11
img_3361.npy,1.85,195.95
img_3362.npy,1.91,134.27
img_3363.npy,1.91,135.04
img_3364.npy,1.90,137.56
img_3365.npy,1.83,142.41
img_3366.npy,1.88,132.84
img_3367.npy,1.85,133.51
img_3368.npy,2.03,139.47
img_3369.npy,2.01,188.44
img_337.npy,1.87,198.40
img_3370.npy,1.93,139.30
img_3371.npy,1.99,132.56
img_3372.npy,2.01,132.55
img_3373.npy,2.28,200.43
img_3374.npy,1.85,198.94
img_3375.npy,1.91,200.44
img_3376.npy,1.90,200.70
img_3377.npy,1.85,196.84
img_3378.npy,1.91,199.20
img_3379.npy,1.93,193.62
img_338.npy,1.94,194.75
img_3380.npy,1.78,192.63
img_3381.npy,2.04,133.13
img_3382.npy,1.92,200.02
img_3383.npy,1.91,191.82
img_3384.npy,1.94,138.33
img_3385.npy,1.88,137.20
img_3386.npy,1.98,133.29
img_3387.npy,2.11,139.97
img_3388.npy,1.94,194.91
img_3389.npy,1.85,199.23
img_339.npy,1.78,198.71
img_3390.npy,1.72,200.11
img_3391.npy,1.89,134.83
img_3392.npy,1.90,132.75
img_3393.npy,1.90,137.46
img_3394.npy,1.94,174.75
img_3395.npy,2.12,137.56
img_3396.npy,2.24,199.29
img_3397.npy,1.94,192.30
img_3398.npy,1.99,193.73
img_3399.npy,1.87,197.98
img_34.npy,1.80,200.88
img_340.npy,1.95,133.13
img_3400.npy,2.07,135.07
img_3401.npy,1.92,196.99
img_3402.npy,1.97,173.17
img_3403.npy,1.84,201.48
img_3404.npy,1.77,180.25
img_3405.npy,1.96,140.83
img_3406.npy,1.71,133.33
img_3407.npy,1.87,136.22
img_3408.npy,1.90,133.10
img_3409.npy,1.97,134.21
img_341.npy,2.08,134.99
img_3410.npy,1.95,188.68
img_3411.npy,1.78,192.26
img_3412.npy,1.92,193.29
img_3413.npy,1.95,195.12
img_3414.npy,1.92,199.40
img_3415.npy,1.82,199.19
img_3416.npy,1.83,198.42
img_3417.npy,1.97,131.55
img_3418.npy,2.37,136.51
img_3419.npy,1.93,135.47
img_342.npy,1.87,137.38
img_3420.npy,1.84,135.12
img_3421.npy,1.76,140.25
img_3422.npy,1.98,133.79
img_3423.npy,2.01,192.48
img_3424.npy,1.91,196.76
img_3425.npy,1.95,194.72
img_3426.npy,1.94,200.84
img_3427.npy,1.97,197.97
img_3428.npy,1.86,199.79
img_3429.npy,1.85,192.12
img_343.npy,1.88,199.57
img_3430.npy,1.83,197.08
img_3431.npy,2.02,189.88
img_3432.npy,1.91,196.36
img_3433.npy,1.79,200.12
img_3434.npy,1.85,196.59
img_3435.npy,1.93,194.25
img_3436.npy,1.86,200.89
img_3437.npy,2.04,188.79
img_3438.npy,1.99,197.80
img_3439.npy,1.88,195.98
img_344.npy,1.91,197.81
img_3440.npy,1.95,198.64
img_3441.npy,1.89,199.58
img_3442.npy,1.86,199.16
img_3443.npy,1.80,199.08
img_3444.npy,1.84,193.45
img_3445.npy,1.94,193.92
img_3446.npy,2.50,199.97
img_3447.npy,2.15,186.01
img_3448.npy,1.96,195.93
img_3449.npy,1.85,191.30
img_345.npy,1.74,200.18
img_3450.npy,2.10,134.49
img_3451.npy,2.01,198.42
img_3452.npy,1.93,195.82
img_3453.npy,1.86,197.32
img_3454.npy,1.89,132.66
img_3455.npy,1.95,135.83
img_3456.npy,1.91,134.23
img_3457.npy,2.05,141.08
img_3458.npy,2.05,138.62
img_3459.npy,1.92,200.51
img_346.npy,1.95,194.16
img_3460.npy,1.97,192.99
img_3461.npy,1.99,196.95
img_3462.npy,1.94,200.18
img_3463.npy,1.92,196.29
img_3464.npy,1.94,190.69
img_3465.npy,1.92,200.71
img_3466.npy,2.00,193.29
img_3467.npy,1.88,199.68
img_3468.npy,2.02,193.12
img_3469.npy,1.93,193.08
img_347.npy,1.95,190.38
img_3470.npy,1.79,199.25
img_3471.npy,1.96,193.39
img_3472.npy,1.95,199.56
img_3473.npy,1.94,199.48
img_3474.npy,2.51,199.74
img_3475.npy,1.89,184.78
img_3476.npy,1.70,199.36
img_3477.npy,1.90,135.32
img_3478.npy,2.00,138.39
img_3479.npy,1.84,196.62
img_348.npy,1.82,201.57
img_3480.npy,1.84,196.64
img_3481.npy,1.94,191.27
img_3482.npy,1.89,190.42
img_3483.npy,1.87,197.54
img_3484.npy,1.84,190.42
img_3485.npy,2.03,194.56
img_3486.npy,1.74,190.85
img_3487.npy,2.03,139.87
img_3488.npy,1.80,198.11
img_3489.npy,1.83,195.12
img_349.npy,1.95,192.59
img_3490.npy,1.92,198.79
img_3491.npy,1.81,196.62
img_3492.npy,1.82,199.52
img_3493.npy,1.90,135.15
img_3494.npy,1.92,132.65
img_3495.npy,1.89,133.77
img_3496.npy,1.94,134.34
img_3497.npy,2.00,142.44
img_3498.npy,1.95,135.83
img_3499.npy,1.82,136.72
img_35.npy,1.82,134.84
img_350.npy,1.87,135.66
img_3500.npy,2.58,132.69
img_3501.npy,1.87,132.84
img_3502.npy,1.82,134.80
img_3503.npy,1.94,133.00
img_3504.npy,1.87,132.27
img_3505.npy,2.01,140.32
img_3506.npy,2.00,187.20
img_3507.npy,1.98,190.02
img_3508.npy,1.85,189.20
img_3509.npy,2.15,139.01
img_351.npy,1.93,198.97
img_3510.npy,1.99,198.41
img_3511.npy,1.92,195.34
img_3512.npy,2.02,191.54
img_3513.npy,1.97,195.18
img_3514.npy,1.85,187.82
img_3515.npy,1.89,201.38
img_3516.npy,1.89,200.03
img_3517.npy,1.93,192.46
img_3518.npy,1.93,193.06
img_3519.npy,1.79,200.95
img_352.npy,1.87,196.49
img_3520.npy,1.94,195.42
img_3521.npy,1.96,199.11
img_3522.npy,1.90,198.16
img_3523.npy,1.80,200.73
img_3524.npy,1.91,135.82
img_3525.npy,1.95,138.54
img_3526.npy,2.10,143.14
img_3527.npy,1.95,195.23
img_3528.npy,2.43,171.97
img_3529.npy,1.77,152.63
img_353.npy,1.87,133.87
img_3530.npy,1.86,133.00
img_3531.npy,1.98,134.52
img_3532.npy,1.99,164.27
img_3533.npy,1.92,139.29
img_3534.npy,1.89,136.52
img_3535.npy,1.88,128.55
img_3536.npy,2.21,134.84
img_3537.npy,1.78,193.39
img_3538.npy,1.92,138.04
img_3539.npy,1.90,140.10
img_354.npy,1.86,131.64
img_3540.npy,1.92,135.21
img_3541.npy,1.97,139.06
img_3542.npy,1.75,194.72
img_3543.npy,1.95,136.84
img_3544.npy,2.09,135.95
img_3545.npy,1.83,197.81
img_3546.npy,1.90,132.37
img_3547.npy,2.06,140.68
img_3548.npy,1.90,190.95
img_3549.npy,1.97,200.11
img_355.npy,1.85,194.45
img_3550.npy,1.95,198.71
img_3551.npy,1.89,201.35
img_3552.npy,1.96,199.62
img_3553.npy,2.05,200.14
img_3554.npy,2.33,187.11
img_3555.npy,1.74,134.33
img_3556.npy,1.81,134.38
img_3557.npy,1.79,132.61
img_3558.npy,1.85,135.63
img_3559.npy,1.85,133.12
img_356.npy,1.92,133.62
img_3560.npy,1.94,133.46
img_3561.npy,1.90,155.43
img_3562.npy,1.86,135.81
img_3563.npy,1.96,138.63
img_3564.npy,1.81,132.91
img_3565.npy,1.90,139.43
img_3566.npy,1.95,192.64
img_3567.npy,1.90,200.03
img_3568.npy,1.90,201.34
img_3569.npy,1.99,197.74
img_357.npy,1.89,199.70
img_3570.npy,1.90,194.80
img_3571.npy,2.01,196.36
img_3572.npy,1.79,197.98
img_3573.npy,1.80,199.59
img_3574.npy,1.77,195.33
img_3575.npy,1.81,190.96
img_3576.npy,1.84,192.11
img_3577.npy,1.81,191.87
img_3578.npy,1.95,142.37
img_3579.npy,1.93,134.72
img_358.npy,1.75,130.79
img_3580.npy,2.42,130.36
img_3581.npy,1.92,135.50
img_3582.npy,1.97,136.02
img_3583.npy,1.91,200.10
img_3584.npy,1.95,200.19
img_3585.npy,2.04,192.74
img_3586.npy,1.92,199.13
img_3587.npy,1.90,199.80
img_3588.npy,1.98,199.56
img_3589.npy,1.88,198.99
img_359.npy,1.99,202.01
img_3590.npy,1.86,197.82
img_3591.npy,1.96,194.24
img_3592.npy,1.95,196.80
img_3593.npy,2.02,197.09
img_3594.npy,1.66,197.15
img_3595.npy,1.92,195.16
img_3596.npy,1.93,198.70
img_3597.npy,1.86,192.62
img_3598.npy,2.02,140.66
img_3599.npy,1.84,135.23
img_36.npy,1.85,132.93
img_360.npy,2.03,132.27
img_3600.npy,1.94,199.61
img_3601.npy,1.95,197.45
img_3602.npy,1.82,201.06
img_3603.npy,1.88,197.02
img_3604.npy,1.83,198.44
img_3605.npy,2.41,199.36
img_3606.npy,2.02,189.35
img_3607.npy,1.99,196.63
img_3608.npy,1.70,199.43
img_3609.npy,1.84,201.28
img_361.npy,1.85,198.21
img_3610.npy,1.82,196.37
img_3611.npy,2.02,136.45
img_3612.npy,2.00,142.11
img_3613.npy,1.93,134.09
img_3614.npy,1.85,137.88
img_3615.npy,1.84,132.17
img_3616.npy,2.09,134.69
img_3617.npy,1.94,199.74
img_3618.npy,2.00,196.62
img_3619.npy,1.80,193.90
img_362.npy,1.97,197.25
img_3620.npy,1.89,199.19
img_3621.npy,1.90,189.57
img_3622.npy,1.99,194.71
img_3623.npy,1.87,198.23
img_3624.npy,1.94,197.50
img_3625.npy,1.96,194.54
img_3626.npy,1.93,196.93
img_3627.npy,1.84,197.12
img_3628.npy,1.94,195.65
img_3629.npy,1.78,193.90
img_363.npy,1.92,138.90
img_3630.npy,2.53,137.60
img_3631.npy,1.91,130.99
img_3632.npy,1.87,136.35
img_3633.npy,1.95,139.47
img_3634.npy,1.95,132.40
img_3635.npy,1.81,135.79
img_3636.npy,2.04,136.07
img_3637.npy,1.98,201.00
img_3638.npy,1.78,194.33
img_3639.npy,1.94,140.47
img_364.npy,1.97,137.48
img_3640.npy,2.01,135.04
img_3641.npy,1.89,196.84
img_3642.npy,1.94,198.57
img_3643.npy,1.74,199.55
img_3644.npy,2.00,193.93
img_3645.npy,1.82,201.27
img_3646.npy,1.91,197.18
img_3647.npy,1.96,193.95
img_3648.npy,1.90,195.86
img_3649.npy,1.94,199.24
img_365.npy,1.83,196.84
img_3650.npy,1.94,196.79
img_3651.npy,1.96,194.09
img_3652.npy,1.97,199.83
img_3653.npy,1.92,195.85
img_3654.npy,1.82,197.78
img_3655.npy,1.59,199.54
img_3656.npy,2.38,137.53
img_3657.npy,2.08,178.69
img_3658.npy,1.82,137.03
img_3659.npy,1.71,193.16
img_366.npy,1.71,200.27
img_3660.npy,1.69,199.88
img_3661.npy,1.72,198.55
img_3662.npy,1.83,197.85
img_3663.npy,1.67,197.32
img_3664.npy,1.81,191.16
img_3665.npy,1.76,199.82
img_3666.npy,1.70,198.46
img_3667.npy,1.67,197.20
img_3668.npy,1.71,196.86
img_3669.npy,1.79,172.74
img_367.npy,1.84,134.90
img_3670.npy,1.79,135.29
img_3671.npy,1.79,133.32
img_3672.npy,1.77,141.30
img_3673.npy,1.78,139.59
img_3674.npy,1.81,137.86
img_3675.npy,1.91,140.45
img_3676.npy,1.82,135.12
img_3677.npy,1.93,142.45
img_3678.npy,1.81,193.57
img_3679.npy,2.25,188.45
img_368.npy,2.12,187.91
img_3680.npy,1.76,134.41
img_3681.npy,1.83,141.84
img_3682.npy,1.94,132.04
img_3683.npy,1.88,133.55
img_3684.npy,1.90,134.99
img_3685.npy,1.95,138.86
img_3686.npy,1.80,135.57
img_3687.npy,2.07,137.76
img_3688.npy,1.98,200.29
img_3689.npy,1.91,197.81
img_369.npy,1.84,187.18
img_3690.npy,1.84,182.18
img_3691.npy,1.90,201.32
img_3692.npy,1.94,200.54
img_3693.npy,1.83,198.93
img_3694.npy,1.97,192.91
img_3695.npy,1.96,201.29
img_3696.npy,1.91,191.09
img_3697.npy,1.85,195.30
img_3698.npy,1.90,200.79
img_3699.npy,1.86,197.86
img_37.npy,1.91,199.27
img_370.npy,1.94,194.38
img_3700.npy,1.78,198.17
img_3701.npy,2.03,137.00
img_3702.npy,1.92,134.52
img_3703.npy,1.86,135.00
img_3704.npy,2.03,131.46
img_3705.npy,1.82,195.36
img_3706.npy,2.10,135.05
img_3707.npy,2.58,144.05
img_3708.npy,1.90,134.30
img_3709.npy,1.91,153.06
img_371.npy,1.79,194.72
img_3710.npy,2.06,138.71
img_3711.npy,1.80,200.88
img_3712.npy,1.92,195.21
img_3713.npy,1.88,198.04
img_3714.npy,1.95,194.12
img_3715.npy,1.91,200.57
img_3716.npy,1.94,199.52
img_3717.npy,1.77,193.95
img_3718.npy,1.91,139.55
img_3719.npy,1.93,134.21
img_372.npy,2.02,130.17
img_3720.npy,2.03,189.75
img_3721.npy,1.85,195.29
img_3722.npy,1.97,135.00
img_3723.npy,2.16,143.92
img_3724.npy,1.95,200.59
img_3725.npy,1.92,198.07
img_3726.npy,1.98,191.94
img_3727.npy,1.98,198.05
img_3728.npy,1.85,194.39
img_3729.npy,1.82,198.88
img_373.npy,1.91,200.89
img_3730.npy,2.02,187.12
img_3731.npy,2.02,196.38
img_3732.npy,1.96,199.50
img_3733.npy,1.98,198.12
img_3734.npy,1.96,193.51
img_3735.npy,1.96,200.86
img_3736.npy,1.94,195.61
img_3737.npy,1.91,200.95
img_3738.npy,1.85,197.66
img_3739.npy,2.06,133.77
img_374.npy,1.87,199.42
img_3740.npy,1.86,190.48
img_3741.npy,1.93,132.47
img_3742.npy,2.01,135.23
img_3743.npy,2.04,133.87
img_3744.npy,1.77,132.29
img_3745.npy,2.05,136.27
img_3746.npy,1.96,193.48
img_3747.npy,1.63,201.23
img_3748.npy,1.96,137.82
img_3749.npy,1.91,133.05
img_375.npy,1.95,136.85
img_3750.npy,1.93,135.61
img_3751.npy,1.81,136.00
img_3752.npy,1.83,135.96
img_3753.npy,1.83,136.18
img_3754.npy,2.07,135.55
img_3755.npy,1.80,198.41
img_3756.npy,2.45,199.42
img_3757.npy,1.81,199.35
img_3758.npy,1.79,201.25
img_3759.npy,1.80,194.91
img_376.npy,1.86,193.98
img_3760.npy,1.96,139.65
img_3761.npy,2.04,130.41
img_3762.npy,1.94,198.70
img_3763.npy,1.94,198.43
img_3764.npy,1.93,199.18
img_3765.npy,1.78,201.16
img_3766.npy,2.12,136.59
img_3767.npy,1.81,189.76
img_3768.npy,1.91,141.12
img_3769.npy,1.95,139.25
img_377.npy,1.85,199.00
img_3770.npy,1.94,193.37
img_3771.npy,1.91,200.28
img_3772.npy,1.77,194.62
img_3773.npy,1.94,136.62
img_3774.npy,2.06,134.25
img_3775.npy,1.89,199.92
img_3776.npy,1.93,194.66
img_3777.npy,1.81,200.11
img_3778.npy,1.91,192.09
img_3779.npy,1.97,185.45
img_378.npy,2.06,192.49
img_3780.npy,2.01,134.09
img_3781.npy,1.87,131.24
img_3782.npy,1.81,194.97
img_3783.npy,1.79,195.94
img_3784.npy,1.71,132.83
img_3785.npy,1.85,136.11
img_3786.npy,1.96,140.64
img_3787.npy,1.93,137.71
img_3788.npy,1.89,136.70
img_3789.npy,1.89,131.90
img_379.npy,1.85,135.31
img_3790.npy,1.89,131.66
img_3791.npy,1.81,136.66
img_3792.npy,1.84,135.02
img_3793.npy,2.09,140.29
img_3794.npy,1.86,161.91
img_3795.npy,1.94,156.05
img_3796.npy,1.90,134.80
img_3797.npy,1.84,131.30
img_3798.npy,1.84,132.49
img_3799.npy,1.93,132.00
img_38.npy,1.74,134.79
img_380.npy,1.94,137.32
img_3800.npy,1.98,131.59
img_3801.npy,1.87,200.07
img_3802.npy,1.93,189.71
img_3803.npy,1.88,193.43
img_3804.npy,1.99,197.20
img_3805.npy,2.44,170.39
img_3806.npy,1.84,197.29
img_3807.npy,1.88,190.95
img_3808.npy,1.91,196.75
img_3809.npy,1.72,198.74
img_381.npy,1.97,198.10
img_3810.npy,1.96,195.28
img_3811.npy,1.96,201.69
img_3812.npy,1.84,198.54
img_3813.npy,1.92,201.76
img_3814.npy,2.00,193.08
img_3815.npy,1.86,200.36
img_3816.npy,1.71,194.61
img_3817.npy,1.85,135.07
img_3818.npy,1.96,132.91
img_3819.npy,1.97,137.35
img_382.npy,2.07,135.72
img_3820.npy,1.91,195.63
img_3821.npy,1.84,197.59
img_3822.npy,1.83,197.41
img_3823.npy,1.89,201.24
img_3824.npy,1.79,199.43
img_3825.npy,1.92,136.02
img_3826.npy,1.90,133.45
img_3827.npy,2.30,139.49
img_3828.npy,1.94,163.54
img_3829.npy,1.75,140.71
img_383.npy,1.76,133.15
img_3830.npy,1.86,134.67
img_3831.npy,1.94,133.70
img_3832.npy,1.87,139.74
img_3833.npy,2.02,137.18
img_3834.npy,1.94,198.09
img_3835.npy,1.92,200.09
img_3836.npy,1.86,198.45
img_3837.npy,1.77,199.59
img_3838.npy,1.87,198.99
img_3839.npy,1.98,196.31
img_384.npy,1.99,188.62
img_3840.npy,1.98,195.72
img_3841.npy,1.89,198.18
img_3842.npy,1.94,199.46
img_3843.npy,1.88,200.07
img_3844.npy,1.92,199.53
img_3845.npy,1.91,199.51
img_3846.npy,1.99,201.91
img_3847.npy,1.91,199.19
img_3848.npy,1.90,195.67
img_3849.npy,2.01,193.05
img_385.npy,1.79,199.38
img_3850.npy,1.84,135.73
img_3851.npy,1.85,133.24
img_3852.npy,1.84,133.23
img_3853.npy,2.50,133.50
img_3854.npy,1.96,133.50
img_3855.npy,1.95,136.70
img_3856.npy,1.93,136.60
img_3857.npy,1.87,135.16
img_3858.npy,1.88,133.15
img_3859.npy,1.98,132.01
img_386.npy,1.93,138.50
img_3860.npy,1.96,142.37
img_3861.npy,1.81,136.41
img_3862.npy,1.93,137.54
img_3863.npy,1.90,133.71
img_3864.npy,1.87,133.45
img_3865.npy,1.94,134.16
img_3866.npy,1.98,137.62
img_3867.npy,1.86,135.24
img_3868.npy,1.83,135.64
img_3869.npy,1.92,136.25
img_387.npy,2.09,137.16
img_3870.npy,1.87,197.86
img_3871.npy,1.75,198.67
img_3872.npy,2.04,134.82
img_3873.npy,1.95,191.57
img_3874.npy,1.80,200.75
img_3875.npy,1.77,200.02
img_3876.npy,1.87,134.04
img_3877.npy,1.93,133.93
img_3878.npy,2.42,133.22
img_3879.npy,1.95,137.83
img_388.npy,1.70,198.79
img_3880.npy,1.98,137.12
img_3881.npy,1.77,199.54
img_3882.npy,1.90,200.12
img_3883.npy,1.93,201.57
img_3884.npy,1.98,200.24
img_3885.npy,1.87,199.77
img_3886.npy,1.76,193.68
img_3887.npy,1.68,194.88
img_3888.npy,1.86,141.94
img_3889.npy,1.92,137.32
img_389.npy,1.91,136.57
img_3890.npy,1.88,134.66
img_3891.npy,1.93,138.57
img_3892.npy,2.01,134.19
img_3893.npy,1.98,192.52
img_3894.npy,1.66,196.44
img_3895.npy,1.97,133.86
img_3896.npy,1.77,199.20
img_3897.npy,1.94,138.53
img_3898.npy,2.00,195.02
img_3899.npy,1.77,194.61
img_39.npy,1.82,141.17
img_390.npy,1.75,135.28
img_3900.npy,1.90,135.30
img_3901.npy,2.55,134.43
img_3902.npy,1.91,199.91
img_3903.npy,1.96,190.01
img_3904.npy,1.96,194.21
img_3905.npy,1.78,195.25
img_3906.npy,1.97,138.65
img_3907.npy,2.06,133.07
img_3908.npy,1.85,193.79
img_3909.npy,1.78,190.43
img_391.npy,1.95,139.76
img_3910.npy,1.89,136.59
img_3911.npy,1.99,135.07
img_3912.npy,1.91,134.28
img_3913.npy,1.78,131.88
img_3914.npy,1.94,133.60
img_3915.npy,1.98,139.87
img_3916.npy,1.84,133.75
img_3917.npy,2.09,141.52
img_3918.npy,1.84,196.93
img_3919.npy,1.85,201.01
img_392.npy,1.88,200.90
img_3920.npy,1.91,200.59
img_3921.npy,1.87,200.04
img_3922.npy,1.90,200.14
img_3923.npy,1.94,198.79
img_3924.npy,1.82,201.36
img_3925.npy,2.56,198.90
img_3926.npy,1.99,195.32
img_3927.npy,1.85,195.52
img_3928.npy,1.91,193.75
img_3929.npy,1.97,198.97
img_393.npy,1.91,200.38
img_3930.npy,1.73,198.29
img_3931.npy,1.99,139.39
img_3932.npy,1.97,137.05
img_3933.npy,1.94,160.14
img_3934.npy,2.07,133.58
img_3935.npy,1.90,199.84
img_3936.npy,1.92,198.34
img_3937.npy,1.92,198.50
img_3938.npy,1.91,197.73
img_3939.npy,1.93,190.52
img_394.npy,1.93,186.73
img_3940.npy,1.68,194.50
img_3941.npy,1.84,133.02
img_3942.npy,1.80,134.27
img_3943.npy,1.85,132.66
img_3944.npy,1.97,137.11
img_3945.npy,1.91,136.31
img_3946.npy,2.36,130.75
img_3947.npy,2.03,149.39
img_3948.npy,1.92,195.43
img_3949.npy,1.97,188.41
img_395.npy,1.79,199.79
img_3950.npy,1.87,200.27
img_3951.npy,1.98,193.23
img_3952.npy,1.99,193.19
img_3953.npy,1.79,198.77
img_3954.npy,1.84,134.52
img_3955.npy,1.84,134.06
img_3956.npy,1.82,135.11
img_3957.npy,1.89,135.52
img_3958.npy,2.00,141.52
img_3959.npy,1.86,135.56
img_396.npy,1.84,133.33
img_3960.npy,1.95,142.39
img_3961.npy,1.93,139.24
img_3962.npy,1.88,136.24
img_3963.npy,1.91,137.51
img_3964.npy,1.88,134.25
img_3965.npy,1.92,135.16
img_3966.npy,1.75,141.14
img_3967.npy,1.91,133.36
img_3968.npy,2.03,137.04
img_3969.npy,2.11,141.09
img_397.npy,1.83,191.86
img_3970.npy,1.84,189.55
img_3971.npy,1.95,132.75
img_3972.npy,1.85,138.86
img_3973.npy,2.17,137.88
img_3974.npy,1.93,142.26
img_3975.npy,2.02,134.01
img_3976.npy,2.00,195.23
img_3977.npy,1.92,198.24
img_3978.npy,1.90,197.26
img_3979.npy,1.99,193.92
img_398.npy,1.93,198.30
img_3980.npy,1.89,200.42
img_3981.npy,1.88,199.87
img_3982.npy,1.82,201.23
img_3983.npy,1.91,202.44
img_3984.npy,1.90,199.30
img_3985.npy,1.89,198.98
img_3986.npy,1.83,198.99
img_3987.npy,1.85,194.50
img_3988.npy,1.91,140.55
img_3989.npy,1.83,129.61
img_399.npy,1.99,196.13
img_3990.npy,1.93,194.15
img_3991.npy,1.92,201.18
img_3992.npy,1.79,195.04
img_3993.npy,1.90,138.31
img_3994.npy,1.90,135.01
img_3995.npy,2.07,135.59
img_3996.npy,1.88,199.02
img_3997.npy,2.55,193.66
img_3998.npy,1.88,200.20
img_3999.npy,1.93,193.52
img_4.npy,1.94,194.02
img_40.npy,1.92,193.96
img_400.npy,1.94,199.50
img_4000.npy,1.80,192.54
img_4001.npy,1.85,137.82
img_4002.npy,1.86,138.84
img_4003.npy,1.90,133.68
img_4004.npy,1.81,138.72
img_4005.npy,2.04,141.90
img_4006.npy,1.78,196.00
img_4007.npy,1.89,137.24
img_4008.npy,1.94,134.33
img_4009.npy,1.91,137.43
img_401.npy,2.05,142.52
img_4010.npy,1.82,189.42
img_4011.npy,1.81,197.04
img_4012.npy,1.93,199.52
img_4013.npy,1.86,197.04
img_4014.npy,1.91,193.14
img_4015.npy,1.93,201.28
img_4016.npy,1.83,194.00
img_4017.npy,1.96,175.60
img_4018.npy,1.89,197.81
img_4019.npy,2.33,200.74
img_402.npy,2.19,182.75
img_4020.npy,1.83,200.98
img_4021.npy,1.88,200.00
img_4022.npy,1.79,187.96
img_4023.npy,1.73,194.79
img_4024.npy,1.88,154.86
img_4025.npy,1.86,134.64
img_4026.npy,1.83,136.38
img_4027.npy,1.84,136.10
img_4028.npy,1.93,136.62
img_4029.npy,1.99,137.36
img_403.npy,1.98,135.44
img_4030.npy,1.93,196.85
img_4031.npy,1.94,197.71
img_4032.npy,1.82,186.06
img_4033.npy,1.86,140.05
img_4034.npy,1.88,136.18
img_4035.npy,2.03,135.59
img_4036.npy,1.90,199.98
img_4037.npy,1.93,194.80
img_4038.npy,2.03,196.49
img_4039.npy,1.91,189.32
img_404.npy,1.90,192.35
img_4040.npy,1.76,196.39
img_4041.npy,1.95,198.17
img_4042.npy,2.33,198.23
img_4043.npy,2.03,198.95
img_4044.npy,1.88,197.30
img_4045.npy,1.82,191.91
img_4046.npy,1.93,148.64
img_4047.npy,1.87,138.94
img_4048.npy,1.94,137.70
img_4049.npy,1.87,195.87
img_405.npy,1.88,199.11
img_4050.npy,1.76,194.23
img_4051.npy,1.96,137.73
img_4052.npy,1.97,137.29
img_4053.npy,1.89,134.19
img_4054.npy,1.94,139.23
img_4055.npy,1.82,195.67
img_4056.npy,1.79,196.76
img_4057.npy,1.99,142.12
img_4058.npy,1.77,134.92
img_4059.npy,1.96,136.11
img_406.npy,1.85,137.37
img_4060.npy,1.87,136.89
img_4061.npy,1.91,131.65
img_4062.npy,1.87,132.18
img_4063.npy,1.97,136.35
img_4064.npy,2.10,134.59
img_4065.npy,1.88,195.96
img_4066.npy,1.84,190.70
img_4067.npy,2.47,199.53
img_4068.npy,1.93,132.74
img_4069.npy,1.85,134.48
img_407.npy,1.90,131.67
img_4070.npy,1.92,130.57
img_4071.npy,1.94,134.39
img_4072.npy,2.02,140.54
img_4073.npy,1.98,135.92
img_4074.npy,2.00,140.68
img_4075.npy,1.96,132.12
img_4076.npy,1.99,134.91
img_4077.npy,1.83,144.89
img_4078.npy,1.98,134.10
img_4079.npy,1.84,140.16
img_408.npy,1.96,132.81
img_4080.npy,1.88,139.98
img_4081.npy,1.84,139.01
img_4082.npy,1.99,139.76
img_4083.npy,1.92,197.18
img_4084.npy,1.92,194.44
img_4085.npy,1.93,196.98
img_4086.npy,1.87,197.25
img_4087.npy,1.98,190.06
img_4088.npy,1.97,196.55
img_4089.npy,1.78,190.68
img_409.npy,2.24,135.98
img_4090.npy,2.31,187.63
img_4091.npy,1.83,195.58
img_4092.npy,1.90,144.03
img_4093.npy,1.90,131.94
img_4094.npy,1.95,132.46
img_4095.npy,1.90,143.03
img_4096.npy,2.05,145.63
img_4097.npy,1.83,183.61
img_4098.npy,2.16,141.55
img_4099.npy,1.84,193.29
img_41.npy,1.80,136.62
img_410.npy,1.90,136.05
img_4100.npy,1.89,134.58
img_4101.npy,2.06,139.32
img_4102.npy,1.81,195.29
img_4103.npy,2.06,140.36
img_4104.npy,1.94,197.97
img_4105.npy,1.91,194.79
img_4106.npy,1.77,194.06
img_4107.npy,1.83,136.46
img_4108.npy,1.99,136.13
img_4109.npy,1.96,136.47
img_411.npy,1.77,135.00
img_4110.npy,1.95,139.73
img_4111.npy,1.85,190.83
img_4112.npy,2.06,192.62
img_4113.npy,2.33,196.68
img_4114.npy,1.92,197.82
img_4115.npy,1.96,195.41
img_4116.npy,1.84,193.41
img_4117.npy,1.83,134.71
img_4118.npy,1.92,135.39
img_4119.npy,2.05,136.53
img_412.npy,2.06,139.19
img_4120.npy,1.94,199.01
img_4121.npy,1.92,201.79
img_4122.npy,1.90,198.20
img_4123.npy,1.67,197.47
img_4124.npy,1.86,193.23
img_4125.npy,1.94,190.73
img_4126.npy,2.00,199.55
img_4127.npy,1.94,199.63
img_4128.npy,1.95,192.63
img_4129.npy,1.95,189.74
img_413.npy,1.97,195.17
img_4130.npy,1.83,196.70
img_4131.npy,2.00,196.55
img_4132.npy,1.91,197.05
img_4133.npy,1.91,197.40
img_4134.npy,1.86,192.00
img_4135.npy,1.97,132.58
img_4136.npy,2.53,135.68
img_4137.npy,1.93,142.74
img_4138.npy,1.93,135.40
img_4139.npy,1.92,135.93
img_414.npy,1.88,139.48
img_4140.npy,1.92,133.84
img_4141.npy,1.87,133.36
img_4142.npy,1.91,133.48
img_4143.npy,1.93,132.41
img_4144.npy,2.00,133.90
img_4145.npy,1.85,137.16
img_4146.npy,1.73,178.01
img_4147.npy,2.11,137.59
img_4148.npy,1.95,189.09
img_4149.npy,1.97,198.54
img_415.npy,1.96,197.73
img_4150.npy,1.82,192.40
img_4151.npy,1.78,200.85
img_4152.npy,1.76,201.61
img_4153.npy,1.95,193.92
img_4154.npy,1.90,202.17
img_4155.npy,1.94,197.93
img_4156.npy,1.95,188.83
img_4157.npy,1.84,194.22
img_4158.npy,1.65,135.78
img_4159.npy,1.75,135.29
img_416.npy,1.96,133.33
img_4160.npy,2.31,179.17
img_4161.npy,1.61,200.96
img_4162.npy,1.76,132.87
img_4163.npy,1.79,138.50
img_4164.npy,1.76,135.93
img_4165.npy,1.91,147.40
img_4166.npy,1.80,194.40
img_4167.npy,1.85,202.44
img_4168.npy,1.71,199.35
img_4169.npy,1.84,137.22
img_417.npy,1.80,190.48
img_4170.npy,1.82,199.39
img_4171.npy,1.85,186.13
img_4172.npy,1.88,196.91
img_4173.npy,1.75,199.95
img_4174.npy,1.82,188.18
img_4175.npy,1.97,194.29
img_4176.npy,2.04,188.46
img_4177.npy,2.05,192.17
img_4178.npy,1.79,198.96
img_4179.npy,1.78,199.62
img_418.npy,1.68,196.16
img_4180.npy,1.83,134.58
img_4181.npy,1.82,133.77
img_4182.npy,1.92,141.36
img_4183.npy,1.88,134.24
img_4184.npy,2.42,139.24
img_4185.npy,2.20,199.77
img_4186.npy,1.91,199.65
img_4187.npy,1.89,200.61
img_4188.npy,1.98,194.11
img_4189.npy,1.93,196.42
img_419.npy,2.05,184.56
img_4190.npy,1.93,201.33
img_4191.npy,1.79,193.93
img_4192.npy,1.81,141.88
img_4193.npy,1.74,135.07
img_4194.npy,1.90,137.44
img_4195.npy,1.87,132.62
img_4196.npy,1.87,137.91
img_4197.npy,2.00,134.71
img_4198.npy,1.97,133.62
img_4199.npy,1.93,196.91
img_42.npy,1.99,192.28
img_420.npy,1.83,196.57
img_4200.npy,1.92,133.69
img_4201.npy,1.84,134.79
img_4202.npy,2.04,147.75
img_4203.npy,1.90,197.87
img_4204.npy,1.86,192.39
img_4205.npy,1.99,137.52
img_4206.npy,1.92,134.83
img_4207.npy,2.41,132.25
img_4208.npy,2.10,171.95
img_4209.npy,1.91,198.95
img_421.npy,1.98,191.55
img_4210.npy,1.90,196.10
img_4211.npy,1.99,197.33
img_4212.npy,1.80,197.52
img_4213.npy,1.74,134.86
img_4214.npy,1.90,142.75
img_4215.npy,2.01,194.71
img_4216.npy,1.84,199.26
img_4217.npy,1.85,200.55
img_4218.npy,1.94,195.68
img_4219.npy,1.99,198.28
img_422.npy,1.96,194.06
img_4220.npy,1.91,194.81
img_4221.npy,1.93,191.09
img_4222.npy,1.87,197.94
img_4223.npy,1.89,200.81
img_4224.npy,1.96,187.41
img_4225.npy,1.89,195.93
img_4226.npy,2.37,197.64
img_4227.npy,1.89,197.10
img_4228.npy,1.78,197.64
img_4229.npy,1.73,196.53
img_423.npy,1.95,137.50
img_4230.npy,1.93,135.66
img_4231.npy,1.96,137.98
img_4232.npy,1.88,157.24
img_4233.npy,2.10,138.22
img_4234.npy,1.91,199.00
img_4235.npy,1.91,196.73
img_4236.npy,1.82,197.99
img_4237.npy,1.68,198.13
img_4238.npy,1.97,134.43
img_4239.npy,2.07,133.89
img_424.npy,1.92,189.54
img_4240.npy,1.83,194.52
img_4241.npy,2.08,136.45
img_4242.npy,1.89,200.70
img_4243.npy,1.82,193.85
img_4244.npy,1.81,198.53
img_4245.npy,1.87,140.75
img_4246.npy,2.00,138.46
img_4247.npy,1.83,198.99
img_4248.npy,1.87,135.61
img_4249.npy,1.85,135.47
img_425.npy,1.86,136.55
img_4250.npy,1.91,139.18
img_4251.npy,1.96,132.84
img_4252.npy,1.85,137.11
img_4253.npy,2.00,130.85
img_4254.npy,2.07,134.52
img_4255.npy,1.80,132.30
img_4256.npy,1.89,134.08
img_4257.npy,1.93,135.68
img_4258.npy,2.00,139.33
img_4259.npy,1.84,141.57
img_426.npy,1.77,132.15
img_4260.npy,2.03,141.02
img_4261.npy,2.03,135.21
img_4262.npy,1.93,189.87
img_4263.npy,1.98,199.68
img_4264.npy,1.85,198.00
img_4265.npy,1.95,195.87
img_4266.npy,1.93,200.80
img_4267.npy,1.82,196.92
img_4268.npy,1.92,196.12
img_4269.npy,1.73,195.61
img_427.npy,1.90,135.84
img_4270.npy,2.02,137.88
img_4271.npy,2.00,133.58
img_4272.npy,1.89,198.80
img_4273.npy,1.98,193.48
img_4274.npy,1.99,190.19
img_4275.npy,1.94,198.80
img_4276.npy,1.85,199.52
img_4277.npy,1.91,136.45
img_4278.npy,2.56,152.72
img_4279.npy,1.87,136.69
img_428.npy,2.03,135.31
img_4280.npy,2.01,193.08
img_4281.npy,1.95,194.10
img_4282.npy,1.89,195.72
img_4283.npy,1.88,201.05
img_4284.npy,1.82,193.11
img_4285.npy,1.94,196.44
img_4286.npy,1.89,197.54
img_4287.npy,1.72,199.74
img_4288.npy,2.11,141.65
img_4289.npy,1.83,195.94
img_429.npy,2.02,161.74
img_4290.npy,1.91,199.14
img_4291.npy,1.97,200.12
img_4292.npy,1.94,199.18
img_4293.npy,1.86,198.81
img_4294.npy,1.89,195.39
img_4295.npy,1.89,201.14
img_4296.npy,1.91,200.27
img_4297.npy,1.81,187.79
img_4298.npy,1.97,135.86
img_4299.npy,2.05,136.57
img_43.npy,1.89,199.32
img_430.npy,1.90,200.20
img_4300.npy,2.23,198.66
img_4301.npy,1.87,192.62
img_4302.npy,1.97,200.68
img_4303.npy,1.96,198.18
img_4304.npy,1.92,199.74
img_4305.npy,1.58,196.97
img_4306.npy,1.92,134.16
img_4307.npy,1.71,134.77
img_4308.npy,1.82,135.96
img_4309.npy,1.80,133.56
img_431.npy,1.88,135.34
img_4310.npy,1.97,134.38
img_4311.npy,1.90,136.44
img_4312.npy,1.85,135.07
img_4313.npy,1.98,137.88
img_4314.npy,1.86,135.40
img_4315.npy,1.81,132.20
img_4316.npy,1.80,138.80
img_4317.npy,2.13,137.81
img_4318.npy,1.88,198.00
img_4319.npy,1.93,189.19
img_432.npy,1.92,198.95
img_4320.npy,1.81,200.25
img_4321.npy,1.78,196.78
img_4322.npy,1.95,138.93
img_4323.npy,1.92,137.82
img_4324.npy,2.50,132.17
img_4325.npy,2.01,139.02
img_4326.npy,1.86,135.17
img_4327.npy,1.88,134.29
img_4328.npy,1.75,141.21
img_4329.npy,1.95,135.28
img_433.npy,1.81,195.80
img_4330.npy,2.08,138.64
img_4331.npy,1.91,193.59
img_4332.npy,1.93,198.56
img_4333.npy,1.82,200.16
img_4334.npy,1.83,195.98
img_4335.npy,1.80,197.45
img_4336.npy,1.90,194.67
img_4337.npy,1.97,196.70
img_4338.npy,1.98,197.16
img_4339.npy,1.92,192.50
img_434.npy,1.84,194.77
img_4340.npy,1.98,136.25
img_4341.npy,2.19,142.95
img_4342.npy,1.86,196.40
img_4343.npy,1.96,194.82
img_4344.npy,1.93,197.79
img_4345.npy,1.80,194.81
img_4346.npy,1.91,137.51
img_4347.npy,1.92,135.56
img_4348.npy,2.51,134.73
img_4349.npy,1.84,135.89
img_435.npy,1.79,139.64
img_4350.npy,1.81,133.52
img_4351.npy,1.86,136.33
img_4352.npy,2.05,134.38
img_4353.npy,1.98,196.28
img_4354.npy,1.92,198.96
img_4355.npy,2.06,191.29
img_4356.npy,1.89,189.09
img_4357.npy,1.97,195.57
img_4358.npy,1.94,194.55
img_4359.npy,1.91,195.94
img_436.npy,1.96,194.25
img_4360.npy,1.79,200.82
img_4361.npy,2.02,135.10
img_4362.npy,2.10,138.80
img_4363.npy,2.05,135.80
img_4364.npy,1.85,138.79
img_4365.npy,2.02,135.12
img_4366.npy,1.86,195.98
img_4367.npy,1.81,193.57
img_4368.npy,2.02,137.07
img_4369.npy,2.06,138.46
img_437.npy,2.10,190.17
img_4370.npy,2.31,200.39
img_4371.npy,1.96,200.98
img_4372.npy,1.87,198.68
img_4373.npy,1.79,199.20
img_4374.npy,1.91,198.12
img_4375.npy,1.98,198.85
img_4376.npy,1.83,201.14
img_4377.npy,1.92,198.88
img_4378.npy,1.95,191.25
img_4379.npy,1.95,195.18
img_438.npy,1.91,197.82
img_4380.npy,1.83,191.85
img_4381.npy,1.92,133.50
img_4382.npy,1.97,137.68
img_4383.npy,1.98,138.77
img_4384.npy,1.82,135.27
img_4385.npy,2.08,136.98
img_4386.npy,1.96,136.01
img_4387.npy,1.89,132.22
img_4388.npy,1.99,139.43
img_4389.npy,1.96,134.79
img_439.npy,2.13,136.24
img_4390.npy,1.89,193.50
img_4391.npy,1.94,179.75
img_4392.npy,2.31,197.42
img_4393.npy,1.88,201.14
img_4394.npy,1.85,196.93
img_4395.npy,1.65,196.87
img_4396.npy,1.92,146.56
img_4397.npy,1.95,193.36
img_4398.npy,1.96,197.69
img_4399.npy,1.86,202.81
img_44.npy,1.86,201.32
img_440.npy,1.89,189.30
img_4400.npy,1.94,190.51
img_4401.npy,1.82,200.62
img_4402.npy,1.90,135.22
img_4403.npy,1.95,132.51
img_4404.npy,1.81,198.03
img_4405.npy,1.78,197.66
img_4406.npy,1.83,132.60
img_4407.npy,1.97,137.70
img_4408.npy,2.07,138.03
img_4409.npy,1.86,194.41
img_441.npy,2.00,193.44
img_4410.npy,1.83,196.74
img_4411.npy,2.03,133.40
img_4412.npy,2.14,132.77
img_4413.npy,1.94,135.90
img_4414.npy,2.12,137.94
img_4415.npy,1.98,201.80
img_4416.npy,1.91,195.05
img_4417.npy,2.00,197.37
img_4418.npy,1.88,199.31
img_4419.npy,1.92,198.43
img_442.npy,1.72,197.80
img_4420.npy,1.88,198.66
img_4421.npy,1.96,197.98
img_4422.npy,1.79,194.87
img_4423.npy,1.94,140.43
img_4424.npy,1.88,139.63
img_4425.npy,1.90,134.24
img_4426.npy,2.06,134.75
img_4427.npy,1.78,190.52
img_4428.npy,1.96,134.30
img_4429.npy,1.95,135.54
img_443.npy,1.83,134.61
img_4430.npy,1.84,141.35
img_4431.npy,1.94,135.46
img_4432.npy,1.83,135.57
img_4433.npy,2.28,134.91
img_4434.npy,2.08,162.37
img_4435.npy,1.81,198.21
img_4436.npy,2.04,162.50
img_4437.npy,1.90,192.90
img_4438.npy,1.95,200.11
img_4439.npy,1.83,192.42
img_444.npy,1.94,132.70
img_4440.npy,1.83,140.41
img_4441.npy,2.01,137.56
img_4442.npy,1.89,201.23
img_4443.npy,1.97,197.43
img_4444.npy,1.83,195.66
img_4445.npy,1.82,198.16
img_4446.npy,1.89,138.45
img_4447.npy,2.05,177.05
img_4448.npy,2.00,199.97
img_4449.npy,1.89,198.99
img_445.npy,1.83,199.18
img_4450.npy,1.93,198.14
img_4451.npy,1.77,201.81
img_4452.npy,1.93,138.10
img_4453.npy,1.85,140.26
img_4454.npy,1.98,140.14
img_4455.npy,2.22,137.50
img_4456.npy,1.83,141.44
img_4457.npy,2.00,137.31
img_4458.npy,1.99,138.95
img_4459.npy,1.95,135.71
img_446.npy,1.99,138.07
img_4460.npy,2.06,138.06
img_4461.npy,1.99,197.97
img_4462.npy,1.96,200.35
img_4463.npy,1.89,194.19
img_4464.npy,1.89,196.74
img_4465.npy,1.90,192.32
img_4466.npy,1.99,138.67
img_4467.npy,1.89,133.55
img_4468.npy,1.91,135.25
img_4469.npy,1.98,134.38
img_447.npy,1.92,135.25
img_4470.npy,2.16,142.43
img_4471.npy,1.82,193.79
img_4472.npy,1.94,134.38
img_4473.npy,1.95,135.41
img_4474.npy,2.09,139.52
img_4475.npy,2.06,198.55
img_4476.npy,2.17,199.82
img_4477.npy,1.86,198.83
img_4478.npy,1.94,199.75
img_4479.npy,1.94,199.66
img_448.npy,1.85,195.33
img_4480.npy,1.93,189.00
img_4481.npy,1.90,201.86
img_4482.npy,1.93,197.49
img_4483.npy,1.83,189.56
img_4484.npy,1.96,140.02
img_4485.npy,1.96,136.16
img_4486.npy,2.02,136.86
img_4487.npy,1.97,133.20
img_4488.npy,1.83,197.81
img_4489.npy,1.72,196.30
img_449.npy,2.12,139.00
img_4490.npy,1.80,192.00
img_4491.npy,1.85,193.33
img_4492.npy,1.93,133.83
img_4493.npy,1.99,137.70
img_4494.npy,1.91,134.86
img_4495.npy,1.95,133.33
img_4496.npy,1.99,136.61
img_4497.npy,2.45,132.80
img_4498.npy,1.99,160.79
img_4499.npy,1.91,138.28
img_45.npy,1.97,140.45
img_450.npy,1.96,132.04
img_4500.npy,1.94,151.26
img_4501.npy,1.85,138.44
img_4502.npy,1.79,138.60
img_4503.npy,1.91,139.84
img_4504.npy,1.94,132.52
img_4505.npy,1.81,135.21
img_4506.npy,1.93,136.11
img_4507.npy,1.90,133.77
img_4508.npy,1.93,133.23
img_4509.npy,1.95,139.25
img_451.npy,2.05,141.11
img_4510.npy,1.89,187.09
img_4511.npy,1.73,193.34
img_4512.npy,1.89,134.23
img_4513.npy,1.92,133.39
img_4514.npy,2.01,140.27
img_4515.npy,1.96,195.72
img_4516.npy,1.90,197.73
img_4517.npy,2.16,189.92
img_4518.npy,1.94,194.68
img_4519.npy,1.96,198.54
img_452.npy,1.82,193.12
img_4520.npy,1.82,194.97
img_4521.npy,1.92,194.07
img_4522.npy,1.91,193.65
img_4523.npy,1.81,195.28
img_4524.npy,2.04,136.97
img_4525.npy,1.97,193.47
img_4526.npy,2.01,197.32
img_4527.npy,1.98,198.98
img_4528.npy,1.84,200.62
img_4529.npy,1.88,200.75
img_453.npy,1.96,199.81
img_4530.npy,1.78,201.02
img_4531.npy,1.75,198.30
img_4532.npy,1.78,191.80
img_4533.npy,1.77,184.43
img_4534.npy,1.82,193.12
img_4535.npy,1.78,196.60
img_4536.npy,1.79,195.62
img_4537.npy,1.74,194.45
img_4538.npy,1.82,196.53
img_4539.npy,1.67,190.49
img_454.npy,1.81,135.67
img_4540.npy,2.22,134.48
img_4541.npy,1.78,133.52
img_4542.npy,1.74,133.64
img_4543.npy,1.73,150.58
img_4544.npy,1.80,136.41
img_4545.npy,1.75,140.92
img_4546.npy,1.73,139.10
img_4547.npy,1.76,132.43
img_4548.npy,1.79,137.10
img_4549.npy,1.76,135.55
img_455.npy,1.75,135.73
img_4550.npy,1.75,138.00
img_4551.npy,1.80,138.99
img_4552.npy,1.79,137.82
img_4553.npy,1.82,190.68
img_4554.npy,1.80,199.93
img_4555.npy,1.72,195.21
img_4556.npy,1.73,198.23
img_4557.npy,1.90,137.40
img_4558.npy,1.75,195.14
img_4559.npy,1.79,189.61
img_456.npy,1.79,200.79
img_4560.npy,1.95,200.50
img_4561.npy,1.93,197.25
img_4562.npy,1.94,196.00
img_4563.npy,2.24,189.45
img_4564.npy,2.27,192.27
img_4565.npy,1.89,200.24
img_4566.npy,1.89,199.85
img_4567.npy,1.88,195.12
img_4568.npy,1.89,192.54
img_4569.npy,1.90,192.03
img_457.npy,2.01,198.55
img_4570.npy,1.93,199.85
img_4571.npy,1.80,194.31
img_4572.npy,1.94,137.41
img_4573.npy,1.85,133.23
img_4574.npy,2.03,132.26
img_4575.npy,1.96,191.59
img_4576.npy,1.93,196.56
img_4577.npy,2.01,196.49
img_4578.npy,1.84,194.51
img_4579.npy,1.86,187.35
img_458.npy,1.94,135.50
img_4580.npy,1.89,136.92
img_4581.npy,1.95,135.96
img_4582.npy,2.02,134.04
img_4583.npy,1.83,187.13
img_4584.npy,2.18,193.72
img_4585.npy,2.03,173.26
img_4586.npy,1.95,134.94
img_4587.npy,1.79,133.01
img_4588.npy,1.89,134.17
img_4589.npy,1.84,133.02
img_459.npy,1.99,133.64
img_4590.npy,2.02,143.55
img_4591.npy,1.90,201.23
img_4592.npy,1.90,198.72
img_4593.npy,1.81,198.10
img_4594.npy,1.98,191.90
img_4595.npy,1.87,193.52
img_4596.npy,1.87,193.72
img_4597.npy,2.02,197.02
img_4598.npy,1.93,198.59
img_4599.npy,1.83,187.55
img_46.npy,1.95,138.56
img_460.npy,1.94,133.41
img_4600.npy,1.93,128.16
img_4601.npy,2.05,133.76
img_4602.npy,1.92,192.35
img_4603.npy,1.93,195.04
img_4604.npy,1.86,192.28
img_4605.npy,2.28,196.30
img_4606.npy,1.88,201.35
img_4607.npy,1.99,195.68
img_4608.npy,1.84,200.30
img_4609.npy,1.95,194.29
img_461.npy,1.86,196.85
img_4610.npy,1.88,149.04
img_4611.npy,1.91,137.55
img_4612.npy,2.09,134.89
img_4613.npy,1.94,197.93
img_4614.npy,1.92,194.86
img_4615.npy,1.94,197.96
img_4616.npy,1.91,196.91
img_4617.npy,1.83,193.38
img_4618.npy,1.91,198.80
img_4619.npy,1.84,200.50
img_462.npy,1.82,201.15
img_4620.npy,1.90,197.43
img_4621.npy,1.92,201.08
img_4622.npy,1.95,195.71
img_4623.npy,1.91,194.91
img_4624.npy,1.91,193.07
img_4625.npy,1.94,199.48
img_4626.npy,1.79,193.15
img_4627.npy,1.98,139.92
img_4628.npy,1.96,134.17
img_4629.npy,2.39,133.42
img_463.npy,1.97,138.39
img_4630.npy,2.05,197.46
img_4631.npy,1.95,198.67
img_4632.npy,1.88,200.69
img_4633.npy,1.90,202.07
img_4634.npy,1.86,200.91
img_4635.npy,1.96,190.93
img_4636.npy,1.87,195.47
img_4637.npy,2.05,133.90
img_4638.npy,1.96,200.83
img_4639.npy,1.87,190.91
img_464.npy,1.88,189.66
img_4640.npy,1.95,197.62
img_4641.npy,1.89,199.00
img_4642.npy,1.96,200.17
img_4643.npy,1.96,196.03
img_4644.npy,1.85,200.53
img_4645.npy,1.79,200.92
img_4646.npy,1.92,195.61
img_4647.npy,1.83,191.07
img_4648.npy,2.00,133.64
img_4649.npy,1.88,134.93
img_465.npy,1.84,164.44
img_4650.npy,2.38,129.90
img_4651.npy,2.16,189.58
img_4652.npy,1.76,199.95
img_4653.npy,1.88,200.19
img_4654.npy,2.00,201.18
img_4655.npy,1.95,200.31
img_4656.npy,1.84,200.31
img_4657.npy,1.92,193.73
img_4658.npy,1.88,197.86
img_4659.npy,1.74,193.92
img_466.npy,2.00,136.11
img_4660.npy,1.96,192.12
img_4661.npy,1.98,195.29
img_4662.npy,1.93,190.55
img_4663.npy,1.90,188.38
img_4664.npy,1.84,194.62
img_4665.npy,1.95,199.22
img_4666.npy,1.97,194.49
img_4667.npy,1.91,198.72
img_4668.npy,1.79,199.69
img_4669.npy,1.96,139.46
img_467.npy,1.92,135.09
img_4670.npy,2.00,135.68
img_4671.npy,2.40,134.23
img_4672.npy,1.95,194.94
img_4673.npy,1.96,174.03
img_4674.npy,1.92,136.28
img_4675.npy,1.90,133.34
img_4676.npy,1.89,135.36
img_4677.npy,1.89,136.09
img_4678.npy,2.09,134.97
img_4679.npy,1.89,191.82
img_468.npy,1.83,196.69
img_4680.npy,2.05,132.95
img_4681.npy,1.96,197.71
img_4682.npy,1.75,198.68
img_4683.npy,1.93,201.57
img_4684.npy,1.96,197.89
img_4685.npy,1.91,196.89
img_4686.npy,1.83,197.13
img_4687.npy,1.83,199.96
img_4688.npy,1.87,199.47
img_4689.npy,1.82,198.30
img_469.npy,1.99,199.34
img_4690.npy,1.95,200.54
img_4691.npy,1.95,199.13
img_4692.npy,1.68,199.01
img_4693.npy,1.95,138.41
img_4694.npy,2.08,133.64
img_4695.npy,1.88,142.34
img_4696.npy,1.77,135.34
img_4697.npy,1.93,139.25
img_4698.npy,1.86,198.81
img_4699.npy,1.86,198.63
img_47.npy,1.92,197.73
img_470.npy,1.80,194.85
img_4700.npy,1.89,201.45
img_4701.npy,1.98,195.00
img_4702.npy,1.86,196.55
img_4703.npy,1.98,132.26
img_4704.npy,1.95,134.55
img_4705.npy,1.90,133.16
img_4706.npy,1.88,133.89
img_4707.npy,1.93,138.04
img_4708.npy,1.85,135.13
img_4709.npy,1.89,134.70
img_471.npy,2.06,134.70
img_4710.npy,1.91,194.14
img_4711.npy,1.89,192.69
img_4712.npy,1.72,197.73
img_4713.npy,1.92,135.62
img_4714.npy,2.02,144.16
img_4715.npy,2.23,193.30
img_4716.npy,1.97,201.16
img_4717.npy,2.06,200.27
img_4718.npy,1.90,199.42
img_4719.npy,1.95,192.77
img_472.npy,1.88,190.91
img_4720.npy,1.93,197.42
img_4721.npy,1.95,195.00
img_4722.npy,1.94,197.16
img_4723.npy,1.89,197.65
img_4724.npy,1.95,197.66
img_4725.npy,1.84,194.40
img_4726.npy,1.99,198.77
img_4727.npy,1.97,196.42
img_4728.npy,1.90,191.92
img_4729.npy,1.59,200.60
img_473.npy,1.87,132.67
img_4730.npy,1.92,134.64
img_4731.npy,1.78,134.33
img_4732.npy,2.00,135.04
img_4733.npy,1.95,189.24
img_4734.npy,1.95,197.11
img_4735.npy,1.97,193.84
img_4736.npy,1.95,196.03
img_4737.npy,1.92,196.87
img_4738.npy,1.90,197.48
img_4739.npy,1.99,195.30
img_474.npy,2.41,198.08
img_4740.npy,2.12,132.59
img_4741.npy,1.90,190.03
img_4742.npy,1.87,199.24
img_4743.npy,1.93,197.57
img_4744.npy,1.90,199.20
img_4745.npy,1.86,200.91
img_4746.npy,1.92,200.42
img_4747.npy,2.00,195.71
img_4748.npy,1.82,199.91
img_4749.npy,1.86,134.77
img_475.npy,2.05,135.66
img_4750.npy,2.00,195.17
img_4751.npy,1.91,197.52
img_4752.npy,1.79,196.02
img_4753.npy,1.95,134.73
img_4754.npy,2.00,138.82
img_4755.npy,2.06,134.64
img_4756.npy,1.92,192.14
img_4757.npy,1.97,193.17
img_4758.npy,1.93,200.02
img_4759.npy,1.86,199.34
img_476.npy,1.97,192.72
img_4760.npy,1.90,198.95
img_4761.npy,1.95,183.27
img_4762.npy,2.29,198.52
img_4763.npy,1.82,190.04
img_4764.npy,1.88,136.39
img_4765.npy,1.95,131.36
img_4766.npy,1.98,139.04
img_4767.npy,1.94,139.05
img_4768.npy,1.92,141.32
img_4769.npy,1.98,138.60
img_477.npy,1.82,130.28
img_4770.npy,1.74,141.77
img_4771.npy,2.07,140.23
img_4772.npy,1.91,195.21
img_4773.npy,1.95,200.77
img_4774.npy,1.92,200.73
img_4775.npy,1.94,182.50
img_4776.npy,1.99,199.28
img_4777.npy,1.87,198.38
img_4778.npy,1.97,192.11
img_4779.npy,1.87,196.28
img_478.npy,1.88,196.00
img_4780.npy,1.92,200.32
img_4781.npy,1.95,192.05
img_4782.npy,1.79,197.18
img_4783.npy,1.96,193.09
img_4784.npy,2.37,199.30
img_4785.npy,1.71,183.39
img_4786.npy,1.97,135.04
img_4787.npy,2.01,134.11
img_4788.npy,1.93,195.49
img_4789.npy,1.87,195.51
img_479.npy,1.75,194.62
img_4790.npy,2.08,135.30
img_4791.npy,1.84,198.08
img_4792.npy,1.93,195.82
img_4793.npy,1.94,194.36
img_4794.npy,1.94,197.30
img_4795.npy,1.93,198.91
img_4796.npy,1.82,192.29
img_4797.npy,2.04,137.04
img_4798.npy,2.03,192.09
img_4799.npy,2.01,194.95
img_48.npy,2.00,199.34
img_480.npy,1.98,190.91
img_4800.npy,1.97,201.29
img_4801.npy,2.10,198.76
img_4802.npy,1.82,195.73
img_4803.npy,1.99,138.89
img_4804.npy,2.01,135.39
img_4805.npy,1.94,199.47
img_4806.npy,1.84,195.94
img_4807.npy,1.93,136.34
img_4808.npy,1.84,133.20
img_4809.npy,1.81,138.86
img_481.npy,1.95,136.78
img_4810.npy,1.89,138.83
img_4811.npy,2.00,138.35
img_4812.npy,2.01,198.84
img_4813.npy,1.94,195.45
img_4814.npy,1.72,200.02
img_4815.npy,1.92,137.20
img_4816.npy,1.96,136.98
img_4817.npy,1.92,143.25
img_4818.npy,1.91,134.39
img_4819.npy,1.90,133.99
img_482.npy,1.86,133.44
img_4820.npy,1.87,136.08
img_4821.npy,2.05,141.22
img_4822.npy,1.83,176.09
img_4823.npy,1.91,140.97
img_4824.npy,2.07,140.06
img_4825.npy,1.90,194.83
img_4826.npy,1.80,197.96
img_4827.npy,2.01,139.77
img_4828.npy,1.94,135.29
img_4829.npy,2.43,136.73
img_483.npy,1.98,143.05
img_4830.npy,1.93,136.04
img_4831.npy,1.77,132.98
img_4832.npy,2.03,133.32
img_4833.npy,1.95,196.29
img_4834.npy,1.90,198.36
img_4835.npy,1.89,198.73
img_4836.npy,1.85,193.55
img_4837.npy,1.96,198.88
img_4838.npy,1.90,201.86
img_4839.npy,1.92,198.15
img_484.npy,1.85,199.79
img_4840.npy,1.97,201.47
img_4841.npy,1.75,198.83
img_4842.npy,1.89,136.66
img_4843.npy,2.03,141.22
img_4844.npy,1.75,133.64
img_4845.npy,1.84,133.49
img_4846.npy,1.89,138.35
img_4847.npy,1.85,136.79
img_4848.npy,1.80,143.20
img_4849.npy,1.79,133.00
img_485.npy,1.85,137.63
img_4850.npy,1.70,132.89
img_4851.npy,2.58,134.95
img_4852.npy,1.98,193.30
img_4853.npy,1.96,189.50
img_4854.npy,1.97,197.39
img_4855.npy,1.74,199.54
img_4856.npy,1.79,199.79
img_4857.npy,1.85,194.59
img_4858.npy,1.91,193.07
img_4859.npy,1.91,183.52
img_486.npy,1.90,198.07
img_4860.npy,1.85,201.45
img_4861.npy,1.88,199.70
img_4862.npy,1.97,194.47
img_4863.npy,1.93,193.16
img_4864.npy,1.79,192.77
img_4865.npy,1.86,135.22
img_4866.npy,2.00,137.95
img_4867.npy,1.84,201.14
img_4868.npy,1.81,197.70
img_4869.npy,1.97,200.79
img_487.npy,1.83,195.45
img_4870.npy,1.90,136.16
img_4871.npy,1.83,139.38
img_4872.npy,2.02,140.59
img_4873.npy,1.95,192.86
img_4874.npy,2.51,200.34
img_4875.npy,1.96,177.45
img_4876.npy,1.94,198.53
img_4877.npy,1.97,197.21
img_4878.npy,1.86,194.41
img_4879.npy,1.91,135.73
img_488.npy,1.95,136.70
img_4880.npy,1.91,136.20
img_4881.npy,1.96,138.12
img_4882.npy,1.92,132.24
img_4883.npy,1.92,132.32
img_4884.npy,1.95,134.81
img_4885.npy,2.06,139.40
img_4886.npy,1.84,199.51
img_4887.npy,1.95,193.39
img_4888.npy,1.85,178.59
img_4889.npy,1.71,200.63
img_489.npy,1.87,132.57
img_4890.npy,1.92,134.59
img_4891.npy,2.07,137.09
img_4892.npy,1.87,190.48
img_4893.npy,1.88,134.71
img_4894.npy,1.98,142.59
img_4895.npy,2.01,130.46
img_4896.npy,1.96,199.99
img_4897.npy,2.47,136.46
img_4898.npy,1.88,200.51
img_4899.npy,1.89,194.68
img_49.npy,1.85,136.33
img_490.npy,1.95,136.14
img_4900.npy,1.97,135.46
img_4901.npy,1.96,134.78
img_4902.npy,2.13,134.36
img_4903.npy,1.82,176.96
img_4904.npy,1.64,196.66
img_4905.npy,1.99,135.39
img_4906.npy,1.80,199.03
img_4907.npy,1.87,192.29
img_4908.npy,1.85,192.86
img_4909.npy,1.78,191.24
img_491.npy,1.91,134.45
img_4910.npy,1.93,133.82
img_4911.npy,1.85,132.51
img_4912.npy,1.87,142.62
img_4913.npy,1.98,134.47
img_4914.npy,1.73,133.54
img_4915.npy,2.02,150.36
img_4916.npy,1.88,132.15
img_4917.npy,1.99,132.52
img_4918.npy,2.04,133.21
img_4919.npy,2.48,139.92
img_492.npy,1.97,140.59
img_4920.npy,1.95,140.08
img_4921.npy,1.91,137.90
img_4922.npy,1.87,134.82
img_4923.npy,1.93,138.89
img_4924.npy,1.90,140.22
img_4925.npy,1.93,132.96
img_4926.npy,1.98,136.07
img_4927.npy,1.94,137.82
img_4928.npy,2.05,143.87
img_4929.npy,1.96,137.02
img_493.npy,1.92,134.99
img_4930.npy,1.93,131.73
img_4931.npy,1.92,134.30
img_4932.npy,1.94,134.48
img_4933.npy,1.88,137.75
img_4934.npy,1.91,141.83
img_4935.npy,2.00,136.95
img_4936.npy,1.96,195.36
img_4937.npy,1.91,197.67
img_4938.npy,1.90,197.14
img_4939.npy,1.75,197.76
img_494.npy,1.89,142.78
img_4940.npy,2.05,133.78
img_4941.npy,2.42,199.94
img_4942.npy,1.95,199.52
img_4943.npy,1.76,200.23
img_4944.npy,1.87,197.09
img_4945.npy,2.02,194.29
img_4946.npy,1.97,198.46
img_4947.npy,1.89,202.56
img_4948.npy,1.86,200.34
img_4949.npy,1.78,198.95
img_495.npy,1.81,200.27
img_4950.npy,1.84,189.46
img_4951.npy,1.81,193.34
img_4952.npy,1.82,199.77
img_4953.npy,1.94,197.85
img_4954.npy,1.93,200.40
img_4955.npy,1.98,196.55
img_4956.npy,1.81,194.58
img_4957.npy,1.91,138.76
img_4958.npy,1.96,133.05
img_4959.npy,1.98,138.75
img_496.npy,1.92,140.23
img_4960.npy,2.00,135.88
img_4961.npy,2.02,138.24
img_4962.npy,1.94,136.91
img_4963.npy,1.90,134.71
img_4964.npy,2.35,134.11
img_4965.npy,2.04,144.50
img_4966.npy,1.82,201.82
img_4967.npy,1.81,193.28
img_4968.npy,1.90,135.96
img_4969.npy,1.92,149.76
img_497.npy,2.09,133.71
img_4970.npy,1.97,195.94
img_4971.npy,1.96,198.83
img_4972.npy,1.90,200.42
img_4973.npy,1.70,190.77
img_4974.npy,2.03,139.15
img_4975.npy,1.94,192.54
img_4976.npy,1.82,198.62
img_4977.npy,1.86,135.86
img_4978.npy,1.90,146.96
img_4979.npy,1.95,132.80
img_498.npy,1.86,132.33
img_4980.npy,1.99,138.19
img_4981.npy,1.70,193.95
img_4982.npy,1.84,189.05
img_4983.npy,1.78,134.16
img_4984.npy,1.92,136.62
img_4985.npy,1.99,139.73
img_4986.npy,1.92,132.61
img_4987.npy,2.47,133.66
img_4988.npy,2.03,160.71
img_4989.npy,1.85,135.84
img_499.npy,1.98,134.43
img_4990.npy,1.90,133.33
img_4991.npy,1.99,141.54
img_4992.npy,2.00,137.93
img_4993.npy,1.87,137.83
img_4994.npy,2.10,140.50
img_4995.npy,1.90,194.59
img_4996.npy,1.89,195.77
img_4997.npy,1.71,196.98
img_4998.npy,1.84,133.92
img_4999.npy,1.89,137.00
img_5.npy,2.13,137.31
img_50.npy,1.93,197.55
img_500.npy,1.84,199.47
img_5000.npy,1.89,135.54
img_5001.npy,2.14,133.02
img_5002.npy,1.92,198.18
img_5003.npy,1.91,192.66
img_5004.npy,1.96,197.63
img_5005.npy,1.88,196.78
img_5006.npy,1.88,189.98
img_5007.npy,1.90,197.14
img_5008.npy,2.52,133.65
img_5009.npy,1.94,133.80
img_501.npy,2.02,141.66
img_5010.npy,1.95,194.96
img_5011.npy,1.93,200.04
img_5012.npy,1.98,186.60
img_5013.npy,2.04,192.21
img_5014.npy,1.84,197.15
img_5015.npy,1.84,195.48
img_5016.npy,1.84,198.61
img_5017.npy,1.63,199.56
img_5018.npy,1.88,135.29
img_5019.npy,1.96,133.64
img_502.npy,1.94,137.39
img_5020.npy,1.93,148.31
img_5021.npy,1.96,138.50
img_5022.npy,1.97,136.39
img_5023.npy,1.93,147.56
img_5024.npy,1.96,135.55
img_5025.npy,1.93,135.91
img_5026.npy,1.94,135.87
img_5027.npy,1.82,155.10
img_5028.npy,1.88,134.29
img_5029.npy,2.07,134.87
img_503.npy,1.96,198.13
img_5030.npy,2.43,200.32
img_5031.npy,1.91,199.59
img_5032.npy,1.87,199.04
img_5033.npy,1.87,195.40
img_5034.npy,1.71,200.92
img_5035.npy,1.82,189.72
img_5036.npy,1.83,133.68
img_5037.npy,1.99,140.38
img_5038.npy,1.92,137.48
img_5039.npy,2.10,140.23
img_504.npy,1.80,199.82
img_5040.npy,1.88,134.00
img_5041.npy,1.88,131.80
img_5042.npy,1.88,138.53
img_5043.npy,1.96,146.21
img_5044.npy,1.95,136.71
img_5045.npy,2.10,137.07
img_5046.npy,1.93,197.18
img_5047.npy,1.91,199.32
img_5048.npy,1.88,198.99
img_5049.npy,1.79,198.13
img_505.npy,1.78,192.92
img_5050.npy,1.92,193.69
img_5051.npy,1.80,188.54
img_5052.npy,1.86,137.89
img_5053.npy,1.77,190.79
img_5054.npy,2.50,140.26
img_5055.npy,1.83,194.70
img_5056.npy,1.90,137.62
img_5057.npy,1.78,137.07
img_5058.npy,1.92,139.50
img_5059.npy,1.92,191.84
img_506.npy,1.95,194.73
img_5060.npy,1.96,199.00
img_5061.npy,1.86,200.71
img_5062.npy,1.89,195.65
img_5063.npy,1.89,198.61
img_5064.npy,1.89,192.71
img_5065.npy,1.93,196.39
img_5066.npy,1.92,192.73
img_5067.npy,2.01,198.55
img_5068.npy,1.83,132.88
img_5069.npy,1.91,133.41
img_507.npy,2.14,142.01
img_5070.npy,1.83,197.10
img_5071.npy,1.86,195.39
img_5072.npy,1.87,197.62
img_5073.npy,1.93,197.08
img_5074.npy,1.95,196.08
img_5075.npy,1.96,195.70
img_5076.npy,1.89,194.40
img_5077.npy,2.15,190.36
img_5078.npy,1.92,199.29
img_5079.npy,1.90,202.72
img_508.npy,2.00,197.36
img_5080.npy,1.97,194.21
img_5081.npy,1.98,194.80
img_5082.npy,1.84,194.89
img_5083.npy,1.79,193.94
img_5084.npy,1.91,133.80
img_5085.npy,1.93,138.56
img_5086.npy,2.15,138.87
img_5087.npy,2.00,186.01
img_5088.npy,1.81,192.60
img_5089.npy,2.11,135.31
img_509.npy,1.94,191.91
img_5090.npy,1.93,198.27
img_5091.npy,1.77,200.55
img_5092.npy,1.56,194.17
img_5093.npy,2.14,141.83
img_5094.npy,1.81,194.39
img_5095.npy,1.94,135.20
img_5096.npy,1.94,136.00
img_5097.npy,2.10,140.93
img_5098.npy,1.83,192.12
img_5099.npy,2.16,133.62
img_51.npy,2.09,198.62
img_510.npy,1.95,200.60
img_5100.npy,1.86,199.44
img_5101.npy,1.94,200.13
img_5102.npy,1.95,199.77
img_5103.npy,1.92,197.64
img_5104.npy,1.95,197.86
img_5105.npy,1.90,200.14
img_5106.npy,1.98,195.17
img_5107.npy,1.92,198.44
img_5108.npy,2.02,194.12
img_5109.npy,1.77,200.65
img_511.npy,1.83,138.78
img_5110.npy,1.87,134.79
img_5111.npy,1.91,131.71
img_5112.npy,2.06,137.88
img_5113.npy,1.98,187.78
img_5114.npy,1.89,195.02
img_5115.npy,1.94,180.86
img_5116.npy,1.90,200.65
img_5117.npy,1.87,195.97
img_5118.npy,1.86,191.18
img_5119.npy,1.81,196.80
img_512.npy,1.86,191.16
img_5120.npy,1.97,193.14
img_5121.npy,2.54,197.38
img_5122.npy,1.85,191.50
img_5123.npy,1.99,199.39
img_5124.npy,1.87,198.99
img_5125.npy,1.90,138.86
img_5126.npy,1.97,138.06
img_5127.npy,1.96,191.93
img_5128.npy,1.87,191.21
img_5129.npy,2.11,139.06
img_513.npy,1.85,196.18
img_5130.npy,1.76,187.43
img_5131.npy,1.73,190.79
img_5132.npy,1.66,198.49
img_5133.npy,1.80,190.70
img_5134.npy,1.87,190.95
img_5135.npy,1.85,193.62
img_5136.npy,1.82,199.01
img_5137.npy,1.78,198.69
img_5138.npy,1.87,189.56
img_5139.npy,1.76,185.31
img_514.npy,1.80,196.42
img_5140.npy,1.89,193.22
img_5141.npy,1.92,196.69
img_5142.npy,1.83,192.81
img_5143.npy,1.89,197.88
img_5144.npy,1.90,198.75
img_5145.npy,2.42,199.99
img_5146.npy,1.85,200.27
img_5147.npy,1.78,200.66
img_5148.npy,1.88,195.09
img_5149.npy,1.74,195.51
img_515.npy,1.96,198.03
img_5150.npy,1.83,189.87
img_5151.npy,1.74,198.55
img_5152.npy,1.91,199.51
img_5153.npy,1.87,198.24
img_5154.npy,1.89,197.16
img_5155.npy,1.78,199.63
img_5156.npy,1.93,140.77
img_5157.npy,2.00,141.13
img_5158.npy,1.93,136.21
img_5159.npy,1.82,134.86
img_516.npy,1.97,135.52
img_5160.npy,1.93,134.88
img_5161.npy,1.95,138.57
img_5162.npy,1.80,200.28
img_5163.npy,1.87,130.94
img_5164.npy,1.91,146.58
img_5165.npy,1.96,135.34
img_5166.npy,1.87,134.20
img_5167.npy,2.07,139.80
img_5168.npy,1.94,194.72
img_5169.npy,2.17,181.85
img_517.npy,1.85,134.19
img_5170.npy,1.98,134.43
img_5171.npy,1.95,134.66
img_5172.npy,2.11,144.80
img_5173.npy,2.00,188.38
img_5174.npy,1.92,196.67
img_5175.npy,1.80,191.10
img_5176.npy,1.89,193.34
img_5177.npy,2.00,197.68
img_5178.npy,1.97,197.49
img_5179.npy,1.97,193.39
img_518.npy,1.91,189.66
img_5180.npy,2.10,190.32
img_5181.npy,1.94,194.64
img_5182.npy,1.90,199.84
img_5183.npy,1.92,189.75
img_5184.npy,1.94,192.52
img_5185.npy,1.82,194.18
img_5186.npy,1.97,140.47
img_5187.npy,2.03,133.25
img_5188.npy,1.91,196.28
img_5189.npy,1.91,199.58
img_519.npy,1.93,193.51
img_5190.npy,2.23,188.64
img_5191.npy,2.18,201.73
img_5192.npy,1.89,199.41
img_5193.npy,1.94,194.32
img_5194.npy,1.93,198.07
img_5195.npy,1.97,199.46
img_5196.npy,1.87,194.16
img_5197.npy,1.89,195.06
img_5198.npy,1.83,197.61
img_5199.npy,1.88,192.43
img_52.npy,1.94,199.48
img_520.npy,1.82,198.89
img_5200.npy,1.84,195.64
img_5201.npy,1.79,189.50
img_5202.npy,1.90,140.21
img_5203.npy,1.91,147.01
img_5204.npy,1.89,199.25
img_5205.npy,1.86,190.25
img_5206.npy,2.01,136.61
img_5207.npy,1.94,196.28
img_5208.npy,1.82,198.79
img_5209.npy,1.89,200.02
img_521.npy,1.94,194.12
img_5210.npy,1.87,192.82
img_5211.npy,1.80,198.60
img_5212.npy,1.77,197.95
img_5213.npy,2.50,133.14
img_5214.npy,1.95,132.98
img_5215.npy,1.85,137.36
img_5216.npy,1.95,140.07
img_5217.npy,1.81,133.53
img_5218.npy,1.85,132.56
img_5219.npy,1.93,136.57
img_522.npy,2.08,139.14
img_5220.npy,1.93,191.66
img_5221.npy,1.86,193.99
img_5222.npy,2.12,139.77
img_5223.npy,1.94,196.37
img_5224.npy,1.81,194.51
img_5225.npy,1.92,134.52
img_5226.npy,1.95,147.61
img_5227.npy,2.11,135.73
img_5228.npy,1.92,197.00
img_5229.npy,1.81,201.03
img_523.npy,1.90,199.74
img_5230.npy,1.96,195.38
img_5231.npy,1.84,192.86
img_5232.npy,1.80,190.74
img_5233.npy,1.98,133.69
img_5234.npy,1.95,141.49
img_5235.npy,1.97,134.65
img_5236.npy,2.44,135.72
img_5237.npy,1.90,135.48
img_5238.npy,1.94,135.31
img_5239.npy,1.89,133.92
img_524.npy,2.12,137.65
img_5240.npy,1.90,199.93
img_5241.npy,1.95,196.66
img_5242.npy,1.87,197.09
img_5243.npy,1.81,131.71
img_5244.npy,1.98,135.66
img_5245.npy,2.13,136.88
img_5246.npy,1.81,194.88
img_5247.npy,2.03,137.75
img_5248.npy,1.75,197.25
img_5249.npy,1.87,134.52
img_525.npy,1.97,139.21
img_5250.npy,1.95,136.95
img_5251.npy,1.90,138.43
img_5252.npy,1.92,136.23
img_5253.npy,1.89,140.29
img_5254.npy,1.84,147.16
img_5255.npy,1.84,137.30
img_5256.npy,1.96,135.79
img_5257.npy,1.98,136.39
img_5258.npy,2.01,143.20
img_5259.npy,2.42,131.72
img_526.npy,1.87,133.09
img_5260.npy,1.96,132.80
img_5261.npy,1.93,133.73
img_5262.npy,1.86,137.27
img_5263.npy,1.89,137.40
img_5264.npy,1.89,134.77
img_5265.npy,1.81,197.67
img_5266.npy,1.90,194.48
img_5267.npy,1.89,196.89
img_5268.npy,1.86,189.92
img_5269.npy,1.97,186.95
img_527.npy,1.95,200.51
img_5270.npy,1.87,200.57
img_5271.npy,1.94,194.52
img_5272.npy,1.78,194.32
img_5273.npy,1.84,143.16
img_5274.npy,2.10,135.92
img_5275.npy,1.97,184.96
img_5276.npy,1.95,193.80
img_5277.npy,1.92,199.41
img_5278.npy,1.79,192.92
img_5279.npy,1.86,136.84
img_528.npy,1.91,147.50
img_5280.npy,2.24,132.77
img_5281.npy,2.02,142.74
img_5282.npy,1.91,199.80
img_5283.npy,2.02,187.30
img_5284.npy,1.93,199.80
img_5285.npy,1.96,197.71
img_5286.npy,1.96,194.56
img_5287.npy,1.99,199.62
img_5288.npy,2.00,192.66
img_5289.npy,1.68,193.64
img_529.npy,1.93,137.59
img_5290.npy,1.89,135.46
img_5291.npy,2.01,133.04
img_5292.npy,1.96,196.18
img_5293.npy,1.98,192.68
img_5294.npy,1.76,188.57
img_5295.npy,1.86,134.29
img_5296.npy,1.98,137.89
img_5297.npy,1.97,143.80
img_5298.npy,1.92,139.67
img_5299.npy,1.85,137.96
img_53.npy,1.89,132.15
img_530.npy,2.01,132.05
img_5300.npy,1.86,199.09
img_5301.npy,1.87,198.33
img_5302.npy,1.85,201.02
img_5303.npy,2.05,193.97
img_5304.npy,2.47,190.55
img_5305.npy,1.78,197.22
img_5306.npy,1.85,131.91
img_5307.npy,2.10,133.08
img_5308.npy,2.04,195.64
img_5309.npy,1.97,190.42
img_531.npy,2.02,187.64
img_5310.npy,1.69,199.05
img_5311.npy,1.98,134.59
img_5312.npy,1.74,132.14
img_5313.npy,1.80,140.79
img_5314.npy,2.10,139.71
img_5315.npy,1.89,194.96
img_5316.npy,1.99,192.45
img_5317.npy,1.94,195.04
img_5318.npy,1.93,194.13
img_5319.npy,1.91,190.70
img_532.npy,2.02,193.52
img_5320.npy,1.84,197.19
img_5321.npy,1.89,139.93
img_5322.npy,1.83,136.68
img_5323.npy,1.93,136.73
img_5324.npy,1.93,191.96
img_5325.npy,1.84,179.92
img_5326.npy,2.01,138.90
img_5327.npy,2.34,135.69
img_5328.npy,1.97,138.97
img_5329.npy,1.90,192.00
img_533.npy,1.90,193.58
img_5330.npy,1.95,199.66
img_5331.npy,1.91,194.84
img_5332.npy,1.93,201.11
img_5333.npy,1.96,197.46
img_5334.npy,1.94,195.07
img_5335.npy,1.86,194.40
img_5336.npy,1.94,191.46
img_5337.npy,1.83,192.51
img_5338.npy,1.96,147.10
img_5339.npy,1.86,134.42
img_534.npy,2.09,140.00
img_5340.npy,1.92,196.02
img_5341.npy,1.83,196.71
img_5342.npy,1.90,134.54
img_5343.npy,1.98,136.00
img_5344.npy,1.93,141.07
img_5345.npy,1.90,135.00
img_5346.npy,1.89,140.41
img_5347.npy,2.25,142.46
img_5348.npy,2.06,133.32
img_5349.npy,1.96,199.72
img_535.npy,1.90,197.02
img_5350.npy,1.95,199.52
img_5351.npy,1.95,198.99
img_5352.npy,1.89,192.75
img_5353.npy,1.95,138.32
img_5354.npy,1.89,135.54
img_5355.npy,1.91,132.34
img_5356.npy,2.02,136.30
img_5357.npy,1.93,195.18
img_5358.npy,1.97,197.08
img_5359.npy,1.96,197.87
img_536.npy,1.91,202.11
img_5360.npy,1.98,195.97
img_5361.npy,2.04,194.82
img_5362.npy,1.86,194.55
img_5363.npy,1.91,197.37
img_5364.npy,1.90,194.23
img_5365.npy,1.94,192.23
img_5366.npy,1.98,194.30
img_5367.npy,1.98,194.36
img_5368.npy,1.92,194.63
img_5369.npy,1.89,194.59
img_537.npy,1.81,200.36
img_5370.npy,2.05,134.95
img_5371.npy,1.81,193.36
img_5372.npy,1.82,198.65
img_5373.npy,1.96,190.22
img_5374.npy,1.82,197.21
img_5375.npy,2.05,138.97
img_5376.npy,2.00,183.57
img_5377.npy,1.98,192.03
img_5378.npy,1.80,196.91
img_5379.npy,1.87,133.41
img_538.npy,1.80,142.45
img_5380.npy,1.95,139.07
img_5381.npy,2.04,132.01
img_5382.npy,1.88,175.09
img_5383.npy,1.97,137.94
img_5384.npy,2.00,139.08
img_5385.npy,2.36,142.04
img_5386.npy,1.79,192.64
img_5387.npy,2.00,195.95
img_5388.npy,2.01,195.57
img_5389.npy,2.01,197.02
img_539.npy,2.06,192.76
img_5390.npy,1.88,199.84
img_5391.npy,1.91,193.39
img_5392.npy,1.97,199.38
img_5393.npy,1.88,197.51
img_5394.npy,1.85,194.45
img_5395.npy,2.01,196.62
img_5396.npy,1.99,192.58
img_5397.npy,2.00,190.08
img_5398.npy,1.94,189.95
img_5399.npy,1.94,194.89
img_54.npy,1.87,198.80
img_540.npy,1.87,200.93
img_5400.npy,1.96,197.88
img_5401.npy,1.96,193.60
img_5402.npy,2.08,190.12
img_5403.npy,2.21,199.81
img_5404.npy,1.76,190.91
img_5405.npy,1.99,135.55
img_5406.npy,1.87,133.16
img_5407.npy,1.99,131.48
img_5408.npy,1.85,199.36
img_5409.npy,1.95,196.75
img_541.npy,1.95,194.38
img_5410.npy,1.90,195.38
img_5411.npy,1.89,199.07
img_5412.npy,1.72,194.31
img_5413.npy,1.76,200.55
img_5414.npy,1.93,199.71
img_5415.npy,1.96,195.32
img_5416.npy,2.00,195.15
img_5417.npy,1.88,195.43
img_5418.npy,1.93,196.05
img_5419.npy,1.97,196.09
img_542.npy,1.92,199.08
img_5420.npy,1.91,199.01
img_5421.npy,1.91,192.70
img_5422.npy,2.26,188.22
img_5423.npy,1.97,200.41
img_5424.npy,1.99,193.66
img_5425.npy,1.94,200.49
img_5426.npy,1.81,198.68
img_5427.npy,1.79,191.80
img_5428.npy,1.94,132.99
img_5429.npy,1.82,138.46
img_543.npy,1.94,137.85
img_5430.npy,1.84,136.43
img_5431.npy,1.96,143.21
img_5432.npy,1.87,136.75
img_5433.npy,1.84,130.79
img_5434.npy,1.94,139.67
img_5435.npy,2.24,134.67
img_5436.npy,1.92,197.06
img_5437.npy,1.87,196.50
img_5438.npy,1.95,195.55
img_5439.npy,1.90,201.16
img_544.npy,1.92,194.00
img_5440.npy,1.89,199.76
img_5441.npy,1.93,199.29
img_5442.npy,1.84,195.93
img_5443.npy,1.84,195.00
img_5444.npy,1.97,139.45
img_5445.npy,1.93,136.44
img_5446.npy,1.92,137.21
img_5447.npy,2.00,136.26
img_5448.npy,1.88,134.02
img_5449.npy,1.90,138.60
img_545.npy,1.85,198.48
img_5450.npy,1.86,131.60
img_5451.npy,1.98,142.18
img_5452.npy,1.95,133.48
img_5453.npy,2.07,139.91
img_5454.npy,1.74,198.39
img_5455.npy,2.04,140.29
img_5456.npy,1.98,196.43
img_5457.npy,1.91,196.81
img_5458.npy,1.83,179.18
img_5459.npy,1.82,133.53
img_546.npy,1.94,138.50
img_5460.npy,1.90,136.31
img_5461.npy,1.91,134.88
img_5462.npy,2.34,139.80
img_5463.npy,1.92,136.48
img_5464.npy,1.87,134.91
img_5465.npy,1.94,134.96
img_5466.npy,1.86,131.41
img_5467.npy,1.94,136.59
img_5468.npy,1.88,134.91
img_5469.npy,1.79,136.59
img_547.npy,1.94,148.50
img_5470.npy,1.92,138.15
img_5471.npy,1.97,129.72
img_5472.npy,1.92,138.60
img_5473.npy,1.93,138.07
img_5474.npy,1.91,144.87
img_5475.npy,1.90,136.68
img_5476.npy,1.91,136.58
img_5477.npy,1.93,190.15
img_5478.npy,1.90,198.76
img_5479.npy,1.74,198.89
img_548.npy,1.86,135.96
img_5480.npy,1.72,145.09
img_5481.npy,1.84,141.01
img_5482.npy,1.87,135.12
img_5483.npy,2.38,132.12
img_5484.npy,1.82,181.05
img_5485.npy,1.88,138.98
img_5486.npy,1.80,135.46
img_5487.npy,1.84,136.70
img_5488.npy,1.95,135.44
img_5489.npy,1.78,191.30
img_549.npy,1.88,132.46
img_5490.npy,1.98,140.88
img_5491.npy,1.75,140.59
img_5492.npy,1.76,137.72
img_5493.npy,1.87,137.30
img_5494.npy,1.87,134.69
img_5495.npy,1.89,134.87
img_5496.npy,1.80,133.45
img_5497.npy,1.99,138.77
img_5498.npy,1.93,188.93
img_5499.npy,1.94,196.23
img_55.npy,1.78,195.92
img_550.npy,1.94,137.34
img_5500.npy,1.84,131.28
img_5501.npy,2.07,139.32
img_5502.npy,1.88,194.33
img_5503.npy,2.16,193.39
img_5504.npy,1.86,136.88
img_5505.npy,1.98,140.06
img_5506.npy,1.94,193.97
img_5507.npy,1.84,189.62
img_5508.npy,1.96,136.63
img_5509.npy,1.98,132.73
img_551.npy,1.82,195.45
img_5510.npy,1.63,192.26
img_5511.npy,2.10,137.95
img_5512.npy,1.85,193.64
img_5513.npy,1.92,135.64
img_5514.npy,1.92,137.11
img_5515.npy,1.98,191.41
img_5516.npy,1.87,192.89
img_5517.npy,1.78,191.86
img_5518.npy,1.76,134.50
img_5519.npy,1.77,136.06
img_552.npy,2.00,138.87
img_5520.npy,1.92,137.38
img_5521.npy,1.83,137.86
img_5522.npy,1.87,133.53
img_5523.npy,2.10,139.67
img_5524.npy,2.33,200.84
img_5525.npy,1.74,202.44
img_5526.npy,1.68,199.23
img_5527.npy,1.81,199.91
img_5528.npy,1.87,193.04
img_5529.npy,1.91,188.36
img_553.npy,1.94,194.79
img_5530.npy,1.88,193.93
img_5531.npy,1.83,193.73
img_5532.npy,1.95,134.43
img_5533.npy,2.14,140.69
img_5534.npy,1.91,197.72
img_5535.npy,1.92,196.19
img_5536.npy,1.94,188.40
img_5537.npy,1.90,192.72
img_5538.npy,2.02,187.92
img_5539.npy,1.93,193.36
img_554.npy,1.88,192.06
img_5540.npy,1.65,197.00
img_5541.npy,1.74,195.57
img_5542.npy,2.14,142.07
img_5543.npy,1.80,192.93
img_5544.npy,2.01,137.60
img_5545.npy,2.26,135.42
img_5546.npy,1.91,134.91
img_5547.npy,1.87,133.85
img_5548.npy,1.83,135.44
img_5549.npy,2.05,133.99
img_555.npy,1.98,201.14
img_5550.npy,1.94,194.36
img_5551.npy,1.89,189.29
img_5552.npy,1.99,193.66
img_5553.npy,1.96,195.57
img_5554.npy,2.03,189.45
img_5555.npy,2.00,195.82
img_5556.npy,1.95,196.92
img_5557.npy,1.95,198.01
img_5558.npy,1.94,200.33
img_5559.npy,1.98,194.22
img_556.npy,1.93,192.70
img_5560.npy,1.84,184.46
img_5561.npy,1.79,196.38
img_5562.npy,1.86,135.11
img_5563.npy,1.90,134.69
img_5564.npy,1.85,134.39
img_5565.npy,2.06,135.93
img_5566.npy,2.28,196.05
img_5567.npy,1.76,195.31
img_5568.npy,1.86,189.21
img_5569.npy,1.98,199.59
img_557.npy,1.97,194.41
img_5570.npy,1.96,194.71
img_5571.npy,1.95,194.71
img_5572.npy,1.96,191.96
img_5573.npy,1.95,196.05
img_5574.npy,1.97,193.83
img_5575.npy,1.91,199.25
img_5576.npy,1.87,198.43
img_5577.npy,1.88,197.85
img_5578.npy,1.84,193.53
img_5579.npy,1.92,138.41
img_558.npy,1.95,134.14
img_5580.npy,2.11,136.31
img_5581.npy,1.80,201.41
img_5582.npy,1.81,197.99
img_5583.npy,1.89,146.85
img_5584.npy,1.98,145.67
img_5585.npy,1.98,135.76
img_5586.npy,1.76,138.71
img_5587.npy,2.16,134.40
img_5588.npy,1.92,134.61
img_5589.npy,1.82,200.70
img_559.npy,1.94,200.61
img_5590.npy,1.90,197.79
img_5591.npy,1.92,202.25
img_5592.npy,1.82,195.93
img_5593.npy,1.94,142.49
img_5594.npy,1.86,138.02
img_5595.npy,1.82,145.66
img_5596.npy,1.87,133.16
img_5597.npy,2.02,137.72
img_5598.npy,1.94,199.57
img_5599.npy,1.95,194.64
img_56.npy,1.98,195.05
img_560.npy,1.99,201.49
img_5600.npy,1.93,200.45
img_5601.npy,1.89,198.73
img_5602.npy,1.93,199.67
img_5603.npy,1.97,196.43
img_5604.npy,1.99,199.96
img_5605.npy,1.93,187.44
img_5606.npy,1.97,199.46
img_5607.npy,2.36,199.63
img_5608.npy,1.88,200.79
img_5609.npy,1.89,198.70
img_561.npy,1.73,195.79
img_5610.npy,1.95,133.11
img_5611.npy,1.99,143.59
img_5612.npy,1.92,132.26
img_5613.npy,2.07,146.36
img_5614.npy,1.97,197.81
img_5615.npy,1.77,197.98
img_5616.npy,1.95,191.80
img_5617.npy,1.77,200.13
img_5618.npy,1.80,201.05
img_5619.npy,1.91,135.30
img_562.npy,1.96,136.06
img_5620.npy,1.85,131.87
img_5621.npy,1.84,138.11
img_5622.npy,1.87,131.35
img_5623.npy,1.87,135.28
img_5624.npy,1.85,133.70
img_5625.npy,1.87,138.18
img_5626.npy,1.93,137.41
img_5627.npy,1.87,133.35
img_5628.npy,2.23,133.29
img_5629.npy,1.85,132.66
img_563.npy,1.89,134.33
img_5630.npy,1.89,133.80
img_5631.npy,1.91,136.65
img_5632.npy,1.73,135.04
img_5633.npy,1.99,142.70
img_5634.npy,1.88,192.01
img_5635.npy,1.90,177.18
img_5636.npy,1.92,200.98
img_5637.npy,1.75,200.95
img_5638.npy,1.90,194.46
img_5639.npy,1.87,199.84
img_564.npy,1.79,202.18
img_5640.npy,1.84,192.80
img_5641.npy,2.05,198.95
img_5642.npy,2.01,199.78
img_5643.npy,1.93,194.90
img_5644.npy,1.85,200.32
img_5645.npy,1.83,191.13
img_5646.npy,1.92,197.48
img_5647.npy,1.77,200.74
img_5648.npy,1.67,201.28
img_5649.npy,1.95,202.04
img_565.npy,2.04,198.89
img_5650.npy,1.87,202.38
img_5651.npy,1.74,199.61
img_5652.npy,1.85,199.53
img_5653.npy,2.01,193.24
img_5654.npy,1.92,201.22
img_5655.npy,1.93,199.30
img_5656.npy,1.93,195.79
img_5657.npy,1.96,191.34
img_5658.npy,1.99,196.29
img_5659.npy,1.95,199.62
img_566.npy,1.91,196.34
img_5660.npy,2.06,192.27
img_5661.npy,1.88,198.57
img_5662.npy,1.71,193.93
img_5663.npy,1.88,135.32
img_5664.npy,1.99,142.28
img_5665.npy,1.81,175.15
img_5666.npy,2.05,139.46
img_5667.npy,1.90,185.80
img_5668.npy,1.80,190.14
img_5669.npy,1.89,135.19
img_567.npy,1.92,135.34
img_5670.npy,2.01,138.36
img_5671.npy,2.46,136.75
img_5672.npy,1.92,162.18
img_5673.npy,1.98,198.43
img_5674.npy,1.92,196.08
img_5675.npy,1.76,199.97
img_5676.npy,2.10,140.33
img_5677.npy,1.79,190.82
img_5678.npy,1.92,195.45
img_5679.npy,1.82,189.11
img_568.npy,1.98,195.45
img_5680.npy,1.93,192.82
img_5681.npy,1.91,191.27
img_5682.npy,2.00,194.05
img_5683.npy,1.99,193.00
img_5684.npy,1.92,199.56
img_5685.npy,1.83,189.93
img_5686.npy,1.95,188.70
img_5687.npy,1.95,199.41
img_5688.npy,1.90,197.19
img_5689.npy,1.88,195.78
img_569.npy,1.81,199.60
img_5690.npy,1.89,196.85
img_5691.npy,1.93,196.92
img_5692.npy,2.01,193.14
img_5693.npy,2.37,197.09
img_5694.npy,1.89,194.25
img_5695.npy,1.84,200.36
img_5696.npy,2.00,195.74
img_5697.npy,1.92,196.67
img_5698.npy,1.84,201.29
img_5699.npy,1.91,180.24
img_57.npy,1.91,198.58
img_570.npy,1.96,200.72
img_5700.npy,1.83,200.09
img_5701.npy,1.88,199.51
img_5702.npy,1.91,198.02
img_5703.npy,1.97,198.49
img_5704.npy,1.90,193.74
img_5705.npy,1.91,137.67
img_5706.npy,1.93,140.68
img_5707.npy,1.91,135.90
img_5708.npy,2.00,137.01
img_5709.npy,1.99,194.64
img_571.npy,1.94,197.99
img_5710.npy,1.85,193.07
img_5711.npy,1.92,195.25
img_5712.npy,1.98,189.16
img_5713.npy,2.37,198.65
img_5714.npy,2.05,197.81
img_5715.npy,1.91,200.89
img_5716.npy,1.90,199.91
img_5717.npy,1.87,198.31
img_5718.npy,1.97,188.78
img_5719.npy,1.89,196.94
img_572.npy,1.85,195.61
img_5720.npy,1.93,193.74
img_5721.npy,1.90,196.88
img_5722.npy,1.93,196.33
img_5723.npy,1.99,198.60
img_5724.npy,1.94,191.26
img_5725.npy,1.92,199.33
img_5726.npy,1.87,198.35
img_5727.npy,1.89,199.87
img_5728.npy,1.99,194.05
img_5729.npy,1.85,199.20
img_573.npy,1.94,194.77
img_5730.npy,1.94,199.23
img_5731.npy,1.78,196.38
img_5732.npy,1.86,139.43
img_5733.npy,2.01,133.94
img_5734.npy,1.99,196.43
img_5735.npy,2.35,200.21
img_5736.npy,1.79,197.88
img_5737.npy,1.99,136.21
img_5738.npy,1.91,134.91
img_5739.npy,2.11,136.89
img_574.npy,1.90,190.80
img_5740.npy,1.88,194.96
img_5741.npy,1.90,198.63
img_5742.npy,1.99,183.63
img_5743.npy,1.87,197.12
img_5744.npy,1.81,194.63
img_5745.npy,1.94,194.22
img_5746.npy,1.90,199.91
img_5747.npy,1.79,192.58
img_5748.npy,2.14,138.22
img_5749.npy,2.06,199.20
img_575.npy,1.89,197.50
img_5750.npy,1.78,201.41
img_5751.npy,2.07,133.10
img_5752.npy,1.95,199.34
img_5753.npy,1.79,197.88
img_5754.npy,1.96,135.05
img_5755.npy,2.21,134.26
img_5756.npy,2.09,133.93
img_5757.npy,1.77,196.45
img_5758.npy,1.91,135.64
img_5759.npy,1.90,133.46
img_576.npy,2.01,133.60
img_5760.npy,2.01,135.52
img_5761.npy,1.96,136.76
img_5762.npy,1.91,139.66
img_5763.npy,1.94,133.70
img_5764.npy,2.06,134.10
img_5765.npy,1.82,200.23
img_5766.npy,1.88,136.89
img_5767.npy,1.87,135.11
img_5768.npy,2.01,135.77
img_5769.npy,2.03,138.00
img_577.npy,1.99,196.21
img_5770.npy,1.79,192.15
img_5771.npy,1.87,192.11
img_5772.npy,1.92,195.92
img_5773.npy,1.84,195.46
img_5774.npy,1.95,189.12
img_5775.npy,1.98,195.63
img_5776.npy,1.88,197.52
img_5777.npy,1.95,198.17
img_5778.npy,1.83,202.64
img_5779.npy,2.31,198.87
img_578.npy,1.95,199.28
img_5780.npy,1.94,198.81
img_5781.npy,1.80,189.50
img_5782.npy,1.94,134.71
img_5783.npy,1.95,132.41
img_5784.npy,1.97,139.83
img_5785.npy,1.93,133.39
img_5786.npy,1.89,194.23
img_5787.npy,1.97,193.32
img_5788.npy,1.92,197.66
img_5789.npy,1.92,195.18
img_579.npy,1.85,200.96
img_5790.npy,1.81,193.66
img_5791.npy,1.90,138.15
img_5792.npy,1.86,133.73
img_5793.npy,1.96,140.64
img_5794.npy,1.94,134.34
img_5795.npy,1.96,134.92
img_5796.npy,1.95,135.77
img_5797.npy,1.80,132.82
img_5798.npy,1.81,139.96
img_5799.npy,1.89,135.31
img_58.npy,2.01,135.07
img_580.npy,2.39,138.46
img_5800.npy,1.97,134.80
img_5801.npy,2.07,139.26
img_5802.npy,1.88,198.21
img_5803.npy,1.89,200.11
img_5804.npy,1.76,199.93
img_5805.npy,1.85,133.02
img_5806.npy,1.88,141.94
img_5807.npy,2.11,144.14
img_5808.npy,1.93,195.01
img_5809.npy,1.94,199.19
img_581.npy,1.91,200.18
img_5810.npy,1.91,200.14
img_5811.npy,1.74,196.37
img_5812.npy,1.93,190.87
img_5813.npy,1.90,136.98
img_5814.npy,2.07,137.18
img_5815.npy,1.96,196.98
img_5816.npy,1.97,199.56
img_5817.npy,1.85,200.78
img_5818.npy,1.91,200.58
img_5819.npy,1.83,199.71
img_582.npy,1.83,199.82
img_5820.npy,1.76,195.15
img_5821.npy,2.39,164.44
img_5822.npy,1.97,199.18
img_5823.npy,1.95,199.66
img_5824.npy,1.91,197.37
img_5825.npy,1.98,199.52
img_5826.npy,1.92,198.81
img_5827.npy,1.88,197.55
img_5828.npy,1.99,193.43
img_5829.npy,1.84,197.96
img_583.npy,1.94,136.02
img_5830.npy,2.02,134.23
img_5831.npy,2.07,135.81
img_5832.npy,1.96,194.23
img_5833.npy,1.99,192.50
img_5834.npy,1.78,199.59
img_5835.npy,1.93,133.47
img_5836.npy,1.99,138.37
img_5837.npy,1.92,196.97
img_5838.npy,1.98,195.15
img_5839.npy,2.00,199.51
img_584.npy,1.96,198.60
img_5840.npy,1.92,198.83
img_5841.npy,1.77,192.18
img_5842.npy,2.03,193.63
img_5843.npy,2.23,162.95
img_5844.npy,1.92,138.43
img_5845.npy,1.92,137.03
img_5846.npy,1.92,134.37
img_5847.npy,2.09,131.16
img_5848.npy,1.93,195.46
img_5849.npy,2.01,191.90
img_585.npy,1.92,197.80
img_5850.npy,1.83,190.68
img_5851.npy,1.89,143.46
img_5852.npy,1.87,135.04
img_5853.npy,1.90,131.45
img_5854.npy,1.83,134.16
img_5855.npy,1.94,133.95
img_5856.npy,1.92,139.63
img_5857.npy,1.82,132.80
img_5858.npy,1.87,133.80
img_5859.npy,2.07,132.55
img_586.npy,1.92,200.86
img_5860.npy,1.89,199.72
img_5861.npy,1.86,195.48
img_5862.npy,1.99,133.61
img_5863.npy,1.85,198.39
img_5864.npy,1.79,187.08
img_5865.npy,2.43,193.39
img_5866.npy,2.06,184.88
img_5867.npy,1.92,199.66
img_5868.npy,1.88,199.23
img_5869.npy,1.99,198.81
img_587.npy,1.94,194.53
img_5870.npy,1.94,199.07
img_5871.npy,1.90,197.06
img_5872.npy,1.93,195.73
img_5873.npy,1.98,194.04
img_5874.npy,1.93,200.75
img_5875.npy,1.90,198.99
img_5876.npy,2.02,193.48
img_5877.npy,1.92,199.16
img_5878.npy,2.01,200.68
img_5879.npy,1.94,192.39
img_588.npy,1.81,198.87
img_5880.npy,2.10,136.82
img_5881.npy,1.99,195.67
img_5882.npy,2.01,192.74
img_5883.npy,1.93,200.44
img_5884.npy,1.93,194.96
img_5885.npy,1.93,192.79
img_5886.npy,2.47,191.14
img_5887.npy,1.94,190.25
img_5888.npy,1.76,135.58
img_5889.npy,1.75,133.79
img_589.npy,1.84,134.19
img_5890.npy,1.88,134.83
img_5891.npy,1.79,132.02
img_5892.npy,1.79,132.45
img_5893.npy,1.90,130.76
img_5894.npy,1.97,131.14
img_5895.npy,1.94,139.84
img_5896.npy,2.05,136.79
img_5897.npy,1.99,196.83
img_5898.npy,1.89,198.49
img_5899.npy,1.93,199.66
img_59.npy,2.00,199.45
img_590.npy,1.89,196.98
img_5900.npy,1.93,197.50
img_5901.npy,1.84,190.55
img_5902.npy,1.87,193.10
img_5903.npy,1.92,198.06
img_5904.npy,1.91,195.55
img_5905.npy,1.85,198.77
img_5906.npy,1.99,135.83
img_5907.npy,2.35,196.90
img_5908.npy,2.01,198.02
img_5909.npy,1.90,195.69
img_591.npy,1.77,196.47
img_5910.npy,1.89,200.84
img_5911.npy,1.77,200.43
img_5912.npy,1.99,199.41
img_5913.npy,1.87,191.91
img_5914.npy,1.82,198.23
img_5915.npy,1.98,184.58
img_5916.npy,1.86,195.08
img_5917.npy,1.90,199.00
img_5918.npy,1.72,200.27
img_5919.npy,1.89,135.47
img_592.npy,1.97,136.20
img_5920.npy,1.96,134.81
img_5921.npy,2.10,134.55
img_5922.npy,1.80,133.75
img_5923.npy,1.84,135.54
img_5924.npy,1.92,135.55
img_5925.npy,1.90,135.39
img_5926.npy,1.97,136.50
img_5927.npy,1.87,133.84
img_5928.npy,2.05,134.62
img_5929.npy,2.10,192.97
img_593.npy,1.81,198.99
img_5930.npy,2.06,137.77
img_5931.npy,1.90,193.86
img_5932.npy,2.02,193.05
img_5933.npy,1.91,193.02
img_5934.npy,1.90,190.02
img_5935.npy,1.95,196.89
img_5936.npy,1.87,198.16
img_5937.npy,1.92,200.40
img_5938.npy,1.77,199.29
img_5939.npy,1.91,137.74
img_594.npy,1.80,194.22
img_5940.npy,1.93,138.41
img_5941.npy,2.10,134.11
img_5942.npy,1.79,198.21
img_5943.npy,1.87,198.14
img_5944.npy,1.77,198.72
img_5945.npy,1.92,192.10
img_5946.npy,1.88,198.62
img_5947.npy,1.90,193.56
img_5948.npy,2.02,192.99
img_5949.npy,1.91,197.18
img_595.npy,1.92,198.31
img_5950.npy,1.82,197.49
img_5951.npy,1.91,193.19
img_5952.npy,2.36,196.38
img_5953.npy,1.97,192.27
img_5954.npy,1.91,200.98
img_5955.npy,1.95,199.86
img_5956.npy,1.95,199.65
img_5957.npy,1.82,198.52
img_5958.npy,1.84,194.30
img_5959.npy,2.01,137.80
img_596.npy,1.92,141.06
img_5960.npy,1.92,133.13
img_5961.npy,1.91,135.49
img_5962.npy,1.82,132.57
img_5963.npy,2.01,135.23
img_5964.npy,1.92,133.41
img_5965.npy,1.92,195.92
img_5966.npy,1.95,191.38
img_5967.npy,1.78,197.23
img_5968.npy,2.00,135.08
img_5969.npy,1.94,194.36
img_597.npy,1.85,197.69
img_5970.npy,2.05,134.30
img_5971.npy,2.03,196.87
img_5972.npy,1.96,197.65
img_5973.npy,2.14,196.77
img_5974.npy,2.01,200.51
img_5975.npy,1.79,193.38
img_5976.npy,1.97,138.62
img_5977.npy,1.86,132.76
img_5978.npy,1.92,136.82
img_5979.npy,2.07,137.47
img_598.npy,1.99,198.05
img_5980.npy,1.93,198.75
img_5981.npy,1.93,199.16
img_5982.npy,1.96,190.00
img_5983.npy,1.95,194.90
img_5984.npy,1.95,193.89
img_5985.npy,1.92,199.39
img_5986.npy,1.96,201.37
img_5987.npy,1.80,197.72
img_5988.npy,1.83,199.95
img_5989.npy,1.88,199.41
img_599.npy,1.95,191.50
img_5990.npy,1.94,198.77
img_5991.npy,1.85,194.30
img_5992.npy,1.79,193.50
img_5993.npy,1.95,134.50
img_5994.npy,1.91,135.43
img_5995.npy,1.88,133.60
img_5996.npy,2.24,133.45
img_5997.npy,2.22,136.68
img_5998.npy,1.87,199.61
img_5999.npy,2.00,190.83
img_6.npy,1.85,189.23
img_60.npy,1.75,198.27
img_600.npy,1.82,197.14
img_6000.npy,1.78,198.29
img_6001.npy,1.74,199.39
img_6002.npy,1.79,192.57
img_6003.npy,1.96,182.45
img_6004.npy,1.93,199.70
img_6005.npy,1.93,195.19
img_6006.npy,1.94,197.73
img_6007.npy,1.95,196.72
img_6008.npy,1.93,191.52
img_6009.npy,1.94,193.89
img_601.npy,1.81,187.50
img_6010.npy,1.93,135.57
img_6011.npy,1.97,140.56
img_6012.npy,2.09,135.39
img_6013.npy,2.00,199.74
img_6014.npy,1.91,193.87
img_6015.npy,1.76,199.10
img_6016.npy,1.89,134.58
img_6017.npy,2.34,167.76
img_6018.npy,1.92,136.06
img_6019.npy,1.92,133.65
img_602.npy,1.88,132.18
img_6020.npy,2.06,134.70
img_6021.npy,1.88,199.50
img_6022.npy,1.88,197.89
img_6023.npy,1.98,196.82
img_6024.npy,1.86,198.00
img_6025.npy,1.81,196.14
img_6026.npy,1.84,193.27
img_6027.npy,1.93,137.49
img_6028.npy,1.92,136.57
img_6029.npy,1.97,138.12
img_603.npy,1.97,134.26
img_6030.npy,1.90,134.24
img_6031.npy,1.93,135.35
img_6032.npy,1.88,138.36
img_6033.npy,2.15,144.93
img_6034.npy,1.81,198.09
img_6035.npy,1.99,135.08
img_6036.npy,1.82,134.31
img_6037.npy,1.87,133.52
img_6038.npy,1.92,133.71
img_6039.npy,2.48,132.25
img_604.npy,2.00,134.98
img_6040.npy,1.87,134.37
img_6041.npy,1.87,138.95
img_6042.npy,2.07,134.38
img_6043.npy,1.80,199.07
img_6044.npy,1.84,133.61
img_6045.npy,1.90,135.97
img_6046.npy,1.96,134.77
img_6047.npy,1.79,133.54
img_6048.npy,1.92,134.57
img_6049.npy,2.00,141.79
img_605.npy,1.94,137.43
img_6050.npy,1.93,135.02
img_6051.npy,1.99,180.96
img_6052.npy,1.96,195.52
img_6053.npy,1.90,197.89
img_6054.npy,1.98,199.88
img_6055.npy,1.96,196.27
img_6056.npy,1.76,200.76
img_6057.npy,1.87,133.00
img_6058.npy,1.82,133.77
img_6059.npy,1.90,135.69
img_606.npy,2.03,133.13
img_6060.npy,2.03,177.13
img_6061.npy,2.32,200.68
img_6062.npy,1.92,195.94
img_6063.npy,1.76,199.55
img_6064.npy,1.83,138.39
img_6065.npy,1.97,138.70
img_6066.npy,2.06,137.98
img_6067.npy,1.92,192.00
img_6068.npy,1.90,195.06
img_6069.npy,1.76,194.42
img_607.npy,1.84,136.32
img_6070.npy,1.89,133.47
img_6071.npy,1.88,134.19
img_6072.npy,1.88,135.20
img_6073.npy,1.93,142.65
img_6074.npy,1.96,137.67
img_6075.npy,1.91,134.43
img_6076.npy,2.02,136.14
img_6077.npy,1.92,198.35
img_6078.npy,1.85,191.32
img_6079.npy,1.94,197.47
img_608.npy,1.87,198.93
img_6080.npy,1.85,185.88
img_6081.npy,1.92,199.69
img_6082.npy,1.89,198.76
img_6083.npy,2.41,199.20
img_6084.npy,2.01,198.73
img_6085.npy,1.89,197.25
img_6086.npy,1.89,198.03
img_6087.npy,1.77,197.36
img_6088.npy,1.82,197.34
img_6089.npy,1.96,188.04
img_609.npy,1.93,194.34
img_6090.npy,1.97,199.05
img_6091.npy,1.91,194.97
img_6092.npy,1.76,196.29
img_6093.npy,1.94,191.26
img_6094.npy,1.82,189.24
img_6095.npy,1.93,135.59
img_6096.npy,1.94,140.32
img_6097.npy,2.06,134.21
img_6098.npy,1.95,196.44
img_6099.npy,1.94,199.39
img_61.npy,1.97,194.33
img_610.npy,1.97,197.38
img_6100.npy,1.94,195.43
img_6101.npy,1.95,198.99
img_6102.npy,1.83,200.22
img_6103.npy,2.01,193.46
img_6104.npy,2.18,197.81
img_6105.npy,2.00,164.62
img_6106.npy,1.89,200.56
img_6107.npy,1.99,198.42
img_6108.npy,1.86,200.47
img_6109.npy,1.88,132.91
img_611.npy,1.76,134.68
img_6110.npy,1.85,133.61
img_6111.npy,1.89,141.45
img_6112.npy,2.02,135.38
img_6113.npy,2.04,136.86
img_6114.npy,1.68,198.47
img_6115.npy,1.91,135.39
img_6116.npy,2.00,130.88
img_6117.npy,1.88,193.86
img_6118.npy,1.97,198.37
img_6119.npy,1.89,199.50
img_612.npy,1.85,199.32
img_6120.npy,1.87,188.52
img_6121.npy,1.92,138.96
img_6122.npy,2.00,136.58
img_6123.npy,1.89,132.04
img_6124.npy,1.96,136.18
img_6125.npy,1.93,134.03
img_6126.npy,1.82,130.13
img_6127.npy,2.46,130.35
img_6128.npy,2.16,162.01
img_6129.npy,1.88,197.77
img_613.npy,1.83,198.52
img_6130.npy,1.88,199.11
img_6131.npy,1.97,198.21
img_6132.npy,1.95,197.33
img_6133.npy,1.81,199.29
img_6134.npy,2.05,137.95
img_6135.npy,1.85,197.81
img_6136.npy,1.92,191.84
img_6137.npy,1.82,196.86
img_6138.npy,1.93,193.05
img_6139.npy,1.79,195.14
img_614.npy,1.88,133.39
img_6140.npy,1.86,135.49
img_6141.npy,1.95,135.64
img_6142.npy,1.96,149.45
img_6143.npy,1.97,138.67
img_6144.npy,1.95,133.98
img_6145.npy,1.84,134.10
img_6146.npy,1.91,133.89
img_6147.npy,1.99,140.49
img_6148.npy,1.98,137.22
img_6149.npy,2.09,138.48
img_615.npy,2.49,198.07
img_6150.npy,1.90,198.91
img_6151.npy,1.93,200.80
img_6152.npy,1.93,201.10
img_6153.npy,2.15,197.07
img_6154.npy,1.93,197.89
img_6155.npy,1.94,193.21
img_6156.npy,1.88,195.09
img_6157.npy,1.94,134.82
img_6158.npy,2.13,137.84
img_6159.npy,1.81,199.66
img_616.npy,1.87,198.62
img_6160.npy,1.88,196.57
img_6161.npy,1.94,194.38
img_6162.npy,1.72,196.64
img_6163.npy,1.98,193.20
img_6164.npy,1.92,191.54
img_6165.npy,1.89,199.49
img_6166.npy,1.77,199.06
img_6167.npy,2.15,141.66
img_6168.npy,1.80,193.75
img_6169.npy,2.05,187.25
img_617.npy,1.96,196.71
img_6170.npy,1.87,196.57
img_6171.npy,2.44,193.53
img_6172.npy,1.95,198.94
img_6173.npy,1.95,196.29
img_6174.npy,1.92,195.25
img_6175.npy,1.91,197.43
img_6176.npy,1.97,195.86
img_6177.npy,1.85,195.59
img_6178.npy,1.95,135.70
img_6179.npy,1.96,133.71
img_618.npy,1.88,136.43
img_6180.npy,1.94,134.05
img_6181.npy,1.70,141.15
img_6182.npy,1.83,133.11
img_6183.npy,1.84,130.52
img_6184.npy,1.98,141.82
img_6185.npy,1.82,190.90
img_6186.npy,1.88,188.97
img_6187.npy,1.99,197.64
img_6188.npy,1.96,197.57
img_6189.npy,1.96,196.93
img_619.npy,1.93,195.86
img_6190.npy,1.72,194.60
img_6191.npy,2.03,139.04
img_6192.npy,1.83,198.53
img_6193.npy,1.91,192.85
img_6194.npy,2.00,197.08
img_6195.npy,1.84,196.01
img_6196.npy,1.91,130.93
img_6197.npy,1.91,141.92
img_6198.npy,2.06,140.99
img_6199.npy,1.91,191.77
img_62.npy,1.92,136.03
img_620.npy,1.96,135.03
img_6200.npy,1.94,138.47
img_6201.npy,1.91,133.49
img_6202.npy,2.10,134.09
img_6203.npy,1.83,195.17
img_6204.npy,1.89,199.37
img_6205.npy,1.98,193.71
img_6206.npy,2.00,190.14
img_6207.npy,1.97,191.10
img_6208.npy,1.99,197.20
img_6209.npy,1.93,190.98
img_621.npy,1.88,194.72
img_6210.npy,1.71,197.76
img_6211.npy,1.80,134.21
img_6212.npy,1.97,138.64
img_6213.npy,2.00,139.59
img_6214.npy,2.02,200.29
img_6215.npy,2.40,194.51
img_6216.npy,1.86,192.07
img_6217.npy,1.87,199.26
img_6218.npy,1.89,192.58
img_6219.npy,1.90,202.11
img_622.npy,1.90,200.21
img_6220.npy,1.81,195.24
img_6221.npy,1.96,138.06
img_6222.npy,1.85,130.41
img_6223.npy,1.96,135.27
img_6224.npy,1.90,135.25
img_6225.npy,1.87,136.48
img_6226.npy,1.90,138.91
img_6227.npy,1.69,133.00
img_6228.npy,1.97,137.29
img_6229.npy,1.95,200.16
img_623.npy,1.93,198.30
img_6230.npy,1.87,194.99
img_6231.npy,1.98,191.72
img_6232.npy,1.98,194.05
img_6233.npy,1.92,199.02
img_6234.npy,1.99,191.08
img_6235.npy,1.90,197.42
img_6236.npy,1.82,195.52
img_6237.npy,2.20,190.11
img_6238.npy,1.98,191.56
img_6239.npy,1.77,191.93
img_624.npy,2.01,136.35
img_6240.npy,1.97,135.45
img_6241.npy,2.12,135.49
img_6242.npy,1.93,199.11
img_6243.npy,1.90,198.73
img_6244.npy,1.99,194.73
img_6245.npy,2.00,193.44
img_6246.npy,1.90,198.62
img_6247.npy,1.87,190.01
img_6248.npy,1.99,193.44
img_6249.npy,1.80,198.62
img_625.npy,1.91,198.80
img_6250.npy,1.91,198.02
img_6251.npy,1.87,198.91
img_6252.npy,1.83,200.03
img_6253.npy,1.97,198.62
img_6254.npy,1.97,200.45
img_6255.npy,1.93,198.98
img_6256.npy,1.82,197.98
img_6257.npy,1.89,135.00
img_6258.npy,1.93,137.53
img_6259.npy,2.00,134.72
img_626.npy,2.32,137.59
img_6260.npy,1.86,131.61
img_6261.npy,1.83,132.83
img_6262.npy,1.88,133.62
img_6263.npy,1.94,127.87
img_6264.npy,1.95,133.37
img_6265.npy,1.85,131.99
img_6266.npy,1.96,138.04
img_6267.npy,1.86,161.16
img_6268.npy,1.95,135.07
img_6269.npy,1.89,134.88
img_627.npy,1.98,132.61
img_6270.npy,1.84,132.75
img_6271.npy,2.09,131.96
img_6272.npy,1.94,195.67
img_6273.npy,1.85,195.96
img_6274.npy,1.79,190.00
img_6275.npy,1.92,136.30
img_6276.npy,1.95,134.14
img_6277.npy,2.03,132.98
img_6278.npy,1.90,199.11
img_6279.npy,1.74,199.45
img_628.npy,1.87,131.15
img_6280.npy,1.80,132.60
img_6281.npy,1.91,134.94
img_6282.npy,2.39,191.84
img_6283.npy,2.00,188.99
img_6284.npy,2.02,176.85
img_6285.npy,1.89,193.64
img_6286.npy,2.10,139.10
img_6287.npy,1.98,202.30
img_6288.npy,1.94,199.08
img_6289.npy,2.07,197.20
img_629.npy,1.80,199.51
img_6290.npy,1.87,144.31
img_6291.npy,1.91,136.39
img_6292.npy,1.87,133.43
img_6293.npy,1.89,132.96
img_6294.npy,1.93,129.50
img_6295.npy,1.91,134.58
img_6296.npy,1.93,138.35
img_6297.npy,1.99,143.17
img_6298.npy,1.99,135.89
img_6299.npy,2.05,141.77
img_63.npy,1.89,192.66
img_630.npy,1.94,194.25
img_6300.npy,1.88,195.00
img_6301.npy,1.87,188.29
img_6302.npy,1.85,200.52
img_6303.npy,2.03,182.32
img_6304.npy,1.95,134.15
img_6305.npy,1.90,141.21
img_6306.npy,1.84,140.27
img_6307.npy,1.81,145.87
img_6308.npy,1.85,137.10
img_6309.npy,1.82,136.00
img_631.npy,1.89,132.87
img_6310.npy,1.88,135.95
img_6311.npy,1.87,136.37
img_6312.npy,1.95,141.00
img_6313.npy,1.96,136.37
img_6314.npy,1.91,134.15
img_6315.npy,1.86,137.62
img_6316.npy,1.91,137.68
img_6317.npy,1.81,133.95
img_6318.npy,1.91,135.89
img_6319.npy,2.01,139.01
img_632.npy,1.90,140.45
img_6320.npy,1.89,166.00
img_6321.npy,1.89,152.52
img_6322.npy,1.73,190.22
img_6323.npy,2.00,141.15
img_6324.npy,1.83,197.34
img_6325.npy,2.37,198.93
img_6326.npy,1.87,196.44
img_6327.npy,1.99,196.15
img_6328.npy,1.88,191.57
img_6329.npy,1.77,193.55
img_633.npy,1.93,135.31
img_6330.npy,1.89,134.82
img_6331.npy,1.93,133.96
img_6332.npy,1.96,138.99
img_6333.npy,1.90,136.96
img_6334.npy,2.01,138.00
img_6335.npy,1.83,187.66
img_6336.npy,1.92,139.47
img_6337.npy,1.70,196.32
img_6338.npy,1.94,139.76
img_6339.npy,1.93,200.01
img_634.npy,1.89,198.84
img_6340.npy,2.00,191.70
img_6341.npy,1.94,192.41
img_6342.npy,1.88,201.23
img_6343.npy,1.92,198.26
img_6344.npy,1.92,192.43
img_6345.npy,1.98,195.45
img_6346.npy,1.83,197.38
img_6347.npy,2.13,166.66
img_6348.npy,1.95,135.87
img_6349.npy,2.05,137.75
img_635.npy,1.90,194.05
img_6350.npy,1.65,194.46
img_6351.npy,1.84,135.25
img_6352.npy,1.96,137.24
img_6353.npy,1.96,196.01
img_6354.npy,1.83,201.01
img_6355.npy,1.93,196.01
img_6356.npy,1.78,197.29
img_6357.npy,1.87,135.22
img_6358.npy,1.81,134.23
img_6359.npy,1.75,143.59
img_636.npy,1.80,135.96
img_6360.npy,1.87,136.77
img_6361.npy,1.82,141.62
img_6362.npy,1.85,141.12
img_6363.npy,1.98,134.19
img_6364.npy,1.88,192.16
img_6365.npy,1.83,193.20
img_6366.npy,1.89,200.75
img_6367.npy,1.83,198.36
img_6368.npy,1.86,195.52
img_6369.npy,2.32,196.48
img_637.npy,1.85,197.10
img_6370.npy,1.77,201.00
img_6371.npy,1.93,131.91
img_6372.npy,1.94,134.88
img_6373.npy,2.11,143.08
img_6374.npy,1.90,193.04
img_6375.npy,1.82,190.01
img_6376.npy,1.84,201.23
img_6377.npy,1.91,198.48
img_6378.npy,1.95,200.16
img_6379.npy,1.89,200.15
img_638.npy,1.70,199.44
img_6380.npy,1.99,135.20
img_6381.npy,1.88,193.97
img_6382.npy,1.76,200.59
img_6383.npy,1.90,143.55
img_6384.npy,1.85,134.36
img_6385.npy,1.94,140.11
img_6386.npy,1.80,135.64
img_6387.npy,1.75,137.58
img_6388.npy,1.98,139.22
img_6389.npy,1.86,144.48
img_639.npy,1.84,139.47
img_6390.npy,2.40,133.38
img_6391.npy,1.84,131.41
img_6392.npy,2.11,133.92
img_6393.npy,1.87,199.12
img_6394.npy,1.69,195.44
img_6395.npy,1.83,138.30
img_6396.npy,1.86,133.79
img_6397.npy,1.91,134.66
img_6398.npy,1.90,143.73
img_6399.npy,1.95,135.12
img_64.npy,1.94,135.62
img_640.npy,1.81,136.19
img_6400.npy,1.86,141.14
img_6401.npy,1.85,199.70
img_6402.npy,1.98,194.64
img_6403.npy,1.95,194.73
img_6404.npy,1.84,194.82
img_6405.npy,1.86,136.46
img_6406.npy,1.93,135.89
img_6407.npy,1.89,193.78
img_6408.npy,1.79,199.30
img_6409.npy,1.90,199.18
img_641.npy,1.90,201.14
img_6410.npy,1.79,199.95
img_6411.npy,2.46,200.32
img_6412.npy,1.93,198.80
img_6413.npy,1.87,191.98
img_6414.npy,1.96,194.21
img_6415.npy,1.90,199.12
img_6416.npy,2.00,190.38
img_6417.npy,1.91,198.80
img_6418.npy,1.93,196.61
img_6419.npy,1.94,198.19
img_642.npy,1.87,198.86
img_6420.npy,1.89,189.71
img_6421.npy,1.95,195.51
img_6422.npy,1.84,199.57
img_6423.npy,1.92,136.12
img_6424.npy,1.86,135.11
img_6425.npy,1.95,139.03
img_6426.npy,1.92,135.95
img_6427.npy,2.00,138.31
img_6428.npy,2.06,141.70
img_6429.npy,1.88,194.71
img_643.npy,1.63,199.09
img_6430.npy,1.93,134.46
img_6431.npy,1.99,132.30
img_6432.npy,2.25,201.55
img_6433.npy,1.92,200.43
img_6434.npy,1.98,198.50
img_6435.npy,1.92,199.32
img_6436.npy,1.90,194.37
img_6437.npy,2.03,188.10
img_6438.npy,2.03,196.91
img_6439.npy,1.89,199.44
img_644.npy,2.03,198.76
img_6440.npy,1.96,198.64
img_6441.npy,1.74,195.38
img_6442.npy,1.94,132.55
img_6443.npy,1.74,133.34
img_6444.npy,1.92,134.56
img_6445.npy,1.96,133.96
img_6446.npy,1.93,134.21
img_6447.npy,1.90,138.41
img_6448.npy,1.94,137.07
img_6449.npy,1.89,133.36
img_645.npy,1.84,134.24
img_6450.npy,2.14,134.60
img_6451.npy,1.95,198.36
img_6452.npy,1.89,195.65
img_6453.npy,1.91,198.44
img_6454.npy,2.00,198.36
img_6455.npy,2.27,199.33
img_6456.npy,1.89,192.65
img_6457.npy,1.92,193.50
img_6458.npy,1.92,195.05
img_6459.npy,1.94,136.45
img_646.npy,1.97,138.41
img_6460.npy,2.05,141.41
img_6461.npy,1.92,193.55
img_6462.npy,1.94,199.25
img_6463.npy,1.89,192.09
img_6464.npy,1.90,188.35
img_6465.npy,1.93,195.15
img_6466.npy,1.92,194.43
img_6467.npy,1.82,197.04
img_6468.npy,2.12,134.56
img_6469.npy,2.06,133.18
img_647.npy,1.86,201.40
img_6470.npy,1.86,198.33
img_6471.npy,1.95,197.67
img_6472.npy,1.92,200.47
img_6473.npy,1.81,196.98
img_6474.npy,2.02,140.43
img_6475.npy,1.86,134.61
img_6476.npy,2.12,133.66
img_6477.npy,1.88,194.90
img_6478.npy,1.86,200.51
img_6479.npy,1.94,200.97
img_648.npy,1.81,196.81
img_6480.npy,1.85,199.61
img_6481.npy,1.87,198.72
img_6482.npy,2.03,190.31
img_6483.npy,1.96,190.32
img_6484.npy,1.80,200.49
img_6485.npy,1.94,136.42
img_6486.npy,1.89,133.52
img_6487.npy,1.90,132.57
img_6488.npy,2.01,140.12
img_6489.npy,2.01,151.44
img_649.npy,1.97,142.54
img_6490.npy,1.93,136.36
img_6491.npy,1.90,136.43
img_6492.npy,1.87,140.43
img_6493.npy,1.93,135.99
img_6494.npy,2.02,136.85
img_6495.npy,1.94,139.53
img_6496.npy,1.93,131.26
img_6497.npy,1.95,142.33
img_6498.npy,2.23,135.20
img_6499.npy,2.14,135.57
img_65.npy,1.78,133.30
img_650.npy,1.79,132.34
img_6500.npy,2.01,131.78
img_6501.npy,1.94,134.91
img_6502.npy,1.89,139.11
img_6503.npy,1.99,138.73
img_6504.npy,1.92,131.15
img_6505.npy,1.99,137.81
img_6506.npy,2.02,195.82
img_6507.npy,1.93,190.21
img_6508.npy,1.82,200.91
img_6509.npy,1.82,135.55
img_651.npy,1.79,138.00
img_6510.npy,1.77,137.61
img_6511.npy,1.87,142.26
img_6512.npy,1.97,136.24
img_6513.npy,1.88,135.78
img_6514.npy,1.88,133.81
img_6515.npy,1.89,135.24
img_6516.npy,1.90,133.76
img_6517.npy,1.94,194.08
img_6518.npy,2.02,192.55
img_6519.npy,2.28,201.92
img_652.npy,1.91,197.41
img_6520.npy,1.93,191.91
img_6521.npy,1.97,199.46
img_6522.npy,2.03,195.95
img_6523.npy,1.62,200.23
img_6524.npy,1.81,140.75
img_6525.npy,1.96,133.18
img_6526.npy,1.98,192.22
img_6527.npy,1.89,193.79
img_6528.npy,2.12,136.01
img_6529.npy,1.85,193.79
img_653.npy,1.90,152.97
img_6530.npy,1.96,196.25
img_6531.npy,1.86,193.27
img_6532.npy,1.90,190.14
img_6533.npy,1.99,185.37
img_6534.npy,1.83,195.84
img_6535.npy,2.08,139.09
img_6536.npy,1.97,195.18
img_6537.npy,1.76,195.77
img_6538.npy,1.98,134.14
img_6539.npy,2.11,138.66
img_654.npy,2.00,199.42
img_6540.npy,2.18,196.45
img_6541.npy,1.88,179.61
img_6542.npy,1.92,136.54
img_6543.npy,1.87,137.84
img_6544.npy,1.94,135.65
img_6545.npy,1.98,134.69
img_6546.npy,2.07,141.08
img_6547.npy,1.87,183.99
img_6548.npy,2.00,195.34
img_6549.npy,1.83,192.00
img_655.npy,1.78,195.68
img_6550.npy,1.84,195.80
img_6551.npy,1.92,133.62
img_6552.npy,1.85,139.27
img_6553.npy,1.87,135.18
img_6554.npy,2.11,134.90
img_6555.npy,1.93,192.60
img_6556.npy,1.93,192.53
img_6557.npy,1.92,198.89
img_6558.npy,1.77,198.94
img_6559.npy,1.90,135.27
img_656.npy,1.92,132.54
img_6560.npy,1.93,137.99
img_6561.npy,2.04,135.05
img_6562.npy,1.90,197.23
img_6563.npy,2.39,197.69
img_6564.npy,1.89,200.82
img_6565.npy,1.87,195.28
img_6566.npy,1.66,186.54
img_6567.npy,1.86,138.99
img_6568.npy,1.79,138.73
img_6569.npy,1.72,132.67
img_657.npy,1.92,137.51
img_6570.npy,1.78,194.96
img_6571.npy,1.75,197.33
img_6572.npy,1.80,190.13
img_6573.npy,1.77,199.12
img_6574.npy,1.71,199.52
img_6575.npy,1.78,198.61
img_6576.npy,1.80,200.27
img_6577.npy,1.74,196.11
img_6578.npy,1.80,199.23
img_6579.npy,1.83,197.27
img_658.npy,1.94,194.77
img_6580.npy,1.76,195.24
img_6581.npy,1.71,137.81
img_6582.npy,2.08,139.21
img_6583.npy,1.96,195.50
img_6584.npy,1.71,197.92
img_6585.npy,1.79,133.91
img_6586.npy,2.49,133.83
img_6587.npy,1.86,177.70
img_6588.npy,1.88,132.95
img_6589.npy,2.06,183.77
img_659.npy,1.83,198.35
img_6590.npy,2.01,135.32
img_6591.npy,1.86,198.76
img_6592.npy,1.93,198.12
img_6593.npy,1.92,197.91
img_6594.npy,2.03,194.92
img_6595.npy,1.93,190.29
img_6596.npy,1.94,187.12
img_6597.npy,1.98,195.63
img_6598.npy,1.88,198.50
img_6599.npy,1.90,199.77
img_66.npy,1.94,201.41
img_660.npy,1.85,200.36
img_6600.npy,1.89,198.50
img_6601.npy,1.76,199.42
img_6602.npy,1.97,133.35
img_6603.npy,1.95,135.47
img_6604.npy,1.84,135.17
img_6605.npy,1.84,189.88
img_6606.npy,2.03,193.86
img_6607.npy,2.21,197.84
img_6608.npy,1.94,133.25
img_6609.npy,1.87,133.64
img_661.npy,1.99,132.55
img_6610.npy,1.92,195.82
img_6611.npy,2.02,188.31
img_6612.npy,2.02,187.60
img_6613.npy,1.88,193.88
img_6614.npy,1.79,186.63
img_6615.npy,1.99,136.80
img_6616.npy,2.06,140.41
img_6617.npy,1.85,190.89
img_6618.npy,1.99,139.09
img_6619.npy,2.01,137.21
img_662.npy,2.01,136.56
img_6620.npy,1.90,134.05
img_6621.npy,1.98,134.41
img_6622.npy,1.93,143.71
img_6623.npy,1.96,142.63
img_6624.npy,1.95,134.63
img_6625.npy,1.99,138.35
img_6626.npy,1.99,136.23
img_6627.npy,1.93,132.08
img_6628.npy,1.97,134.60
img_6629.npy,2.32,134.18
img_663.npy,2.06,161.95
img_6630.npy,1.79,193.46
img_6631.npy,1.81,135.44
img_6632.npy,1.85,136.72
img_6633.npy,1.88,143.38
img_6634.npy,2.02,143.05
img_6635.npy,2.01,190.60
img_6636.npy,1.94,194.48
img_6637.npy,1.91,199.64
img_6638.npy,1.84,194.86
img_6639.npy,1.87,193.10
img_664.npy,1.96,196.05
img_6640.npy,2.02,187.98
img_6641.npy,1.94,194.23
img_6642.npy,1.93,200.23
img_6643.npy,1.94,198.01
img_6644.npy,1.92,196.71
img_6645.npy,1.70,195.78
img_6646.npy,1.89,145.10
img_6647.npy,1.81,135.91
img_6648.npy,1.90,137.86
img_6649.npy,1.95,136.64
img_665.npy,1.98,138.96
img_6650.npy,2.33,141.67
img_6651.npy,2.09,177.19
img_6652.npy,1.72,130.07
img_6653.npy,1.78,133.86
img_6654.npy,1.98,134.19
img_6655.npy,2.02,134.59
img_6656.npy,1.81,196.74
img_6657.npy,1.88,190.12
img_6658.npy,1.96,193.71
img_6659.npy,1.85,195.30
img_666.npy,1.90,196.20
img_6660.npy,1.86,201.63
img_6661.npy,1.87,200.25
img_6662.npy,1.83,194.00
img_6663.npy,1.98,137.55
img_6664.npy,2.00,139.83
img_6665.npy,2.14,142.58
img_6666.npy,1.92,198.12
img_6667.npy,1.91,199.86
img_6668.npy,1.99,197.60
img_6669.npy,1.90,201.86
img_667.npy,1.90,194.35
img_6670.npy,1.86,195.17
img_6671.npy,1.98,193.52
img_6672.npy,1.81,191.40
img_6673.npy,2.41,136.89
img_6674.npy,1.90,140.07
img_6675.npy,1.90,139.04
img_6676.npy,2.00,136.33
img_6677.npy,1.93,197.84
img_6678.npy,1.71,197.63
img_6679.npy,1.99,137.27
img_668.npy,1.88,196.17
img_6680.npy,1.93,200.57
img_6681.npy,1.90,200.87
img_6682.npy,1.92,192.48
img_6683.npy,1.85,194.70
img_6684.npy,1.81,196.66
img_6685.npy,1.95,197.88
img_6686.npy,1.93,193.03
img_6687.npy,1.96,192.51
img_6688.npy,1.67,199.77
img_6689.npy,1.92,136.44
img_669.npy,1.91,143.29
img_6690.npy,1.92,132.13
img_6691.npy,1.91,136.24
img_6692.npy,1.91,142.62
img_6693.npy,1.90,135.22
img_6694.npy,2.26,132.93
img_6695.npy,2.00,133.93
img_6696.npy,1.80,135.51
img_6697.npy,2.06,133.99
img_6698.npy,1.99,191.59
img_6699.npy,1.82,195.19
img_67.npy,2.11,143.36
img_670.npy,1.62,196.31
img_6700.npy,1.72,129.37
img_6701.npy,1.94,136.47
img_6702.npy,1.87,133.18
img_6703.npy,1.88,133.70
img_6704.npy,2.08,137.26
img_6705.npy,2.02,195.74
img_6706.npy,1.80,189.98
img_6707.npy,1.94,136.71
img_6708.npy,1.98,136.24
img_6709.npy,1.90,134.61
img_671.npy,1.96,137.98
img_6710.npy,1.93,138.40
img_6711.npy,1.95,135.45
img_6712.npy,2.01,136.75
img_6713.npy,1.94,197.07
img_6714.npy,1.96,190.32
img_6715.npy,1.91,194.27
img_6716.npy,1.77,198.89
img_6717.npy,2.37,192.70
img_6718.npy,1.96,194.79
img_6719.npy,1.88,198.92
img_672.npy,1.96,195.32
img_6720.npy,1.84,199.21
img_6721.npy,1.88,187.80
img_6722.npy,1.82,199.14
img_6723.npy,1.85,198.45
img_6724.npy,1.80,200.45
img_6725.npy,1.88,196.77
img_6726.npy,2.01,197.30
img_6727.npy,1.90,198.57
img_6728.npy,1.93,201.51
img_6729.npy,1.94,196.85
img_673.npy,1.89,199.57
img_6730.npy,1.80,198.04
img_6731.npy,2.02,188.66
img_6732.npy,1.89,197.49
img_6733.npy,2.03,191.81
img_6734.npy,1.91,198.05
img_6735.npy,1.92,186.47
img_6736.npy,1.93,196.87
img_6737.npy,1.92,193.90
img_6738.npy,1.86,188.32
img_6739.npy,2.45,191.72
img_674.npy,1.90,189.57
img_6740.npy,1.92,189.94
img_6741.npy,1.89,197.33
img_6742.npy,1.97,193.43
img_6743.npy,1.88,199.23
img_6744.npy,1.67,200.72
img_6745.npy,1.95,183.58
img_6746.npy,1.97,189.49
img_6747.npy,1.90,194.21
img_6748.npy,1.86,199.24
img_6749.npy,1.72,194.43
img_675.npy,1.80,135.97
img_6750.npy,2.01,136.33
img_6751.npy,1.94,188.93
img_6752.npy,1.80,200.47
img_6753.npy,1.93,193.57
img_6754.npy,1.93,186.80
img_6755.npy,1.99,189.88
img_6756.npy,1.89,199.36
img_6757.npy,1.94,200.55
img_6758.npy,1.87,197.44
img_6759.npy,1.99,189.85
img_676.npy,1.92,193.05
img_6760.npy,1.84,194.70
img_6761.npy,2.13,193.09
img_6762.npy,1.86,190.57
img_6763.npy,1.99,193.14
img_6764.npy,1.89,198.23
img_6765.npy,2.00,180.12
img_6766.npy,1.95,191.66
img_6767.npy,1.89,199.58
img_6768.npy,1.94,194.83
img_6769.npy,1.77,196.35
img_677.npy,1.91,138.89
img_6770.npy,2.04,133.45
img_6771.npy,1.61,200.23
img_6772.npy,1.86,138.00
img_6773.npy,1.91,133.04
img_6774.npy,1.90,144.30
img_6775.npy,1.87,132.86
img_6776.npy,1.85,135.63
img_6777.npy,1.87,132.37
img_6778.npy,1.91,135.48
img_6779.npy,1.95,135.82
img_678.npy,1.90,135.33
img_6780.npy,1.97,136.87
img_6781.npy,1.92,181.88
img_6782.npy,1.91,196.07
img_6783.npy,2.43,199.56
img_6784.npy,1.99,188.50
img_6785.npy,1.88,199.16
img_6786.npy,1.90,199.69
img_6787.npy,1.82,194.86
img_6788.npy,1.95,137.26
img_6789.npy,1.83,137.59
img_679.npy,1.93,136.58
img_6790.npy,2.01,134.62
img_6791.npy,1.76,197.51
img_6792.npy,1.89,198.87
img_6793.npy,1.76,193.74
img_6794.npy,2.01,138.99
img_6795.npy,1.95,193.62
img_6796.npy,1.84,198.93
img_6797.npy,1.88,198.76
img_6798.npy,1.91,195.59
img_6799.npy,1.91,200.14
img_68.npy,1.92,199.03
img_680.npy,1.92,190.98
img_6800.npy,1.93,191.18
img_6801.npy,1.92,194.89
img_6802.npy,1.90,198.07
img_6803.npy,1.84,199.17
img_6804.npy,1.81,198.32
img_6805.npy,2.48,199.56
img_6806.npy,2.03,134.38
img_6807.npy,1.75,194.25
img_6808.npy,1.66,199.83
img_6809.npy,1.72,188.78
img_681.npy,1.62,201.93
img_6810.npy,1.77,199.99
img_6811.npy,1.90,197.16
img_6812.npy,1.87,196.75
img_6813.npy,1.83,199.54
img_6814.npy,1.87,198.90
img_6815.npy,1.78,193.95
img_6816.npy,1.89,194.90
img_6817.npy,1.99,196.88
img_6818.npy,1.87,199.77
img_6819.npy,1.83,198.56
img_682.npy,1.75,197.84
img_6820.npy,1.86,199.26
img_6821.npy,1.75,198.77
img_6822.npy,1.85,198.89
img_6823.npy,1.74,196.04
img_6824.npy,1.87,196.43
img_6825.npy,1.77,196.39
img_6826.npy,1.82,188.56
img_6827.npy,1.79,191.08
img_6828.npy,2.36,133.19
img_6829.npy,2.15,133.92
img_683.npy,1.77,133.63
img_6830.npy,1.76,133.41
img_6831.npy,1.93,137.48
img_6832.npy,1.89,135.77
img_6833.npy,1.93,141.10
img_6834.npy,1.83,136.11
img_6835.npy,1.82,135.20
img_6836.npy,1.93,135.55
img_6837.npy,1.96,135.36
img_6838.npy,1.75,201.68
img_6839.npy,1.94,198.73
img_684.npy,1.94,196.56
img_6840.npy,1.90,199.80
img_6841.npy,1.88,194.04
img_6842.npy,1.92,197.53
img_6843.npy,1.85,200.73
img_6844.npy,1.84,194.17
img_6845.npy,1.93,194.91
img_6846.npy,1.97,193.45
img_6847.npy,2.01,194.12
img_6848.npy,1.94,192.79
img_6849.npy,1.79,201.44
img_685.npy,1.97,137.35
img_6850.npy,2.44,135.88
img_6851.npy,1.93,132.64
img_6852.npy,2.15,133.94
img_6853.npy,1.93,196.04
img_6854.npy,1.86,190.21
img_6855.npy,2.08,137.59
img_6856.npy,1.81,201.08
img_6857.npy,1.94,196.92
img_6858.npy,1.73,194.23
img_6859.npy,1.93,138.66
img_686.npy,1.89,134.61
img_6860.npy,1.99,133.67
img_6861.npy,1.97,191.50
img_6862.npy,1.88,197.93
img_6863.npy,1.95,198.48
img_6864.npy,1.91,200.16
img_6865.npy,1.85,199.93
img_6866.npy,1.76,199.86
img_6867.npy,1.85,197.97
img_6868.npy,1.91,197.27
img_6869.npy,1.79,189.32
img_687.npy,2.00,136.64
img_6870.npy,1.77,136.38
img_6871.npy,1.91,132.11
img_6872.npy,2.27,133.88
img_6873.npy,2.16,185.04
img_6874.npy,1.92,194.11
img_6875.npy,2.05,187.94
img_6876.npy,1.81,195.16
img_6877.npy,1.99,139.32
img_6878.npy,1.86,133.02
img_6879.npy,2.10,137.16
img_688.npy,1.98,192.18
img_6880.npy,1.82,198.86
img_6881.npy,1.87,193.77
img_6882.npy,2.07,135.07
img_6883.npy,1.82,194.67
img_6884.npy,2.02,136.27
img_6885.npy,1.97,200.18
img_6886.npy,1.94,197.19
img_6887.npy,1.89,199.54
img_6888.npy,1.69,187.21
img_6889.npy,1.94,137.54
img_689.npy,2.02,138.89
img_6890.npy,1.76,199.04
img_6891.npy,1.63,196.96
img_6892.npy,2.06,138.00
img_6893.npy,1.96,190.55
img_6894.npy,1.90,187.84
img_6895.npy,2.13,135.76
img_6896.npy,1.93,132.52
img_6897.npy,2.06,137.69
img_6898.npy,1.88,199.49
img_6899.npy,1.87,196.84
img_69.npy,1.87,192.57
img_690.npy,1.79,202.26
img_6900.npy,1.88,194.64
img_6901.npy,1.84,200.51
img_6902.npy,1.82,199.05
img_6903.npy,1.99,188.15
img_6904.npy,1.90,192.15
img_6905.npy,1.83,183.30
img_6906.npy,2.04,137.54
img_6907.npy,1.92,196.78
img_6908.npy,2.04,189.80
img_6909.npy,1.85,199.73
img_691.npy,1.83,197.21
img_6910.npy,2.02,138.14
img_6911.npy,1.99,187.48
img_6912.npy,1.70,198.89
img_6913.npy,1.83,194.66
img_6914.npy,1.81,195.70
img_6915.npy,2.12,139.08
img_6916.npy,2.04,191.95
img_6917.npy,2.06,196.66
img_6918.npy,1.82,198.33
img_6919.npy,2.00,194.02
img_692.npy,1.95,197.15
img_6920.npy,1.91,191.88
img_6921.npy,1.98,186.73
img_6922.npy,1.81,199.02
img_6923.npy,1.93,149.58
img_6924.npy,2.02,142.86
img_6925.npy,1.94,136.53
img_6926.npy,1.98,135.12
img_6927.npy,1.84,133.67
img_6928.npy,1.87,133.30
img_6929.npy,1.86,136.33
img_693.npy,1.96,133.39
img_6930.npy,1.86,137.68
img_6931.npy,1.86,138.76
img_6932.npy,2.05,134.67
img_6933.npy,1.85,199.95
img_6934.npy,1.79,191.47
img_6935.npy,1.94,134.97
img_6936.npy,1.97,131.87
img_6937.npy,1.91,189.19
img_6938.npy,2.00,193.82
img_6939.npy,2.42,198.82
img_694.npy,1.91,199.09
img_6940.npy,1.96,199.09
img_6941.npy,1.81,192.16
img_6942.npy,1.97,135.00
img_6943.npy,2.01,190.16
img_6944.npy,1.97,199.39
img_6945.npy,1.93,192.89
img_6946.npy,1.88,199.11
img_6947.npy,1.97,195.54
img_6948.npy,1.92,197.44
img_6949.npy,1.79,193.76
img_695.npy,1.97,136.87
img_6950.npy,1.89,134.00
img_6951.npy,1.95,136.88
img_6952.npy,2.15,139.04
img_6953.npy,1.75,197.50
img_6954.npy,1.93,134.06
img_6955.npy,2.01,137.31
img_6956.npy,1.80,199.46
img_6957.npy,1.86,199.45
img_6958.npy,1.89,181.67
img_6959.npy,1.95,135.25
img_696.npy,1.90,134.79
img_6960.npy,2.29,198.30
img_6961.npy,1.91,187.21
img_6962.npy,1.81,135.06
img_6963.npy,1.92,133.89
img_6964.npy,1.91,131.19
img_6965.npy,1.90,133.15
img_6966.npy,1.92,138.50
img_6967.npy,1.92,136.82
img_6968.npy,1.94,140.90
img_6969.npy,1.93,197.77
img_697.npy,1.95,196.77
img_6970.npy,1.63,196.37
img_6971.npy,1.72,134.33
img_6972.npy,1.91,136.61
img_6973.npy,1.94,135.46
img_6974.npy,1.91,136.70
img_6975.npy,1.98,141.12
img_6976.npy,1.98,132.46
img_6977.npy,1.92,133.80
img_6978.npy,1.90,133.86
img_6979.npy,1.93,136.03
img_698.npy,1.99,136.83
img_6980.npy,1.97,137.64
img_6981.npy,1.85,136.90
img_6982.npy,1.86,133.08
img_6983.npy,2.35,135.73
img_6984.npy,2.10,140.02
img_6985.npy,1.98,195.12
img_6986.npy,2.00,194.08
img_6987.npy,1.96,201.34
img_6988.npy,1.92,200.93
img_6989.npy,1.89,201.05
img_699.npy,2.00,193.08
img_6990.npy,2.01,189.20
img_6991.npy,1.91,190.37
img_6992.npy,1.97,191.84
img_6993.npy,1.88,191.20
img_6994.npy,1.98,133.94
img_6995.npy,2.02,135.12
img_6996.npy,1.97,189.79
img_6997.npy,1.93,194.16
img_6998.npy,1.91,189.80
img_6999.npy,1.83,195.69
img_7.npy,1.83,180.14
img_70.npy,1.97,136.81
img_700.npy,2.04,134.28
img_7000.npy,1.87,201.08
img_7001.npy,1.96,195.27
img_7002.npy,1.90,193.23
img_7003.npy,2.37,199.46
img_7004.npy,1.86,188.11
img_7005.npy,1.91,196.21
img_7006.npy,1.85,182.69
img_7007.npy,1.90,130.17
img_7008.npy,2.03,138.18
img_7009.npy,1.94,138.16
img_701.npy,2.12,140.03
img_7010.npy,1.88,200.16
img_7011.npy,1.90,198.81
img_7012.npy,1.90,194.74
img_7013.npy,1.98,197.18
img_7014.npy,1.95,199.12
img_7015.npy,1.89,195.05
img_7016.npy,1.90,134.53
img_7017.npy,2.03,140.96
img_7018.npy,2.03,189.59
img_7019.npy,1.74,191.81
img_702.npy,1.98,136.07
img_7020.npy,1.93,133.53
img_7021.npy,1.93,134.73
img_7022.npy,1.94,134.25
img_7023.npy,1.96,134.13
img_7024.npy,1.98,138.58
img_7025.npy,2.55,199.29
img_7026.npy,1.85,195.45
img_7027.npy,1.93,167.45
img_7028.npy,1.92,199.77
img_7029.npy,1.88,196.07
img_703.npy,1.87,199.76
img_7030.npy,1.86,200.94
img_7031.npy,1.88,196.32
img_7032.npy,1.74,194.60
img_7033.npy,2.06,139.86
img_7034.npy,1.81,194.02
img_7035.npy,2.06,137.49
img_7036.npy,2.01,190.54
img_7037.npy,1.90,199.29
img_7038.npy,1.82,189.86
img_7039.npy,1.88,196.98
img_704.npy,1.95,192.65
img_7040.npy,1.83,192.66
img_7041.npy,2.09,135.14
img_7042.npy,2.02,196.92
img_7043.npy,1.94,132.61
img_7044.npy,1.83,135.02
img_7045.npy,1.89,142.45
img_7046.npy,1.90,140.36
img_7047.npy,1.87,134.62
img_7048.npy,1.94,139.02
img_7049.npy,1.80,134.00
img_705.npy,1.99,139.49
img_7050.npy,1.80,199.96
img_7051.npy,2.00,190.17
img_7052.npy,1.72,191.38
img_7053.npy,1.85,139.07
img_7054.npy,2.02,137.02
img_7055.npy,1.87,190.03
img_7056.npy,1.84,195.07
img_7057.npy,1.94,192.62
img_7058.npy,2.02,201.22
img_7059.npy,1.87,199.58
img_706.npy,1.86,201.35
img_7060.npy,1.77,196.06
img_7061.npy,1.97,136.07
img_7062.npy,1.96,193.63
img_7063.npy,1.95,181.84
img_7064.npy,1.93,192.84
img_7065.npy,1.94,199.30
img_7066.npy,1.90,196.18
img_7067.npy,1.99,192.79
img_7068.npy,1.90,201.20
img_7069.npy,1.84,197.31
img_707.npy,2.06,196.45
img_7070.npy,2.29,190.99
img_7071.npy,1.95,198.09
img_7072.npy,1.82,191.79
img_7073.npy,1.98,195.42
img_7074.npy,1.90,198.46
img_7075.npy,1.90,191.02
img_7076.npy,1.96,197.60
img_7077.npy,1.86,197.88
img_7078.npy,1.93,192.73
img_7079.npy,2.01,177.70
img_708.npy,1.98,186.35
img_7080.npy,1.80,200.14
img_7081.npy,1.94,198.23
img_7082.npy,1.85,198.58
img_7083.npy,1.84,200.68
img_7084.npy,1.88,198.98
img_7085.npy,1.91,200.61
img_7086.npy,1.90,198.06
img_7087.npy,1.94,197.51
img_7088.npy,1.90,197.43
img_7089.npy,1.97,193.29
img_709.npy,2.00,189.96
img_7090.npy,2.16,199.99
img_7091.npy,1.94,199.38
img_7092.npy,1.94,198.24
img_7093.npy,1.71,199.40
img_7094.npy,2.00,147.96
img_7095.npy,1.86,142.75
img_7096.npy,1.91,131.76
img_7097.npy,1.88,131.79
img_7098.npy,2.11,141.26
img_7099.npy,1.74,195.10
img_71.npy,1.99,137.69
img_710.npy,1.95,135.63
img_7100.npy,1.95,138.79
img_7101.npy,2.06,133.19
img_7102.npy,2.00,197.89
img_7103.npy,2.00,197.72
img_7104.npy,1.78,194.11
img_7105.npy,1.87,193.34
img_7106.npy,2.05,137.40
img_7107.npy,1.90,200.32
img_7108.npy,1.90,195.45
img_7109.npy,1.93,199.07
img_711.npy,1.88,193.95
img_7110.npy,1.80,193.00
img_7111.npy,1.99,135.71
img_7112.npy,1.94,194.52
img_7113.npy,2.08,194.69
img_7114.npy,2.16,179.86
img_7115.npy,1.89,136.11
img_7116.npy,1.88,137.39
img_7117.npy,2.09,136.15
img_7118.npy,1.82,199.84
img_7119.npy,1.91,194.15
img_712.npy,2.03,194.79
img_7120.npy,1.89,197.94
img_7121.npy,1.90,200.91
img_7122.npy,1.87,200.55
img_7123.npy,1.96,190.55
img_7124.npy,1.94,200.40
img_7125.npy,1.91,196.84
img_7126.npy,1.93,195.66
img_7127.npy,1.94,195.00
img_7128.npy,1.92,192.64
img_7129.npy,1.84,197.48
img_713.npy,1.78,197.77
img_7130.npy,1.89,140.72
img_7131.npy,1.84,135.35
img_7132.npy,1.73,134.33
img_7133.npy,1.80,161.78
img_7134.npy,1.86,132.25
img_7135.npy,2.01,136.00
img_7136.npy,2.20,199.10
img_7137.npy,1.96,183.10
img_7138.npy,1.97,193.46
img_7139.npy,1.85,195.05
img_714.npy,1.83,196.88
img_7140.npy,1.97,190.16
img_7141.npy,1.87,196.35
img_7142.npy,1.91,194.70
img_7143.npy,1.90,195.39
img_7144.npy,1.91,194.75
img_7145.npy,1.97,194.88
img_7146.npy,1.98,199.61
img_7147.npy,1.90,200.53
img_7148.npy,1.96,200.53
img_7149.npy,1.69,199.78
img_715.npy,2.10,133.68
img_7150.npy,1.77,200.74
img_7151.npy,1.72,199.02
img_7152.npy,1.90,194.78
img_7153.npy,1.90,201.40
img_7154.npy,1.85,198.67
img_7155.npy,1.88,198.06
img_7156.npy,1.83,200.23
img_7157.npy,1.97,192.97
img_7158.npy,1.88,195.45
img_7159.npy,2.43,192.71
img_716.npy,1.96,197.07
img_7160.npy,1.90,197.86
img_7161.npy,1.84,193.12
img_7162.npy,1.92,136.07
img_7163.npy,1.86,139.24
img_7164.npy,1.95,140.55
img_7165.npy,1.86,192.31
img_7166.npy,1.82,199.29
img_7167.npy,2.03,193.63
img_7168.npy,1.83,191.55
img_7169.npy,1.80,200.13
img_717.npy,1.83,195.73
img_7170.npy,1.92,194.50
img_7171.npy,1.93,193.80
img_7172.npy,1.79,189.81
img_7173.npy,1.72,196.73
img_7174.npy,1.86,133.43
img_7175.npy,1.93,130.98
img_7176.npy,1.93,132.51
img_7177.npy,1.79,132.37
img_7178.npy,1.96,135.37
img_7179.npy,1.85,139.56
img_718.npy,1.94,135.16
img_7180.npy,2.26,137.57
img_7181.npy,2.06,183.84
img_7182.npy,1.67,137.90
img_7183.npy,1.84,135.09
img_7184.npy,1.93,201.91
img_7185.npy,1.89,199.14
img_7186.npy,1.73,199.63
img_7187.npy,1.94,144.88
img_7188.npy,1.84,145.41
img_7189.npy,1.93,144.93
img_719.npy,1.99,135.81
img_7190.npy,1.88,133.79
img_7191.npy,1.88,135.88
img_7192.npy,1.91,138.51
img_7193.npy,1.96,139.31
img_7194.npy,1.85,135.76
img_7195.npy,2.06,138.97
img_7196.npy,1.90,199.05
img_7197.npy,1.94,199.80
img_7198.npy,1.99,194.99
img_7199.npy,1.90,198.42
img_72.npy,1.90,199.46
img_720.npy,1.96,195.77
img_7200.npy,1.91,194.23
img_7201.npy,1.79,188.88
img_7202.npy,1.90,138.57
img_7203.npy,2.36,139.94
img_7204.npy,1.91,137.06
img_7205.npy,1.92,134.06
img_7206.npy,1.87,136.62
img_7207.npy,2.03,140.51
img_7208.npy,1.88,199.08
img_7209.npy,1.77,199.79
img_721.npy,1.87,199.02
img_7210.npy,1.92,200.55
img_7211.npy,1.99,191.82
img_7212.npy,1.96,200.34
img_7213.npy,2.00,194.42
img_7214.npy,1.97,198.41
img_7215.npy,1.91,198.53
img_7216.npy,1.91,199.18
img_7217.npy,1.90,194.05
img_7218.npy,1.90,196.84
img_7219.npy,2.00,195.17
img_722.npy,1.89,194.18
img_7220.npy,1.84,198.48
img_7221.npy,1.89,200.67
img_7222.npy,1.73,186.36
img_7223.npy,1.82,134.66
img_7224.npy,2.00,132.02
img_7225.npy,2.48,131.81
img_7226.npy,1.88,132.73
img_7227.npy,1.95,134.26
img_7228.npy,1.97,136.70
img_7229.npy,1.94,132.08
img_723.npy,1.94,196.07
img_7230.npy,1.93,189.80
img_7231.npy,1.93,194.61
img_7232.npy,1.89,192.85
img_7233.npy,1.85,196.10
img_7234.npy,1.89,196.70
img_7235.npy,1.89,195.21
img_7236.npy,1.77,198.80
img_7237.npy,2.00,196.57
img_7238.npy,2.03,193.55
img_7239.npy,1.93,189.62
img_724.npy,1.72,193.86
img_7240.npy,1.93,138.32
img_7241.npy,1.88,136.41
img_7242.npy,2.12,140.67
img_7243.npy,1.92,196.88
img_7244.npy,1.99,194.91
img_7245.npy,1.80,193.88
img_7246.npy,1.98,142.52
img_7247.npy,1.92,135.04
img_7248.npy,2.50,147.12
img_7249.npy,1.84,194.11
img_725.npy,1.95,195.92
img_7250.npy,1.84,197.30
img_7251.npy,2.01,135.28
img_7252.npy,1.91,133.64
img_7253.npy,1.91,133.72
img_7254.npy,1.85,136.21
img_7255.npy,1.87,137.05
img_7256.npy,1.83,197.26
img_7257.npy,1.72,195.00
img_7258.npy,2.07,141.96
img_7259.npy,1.93,200.90
img_726.npy,1.95,198.57
img_7260.npy,1.92,199.86
img_7261.npy,1.98,195.52
img_7262.npy,1.83,192.20
img_7263.npy,1.89,138.59
img_7264.npy,1.94,145.98
img_7265.npy,1.95,134.43
img_7266.npy,1.94,135.90
img_7267.npy,1.96,132.59
img_7268.npy,2.02,133.47
img_7269.npy,1.93,196.53
img_727.npy,1.80,197.30
img_7270.npy,1.87,137.94
img_7271.npy,1.99,134.25
img_7272.npy,2.30,196.19
img_7273.npy,1.86,133.18
img_7274.npy,1.85,138.66
img_7275.npy,1.87,135.93
img_7276.npy,2.00,132.78
img_7277.npy,2.09,133.38
img_7278.npy,1.83,202.46
img_7279.npy,1.99,194.77
img_728.npy,1.88,197.42
img_7280.npy,1.99,198.66
img_7281.npy,2.03,193.92
img_7282.npy,1.87,197.12
img_7283.npy,1.95,197.40
img_7284.npy,1.98,198.29
img_7285.npy,1.93,200.59
img_7286.npy,1.76,198.89
img_7287.npy,1.92,200.20
img_7288.npy,1.85,194.74
img_7289.npy,1.94,138.07
img_729.npy,1.91,139.97
img_7290.npy,1.92,137.04
img_7291.npy,1.79,131.76
img_7292.npy,1.88,133.91
img_7293.npy,1.93,136.65
img_7294.npy,1.90,135.16
img_7295.npy,2.01,140.42
img_7296.npy,2.23,194.67
img_7297.npy,2.21,196.03
img_7298.npy,1.99,142.16
img_7299.npy,1.96,132.12
img_73.npy,1.95,139.12
img_730.npy,1.84,135.85
img_7300.npy,2.10,135.52
img_7301.npy,1.78,198.99
img_7302.npy,1.98,134.43
img_7303.npy,1.93,142.14
img_7304.npy,1.86,135.12
img_7305.npy,1.90,136.93
img_7306.npy,1.95,132.03
img_7307.npy,2.00,135.15
img_7308.npy,2.11,135.18
img_7309.npy,1.96,200.09
img_731.npy,2.07,193.57
img_7310.npy,1.93,200.83
img_7311.npy,1.94,197.86
img_7312.npy,1.86,195.71
img_7313.npy,1.96,139.41
img_7314.npy,1.93,133.41
img_7315.npy,1.93,137.09
img_7316.npy,1.96,139.55
img_7317.npy,1.98,135.38
img_7318.npy,1.92,136.58
img_7319.npy,1.85,191.58
img_732.npy,2.25,145.48
img_7320.npy,1.91,198.08
img_7321.npy,1.91,199.67
img_7322.npy,1.61,199.15
img_7323.npy,1.83,145.25
img_7324.npy,1.87,135.83
img_7325.npy,1.91,134.05
img_7326.npy,2.08,135.00
img_7327.npy,1.94,191.70
img_7328.npy,1.94,191.55
img_7329.npy,1.89,182.75
img_733.npy,1.93,193.92
img_7330.npy,1.98,195.97
img_7331.npy,1.94,197.36
img_7332.npy,1.91,196.21
img_7333.npy,1.86,193.94
img_7334.npy,1.99,191.67
img_7335.npy,1.92,199.27
img_7336.npy,1.85,202.62
img_7337.npy,1.97,201.04
img_7338.npy,1.96,194.88
img_7339.npy,1.90,198.23
img_734.npy,1.92,194.04
img_7340.npy,1.87,200.95
img_7341.npy,1.97,194.86
img_7342.npy,1.82,196.36
img_7343.npy,2.43,134.92
img_7344.npy,2.03,165.11
img_7345.npy,1.90,137.93
img_7346.npy,1.94,140.41
img_7347.npy,1.87,136.05
img_7348.npy,1.91,136.21
img_7349.npy,2.07,136.76
img_735.npy,2.00,189.25
img_7350.npy,1.97,198.00
img_7351.npy,1.90,198.79
img_7352.npy,1.97,198.20
img_7353.npy,1.85,201.32
img_7354.npy,2.00,199.19
img_7355.npy,1.91,199.89
img_7356.npy,1.84,191.24
img_7357.npy,1.99,142.37
img_7358.npy,1.96,133.12
img_7359.npy,1.93,196.14
img_736.npy,1.98,197.12
img_7360.npy,1.89,190.14
img_7361.npy,1.80,199.26
img_7362.npy,2.09,138.33
img_7363.npy,1.81,197.66
img_7364.npy,1.90,195.51
img_7365.npy,1.98,195.72
img_7366.npy,1.68,200.12
img_7367.npy,2.52,132.64
img_7368.npy,2.04,156.14
img_7369.npy,1.83,131.18
img_737.npy,1.96,134.01
img_7370.npy,2.02,133.19
img_7371.npy,1.98,140.79
img_7372.npy,1.89,136.03
img_7373.npy,1.92,132.11
img_7374.npy,2.02,136.32
img_7375.npy,1.89,200.49
img_7376.npy,1.92,193.38
img_7377.npy,1.96,196.29
img_7378.npy,1.74,189.95
img_7379.npy,1.95,135.25
img_738.npy,1.94,134.77
img_7380.npy,1.95,140.77
img_7381.npy,1.83,134.27
img_7382.npy,1.86,132.80
img_7383.npy,1.99,135.79
img_7384.npy,1.93,137.43
img_7385.npy,1.95,132.40
img_7386.npy,2.11,135.76
img_7387.npy,1.88,200.78
img_7388.npy,1.78,192.75
img_7389.npy,1.80,180.96
img_739.npy,1.90,198.78
img_7390.npy,2.08,196.24
img_7391.npy,2.22,189.67
img_7392.npy,1.91,194.41
img_7393.npy,1.79,186.18
img_7394.npy,1.91,189.57
img_7395.npy,2.00,199.46
img_7396.npy,1.91,198.76
img_7397.npy,1.81,196.73
img_7398.npy,1.82,190.37
img_7399.npy,2.13,152.46
img_74.npy,1.85,200.74
img_740.npy,1.93,200.50
img_7400.npy,1.87,195.99
img_7401.npy,1.74,191.41
img_7402.npy,2.09,141.04
img_7403.npy,2.08,194.38
img_7404.npy,1.78,192.80
img_7405.npy,1.93,134.35
img_7406.npy,2.16,132.87
img_7407.npy,1.92,190.41
img_7408.npy,2.03,192.97
img_7409.npy,2.03,195.79
img_741.npy,1.93,200.46
img_7410.npy,1.87,198.81
img_7411.npy,2.02,191.72
img_7412.npy,2.00,200.84
img_7413.npy,2.24,193.02
img_7414.npy,2.03,195.93
img_7415.npy,1.93,195.09
img_7416.npy,1.97,192.58
img_7417.npy,1.93,193.85
img_7418.npy,2.01,193.27
img_7419.npy,1.90,198.07
img_742.npy,1.87,134.27
img_7420.npy,1.81,136.88
img_7421.npy,2.00,139.48
img_7422.npy,2.08,140.88
img_7423.npy,1.94,199.72
img_7424.npy,1.92,199.88
img_7425.npy,1.89,199.39
img_7426.npy,1.90,192.78
img_7427.npy,2.00,193.07
img_7428.npy,2.02,176.93
img_7429.npy,1.92,193.58
img_743.npy,1.81,193.25
img_7430.npy,2.02,135.61
img_7431.npy,1.97,138.09
img_7432.npy,1.94,194.50
img_7433.npy,1.83,199.88
img_7434.npy,1.88,199.65
img_7435.npy,1.97,195.40
img_7436.npy,1.97,200.27
img_7437.npy,2.35,200.23
img_7438.npy,1.79,197.04
img_7439.npy,1.89,136.17
img_744.npy,2.21,139.98
img_7440.npy,1.95,198.45
img_7441.npy,1.94,197.85
img_7442.npy,1.64,195.96
img_7443.npy,1.91,136.04
img_7444.npy,1.88,134.36
img_7445.npy,2.04,131.56
img_7446.npy,1.89,195.84
img_7447.npy,1.71,193.75
img_7448.npy,1.94,132.56
img_7449.npy,1.92,141.88
img_745.npy,1.87,133.60
img_7450.npy,1.78,134.80
img_7451.npy,1.98,137.60
img_7452.npy,1.69,195.23
img_7453.npy,1.92,140.27
img_7454.npy,2.01,140.74
img_7455.npy,1.93,136.95
img_7456.npy,1.98,137.66
img_7457.npy,2.17,139.52
img_7458.npy,1.80,200.69
img_7459.npy,1.89,191.97
img_746.npy,2.11,189.59
img_7460.npy,2.23,136.50
img_7461.npy,1.89,134.72
img_7462.npy,1.77,133.22
img_7463.npy,1.87,134.59
img_7464.npy,2.14,148.04
img_7465.npy,1.92,181.71
img_7466.npy,1.95,201.59
img_7467.npy,1.92,200.21
img_7468.npy,1.96,193.53
img_7469.npy,1.91,200.42
img_747.npy,1.99,196.28
img_7470.npy,1.75,193.94
img_7471.npy,1.96,136.91
img_7472.npy,1.84,137.55
img_7473.npy,1.82,137.17
img_7474.npy,1.97,131.48
img_7475.npy,1.94,132.20
img_7476.npy,1.83,133.58
img_7477.npy,1.80,135.15
img_7478.npy,1.82,135.46
img_7479.npy,1.81,195.59
img_748.npy,1.71,195.65
img_7480.npy,1.70,135.36
img_7481.npy,1.95,131.34
img_7482.npy,1.96,192.46
img_7483.npy,1.77,200.07
img_7484.npy,1.78,195.42
img_7485.npy,1.80,191.54
img_7486.npy,1.80,199.86
img_7487.npy,1.76,194.53
img_7488.npy,1.79,201.12
img_7489.npy,1.86,199.19
img_749.npy,1.86,197.92
img_7490.npy,1.81,196.61
img_7491.npy,1.88,198.00
img_7492.npy,1.77,195.48
img_7493.npy,1.87,197.05
img_7494.npy,1.83,201.36
img_7495.npy,1.83,200.97
img_7496.npy,1.86,198.55
img_7497.npy,1.87,195.94
img_7498.npy,1.89,198.43
img_7499.npy,1.94,194.62
img_75.npy,1.94,199.96
img_750.npy,1.97,197.51
img_751.npy,1.96,191.91
img_752.npy,1.89,197.16
img_753.npy,2.02,190.02
img_754.npy,1.86,195.76
img_755.npy,1.94,135.20
img_756.npy,2.00,131.50
img_757.npy,1.83,199.60
img_758.npy,2.54,197.11
img_759.npy,2.03,199.35
img_76.npy,1.91,198.65
img_760.npy,1.92,147.62
img_761.npy,1.79,153.59
img_762.npy,1.91,123.75
img_763.npy,1.93,129.56
img_764.npy,1.90,123.75
img_765.npy,1.91,122.59
img_766.npy,1.93,121.30
img_767.npy,2.00,134.89
img_768.npy,2.13,134.62
img_769.npy,2.06,127.86
img_77.npy,1.98,128.07
img_770.npy,2.24,130.68
img_771.npy,1.93,195.05
img_772.npy,1.87,201.47
img_773.npy,1.93,194.75
img_774.npy,1.91,197.25
img_775.npy,1.88,196.86
img_776.npy,1.95,198.92
img_777.npy,1.95,197.93
img_778.npy,1.91,198.25
img_779.npy,1.98,194.38
img_78.npy,1.89,198.23
img_780.npy,1.94,201.04
img_781.npy,2.35,199.95
img_782.npy,1.86,194.09
img_783.npy,1.97,191.79
img_784.npy,1.91,198.79
img_785.npy,2.03,198.06
img_786.npy,1.83,199.46
img_787.npy,1.99,192.46
img_788.npy,1.67,195.82
img_789.npy,1.94,141.88
img_79.npy,1.95,139.22
img_790.npy,1.96,133.49
img_791.npy,2.13,133.35
img_792.npy,1.81,192.06
img_793.npy,1.96,137.68
img_794.npy,1.96,138.16
img_795.npy,1.89,134.06
img_796.npy,2.08,138.64
img_797.npy,1.93,193.00
img_798.npy,1.99,187.42
img_799.npy,1.80,190.00
img_8.npy,1.92,134.21
img_80.npy,1.86,139.56
img_800.npy,1.91,138.77
img_801.npy,1.88,137.42
img_802.npy,2.15,133.21
img_803.npy,2.48,201.79
img_804.npy,1.89,198.95
img_805.npy,1.88,196.52
img_806.npy,1.85,191.45
img_807.npy,1.92,142.52
img_808.npy,1.97,135.80
img_809.npy,1.88,132.63
img_81.npy,1.95,135.05
img_810.npy,1.92,134.69
img_811.npy,1.95,138.46
img_812.npy,1.96,136.38
img_813.npy,2.01,183.51
img_814.npy,1.94,198.58
img_815.npy,1.68,199.33
img_816.npy,1.96,194.43
img_817.npy,1.86,198.18
img_818.npy,2.02,191.06
img_819.npy,1.95,199.12
img_82.npy,2.01,191.03
img_820.npy,1.97,194.68
img_821.npy,1.89,198.04
img_822.npy,1.97,199.26
img_823.npy,1.91,195.02
img_824.npy,1.96,198.62
img_825.npy,1.97,195.76
img_826.npy,2.53,201.05
img_827.npy,1.74,199.70
img_828.npy,1.97,158.20
img_829.npy,1.84,134.56
img_83.npy,2.08,136.18
img_830.npy,1.79,191.33
img_831.npy,1.96,139.06
img_832.npy,2.07,139.88
img_833.npy,2.03,195.52
img_834.npy,1.96,194.55
img_835.npy,1.83,196.46
img_836.npy,1.98,138.34
img_837.npy,1.84,197.82
img_838.npy,1.90,198.50
img_839.npy,1.96,191.29
img_84.npy,2.05,138.54
img_840.npy,1.94,133.88
img_841.npy,1.89,185.73
img_842.npy,1.85,195.46
img_843.npy,1.92,194.05
img_844.npy,1.98,198.43
img_845.npy,1.89,200.05
img_846.npy,1.96,191.22
img_847.npy,1.77,190.91
img_848.npy,2.04,151.26
img_849.npy,1.94,136.18
img_85.npy,1.94,133.62
img_850.npy,2.01,133.87
img_851.npy,1.93,196.51
img_852.npy,1.97,192.11
img_853.npy,1.90,188.55
img_854.npy,1.83,190.23
img_855.npy,1.92,139.16
img_856.npy,1.91,136.48
img_857.npy,1.90,135.20
img_858.npy,2.05,133.82
img_859.npy,1.88,191.06
img_86.npy,1.98,136.89
img_860.npy,1.84,134.32
img_861.npy,1.96,135.21
img_862.npy,1.99,134.80
img_863.npy,1.87,133.27
img_864.npy,1.95,139.18
img_865.npy,2.08,135.98
img_866.npy,1.90,193.67
img_867.npy,1.97,192.32
img_868.npy,1.91,194.38
img_869.npy,1.86,189.48
img_87.npy,1.86,190.35
img_870.npy,1.86,188.57
img_871.npy,2.40,136.27
img_872.npy,2.18,191.01
img_873.npy,1.75,199.21
img_874.npy,1.82,200.30
img_875.npy,1.96,199.28
img_876.npy,1.83,200.83
img_877.npy,1.80,194.11
img_878.npy,1.99,194.95
img_879.npy,1.99,199.31
img_88.npy,1.73,200.47
img_880.npy,1.92,133.29
img_881.npy,1.98,134.71
img_882.npy,2.08,134.57
img_883.npy,1.97,196.53
img_884.npy,1.91,199.29
img_885.npy,2.02,192.52
img_886.npy,1.95,198.07
img_887.npy,1.93,197.95
img_888.npy,1.97,200.09
img_889.npy,1.89,195.94
img_89.npy,1.80,185.78
img_890.npy,1.80,136.07
img_891.npy,1.84,133.17
img_892.npy,1.92,136.27
img_893.npy,2.00,139.36
img_894.npy,2.04,136.57
img_895.npy,2.44,200.52
img_896.npy,1.87,184.50
img_897.npy,1.95,196.88
img_898.npy,2.00,198.66
img_899.npy,1.91,199.56
img_9.npy,1.93,199.77
img_90.npy,1.74,197.84
img_900.npy,1.93,197.73
img_901.npy,2.00,199.34
img_902.npy,1.88,199.82
img_903.npy,1.80,199.68
img_904.npy,1.88,134.36
img_905.npy,2.14,136.09
img_906.npy,1.90,197.39
img_907.npy,2.00,192.07
img_908.npy,1.97,199.35
img_909.npy,1.89,200.28
img_91.npy,1.92,200.31
img_910.npy,1.98,194.97
img_911.npy,1.91,191.84
img_912.npy,1.88,191.62
img_913.npy,1.86,196.57
img_914.npy,1.95,139.27
img_915.npy,1.92,137.28
img_916.npy,2.04,138.76
img_917.npy,2.29,197.55
img_918.npy,1.81,138.38
img_919.npy,1.78,132.34
img_92.npy,1.91,133.69
img_920.npy,1.79,134.63
img_921.npy,1.76,133.65
img_922.npy,1.88,135.97
img_923.npy,1.94,134.20
img_924.npy,1.93,135.12
img_925.npy,1.89,194.33
img_926.npy,1.89,197.71
img_927.npy,1.96,200.05
img_928.npy,1.88,199.76
img_929.npy,1.92,197.31
img_93.npy,1.93,193.16
img_930.npy,1.86,201.18
img_931.npy,1.90,199.32
img_932.npy,1.92,199.58
img_933.npy,1.87,199.53
img_934.npy,1.85,192.62
img_935.npy,1.95,147.55
img_936.npy,1.99,140.79
img_937.npy,1.91,200.99
img_938.npy,1.92,198.91
img_939.npy,1.82,199.63
img_94.npy,1.79,194.37
img_940.npy,2.36,192.68
img_941.npy,1.93,194.10
img_942.npy,1.87,198.85
img_943.npy,1.97,196.11
img_944.npy,1.86,188.38
img_945.npy,1.94,137.87
img_946.npy,1.69,137.37
img_947.npy,1.66,129.91
img_948.npy,1.74,135.66
img_949.npy,1.73,135.11
img_95.npy,1.74,139.16
img_950.npy,1.75,137.09
img_951.npy,1.80,134.10
img_952.npy,1.92,135.38
img_953.npy,1.71,200.55
img_954.npy,1.73,198.96
img_955.npy,1.74,200.33
img_956.npy,1.74,202.09
img_957.npy,1.72,197.79
img_958.npy,1.79,195.85
img_959.npy,1.93,201.08
img_96.npy,1.82,201.50
img_960.npy,1.70,197.02
img_961.npy,1.78,138.84
img_962.npy,1.73,139.34
img_963.npy,1.79,132.82
img_964.npy,1.75,134.87
img_965.npy,2.52,133.93
img_966.npy,1.93,195.16
img_967.npy,1.99,194.78
img_968.npy,1.97,195.38
img_969.npy,1.85,200.71
img_97.npy,1.83,194.49
img_970.npy,1.80,133.11
img_971.npy,2.02,136.49
img_972.npy,1.93,142.92
img_973.npy,1.76,136.45
img_974.npy,2.00,134.80
img_975.npy,1.86,134.41
img_976.npy,2.06,135.32
img_977.npy,1.99,200.51
img_978.npy,1.90,198.54
img_979.npy,1.97,195.09
img_98.npy,1.98,197.62
img_980.npy,1.91,201.14
img_981.npy,2.00,200.93
img_982.npy,1.93,201.03
img_983.npy,1.89,199.01
img_984.npy,1.90,201.59
img_985.npy,2.03,194.73
img_986.npy,2.04,168.99
img_987.npy,1.91,199.39
img_988.npy,2.08,200.67
img_989.npy,1.90,200.15
img_99.npy,1.93,198.60
img_990.npy,1.91,200.23
img_991.npy,1.95,197.42
img_992.npy,1.91,200.95
img_993.npy,1.95,199.31
img_994.npy,1.88,194.10
img_995.npy,1.84,200.95
img_996.npy,1.88,200.44
img_997.npy,1.85,200.20
img_998.npy,1.96,197.68
img_999.npy,1.89,197.70
