filename,time_s,peak_memory_mb
img_0.npy,3.33,120.15
img_1.npy,3.05,134.79
img_10.npy,3.21,185.59
img_100.npy,3.06,145.98
img_1000.npy,3.11,134.38
img_10000.npy,3.37,144.06
img_10001.npy,3.44,112.53
img_10002.npy,3.40,115.32
img_10003.npy,3.11,124.41
img_10004.npy,3.04,161.60
img_10005.npy,3.02,124.48
img_10006.npy,3.25,113.99
img_10007.npy,3.35,113.34
img_10008.npy,3.07,140.98
img_10009.npy,3.24,118.54
img_1001.npy,3.36,114.04
img_10010.npy,3.16,112.81
img_10011.npy,3.15,113.44
img_10012.npy,3.08,117.97
img_10013.npy,3.10,120.09
img_10014.npy,3.03,113.81
img_10015.npy,2.90,118.89
img_10016.npy,3.06,137.21
img_10017.npy,3.44,112.37
img_10018.npy,3.41,124.62
img_10019.npy,3.02,141.73
img_1002.npy,3.19,169.46
img_10020.npy,3.24,109.72
img_10021.npy,3.18,111.28
img_10022.npy,3.15,121.69
img_10023.npy,3.25,115.49
img_10024.npy,3.07,116.02
img_10025.npy,3.08,120.50
img_10026.npy,3.42,115.52
img_10027.npy,3.29,127.82
img_10028.npy,3.03,118.70
img_10029.npy,2.97,111.29
img_1003.npy,3.19,123.04
img_10030.npy,3.14,116.43
img_10031.npy,3.28,112.43
img_10032.npy,3.42,112.04
img_10033.npy,3.20,139.96
img_10034.npy,2.89,156.03
img_10035.npy,3.03,130.01
img_10036.npy,3.35,114.78
img_10037.npy,3.12,114.88
img_10038.npy,3.10,115.47
img_10039.npy,3.25,113.23
img_1004.npy,3.25,113.08
img_10040.npy,2.97,149.27
img_10041.npy,2.99,144.15
img_10042.npy,3.33,108.95
img_10043.npy,3.86,114.41
img_10044.npy,3.33,124.64
img_10045.npy,3.03,150.43
img_10046.npy,3.32,166.56
img_10047.npy,3.11,116.96
img_10048.npy,3.21,140.28
img_10049.npy,3.03,141.64
img_1005.npy,3.27,114.36
img_10050.npy,3.33,116.55
img_10051.npy,3.17,121.37
img_10052.npy,3.13,117.07
img_10053.npy,3.30,117.25
img_10054.npy,3.25,121.64
img_10055.npy,3.10,133.37
img_10056.npy,3.14,131.05
img_10057.npy,3.29,134.82
img_10058.npy,3.09,110.62
img_10059.npy,3.05,120.71
img_1006.npy,3.18,144.85
img_10060.npy,3.47,111.80
img_10061.npy,2.97,128.32
img_10062.npy,2.97,116.03
img_10063.npy,3.24,111.71
img_10064.npy,3.10,109.03
img_10065.npy,2.97,119.03
img_10066.npy,3.24,145.09
img_10067.npy,3.48,113.52
img_10068.npy,3.60,110.09
img_10069.npy,2.91,113.36
img_1007.npy,3.38,140.43
img_10070.npy,3.21,117.96
img_10071.npy,3.31,114.56
img_10072.npy,3.33,126.17
img_10073.npy,3.48,157.27
img_10074.npy,3.12,150.77
img_10075.npy,3.43,116.40
img_10076.npy,3.25,120.18
img_10077.npy,3.12,115.26
img_10078.npy,3.20,115.48
img_10079.npy,3.37,115.67
img_1008.npy,3.43,113.23
img_10080.npy,3.04,110.65
img_10081.npy,3.25,126.65
img_10082.npy,3.29,114.90
img_10083.npy,3.29,106.13
img_10084.npy,3.12,113.34
img_10085.npy,3.20,166.75
img_10086.npy,3.30,113.77
img_10087.npy,3.05,104.95
img_10088.npy,3.31,159.64
img_10089.npy,3.14,127.18
img_1009.npy,3.35,111.44
img_10090.npy,3.25,122.87
img_10091.npy,2.96,120.38
img_10092.npy,3.18,129.43
img_10093.npy,3.36,116.83
img_10094.npy,3.07,116.47
img_10095.npy,2.94,117.03
img_10096.npy,3.35,115.01
img_10097.npy,2.88,105.34
img_10098.npy,3.14,146.46
img_10099.npy,3.24,149.80
img_101.npy,3.19,112.22
img_1010.npy,3.20,122.17
img_10100.npy,3.16,141.88
img_10101.npy,3.45,172.80
img_10102.npy,3.00,116.48
img_10103.npy,3.06,108.05
img_10104.npy,2.92,116.07
img_10105.npy,3.40,113.56
img_10106.npy,3.34,103.57
img_10107.npy,3.00,113.52
img_10108.npy,3.03,116.25
img_10109.npy,3.38,118.73
img_1011.npy,3.07,117.88
img_10110.npy,3.28,127.36
img_10111.npy,3.32,130.16
img_10112.npy,3.33,134.85
img_10113.npy,3.19,116.54
img_10114.npy,3.17,113.18
img_10115.npy,3.00,112.22
img_10116.npy,3.36,111.93
img_10117.npy,3.11,119.47
img_10118.npy,3.06,160.33
img_10119.npy,3.37,115.18
img_1012.npy,3.21,111.40
img_10120.npy,2.82,146.02
img_10121.npy,3.04,118.08
img_10122.npy,3.29,110.38
img_10123.npy,2.99,118.16
img_10124.npy,3.15,125.06
img_10125.npy,2.81,111.79
img_10126.npy,3.07,106.63
img_10127.npy,3.22,119.34
img_10128.npy,3.24,128.93
img_10129.npy,3.12,113.62
img_1013.npy,3.00,109.16
img_10130.npy,3.24,119.22
img_10131.npy,3.17,142.49
img_10132.npy,2.94,115.63
img_10133.npy,3.46,121.35
img_10134.npy,2.96,110.01
img_10135.npy,3.07,120.79
img_10136.npy,2.99,118.03
img_10137.npy,2.84,105.96
img_10138.npy,2.82,126.64
img_10139.npy,2.97,135.19
img_1014.npy,3.23,117.21
img_10140.npy,2.82,119.52
img_10141.npy,2.98,131.62
img_10142.npy,3.16,116.25
img_10143.npy,3.06,122.61
img_10144.npy,2.99,114.32
img_10145.npy,3.15,151.78
img_10146.npy,3.37,122.76
img_10147.npy,3.09,108.52
img_10148.npy,3.09,109.09
img_10149.npy,3.28,119.58
img_1015.npy,3.27,116.36
img_10150.npy,3.09,109.59
img_10151.npy,2.71,116.32
img_10152.npy,3.02,121.11
img_10153.npy,3.10,130.90
img_10154.npy,2.99,121.79
img_10155.npy,2.96,106.74
img_10156.npy,3.01,112.76
img_10157.npy,3.20,107.37
img_10158.npy,2.93,109.80
img_10159.npy,3.10,105.91
img_1016.npy,3.01,123.62
img_10160.npy,3.30,153.86
img_10161.npy,2.86,125.72
img_10162.npy,3.29,108.61
img_10163.npy,3.14,107.08
img_10164.npy,3.45,120.26
img_10165.npy,3.05,110.19
img_10166.npy,3.25,122.45
img_10167.npy,3.31,113.68
img_10168.npy,3.17,118.69
img_10169.npy,3.15,121.69
img_1017.npy,3.21,132.07
img_10170.npy,2.98,113.23
img_10171.npy,3.26,126.99
img_10172.npy,3.45,120.14
img_10173.npy,3.25,147.78
img_10174.npy,3.11,112.45
img_10175.npy,3.20,147.41
img_10176.npy,2.96,121.17
img_10177.npy,2.93,149.79
img_10178.npy,3.07,116.51
img_10179.npy,2.99,111.87
img_1018.npy,2.73,142.93
img_10180.npy,2.89,114.74
img_10181.npy,2.95,111.03
img_10182.npy,2.98,113.82
img_10183.npy,3.06,143.30
img_10184.npy,3.20,163.51
img_10185.npy,3.05,115.12
img_10186.npy,3.28,114.53
img_10187.npy,3.01,153.16
img_10188.npy,2.88,115.08
img_10189.npy,2.81,117.40
img_1019.npy,2.83,113.02
img_10190.npy,2.99,120.23
img_10191.npy,3.23,145.52
img_10192.npy,3.44,112.91
img_10193.npy,3.14,120.85
img_10194.npy,3.14,115.27
img_10195.npy,3.43,115.04
img_10196.npy,2.94,107.31
img_10197.npy,2.97,136.61
img_10198.npy,2.87,129.59
img_10199.npy,3.08,111.36
img_102.npy,2.98,111.72
img_1020.npy,3.05,150.42
img_10200.npy,3.10,111.93
img_10201.npy,2.96,117.69
img_10202.npy,3.13,145.24
img_10203.npy,3.02,163.17
img_10204.npy,3.05,111.72
img_10205.npy,2.92,115.61
img_10206.npy,2.96,112.07
img_10207.npy,3.34,167.24
img_10208.npy,3.48,118.45
img_10209.npy,2.88,124.07
img_1021.npy,3.00,145.22
img_10210.npy,2.90,112.22
img_10211.npy,3.21,110.23
img_10212.npy,2.88,130.53
img_10213.npy,3.11,144.34
img_10214.npy,2.95,139.57
img_10215.npy,3.48,111.43
img_10216.npy,3.32,126.34
img_10217.npy,2.62,115.58
img_10218.npy,2.99,140.20
img_10219.npy,2.84,124.75
img_1022.npy,3.05,123.46
img_10220.npy,3.05,115.12
img_10221.npy,3.09,110.48
img_10222.npy,3.06,101.90
img_10223.npy,2.98,142.18
img_10224.npy,3.04,116.22
img_10225.npy,3.17,112.91
img_10226.npy,2.98,118.28
img_10227.npy,3.05,158.03
img_10228.npy,3.12,120.10
img_10229.npy,3.28,115.15
img_1023.npy,3.35,106.37
img_10230.npy,2.59,160.47
img_10231.npy,3.25,147.75
img_10232.npy,3.32,109.54
img_10233.npy,3.24,118.93
img_10234.npy,3.20,150.11
img_10235.npy,2.98,159.52
img_10236.npy,3.23,111.77
img_10237.npy,3.24,113.73
img_10238.npy,2.94,132.41
img_10239.npy,2.62,111.92
img_1024.npy,3.23,108.58
img_10240.npy,2.96,124.64
img_10241.npy,2.53,116.23
img_10242.npy,3.42,113.48
img_10243.npy,3.12,115.19
img_10244.npy,2.90,125.48
img_10245.npy,3.05,162.82
img_10246.npy,3.08,116.40
img_10247.npy,3.03,124.06
img_10248.npy,3.08,120.02
img_10249.npy,2.93,147.98
img_1025.npy,3.06,115.54
img_10250.npy,3.13,149.82
img_10251.npy,3.16,143.89
img_10252.npy,3.03,121.33
img_10253.npy,2.87,118.70
img_10254.npy,2.75,124.59
img_10255.npy,2.80,118.03
img_10256.npy,3.20,109.42
img_10257.npy,3.05,112.35
img_10258.npy,2.77,163.10
img_10259.npy,3.07,117.82
img_1026.npy,3.45,114.86
img_10260.npy,2.91,103.30
img_10261.npy,3.11,117.12
img_10262.npy,3.10,114.61
img_10263.npy,3.09,111.27
img_10264.npy,2.97,126.58
img_10265.npy,2.93,146.71
img_10266.npy,3.00,119.39
img_10267.npy,3.10,111.58
img_10268.npy,2.90,113.21
img_10269.npy,2.78,151.21
img_1027.npy,2.74,116.57
img_10270.npy,2.98,109.39
img_10271.npy,2.83,121.94
img_10272.npy,3.03,114.92
img_10273.npy,3.05,111.88
img_10274.npy,2.87,127.07
img_10275.npy,2.77,143.57
img_10276.npy,3.13,113.53
img_10277.npy,2.68,125.64
img_10278.npy,2.99,154.59
img_10279.npy,2.65,112.62
img_1028.npy,3.11,109.22
img_10280.npy,2.87,137.09
img_10281.npy,2.99,116.12
img_10282.npy,3.22,120.86
img_10283.npy,3.04,116.43
img_10284.npy,2.90,123.60
img_10285.npy,2.83,155.81
img_10286.npy,3.03,114.58
img_10287.npy,3.08,118.32
img_10288.npy,2.68,140.36
img_10289.npy,3.16,126.70
img_1029.npy,3.29,115.89
img_10290.npy,3.09,133.04
img_10291.npy,3.04,140.40
img_10292.npy,3.40,156.99
img_10293.npy,2.99,112.87
img_10294.npy,2.87,135.93
img_10295.npy,2.90,117.32
img_10296.npy,2.86,108.64
img_10297.npy,2.94,121.62
img_10298.npy,2.77,126.90
img_10299.npy,3.12,144.41
img_103.npy,2.74,106.41
img_1030.npy,2.85,128.48
img_10300.npy,2.96,121.14
img_10301.npy,3.03,124.21
img_10302.npy,2.83,150.94
img_10303.npy,2.88,119.52
img_10304.npy,2.89,117.49
img_10305.npy,2.91,131.04
img_10306.npy,2.80,144.55
img_10307.npy,3.03,129.81
img_10308.npy,2.87,112.24
img_10309.npy,2.77,159.90
img_1031.npy,2.94,151.81
img_10310.npy,2.80,106.32
img_10311.npy,2.68,138.73
img_10312.npy,2.71,119.60
img_10313.npy,2.80,114.47
img_10314.npy,2.74,138.52
img_10315.npy,2.44,115.75
img_10316.npy,3.05,109.91
img_10317.npy,2.71,119.83
img_10318.npy,2.80,147.75
img_10319.npy,2.82,116.25
img_1032.npy,2.79,113.71
img_10320.npy,2.59,128.58
img_10321.npy,2.75,138.77
img_10322.npy,2.82,109.57
img_10323.npy,2.74,123.51
img_10324.npy,2.47,119.47
img_10325.npy,2.94,113.96
img_10326.npy,2.80,118.42
img_10327.npy,2.85,119.34
img_10328.npy,2.66,140.69
img_10329.npy,2.62,117.78
img_1033.npy,2.74,123.44
img_10330.npy,2.70,158.66
img_10331.npy,2.79,114.36
img_10332.npy,2.57,108.84
img_10333.npy,2.48,116.69
img_10334.npy,2.91,118.02
img_10335.npy,2.95,132.82
img_10336.npy,2.70,120.64
img_10337.npy,2.86,116.26
img_10338.npy,2.53,125.15
img_10339.npy,2.64,160.33
img_1034.npy,2.63,114.25
img_10340.npy,2.80,115.31
img_10341.npy,2.70,125.08
img_10342.npy,2.52,115.88
img_10343.npy,2.65,118.49
img_10344.npy,2.63,158.01
img_10345.npy,2.53,167.27
img_10346.npy,2.78,111.85
img_10347.npy,2.65,120.62
img_10348.npy,2.57,157.43
img_10349.npy,2.63,114.82
img_1035.npy,2.90,114.93
img_10350.npy,2.35,148.09
img_10351.npy,2.69,151.17
img_10352.npy,2.99,115.77
img_10353.npy,2.74,120.89
img_10354.npy,2.63,122.91
img_10355.npy,2.99,111.16
img_10356.npy,2.71,129.17
img_10357.npy,2.54,151.43
img_10358.npy,2.48,119.73
img_10359.npy,2.84,117.08
img_1036.npy,2.68,153.46
img_10360.npy,2.77,171.66
img_10361.npy,2.85,116.28
img_10362.npy,3.06,131.06
img_10363.npy,2.66,144.59
img_10364.npy,2.78,123.75
img_10365.npy,2.80,114.52
img_10366.npy,2.89,137.36
img_10367.npy,2.67,114.62
img_10368.npy,2.83,112.46
img_10369.npy,2.43,106.21
img_1037.npy,2.64,118.15
img_10370.npy,2.66,130.81
img_10371.npy,3.02,106.14
img_10372.npy,2.53,136.09
img_10373.npy,2.61,110.70
img_10374.npy,2.77,111.11
img_10375.npy,2.94,111.25
img_10376.npy,2.85,129.21
img_10377.npy,2.56,151.29
img_10378.npy,2.68,113.50
img_10379.npy,2.66,110.86
img_1038.npy,2.78,171.12
img_10380.npy,2.99,144.74
img_10381.npy,2.81,114.02
img_10382.npy,2.77,111.33
img_10383.npy,2.58,144.00
img_10384.npy,2.73,115.93
img_10385.npy,2.61,121.42
img_10386.npy,2.96,166.96
img_10387.npy,2.84,114.75
img_10388.npy,2.86,120.23
img_10389.npy,2.70,112.43
img_1039.npy,2.63,152.95
img_10390.npy,2.92,134.55
img_10391.npy,2.69,115.23
img_10392.npy,2.54,160.26
img_10393.npy,2.94,153.00
img_10394.npy,2.78,115.03
img_10395.npy,2.84,132.93
img_10396.npy,2.38,129.04
img_10397.npy,2.76,113.02
img_10398.npy,2.82,115.59
img_10399.npy,2.36,151.54
img_104.npy,2.71,117.72
img_1040.npy,3.10,116.97
img_10400.npy,2.99,128.05
img_10401.npy,2.73,111.46
img_10402.npy,2.71,128.09
img_10403.npy,2.50,113.93
img_10404.npy,2.61,147.12
img_10405.npy,2.88,125.13
img_10406.npy,2.86,108.97
img_10407.npy,2.50,124.25
img_10408.npy,2.65,112.98
img_10409.npy,2.85,111.48
img_1041.npy,2.68,124.46
img_10410.npy,2.84,142.46
img_10411.npy,2.73,115.94
img_10412.npy,2.65,110.73
img_10413.npy,2.78,150.28
img_10414.npy,2.41,116.09
img_10415.npy,2.92,113.36
img_10416.npy,2.91,120.90
img_10417.npy,2.48,157.57
img_10418.npy,2.80,134.38
img_10419.npy,3.10,113.84
img_1042.npy,2.87,141.00
img_10420.npy,2.60,117.66
img_10421.npy,2.84,122.31
img_10422.npy,2.40,116.00
img_10423.npy,2.46,117.77
img_10424.npy,2.84,112.25
img_10425.npy,2.75,112.48
img_10426.npy,2.66,139.41
img_10427.npy,2.79,114.25
img_10428.npy,2.82,104.86
img_10429.npy,2.56,116.01
img_1043.npy,2.77,115.62
img_10430.npy,2.85,118.71
img_10431.npy,2.90,110.61
img_10432.npy,2.73,107.64
img_10433.npy,2.46,137.56
img_10434.npy,2.63,115.76
img_10435.npy,2.42,114.29
img_10436.npy,2.28,117.18
img_10437.npy,2.82,123.81
img_10438.npy,2.51,129.09
img_10439.npy,2.38,115.61
img_1044.npy,2.50,151.33
img_10440.npy,2.51,114.36
img_10441.npy,2.30,116.50
img_10442.npy,2.52,143.97
img_10443.npy,2.69,114.04
img_10444.npy,2.64,129.66
img_10445.npy,2.53,150.82
img_10446.npy,2.42,157.72
img_10447.npy,2.44,127.70
img_10448.npy,2.30,117.74
img_10449.npy,2.58,117.56
img_1045.npy,2.61,119.67
img_10450.npy,2.37,164.01
img_10451.npy,2.43,131.69
img_10452.npy,2.52,122.48
img_10453.npy,2.41,155.61
img_10454.npy,2.66,148.92
img_10455.npy,2.64,116.75
img_10456.npy,2.80,142.09
img_10457.npy,2.50,127.98
img_10458.npy,2.54,150.98
img_10459.npy,2.71,113.51
img_1046.npy,2.37,120.37
img_10460.npy,2.64,123.91
img_10461.npy,2.98,118.66
img_10462.npy,2.49,147.48
img_10463.npy,2.42,142.79
img_10464.npy,2.49,112.89
img_10465.npy,2.51,133.09
img_10466.npy,2.26,117.59
img_10467.npy,2.59,124.62
img_10468.npy,2.56,112.88
img_10469.npy,2.17,114.74
img_1047.npy,2.50,116.34
img_10470.npy,2.56,125.91
img_10471.npy,2.50,159.39
img_10472.npy,2.39,119.37
img_10473.npy,2.49,118.23
img_10474.npy,2.77,130.55
img_10475.npy,2.52,124.41
img_10476.npy,2.65,109.95
img_10477.npy,2.62,109.31
img_10478.npy,2.35,122.54
img_10479.npy,2.65,126.58
img_1048.npy,2.63,112.61
img_10480.npy,2.42,147.46
img_10481.npy,2.70,117.76
img_10482.npy,2.71,114.35
img_10483.npy,2.66,121.39
img_10484.npy,2.56,108.44
img_10485.npy,2.97,112.79
img_10486.npy,2.59,119.88
img_10487.npy,2.45,145.83
img_10488.npy,2.79,116.73
img_10489.npy,2.48,112.86
img_1049.npy,2.59,122.03
img_10490.npy,2.56,116.43
img_10491.npy,2.99,114.70
img_10492.npy,2.84,134.43
img_10493.npy,2.60,116.68
img_10494.npy,2.85,110.56
img_10495.npy,2.50,119.67
img_10496.npy,2.66,114.87
img_10497.npy,2.93,116.73
img_10498.npy,2.71,114.96
img_10499.npy,2.72,134.07
img_105.npy,2.52,113.97
img_1050.npy,2.85,115.52
img_10500.npy,2.66,116.77
img_10501.npy,2.55,140.09
img_10502.npy,2.68,157.71
img_10503.npy,2.93,111.77
img_10504.npy,2.69,108.88
img_10505.npy,2.44,129.11
img_10506.npy,2.71,118.79
img_10507.npy,2.93,110.61
img_10508.npy,2.49,114.40
img_10509.npy,2.61,122.64
img_1051.npy,3.06,120.20
img_10510.npy,2.59,103.04
img_10511.npy,2.29,116.73
img_10512.npy,2.67,147.54
img_10513.npy,2.65,109.30
img_10514.npy,2.54,110.06
img_10515.npy,2.35,113.24
img_10516.npy,2.86,114.57
img_10517.npy,2.87,110.00
img_10518.npy,2.65,105.20
img_10519.npy,2.63,119.96
img_1052.npy,2.81,114.51
img_10520.npy,2.56,114.31
img_10521.npy,2.66,119.10
img_10522.npy,2.67,113.32
img_10523.npy,2.67,102.43
img_10524.npy,2.60,112.03
img_10525.npy,2.48,116.29
img_10526.npy,3.12,112.84
img_10527.npy,3.04,109.73
img_10528.npy,2.72,141.80
img_10529.npy,2.44,112.73
img_1053.npy,2.95,109.43
img_10530.npy,2.76,114.32
img_10531.npy,2.47,163.88
img_10532.npy,2.76,134.51
img_10533.npy,2.79,110.90
img_10534.npy,2.44,105.64
img_10535.npy,2.47,116.06
img_10536.npy,2.78,108.21
img_10537.npy,2.73,112.16
img_10538.npy,2.69,108.75
img_10539.npy,2.80,122.07
img_1054.npy,2.54,117.26
img_10540.npy,2.50,112.17
img_10541.npy,2.67,105.95
img_10542.npy,2.50,114.31
img_10543.npy,2.74,109.66
img_10544.npy,3.03,110.86
img_10545.npy,2.65,117.17
img_10546.npy,2.55,110.21
img_10547.npy,2.75,108.47
img_10548.npy,2.63,130.49
img_10549.npy,2.22,119.77
img_1055.npy,2.32,112.25
img_10550.npy,2.15,106.36
img_10551.npy,2.32,115.98
img_10552.npy,2.48,111.30
img_10553.npy,2.50,108.65
img_10554.npy,2.33,114.95
img_10555.npy,2.48,113.10
img_10556.npy,2.72,111.75
img_10557.npy,2.07,120.28
img_10558.npy,2.23,121.16
img_10559.npy,2.33,121.13
img_1056.npy,2.52,113.23
img_10560.npy,2.39,129.01
img_10561.npy,2.48,111.77
img_10562.npy,2.58,122.42
img_10563.npy,2.50,132.87
img_10564.npy,2.59,122.76
img_10565.npy,2.56,122.61
img_10566.npy,2.24,143.14
img_10567.npy,2.27,139.65
img_10568.npy,2.72,116.73
img_10569.npy,2.56,119.64
img_1057.npy,2.39,108.41
img_10570.npy,2.39,115.57
img_10571.npy,2.40,116.83
img_10572.npy,2.48,115.15
img_10573.npy,2.28,116.57
img_10574.npy,2.42,112.84
img_10575.npy,2.48,109.93
img_10576.npy,2.43,118.38
img_10577.npy,2.54,116.03
img_10578.npy,2.51,108.88
img_10579.npy,2.39,126.34
img_1058.npy,2.31,119.96
img_10580.npy,2.49,117.21
img_10581.npy,2.42,147.50
img_10582.npy,2.50,108.16
img_10583.npy,2.67,129.52
img_10584.npy,2.43,107.77
img_10585.npy,2.43,111.90
img_10586.npy,2.40,115.06
img_10587.npy,2.43,109.98
img_10588.npy,2.56,117.43
img_10589.npy,2.53,105.13
img_1059.npy,2.45,115.89
img_10590.npy,2.26,111.12
img_10591.npy,2.28,111.80
img_10592.npy,2.53,106.58
img_10593.npy,2.39,114.25
img_10594.npy,2.58,114.89
img_10595.npy,2.49,108.43
img_10596.npy,2.64,119.54
img_10597.npy,2.78,133.63
img_10598.npy,2.35,106.91
img_10599.npy,2.36,121.09
img_106.npy,2.75,108.96
img_1060.npy,2.97,109.00
img_10600.npy,2.76,124.36
img_10601.npy,2.51,104.05
img_10602.npy,2.58,118.43
img_10603.npy,2.60,109.86
img_10604.npy,2.51,113.92
img_10605.npy,2.52,110.72
img_10606.npy,2.64,106.74
img_10607.npy,2.71,111.83
img_10608.npy,2.47,112.23
img_10609.npy,2.77,114.27
img_1061.npy,2.57,108.42
img_10610.npy,2.54,119.13
img_10611.npy,2.60,114.33
img_10612.npy,2.45,109.52
img_10613.npy,2.61,114.86
img_10614.npy,2.87,116.39
img_10615.npy,2.58,120.77
img_10616.npy,2.55,115.80
img_10617.npy,2.47,122.72
img_10618.npy,3.10,122.34
img_10619.npy,2.56,131.32
img_1062.npy,2.57,123.00
img_10620.npy,2.55,120.27
img_10621.npy,2.68,119.70
img_10622.npy,2.58,114.26
img_10623.npy,2.40,112.11
img_10624.npy,2.42,116.09
img_10625.npy,2.50,110.82
img_10626.npy,2.31,133.94
img_10627.npy,2.58,124.42
img_10628.npy,2.46,114.23
img_10629.npy,2.31,118.35
img_1063.npy,2.64,112.99
img_10630.npy,2.85,123.11
img_10631.npy,2.61,108.85
img_10632.npy,2.81,132.82
img_10633.npy,2.78,111.84
img_10634.npy,2.59,110.54
img_10635.npy,2.70,106.93
img_10636.npy,3.05,116.38
img_10637.npy,2.47,114.73
img_10638.npy,2.61,115.01
img_10639.npy,2.49,112.54
img_1064.npy,2.23,119.86
img_10640.npy,2.35,102.71
img_10641.npy,2.33,115.01
img_10642.npy,2.23,115.25
img_10643.npy,2.19,116.38
img_10644.npy,2.29,121.97
img_10645.npy,2.28,109.15
img_10646.npy,2.36,137.13
img_10647.npy,2.17,132.03
img_10648.npy,2.44,113.18
img_10649.npy,2.12,133.94
img_1065.npy,2.16,128.74
img_10650.npy,2.25,115.08
img_10651.npy,2.55,115.76
img_10652.npy,2.40,117.53
img_10653.npy,2.34,118.89
img_10654.npy,2.27,105.07
img_10655.npy,2.76,107.90
img_10656.npy,2.43,129.04
img_10657.npy,2.34,108.13
img_10658.npy,2.48,119.72
img_10659.npy,2.50,170.41
img_1066.npy,2.43,115.59
img_10660.npy,2.25,116.73
img_10661.npy,2.38,102.12
img_10662.npy,2.48,114.53
img_10663.npy,2.51,148.62
img_10664.npy,2.37,109.81
img_10665.npy,2.45,115.86
img_10666.npy,2.64,111.70
img_10667.npy,2.67,120.77
img_10668.npy,2.67,111.66
img_10669.npy,2.59,112.20
img_1067.npy,2.44,113.74
img_10670.npy,2.38,108.26
img_10671.npy,2.66,112.36
img_10672.npy,2.81,122.07
img_10673.npy,2.83,106.79
img_10674.npy,2.80,113.28
img_10675.npy,2.57,117.79
img_10676.npy,2.53,107.45
img_10677.npy,2.63,107.71
img_10678.npy,2.77,118.43
img_10679.npy,2.62,112.23
img_1068.npy,2.60,114.91
img_10680.npy,2.57,111.46
img_10681.npy,2.61,109.49
img_10682.npy,2.81,116.80
img_10683.npy,2.70,111.33
img_10684.npy,2.33,115.20
img_10685.npy,2.52,112.43
img_10686.npy,2.49,116.14
img_10687.npy,2.59,114.27
img_10688.npy,2.66,112.67
img_10689.npy,2.78,117.41
img_1069.npy,2.64,109.30
img_10690.npy,2.74,115.02
img_10691.npy,2.89,117.11
img_10692.npy,2.82,114.75
img_10693.npy,2.67,104.54
img_10694.npy,2.47,106.00
img_10695.npy,2.57,116.29
img_10696.npy,2.65,110.58
img_10697.npy,2.69,116.68
img_10698.npy,2.49,154.94
img_10699.npy,2.38,110.94
img_107.npy,2.53,115.41
img_1070.npy,2.83,110.36
img_10700.npy,2.26,114.57
img_10701.npy,2.82,114.30
img_10702.npy,2.71,104.42
img_10703.npy,2.49,120.29
img_10704.npy,2.85,117.45
img_10705.npy,2.74,116.18
img_10706.npy,2.57,123.74
img_10707.npy,2.64,114.53
img_10708.npy,3.01,112.82
img_10709.npy,2.90,118.53
img_1071.npy,2.35,118.46
img_10710.npy,2.98,129.25
img_10711.npy,2.59,123.33
img_10712.npy,2.51,139.12
img_10713.npy,2.57,119.67
img_10714.npy,2.88,108.44
img_10715.npy,2.66,110.76
img_10716.npy,2.37,115.83
img_10717.npy,2.54,113.67
img_10718.npy,2.42,103.66
img_10719.npy,2.68,124.22
img_1072.npy,2.73,119.60
img_10720.npy,2.67,114.55
img_10721.npy,2.73,114.04
img_10722.npy,2.51,117.08
img_10723.npy,2.61,113.88
img_10724.npy,2.73,106.28
img_10725.npy,2.41,111.20
img_10726.npy,2.76,112.85
img_10727.npy,2.77,111.19
img_10728.npy,2.60,120.09
img_10729.npy,2.51,118.45
img_1073.npy,2.51,108.56
img_10730.npy,2.72,112.94
img_10731.npy,2.56,111.81
img_10732.npy,2.63,112.00
img_10733.npy,2.61,109.51
img_10734.npy,2.64,116.99
img_10735.npy,2.44,119.70
img_10736.npy,2.51,105.04
img_10737.npy,2.49,109.43
img_10738.npy,2.42,119.00
img_10739.npy,2.47,111.41
img_1074.npy,2.42,125.49
img_10740.npy,2.21,115.34
img_10741.npy,2.54,121.29
img_10742.npy,2.40,114.34
img_10743.npy,2.29,116.07
img_10744.npy,2.74,117.20
img_10745.npy,2.68,102.93
img_10746.npy,2.20,117.84
img_10747.npy,2.45,114.04
img_10748.npy,2.45,109.20
img_10749.npy,2.50,110.51
img_1075.npy,2.32,112.03
img_10750.npy,2.66,108.21
img_10751.npy,2.40,108.87
img_10752.npy,2.19,108.62
img_10753.npy,2.56,111.29
img_10754.npy,2.65,110.66
img_10755.npy,2.51,145.04
img_10756.npy,2.45,115.87
img_10757.npy,2.48,110.98
img_10758.npy,2.57,117.65
img_10759.npy,2.35,127.25
img_1076.npy,2.41,114.60
img_10760.npy,2.74,110.87
img_10761.npy,2.75,108.54
img_10762.npy,2.56,115.54
img_10763.npy,2.87,115.09
img_10764.npy,2.62,106.39
img_10765.npy,2.36,107.80
img_10766.npy,2.38,114.25
img_10767.npy,2.43,113.98
img_10768.npy,2.50,106.52
img_10769.npy,2.29,111.09
img_1077.npy,2.51,111.40
img_10770.npy,2.44,106.45
img_10771.npy,2.43,126.18
img_10772.npy,2.36,140.27
img_10773.npy,2.42,132.84
img_10774.npy,2.60,104.55
img_10775.npy,2.34,107.45
img_10776.npy,2.43,119.38
img_10777.npy,2.42,114.10
img_10778.npy,2.57,110.06
img_10779.npy,2.51,115.31
img_1078.npy,2.34,124.38
img_10780.npy,2.45,128.41
img_10781.npy,2.43,110.94
img_10782.npy,2.41,117.89
img_10783.npy,2.44,113.31
img_10784.npy,2.57,108.43
img_10785.npy,2.31,108.44
img_10786.npy,2.37,153.69
img_10787.npy,2.73,120.96
img_10788.npy,2.58,109.59
img_10789.npy,2.82,131.43
img_1079.npy,2.61,111.58
img_10790.npy,2.45,118.93
img_10791.npy,2.38,106.03
img_10792.npy,2.49,117.37
img_10793.npy,2.46,118.86
img_10794.npy,2.64,111.42
img_10795.npy,2.69,121.50
img_10796.npy,2.67,119.36
img_10797.npy,2.74,153.45
img_10798.npy,2.71,120.27
img_10799.npy,2.73,118.33
img_108.npy,2.55,114.09
img_1080.npy,2.99,110.03
img_10800.npy,2.61,107.59
img_10801.npy,2.46,116.09
img_10802.npy,2.53,112.36
img_10803.npy,2.98,110.33
img_10804.npy,3.06,116.04
img_10805.npy,2.76,118.66
img_10806.npy,2.35,117.96
img_10807.npy,2.85,111.66
img_10808.npy,2.76,112.99
img_10809.npy,2.63,118.91
img_1081.npy,2.57,112.20
img_10810.npy,2.86,120.28
img_10811.npy,2.28,104.29
img_10812.npy,2.38,116.98
img_10813.npy,2.68,112.56
img_10814.npy,2.57,109.16
img_10815.npy,2.54,104.20
img_10816.npy,2.63,119.64
img_10817.npy,2.83,116.76
img_10818.npy,2.62,106.80
img_10819.npy,2.54,115.83
img_1082.npy,2.67,116.07
img_10820.npy,2.58,110.32
img_10821.npy,2.68,116.58
img_10822.npy,2.42,118.12
img_10823.npy,2.67,115.45
img_10824.npy,2.88,116.94
img_10825.npy,2.65,109.11
img_10826.npy,2.46,120.53
img_10827.npy,2.79,116.38
img_10828.npy,2.40,114.98
img_10829.npy,2.43,140.07
img_1083.npy,2.64,147.85
img_10830.npy,2.88,112.06
img_10831.npy,2.79,116.50
img_10832.npy,2.65,129.46
img_10833.npy,2.65,119.94
img_10834.npy,3.17,116.67
img_10835.npy,2.86,109.36
img_10836.npy,2.61,112.01
img_10837.npy,2.72,113.98
img_10838.npy,2.75,109.36
img_10839.npy,2.32,116.10
img_1084.npy,2.43,114.74
img_10840.npy,2.65,114.97
img_10841.npy,2.46,118.59
img_10842.npy,2.64,125.34
img_10843.npy,2.85,110.81
img_10844.npy,2.48,114.64
img_10845.npy,2.57,119.35
img_10846.npy,2.46,108.20
img_10847.npy,2.74,116.61
img_10848.npy,2.67,116.69
img_10849.npy,2.48,135.05
img_1085.npy,2.56,109.23
img_10850.npy,2.50,127.34
img_10851.npy,2.81,140.80
img_10852.npy,2.59,161.80
img_10853.npy,2.63,120.38
img_10854.npy,2.13,141.19
img_10855.npy,2.58,168.27
img_10856.npy,2.59,114.68
img_10857.npy,2.62,111.43
img_10858.npy,2.58,130.16
img_10859.npy,2.57,113.11
img_1086.npy,2.85,122.04
img_10860.npy,2.52,111.84
img_10861.npy,2.64,115.35
img_10862.npy,2.45,116.23
img_10863.npy,2.72,117.39
img_10864.npy,2.78,110.60
img_10865.npy,2.73,123.82
img_10866.npy,2.60,114.34
img_10867.npy,2.89,122.67
img_10868.npy,2.46,116.47
img_10869.npy,2.67,111.17
img_1087.npy,2.75,119.86
img_10870.npy,2.71,116.90
img_10871.npy,2.78,111.43
img_10872.npy,2.55,114.67
img_10873.npy,2.36,123.58
img_10874.npy,2.74,116.85
img_10875.npy,2.71,110.72
img_10876.npy,2.56,113.66
img_10877.npy,2.71,118.64
img_10878.npy,2.91,128.63
img_10879.npy,2.58,106.36
img_1088.npy,2.76,139.18
img_10880.npy,2.62,115.61
img_10881.npy,2.64,114.20
img_10882.npy,2.76,103.34
img_10883.npy,2.58,114.72
img_10884.npy,2.81,113.65
img_10885.npy,2.72,106.16
img_10886.npy,2.40,115.28
img_10887.npy,2.79,116.79
img_10888.npy,2.86,112.91
img_10889.npy,2.43,121.50
img_1089.npy,2.73,109.14
img_10890.npy,2.55,115.45
img_10891.npy,2.94,115.88
img_10892.npy,2.65,109.46
img_10893.npy,2.62,114.88
img_10894.npy,2.85,119.43
img_10895.npy,2.82,111.24
img_10896.npy,2.68,128.55
img_10897.npy,2.48,118.52
img_10898.npy,3.20,113.85
img_10899.npy,2.82,116.16
img_109.npy,2.55,120.95
img_1090.npy,2.48,114.51
img_10900.npy,2.62,112.88
img_10901.npy,2.63,107.14
img_10902.npy,2.79,112.25
img_10903.npy,2.66,117.18
img_10904.npy,2.69,117.78
img_10905.npy,2.61,116.34
img_10906.npy,2.58,112.87
img_10907.npy,2.76,119.83
img_10908.npy,2.44,108.84
img_10909.npy,2.51,112.21
img_1091.npy,2.87,114.70
img_10910.npy,2.85,109.01
img_10911.npy,2.74,124.78
img_10912.npy,2.44,116.33
img_10913.npy,2.82,135.01
img_10914.npy,2.78,113.52
img_10915.npy,2.49,129.30
img_10916.npy,2.42,115.05
img_10917.npy,2.59,106.27
img_10918.npy,2.49,110.52
img_10919.npy,2.38,116.96
img_1092.npy,2.80,114.73
img_10920.npy,2.76,114.62
img_10921.npy,2.54,103.35
img_10922.npy,2.54,114.79
img_10923.npy,2.58,116.52
img_10924.npy,2.55,106.60
img_10925.npy,2.65,106.44
img_10926.npy,2.46,110.57
img_10927.npy,2.81,112.74
img_10928.npy,2.48,103.83
img_10929.npy,2.60,154.36
img_1093.npy,2.68,114.86
img_10930.npy,2.45,113.16
img_10931.npy,2.46,104.49
img_10932.npy,2.74,141.58
img_10933.npy,2.79,122.93
img_10934.npy,2.53,110.71
img_10935.npy,2.41,118.37
img_10936.npy,2.50,118.29
img_10937.npy,2.62,113.80
img_10938.npy,2.48,114.65
img_10939.npy,2.61,134.77
img_1094.npy,2.86,113.34
img_10940.npy,2.79,106.23
img_10941.npy,2.45,113.92
img_10942.npy,2.60,117.17
img_10943.npy,2.57,110.64
img_10944.npy,2.68,107.62
img_10945.npy,2.40,116.59
img_10946.npy,2.52,126.97
img_10947.npy,2.66,114.97
img_10948.npy,2.76,106.59
img_10949.npy,2.53,118.34
img_1095.npy,2.38,116.57
img_10950.npy,2.62,112.30
img_10951.npy,2.62,107.13
img_10952.npy,2.89,115.28
img_10953.npy,2.47,119.11
img_10954.npy,2.86,110.79
img_10955.npy,2.68,104.08
img_10956.npy,2.61,114.02
img_10957.npy,2.45,121.41
img_10958.npy,2.95,110.88
img_10959.npy,2.57,115.01
img_1096.npy,2.52,166.61
img_10960.npy,2.43,119.71
img_10961.npy,2.42,108.66
img_10962.npy,2.31,131.57
img_10963.npy,2.57,115.98
img_10964.npy,2.52,112.14
img_10965.npy,2.68,153.28
img_10966.npy,2.63,130.21
img_10967.npy,2.42,111.55
img_10968.npy,2.57,119.31
img_10969.npy,2.53,113.77
img_1097.npy,2.54,114.05
img_10970.npy,2.51,105.74
img_10971.npy,2.73,102.86
img_10972.npy,2.70,132.22
img_10973.npy,2.77,118.11
img_10974.npy,2.65,117.66
img_10975.npy,2.58,114.57
img_10976.npy,2.51,139.13
img_10977.npy,2.54,111.38
img_10978.npy,2.74,105.52
img_10979.npy,2.81,114.50
img_1098.npy,2.70,118.60
img_10980.npy,2.79,112.04
img_10981.npy,2.80,107.80
img_10982.npy,2.75,115.63
img_10983.npy,2.52,120.96
img_10984.npy,2.70,109.89
img_10985.npy,2.61,104.63
img_10986.npy,2.68,108.16
img_10987.npy,2.81,116.61
img_10988.npy,2.69,121.93
img_10989.npy,2.38,113.65
img_1099.npy,2.38,110.56
img_10990.npy,2.81,115.43
img_10991.npy,2.88,109.05
img_10992.npy,2.28,106.09
img_10993.npy,2.61,110.81
img_10994.npy,2.74,113.51
img_10995.npy,2.53,106.22
img_10996.npy,2.52,119.15
img_10997.npy,2.55,114.37
img_10998.npy,2.34,109.70
img_10999.npy,2.56,138.61
img_11.npy,2.49,111.00
img_110.npy,2.46,116.36
img_1100.npy,2.46,148.44
img_11000.npy,2.49,119.42
img_11001.npy,2.54,114.52
img_11002.npy,2.53,119.20
img_11003.npy,2.54,117.55
img_11004.npy,2.44,113.26
img_11005.npy,2.53,120.79
img_11006.npy,2.60,117.09
img_11007.npy,2.37,114.23
img_11008.npy,2.40,117.32
img_11009.npy,2.49,123.32
img_1101.npy,2.55,115.39
img_11010.npy,2.33,138.81
img_11011.npy,2.34,116.78
img_11012.npy,2.59,118.81
img_11013.npy,2.59,124.35
img_11014.npy,2.38,110.01
img_11015.npy,2.45,112.69
img_11016.npy,2.38,117.72
img_11017.npy,2.55,120.83
img_11018.npy,2.88,117.07
img_11019.npy,2.58,113.04
img_1102.npy,2.61,115.64
img_11020.npy,2.64,113.53
img_11021.npy,2.50,117.14
img_11022.npy,2.72,121.23
img_11023.npy,2.61,123.70
img_11024.npy,2.59,113.86
img_11025.npy,2.42,123.65
img_11026.npy,2.37,116.42
img_11027.npy,2.64,132.35
img_11028.npy,2.58,116.09
img_11029.npy,2.26,122.66
img_1103.npy,2.34,119.86
img_11030.npy,2.60,123.67
img_11031.npy,2.63,116.69
img_11032.npy,2.52,111.47
img_11033.npy,2.52,115.92
img_11034.npy,2.64,116.32
img_11035.npy,2.42,118.07
img_11036.npy,2.16,120.68
img_11037.npy,2.46,116.48
img_11038.npy,2.54,114.01
img_11039.npy,2.60,123.16
img_1104.npy,2.47,140.74
img_11040.npy,2.13,111.78
img_11041.npy,2.29,112.74
img_11042.npy,2.47,115.96
img_11043.npy,2.48,118.46
img_11044.npy,2.21,119.92
img_11045.npy,2.57,123.34
img_11046.npy,2.71,114.40
img_11047.npy,2.62,113.98
img_11048.npy,2.59,111.00
img_11049.npy,2.58,115.24
img_1105.npy,2.48,111.80
img_11050.npy,2.33,111.89
img_11051.npy,2.49,115.50
img_11052.npy,2.49,115.18
img_11053.npy,2.22,167.78
img_11054.npy,2.41,118.11
img_11055.npy,2.47,136.50
img_11056.npy,2.40,118.75
img_11057.npy,2.67,118.22
img_11058.npy,2.54,122.04
img_11059.npy,2.42,119.95
img_1106.npy,2.52,126.02
img_11060.npy,2.51,124.09
img_11061.npy,2.48,113.40
img_11062.npy,2.41,110.94
img_11063.npy,2.10,117.02
img_11064.npy,2.43,113.70
img_11065.npy,2.59,113.34
img_11066.npy,2.61,121.51
img_11067.npy,2.61,120.07
img_11068.npy,2.56,116.69
img_11069.npy,2.22,115.96
img_1107.npy,2.60,117.48
img_11070.npy,2.62,130.54
img_11071.npy,2.56,129.98
img_11072.npy,2.41,125.53
img_11073.npy,2.25,111.14
img_11074.npy,2.28,115.98
img_11075.npy,2.58,121.31
img_11076.npy,2.66,113.48
img_11077.npy,2.51,112.23
img_11078.npy,2.34,113.43
img_11079.npy,2.30,119.46
img_1108.npy,2.63,131.57
img_11080.npy,2.51,117.98
img_11081.npy,2.31,126.22
img_11082.npy,2.28,117.34
img_11083.npy,2.44,120.01
img_11084.npy,2.44,120.73
img_11085.npy,2.46,118.55
img_11086.npy,2.72,146.45
img_11087.npy,2.56,165.61
img_11088.npy,2.39,132.60
img_11089.npy,2.53,116.50
img_1109.npy,2.49,118.14
img_11090.npy,2.70,126.22
img_11091.npy,2.87,121.58
img_11092.npy,2.46,116.25
img_11093.npy,2.52,112.18
img_11094.npy,2.26,114.30
img_11095.npy,2.43,116.46
img_11096.npy,2.38,128.59
img_11097.npy,2.39,125.86
img_11098.npy,2.47,144.19
img_11099.npy,2.53,117.23
img_111.npy,2.48,112.50
img_1110.npy,2.35,110.91
img_11100.npy,2.48,113.80
img_11101.npy,2.43,118.73
img_11102.npy,2.39,117.03
img_11103.npy,2.44,113.72
img_11104.npy,2.22,111.99
img_11105.npy,2.21,127.86
img_11106.npy,2.64,141.82
img_11107.npy,2.34,116.87
img_11108.npy,2.48,112.81
img_11109.npy,2.38,111.52
img_1111.npy,2.32,113.79
img_11110.npy,2.36,114.42
img_11111.npy,2.44,112.31
img_11112.npy,2.24,138.95
img_11113.npy,2.25,118.22
img_11114.npy,2.14,114.41
img_11115.npy,2.43,115.36
img_11116.npy,2.20,115.58
img_11117.npy,2.49,111.92
img_11118.npy,2.43,110.08
img_11119.npy,2.66,122.34
img_1112.npy,2.44,113.98
img_11120.npy,2.50,134.32
img_11121.npy,2.34,115.33
img_11122.npy,2.71,130.35
img_11123.npy,2.57,116.86
img_11124.npy,2.52,118.50
img_11125.npy,2.54,118.08
img_11126.npy,2.63,162.60
img_11127.npy,2.64,119.08
img_11128.npy,2.44,112.12
img_11129.npy,2.64,118.61
img_1113.npy,2.51,115.98
img_11130.npy,2.32,121.57
img_11131.npy,2.51,122.23
img_11132.npy,2.55,153.53
img_11133.npy,2.52,146.74
img_11134.npy,2.33,117.57
img_11135.npy,2.40,112.24
img_11136.npy,2.34,113.77
img_11137.npy,2.53,123.00
img_11138.npy,2.88,119.18
img_11139.npy,2.54,122.36
img_1114.npy,2.52,117.55
img_11140.npy,2.49,116.63
img_11141.npy,2.53,116.58
img_11142.npy,2.53,120.61
img_11143.npy,2.27,114.13
img_11144.npy,2.65,117.87
img_11145.npy,2.60,124.25
img_11146.npy,2.51,129.23
img_11147.npy,2.50,122.16
img_11148.npy,2.25,119.25
img_11149.npy,2.50,121.89
img_1115.npy,2.66,116.59
img_11150.npy,2.58,116.48
img_11151.npy,2.59,119.35
img_11152.npy,2.77,117.04
img_11153.npy,2.80,113.88
img_11154.npy,2.49,112.93
img_11155.npy,2.46,122.44
img_11156.npy,2.52,129.98
img_11157.npy,2.50,115.58
img_11158.npy,2.70,116.00
img_11159.npy,2.60,121.68
img_1116.npy,2.69,127.23
img_11160.npy,2.63,141.35
img_11161.npy,2.50,119.60
img_11162.npy,2.53,146.13
img_11163.npy,2.59,133.87
img_11164.npy,2.21,117.52
img_11165.npy,2.58,144.67
img_11166.npy,2.34,117.43
img_11167.npy,2.33,117.65
img_11168.npy,2.53,144.43
img_11169.npy,2.72,113.73
img_1117.npy,2.33,113.21
img_11170.npy,2.41,118.80
img_11171.npy,2.33,115.89
img_11172.npy,2.53,116.48
img_11173.npy,2.25,108.93
img_11174.npy,2.23,117.25
img_11175.npy,2.22,118.80
img_11176.npy,2.24,115.52
img_11177.npy,2.23,112.54
img_11178.npy,2.20,116.28
img_11179.npy,2.25,119.02
img_1118.npy,2.22,111.50
img_11180.npy,2.22,148.46
img_11181.npy,2.15,118.17
img_11182.npy,2.22,114.21
img_11183.npy,2.16,112.93
img_11184.npy,2.14,112.71
img_11185.npy,2.16,133.33
img_11186.npy,2.64,113.64
img_11187.npy,2.27,113.58
img_11188.npy,2.09,115.65
img_11189.npy,2.34,111.35
img_1119.npy,2.46,116.95
img_11190.npy,2.39,116.41
img_11191.npy,2.19,116.73
img_11192.npy,2.61,121.69
img_11193.npy,2.45,112.68
img_11194.npy,2.42,122.00
img_11195.npy,2.44,115.66
img_11196.npy,2.30,113.33
img_11197.npy,2.45,116.64
img_11198.npy,2.40,117.70
img_11199.npy,2.51,119.79
img_112.npy,2.30,113.99
img_1120.npy,2.42,116.99
img_11200.npy,2.41,128.38
img_11201.npy,2.68,149.14
img_11202.npy,2.42,121.89
img_11203.npy,2.27,112.16
img_11204.npy,2.36,123.49
img_11205.npy,2.39,111.17
img_11206.npy,2.58,109.39
img_11207.npy,2.49,119.54
img_11208.npy,2.53,122.35
img_11209.npy,2.65,124.45
img_1121.npy,2.53,118.85
img_11210.npy,2.50,109.94
img_11211.npy,2.66,116.66
img_11212.npy,2.53,116.48
img_11213.npy,2.53,111.14
img_11214.npy,2.40,113.49
img_11215.npy,2.52,114.88
img_11216.npy,2.41,113.14
img_11217.npy,2.68,118.32
img_11218.npy,2.50,114.66
img_11219.npy,2.44,111.00
img_1122.npy,2.65,115.41
img_11220.npy,2.29,125.40
img_11221.npy,2.55,114.44
img_11222.npy,2.24,118.10
img_11223.npy,2.57,119.70
img_11224.npy,2.34,112.33
img_11225.npy,2.55,114.85
img_11226.npy,2.49,121.19
img_11227.npy,2.47,125.38
img_11228.npy,2.61,123.95
img_11229.npy,2.48,117.42
img_1123.npy,2.81,125.50
img_11230.npy,2.64,122.30
img_11231.npy,2.74,123.34
img_11232.npy,2.73,115.47
img_11233.npy,2.76,118.30
img_11234.npy,2.63,121.50
img_11235.npy,2.41,122.28
img_11236.npy,2.79,121.02
img_11237.npy,2.63,134.61
img_11238.npy,2.26,114.52
img_11239.npy,2.52,116.49
img_1124.npy,2.66,109.88
img_11240.npy,2.69,127.95
img_11241.npy,2.30,117.09
img_11242.npy,2.75,125.17
img_11243.npy,2.68,123.89
img_11244.npy,2.60,120.66
img_11245.npy,2.62,126.09
img_11246.npy,2.33,118.74
img_11247.npy,2.47,118.73
img_11248.npy,2.66,120.04
img_11249.npy,2.47,118.08
img_1125.npy,2.74,111.80
img_11250.npy,2.52,112.84
img_11251.npy,2.54,127.99
img_11252.npy,2.40,140.55
img_11253.npy,2.62,122.07
img_11254.npy,2.44,118.30
img_11255.npy,2.56,121.56
img_11256.npy,2.64,141.87
img_11257.npy,2.44,143.46
img_11258.npy,2.44,113.76
img_11259.npy,2.40,117.26
img_1126.npy,2.51,109.70
img_11260.npy,2.56,113.32
img_11261.npy,2.66,116.83
img_11262.npy,2.56,117.49
img_11263.npy,2.61,114.74
img_11264.npy,2.38,117.80
img_11265.npy,2.73,114.50
img_11266.npy,2.56,137.50
img_11267.npy,2.46,125.53
img_11268.npy,2.72,129.16
img_11269.npy,2.42,111.60
img_1127.npy,2.51,113.39
img_11270.npy,2.66,118.72
img_11271.npy,2.53,114.11
img_11272.npy,2.44,115.72
img_11273.npy,2.50,119.63
img_11274.npy,2.39,118.42
img_11275.npy,2.25,120.74
img_11276.npy,2.54,117.36
img_11277.npy,2.53,122.50
img_11278.npy,2.39,120.39
img_11279.npy,2.43,114.75
img_1128.npy,2.24,112.25
img_11280.npy,2.27,144.50
img_11281.npy,2.60,115.19
img_11282.npy,2.51,114.20
img_11283.npy,2.45,114.84
img_11284.npy,2.50,122.57
img_11285.npy,2.22,118.25
img_11286.npy,2.13,111.68
img_11287.npy,2.16,116.35
img_11288.npy,2.40,116.18
img_11289.npy,2.28,122.22
img_1129.npy,2.29,115.91
img_11290.npy,2.29,124.87
img_11291.npy,2.48,115.08
img_11292.npy,2.57,115.48
img_11293.npy,2.37,119.66
img_11294.npy,2.57,114.76
img_11295.npy,2.37,114.59
img_11296.npy,2.32,120.86
img_11297.npy,2.48,114.39
img_11298.npy,2.34,115.59
img_11299.npy,2.55,114.26
img_113.npy,2.06,114.57
img_1130.npy,2.25,118.03
img_11300.npy,2.01,114.00
img_11301.npy,2.13,111.64
img_11302.npy,2.16,111.55
img_11303.npy,2.08,113.77
img_11304.npy,2.20,107.99
img_11305.npy,2.01,106.61
img_11306.npy,2.10,110.61
img_11307.npy,2.15,119.70
img_11308.npy,2.27,111.12
img_11309.npy,2.00,112.96
img_1131.npy,2.35,123.97
img_11310.npy,2.18,129.63
img_11311.npy,2.20,119.79
img_11312.npy,2.09,114.93
img_11313.npy,2.21,108.15
img_11314.npy,2.11,111.02
img_11315.npy,2.40,110.48
img_11316.npy,2.23,127.42
img_11317.npy,2.46,115.16
img_11318.npy,2.14,116.12
img_11319.npy,2.23,113.28
img_1132.npy,2.16,114.04
img_11320.npy,2.30,125.02
img_11321.npy,2.28,143.89
img_11322.npy,2.16,112.78
img_11323.npy,2.34,122.87
img_11324.npy,2.36,128.82
img_11325.npy,2.35,110.48
img_11326.npy,2.22,111.98
img_11327.npy,2.28,115.64
img_11328.npy,2.22,116.95
img_11329.npy,2.30,119.94
img_1133.npy,2.48,115.22
img_11330.npy,2.29,117.68
img_11331.npy,2.27,111.45
img_11332.npy,2.35,115.43
img_11333.npy,2.17,113.87
img_11334.npy,2.31,116.04
img_11335.npy,2.53,116.16
img_11336.npy,2.33,119.08
img_11337.npy,2.27,111.39
img_11338.npy,2.29,124.25
img_11339.npy,2.19,118.74
img_1134.npy,2.55,116.42
img_11340.npy,2.39,128.57
img_11341.npy,2.53,125.75
img_11342.npy,2.50,122.45
img_11343.npy,2.33,123.70
img_11344.npy,2.51,120.85
img_11345.npy,2.48,125.75
img_11346.npy,2.50,127.84
img_11347.npy,2.40,121.88
img_11348.npy,2.37,117.09
img_11349.npy,2.26,118.05
img_1135.npy,2.56,129.22
img_11350.npy,2.41,113.62
img_11351.npy,2.45,120.02
img_11352.npy,2.54,114.11
img_11353.npy,2.36,112.29
img_11354.npy,2.30,114.66
img_11355.npy,2.46,110.98
img_11356.npy,2.22,111.05
img_11357.npy,2.44,110.41
img_11358.npy,2.39,108.62
img_11359.npy,2.33,115.90
img_1136.npy,2.41,116.85
img_11360.npy,2.58,110.95
img_11361.npy,2.59,120.57
img_11362.npy,2.34,118.54
img_11363.npy,2.53,116.95
img_11364.npy,2.45,118.70
img_11365.npy,2.44,127.23
img_11366.npy,2.65,130.80
img_11367.npy,2.31,123.04
img_11368.npy,2.43,115.78
img_11369.npy,2.81,117.28
img_1137.npy,2.39,115.86
img_11370.npy,2.37,107.23
img_11371.npy,2.27,115.45
img_11372.npy,2.27,116.59
img_11373.npy,2.62,128.56
img_11374.npy,2.40,117.11
img_11375.npy,2.27,121.61
img_11376.npy,2.37,113.39
img_11377.npy,2.49,116.31
img_11378.npy,2.38,114.87
img_11379.npy,2.39,119.49
img_1138.npy,2.57,150.94
img_11380.npy,2.48,124.25
img_11381.npy,2.35,136.54
img_11382.npy,2.36,122.89
img_11383.npy,2.32,110.89
img_11384.npy,2.46,121.87
img_11385.npy,2.12,113.76
img_11386.npy,2.64,112.91
img_11387.npy,2.69,123.67
img_11388.npy,2.33,116.69
img_11389.npy,2.44,133.25
img_1139.npy,2.40,113.25
img_11390.npy,2.41,127.93
img_11391.npy,2.48,123.10
img_11392.npy,2.36,119.54
img_11393.npy,2.25,112.04
img_11394.npy,2.37,116.61
img_11395.npy,2.34,116.64
img_11396.npy,2.55,117.39
img_11397.npy,2.55,113.84
img_11398.npy,2.52,116.70
img_11399.npy,2.57,121.86
img_114.npy,2.39,125.44
img_1140.npy,2.27,120.44
img_11400.npy,2.45,116.62
img_11401.npy,2.52,116.87
img_11402.npy,2.98,122.89
img_11403.npy,2.52,139.46
img_11404.npy,2.53,122.97
img_11405.npy,2.43,120.16
img_11406.npy,2.52,131.06
img_11407.npy,2.55,118.46
img_11408.npy,2.40,111.79
img_11409.npy,2.35,115.72
img_1141.npy,2.29,108.31
img_11410.npy,2.31,115.59
img_11411.npy,2.59,153.89
img_11412.npy,2.35,119.10
img_11413.npy,2.37,114.41
img_11414.npy,2.50,122.27
img_11415.npy,2.45,114.67
img_11416.npy,2.34,122.82
img_11417.npy,2.51,125.46
img_11418.npy,2.41,117.17
img_11419.npy,2.21,114.88
img_1142.npy,2.68,112.93
img_11420.npy,2.30,113.16
img_11421.npy,2.35,119.51
img_11422.npy,2.61,110.97
img_11423.npy,2.46,116.53
img_11424.npy,2.53,141.05
img_11425.npy,2.58,118.39
img_11426.npy,2.29,119.35
img_11427.npy,2.56,115.31
img_11428.npy,2.31,118.14
img_11429.npy,2.33,125.71
img_1143.npy,2.41,126.06
img_11430.npy,2.32,119.88
img_11431.npy,2.39,113.21
img_11432.npy,2.39,116.38
img_11433.npy,2.45,124.96
img_11434.npy,2.42,115.48
img_11435.npy,2.40,119.33
img_11436.npy,2.66,115.13
img_11437.npy,2.51,113.41
img_11438.npy,2.62,123.17
img_11439.npy,2.46,118.16
img_1144.npy,2.35,123.22
img_11440.npy,2.27,114.63
img_11441.npy,2.42,112.23
img_11442.npy,2.46,117.52
img_11443.npy,2.38,118.64
img_11444.npy,2.33,112.88
img_11445.npy,2.47,112.98
img_11446.npy,2.39,119.44
img_11447.npy,2.28,117.34
img_11448.npy,2.39,117.89
img_11449.npy,2.50,117.70
img_1145.npy,2.34,123.45
img_11450.npy,2.56,144.12
img_11451.npy,2.34,123.90
img_11452.npy,2.46,123.52
img_11453.npy,2.46,120.38
img_11454.npy,2.60,118.84
img_11455.npy,2.33,116.07
img_11456.npy,2.42,115.42
img_11457.npy,2.40,117.15
img_11458.npy,2.49,116.68
img_11459.npy,2.49,114.71
img_1146.npy,2.35,113.11
img_11460.npy,2.33,113.91
img_11461.npy,2.57,119.25
img_11462.npy,2.57,116.14
img_11463.npy,2.32,118.04
img_11464.npy,2.43,116.71
img_11465.npy,2.41,115.74
img_11466.npy,2.32,116.23
img_11467.npy,2.45,121.55
img_11468.npy,2.26,125.82
img_11469.npy,2.45,126.89
img_1147.npy,2.40,119.88
img_11470.npy,2.33,112.03
img_11471.npy,2.43,131.62
img_11472.npy,2.32,123.92
img_11473.npy,2.23,151.23
img_11474.npy,2.24,153.96
img_11475.npy,2.36,162.65
img_11476.npy,2.15,185.28
img_11477.npy,2.25,185.30
img_11478.npy,2.05,185.44
img_11479.npy,2.39,118.11
img_1148.npy,2.25,114.96
img_11480.npy,2.50,113.77
img_11481.npy,2.23,113.83
img_11482.npy,2.30,112.52
img_11483.npy,2.56,146.55
img_11484.npy,2.32,116.64
img_11485.npy,2.61,121.77
img_11486.npy,2.28,145.59
img_11487.npy,2.41,116.99
img_11488.npy,2.36,125.04
img_11489.npy,2.42,112.64
img_1149.npy,2.63,113.26
img_11490.npy,2.40,114.26
img_11491.npy,2.26,120.32
img_11492.npy,2.56,117.02
img_11493.npy,2.42,147.58
img_11494.npy,2.34,118.21
img_11495.npy,2.51,110.27
img_11496.npy,2.37,111.66
img_11497.npy,2.34,114.55
img_11498.npy,2.31,113.96
img_11499.npy,2.51,116.07
img_115.npy,2.27,111.50
img_1150.npy,2.52,121.86
img_11500.npy,2.34,110.70
img_11501.npy,2.49,149.01
img_11502.npy,2.32,113.93
img_11503.npy,2.57,118.78
img_11504.npy,2.30,113.97
img_11505.npy,2.68,121.96
img_11506.npy,2.83,120.57
img_11507.npy,2.43,119.95
img_11508.npy,2.53,114.35
img_11509.npy,2.46,119.93
img_1151.npy,2.51,111.42
img_11510.npy,2.34,115.90
img_11511.npy,2.25,114.46
img_11512.npy,2.37,120.59
img_11513.npy,2.41,121.26
img_11514.npy,2.31,123.25
img_11515.npy,2.39,114.38
img_11516.npy,2.41,116.86
img_11517.npy,2.36,125.90
img_11518.npy,2.45,112.66
img_11519.npy,2.29,115.05
img_1152.npy,2.40,118.79
img_11520.npy,2.52,115.25
img_11521.npy,2.34,110.14
img_11522.npy,2.24,112.86
img_11523.npy,2.65,112.07
img_11524.npy,2.44,112.35
img_11525.npy,2.36,115.67
img_11526.npy,2.60,120.05
img_11527.npy,2.41,124.07
img_11528.npy,2.27,120.19
img_11529.npy,2.51,121.97
img_1153.npy,2.53,120.85
img_11530.npy,2.35,119.03
img_11531.npy,2.40,121.06
img_11532.npy,2.49,123.59
img_11533.npy,2.34,122.43
img_11534.npy,2.42,116.58
img_11535.npy,2.34,114.04
img_11536.npy,2.27,114.68
img_11537.npy,2.53,121.99
img_11538.npy,2.47,121.55
img_11539.npy,2.61,119.12
img_1154.npy,2.45,120.44
img_11540.npy,2.67,114.30
img_11541.npy,2.45,114.13
img_11542.npy,2.41,139.29
img_11543.npy,2.38,113.98
img_11544.npy,2.40,119.49
img_11545.npy,2.44,114.20
img_11546.npy,2.34,115.37
img_11547.npy,2.51,114.89
img_11548.npy,2.45,118.94
img_11549.npy,2.42,117.04
img_1155.npy,2.63,125.77
img_11550.npy,2.40,111.10
img_11551.npy,2.24,114.70
img_11552.npy,2.64,120.38
img_11553.npy,2.36,116.28
img_11554.npy,2.46,120.08
img_11555.npy,2.51,116.49
img_11556.npy,2.39,116.30
img_11557.npy,2.50,118.08
img_11558.npy,2.79,111.98
img_11559.npy,2.61,116.78
img_1156.npy,2.62,123.92
img_11560.npy,2.56,113.91
img_11561.npy,2.41,116.56
img_11562.npy,2.49,122.33
img_11563.npy,2.24,110.58
img_11564.npy,2.53,117.04
img_11565.npy,2.44,129.23
img_11566.npy,2.50,122.47
img_11567.npy,2.31,120.02
img_11568.npy,2.40,111.16
img_11569.npy,2.62,123.07
img_1157.npy,2.61,137.04
img_11570.npy,2.70,123.22
img_11571.npy,2.44,116.71
img_11572.npy,2.49,118.03
img_11573.npy,2.55,134.62
img_11574.npy,2.42,119.09
img_11575.npy,2.85,112.12
img_11576.npy,2.41,111.32
img_11577.npy,2.32,111.60
img_11578.npy,2.50,112.91
img_11579.npy,2.33,113.13
img_1158.npy,2.54,110.99
img_11580.npy,2.59,113.02
img_11581.npy,2.50,116.93
img_11582.npy,2.48,114.78
img_11583.npy,2.42,120.96
img_11584.npy,2.42,115.23
img_11585.npy,2.62,136.63
img_11586.npy,2.49,120.89
img_11587.npy,2.34,112.54
img_11588.npy,2.13,111.31
img_11589.npy,2.46,115.12
img_1159.npy,2.40,115.39
img_11590.npy,2.49,117.82
img_11591.npy,2.45,111.93
img_11592.npy,2.38,117.55
img_11593.npy,2.74,115.91
img_11594.npy,2.55,112.65
img_11595.npy,2.35,111.69
img_11596.npy,2.58,119.09
img_11597.npy,2.20,109.31
img_11598.npy,2.35,114.55
img_11599.npy,2.67,112.37
img_116.npy,2.36,119.50
img_1160.npy,2.40,109.10
img_11600.npy,2.58,112.04
img_11601.npy,2.36,116.26
img_11602.npy,2.43,114.66
img_11603.npy,2.47,112.42
img_11604.npy,2.45,117.64
img_11605.npy,2.54,114.00
img_11606.npy,2.59,118.61
img_11607.npy,2.48,117.05
img_11608.npy,2.59,116.38
img_11609.npy,2.45,121.25
img_1161.npy,2.27,114.71
img_11610.npy,2.52,117.02
img_11611.npy,2.58,138.21
img_11612.npy,2.89,115.76
img_11613.npy,2.62,151.43
img_11614.npy,2.48,115.58
img_11615.npy,2.47,114.75
img_11616.npy,2.51,116.64
img_11617.npy,2.59,113.63
img_11618.npy,2.45,116.29
img_11619.npy,2.46,111.09
img_1162.npy,2.50,123.78
img_11620.npy,2.36,114.75
img_11621.npy,2.52,122.29
img_11622.npy,2.44,123.08
img_11623.npy,2.43,113.45
img_11624.npy,2.39,110.93
img_11625.npy,2.43,111.28
img_11626.npy,2.52,116.11
img_11627.npy,2.33,117.16
img_11628.npy,2.54,123.80
img_11629.npy,2.35,118.07
img_1163.npy,2.46,109.07
img_11630.npy,2.27,116.24
img_11631.npy,2.64,117.80
img_11632.npy,2.80,119.85
img_11633.npy,2.48,126.24
img_11634.npy,2.47,116.29
img_11635.npy,2.52,116.33
img_11636.npy,2.35,122.17
img_11637.npy,2.52,118.07
img_11638.npy,2.63,113.39
img_11639.npy,2.21,114.97
img_1164.npy,2.35,114.46
img_11640.npy,2.37,141.85
img_11641.npy,2.33,114.26
img_11642.npy,2.56,140.07
img_11643.npy,2.30,117.29
img_11644.npy,2.43,118.77
img_11645.npy,2.45,108.22
img_11646.npy,2.44,111.37
img_11647.npy,2.50,114.86
img_11648.npy,2.54,115.79
img_11649.npy,2.36,112.66
img_1165.npy,2.32,111.68
img_11650.npy,2.62,116.27
img_11651.npy,2.53,117.39
img_11652.npy,2.29,118.06
img_11653.npy,2.41,119.32
img_11654.npy,2.33,123.79
img_11655.npy,2.41,116.49
img_11656.npy,2.63,151.88
img_11657.npy,2.37,120.88
img_11658.npy,2.49,123.57
img_11659.npy,2.50,121.97
img_1166.npy,2.43,115.10
img_11660.npy,2.59,119.17
img_11661.npy,2.48,112.05
img_11662.npy,2.41,112.84
img_11663.npy,2.49,118.73
img_11664.npy,2.39,125.73
img_11665.npy,2.21,133.64
img_11666.npy,2.39,113.79
img_11667.npy,2.53,121.65
img_11668.npy,2.57,122.08
img_11669.npy,2.54,111.93
img_1167.npy,2.40,115.44
img_11670.npy,2.67,112.53
img_11671.npy,2.38,119.61
img_11672.npy,2.48,125.12
img_11673.npy,2.41,112.36
img_11674.npy,2.44,114.03
img_11675.npy,2.31,115.78
img_11676.npy,2.44,118.84
img_11677.npy,2.35,117.41
img_11678.npy,2.42,115.64
img_11679.npy,2.60,123.00
img_1168.npy,2.87,125.75
img_11680.npy,2.46,119.21
img_11681.npy,2.47,127.92
img_11682.npy,2.42,112.00
img_11683.npy,2.52,117.36
img_11684.npy,2.59,110.90
img_11685.npy,2.45,118.09
img_11686.npy,2.44,110.25
img_11687.npy,2.62,112.30
img_11688.npy,2.46,117.65
img_11689.npy,2.73,123.45
img_1169.npy,2.83,113.21
img_11690.npy,2.42,110.41
img_11691.npy,2.47,114.12
img_11692.npy,2.29,113.58
img_11693.npy,2.25,123.76
img_11694.npy,2.45,112.68
img_11695.npy,2.49,134.77
img_11696.npy,2.42,139.93
img_11697.npy,2.47,115.71
img_11698.npy,2.57,118.02
img_11699.npy,2.50,113.38
img_117.npy,2.55,111.49
img_1170.npy,2.46,113.98
img_11700.npy,2.44,118.01
img_11701.npy,2.33,107.34
img_11702.npy,2.52,109.96
img_11703.npy,2.59,112.89
img_11704.npy,2.64,114.45
img_11705.npy,2.55,120.91
img_11706.npy,2.48,111.10
img_11707.npy,2.71,126.00
img_11708.npy,2.60,114.86
img_11709.npy,2.62,120.88
img_1171.npy,2.41,114.82
img_11710.npy,2.40,121.97
img_11711.npy,2.46,112.51
img_11712.npy,2.52,124.39
img_11713.npy,2.47,113.97
img_11714.npy,2.73,128.80
img_11715.npy,2.43,125.98
img_11716.npy,2.39,124.68
img_11717.npy,2.50,111.33
img_11718.npy,2.74,122.82
img_11719.npy,2.60,129.73
img_1172.npy,2.51,114.32
img_11720.npy,2.32,110.78
img_11721.npy,2.41,114.64
img_11722.npy,2.53,111.60
img_11723.npy,2.33,118.09
img_11724.npy,2.56,122.16
img_11725.npy,2.69,116.34
img_11726.npy,2.70,112.46
img_11727.npy,2.48,112.30
img_11728.npy,2.51,115.39
img_11729.npy,2.38,114.30
img_1173.npy,2.57,110.30
img_11730.npy,2.49,123.55
img_11731.npy,2.41,114.48
img_11732.npy,2.63,120.95
img_11733.npy,2.57,117.12
img_11734.npy,2.36,117.11
img_11735.npy,2.43,118.53
img_11736.npy,2.52,120.39
img_11737.npy,2.70,119.94
img_11738.npy,2.40,116.23
img_11739.npy,2.43,132.39
img_1174.npy,2.70,111.23
img_11740.npy,2.58,121.73
img_11741.npy,2.54,117.15
img_11742.npy,2.44,112.10
img_11743.npy,2.59,120.50
img_11744.npy,2.77,110.81
img_11745.npy,2.48,111.57
img_11746.npy,2.37,116.97
img_11747.npy,2.52,117.28
img_11748.npy,2.71,125.21
img_11749.npy,2.51,113.80
img_1175.npy,2.38,120.33
img_11750.npy,2.67,161.45
img_11751.npy,2.40,114.50
img_11752.npy,2.36,120.01
img_11753.npy,2.56,127.37
img_11754.npy,2.42,116.33
img_11755.npy,2.50,123.54
img_11756.npy,2.49,114.31
img_11757.npy,2.37,116.76
img_11758.npy,2.43,114.86
img_11759.npy,2.58,121.61
img_1176.npy,2.54,131.19
img_11760.npy,2.58,132.36
img_11761.npy,2.29,117.47
img_11762.npy,2.66,114.91
img_11763.npy,2.48,116.36
img_11764.npy,2.43,128.68
img_11765.npy,2.54,124.09
img_11766.npy,2.33,123.50
img_11767.npy,2.51,119.39
img_11768.npy,2.33,111.77
img_11769.npy,2.56,112.54
img_1177.npy,2.56,111.41
img_11770.npy,2.38,115.12
img_11771.npy,2.44,109.46
img_11772.npy,2.38,112.90
img_11773.npy,2.46,114.48
img_11774.npy,2.36,122.62
img_11775.npy,2.53,123.22
img_11776.npy,2.35,116.10
img_11777.npy,2.34,115.73
img_11778.npy,2.72,128.69
img_11779.npy,3.00,110.54
img_1178.npy,2.85,116.95
img_11780.npy,3.07,115.66
img_11781.npy,2.91,110.14
img_11782.npy,3.02,120.27
img_11783.npy,2.61,111.45
img_11784.npy,2.36,111.30
img_11785.npy,2.41,116.20
img_11786.npy,2.47,125.14
img_11787.npy,2.49,121.56
img_11788.npy,2.26,115.09
img_11789.npy,2.35,116.35
img_1179.npy,2.39,120.10
img_11790.npy,2.25,112.55
img_11791.npy,2.52,114.95
img_11792.npy,2.49,117.46
img_11793.npy,2.38,117.06
img_11794.npy,2.40,117.48
img_11795.npy,2.45,141.29
img_11796.npy,2.51,132.11
img_11797.npy,2.59,123.30
img_11798.npy,2.69,115.46
img_11799.npy,2.64,110.74
img_118.npy,2.35,114.30
img_1180.npy,2.41,110.94
img_11800.npy,2.54,115.72
img_11801.npy,2.24,111.32
img_11802.npy,2.43,112.41
img_11803.npy,2.64,115.34
img_11804.npy,2.55,118.57
img_11805.npy,2.51,142.96
img_11806.npy,2.41,113.01
img_11807.npy,2.30,115.90
img_11808.npy,2.42,118.28
img_11809.npy,2.66,123.29
img_1181.npy,2.35,118.30
img_11810.npy,2.29,121.97
img_11811.npy,2.57,115.34
img_11812.npy,2.37,116.37
img_11813.npy,2.52,115.85
img_11814.npy,2.22,140.77
img_11815.npy,2.45,114.05
img_11816.npy,2.76,110.59
img_11817.npy,2.36,110.84
img_11818.npy,2.19,116.93
img_11819.npy,2.31,112.24
img_1182.npy,2.32,114.02
img_11820.npy,2.31,123.56
img_11821.npy,2.18,115.41
img_11822.npy,2.33,112.23
img_11823.npy,2.22,119.34
img_11824.npy,2.24,121.90
img_11825.npy,2.03,115.21
img_11826.npy,2.17,111.68
img_11827.npy,2.33,113.30
img_11828.npy,2.23,117.90
img_11829.npy,2.31,119.23
img_1183.npy,2.20,112.35
img_11830.npy,2.18,113.46
img_11831.npy,2.57,116.04
img_11832.npy,2.21,112.66
img_11833.npy,2.22,111.80
img_11834.npy,2.28,115.09
img_11835.npy,2.62,117.72
img_11836.npy,2.21,116.88
img_11837.npy,2.18,113.79
img_11838.npy,2.33,118.33
img_11839.npy,2.28,125.53
img_1184.npy,2.26,117.55
img_11840.npy,2.24,123.51
img_11841.npy,2.13,117.39
img_11842.npy,2.32,115.36
img_11843.npy,2.24,117.83
img_11844.npy,2.21,121.53
img_11845.npy,2.28,123.86
img_11846.npy,2.23,119.97
img_11847.npy,2.25,116.21
img_11848.npy,2.17,113.18
img_11849.npy,2.13,115.07
img_1185.npy,2.33,109.34
img_11850.npy,2.11,112.11
img_11851.npy,2.29,113.62
img_11852.npy,2.51,124.80
img_11853.npy,2.17,122.06
img_11854.npy,2.20,122.70
img_11855.npy,2.69,115.54
img_11856.npy,2.15,119.71
img_11857.npy,2.29,120.30
img_11858.npy,2.07,116.07
img_11859.npy,2.08,115.05
img_1186.npy,2.20,115.26
img_11860.npy,2.13,111.51
img_11861.npy,2.03,110.71
img_11862.npy,2.13,123.32
img_11863.npy,2.18,113.41
img_11864.npy,1.96,114.15
img_11865.npy,2.03,117.19
img_11866.npy,2.17,119.12
img_11867.npy,2.10,124.46
img_11868.npy,2.32,120.11
img_11869.npy,2.17,116.55
img_1187.npy,2.16,121.61
img_11870.npy,2.22,119.05
img_11871.npy,2.13,115.65
img_11872.npy,2.18,123.75
img_11873.npy,2.16,118.25
img_11874.npy,2.18,118.88
img_11875.npy,2.20,122.71
img_11876.npy,2.33,139.27
img_11877.npy,2.01,116.90
img_11878.npy,2.20,118.43
img_11879.npy,2.22,115.25
img_1188.npy,2.28,126.54
img_11880.npy,2.22,114.69
img_11881.npy,2.05,123.95
img_11882.npy,2.08,116.58
img_11883.npy,2.14,118.53
img_11884.npy,2.08,119.76
img_11885.npy,2.18,118.20
img_11886.npy,2.13,112.94
img_11887.npy,2.04,113.10
img_11888.npy,2.04,117.03
img_11889.npy,2.05,121.04
img_1189.npy,2.11,126.58
img_11890.npy,2.11,121.11
img_11891.npy,1.96,115.02
img_11892.npy,2.08,117.74
img_11893.npy,2.20,114.47
img_11894.npy,2.21,114.55
img_11895.npy,2.16,119.88
img_11896.npy,2.16,120.24
img_11897.npy,2.45,120.52
img_11898.npy,1.90,114.69
img_11899.npy,2.13,116.71
img_119.npy,2.22,122.72
img_1190.npy,2.04,115.62
img_11900.npy,2.18,117.86
img_11901.npy,2.06,115.50
img_11902.npy,2.21,121.53
img_11903.npy,2.11,113.55
img_11904.npy,2.12,114.61
img_11905.npy,2.16,115.85
img_11906.npy,2.28,127.25
img_11907.npy,1.92,119.03
img_11908.npy,2.09,119.82
img_11909.npy,2.04,114.68
img_1191.npy,1.98,114.51
img_11910.npy,2.23,123.29
img_11911.npy,2.09,116.73
img_11912.npy,2.00,116.02
img_11913.npy,2.23,114.29
img_11914.npy,2.10,114.35
img_11915.npy,2.02,111.91
img_11916.npy,2.15,121.45
img_11917.npy,2.51,112.85
img_11918.npy,2.00,110.01
img_11919.npy,2.21,127.57
img_1192.npy,2.07,119.93
img_11920.npy,2.00,116.17
img_11921.npy,2.20,122.73
img_11922.npy,2.10,120.57
img_11923.npy,2.11,116.48
img_11924.npy,1.98,122.29
img_11925.npy,2.08,112.50
img_11926.npy,2.00,118.99
img_11927.npy,2.15,118.40
img_11928.npy,2.07,117.74
img_11929.npy,1.97,114.49
img_1193.npy,2.14,113.93
img_11930.npy,1.97,107.33
img_11931.npy,2.08,110.58
img_11932.npy,2.16,112.00
img_11933.npy,2.05,114.72
img_11934.npy,1.98,112.06
img_11935.npy,2.25,115.17
img_11936.npy,2.15,111.12
img_11937.npy,2.17,117.64
img_11938.npy,2.38,113.38
img_11939.npy,2.10,118.45
img_1194.npy,2.12,119.17
img_11940.npy,2.04,114.10
img_11941.npy,2.00,119.25
img_11942.npy,2.25,114.04
img_11943.npy,2.09,113.51
img_11944.npy,2.02,110.52
img_11945.npy,2.17,113.26
img_11946.npy,2.18,120.17
img_11947.npy,2.13,121.32
img_11948.npy,2.11,123.04
img_11949.npy,2.25,121.98
img_1195.npy,1.98,117.00
img_11950.npy,2.07,114.86
img_11951.npy,2.01,114.05
img_11952.npy,2.16,116.88
img_11953.npy,1.99,115.28
img_11954.npy,1.96,117.70
img_11955.npy,2.05,113.49
img_11956.npy,2.08,114.27
img_11957.npy,1.94,114.26
img_11958.npy,2.15,114.25
img_11959.npy,2.52,127.18
img_1196.npy,2.16,141.04
img_11960.npy,2.06,118.45
img_11961.npy,2.31,119.09
img_11962.npy,2.08,115.18
img_11963.npy,2.13,114.08
img_11964.npy,2.17,120.46
img_11965.npy,2.07,118.27
img_11966.npy,2.11,117.70
img_11967.npy,2.27,115.85
img_11968.npy,2.10,121.48
img_11969.npy,2.30,128.84
img_1197.npy,2.18,113.18
img_11970.npy,2.11,115.24
img_11971.npy,2.15,118.87
img_11972.npy,2.11,122.12
img_11973.npy,2.05,125.70
img_11974.npy,2.22,119.75
img_11975.npy,2.18,118.08
img_11976.npy,2.20,118.88
img_11977.npy,2.20,117.40
img_11978.npy,2.14,121.09
img_11979.npy,2.37,126.69
img_1198.npy,2.55,112.33
img_11980.npy,2.19,115.90
img_11981.npy,2.28,124.39
img_11982.npy,2.17,119.19
img_11983.npy,2.19,121.32
img_11984.npy,2.10,116.03
img_11985.npy,2.04,114.29
img_11986.npy,2.08,116.69
img_11987.npy,2.18,114.91
img_11988.npy,2.08,115.20
img_11989.npy,2.17,117.35
img_1199.npy,2.20,121.22
img_11990.npy,2.08,115.72
img_11991.npy,1.94,113.43
img_11992.npy,2.12,118.82
img_11993.npy,1.96,124.61
img_11994.npy,2.15,122.02
img_11995.npy,2.16,121.94
img_11996.npy,2.05,116.43
img_11997.npy,2.16,123.89
img_11998.npy,2.18,120.62
img_11999.npy,2.01,120.81
img_12.npy,2.42,115.04
img_120.npy,2.26,127.71
img_1200.npy,2.15,125.57
img_12000.npy,2.20,118.53
img_12001.npy,2.07,111.16
img_12002.npy,2.16,122.46
img_12003.npy,2.23,123.00
img_12004.npy,2.13,121.84
img_12005.npy,2.12,117.36
img_12006.npy,2.04,115.39
img_12007.npy,2.04,120.92
img_12008.npy,2.08,112.84
img_12009.npy,2.17,123.20
img_1201.npy,2.21,129.69
img_12010.npy,2.08,110.95
img_12011.npy,2.19,115.88
img_12012.npy,2.07,118.83
img_12013.npy,2.15,116.94
img_12014.npy,2.01,121.31
img_12015.npy,2.17,114.63
img_12016.npy,2.24,126.25
img_12017.npy,1.93,119.02
img_12018.npy,2.22,119.85
img_12019.npy,2.55,115.96
img_1202.npy,2.14,116.77
img_12020.npy,2.16,116.14
img_12021.npy,2.17,112.97
img_12022.npy,2.10,117.87
img_12023.npy,2.24,123.94
img_12024.npy,2.15,118.34
img_12025.npy,2.05,113.07
img_12026.npy,2.16,112.62
img_12027.npy,2.10,117.02
img_12028.npy,1.97,119.86
img_12029.npy,2.11,127.22
img_1203.npy,2.12,115.34
img_12030.npy,2.10,115.07
img_12031.npy,2.19,115.48
img_12032.npy,1.99,113.98
img_12033.npy,2.08,113.67
img_12034.npy,2.24,113.40
img_12035.npy,2.12,118.25
img_12036.npy,2.17,118.70
img_12037.npy,2.24,116.17
img_12038.npy,2.07,119.40
img_12039.npy,2.31,121.43
img_1204.npy,2.35,115.52
img_12040.npy,1.98,113.31
img_12041.npy,2.10,119.50
img_12042.npy,2.16,120.97
img_12043.npy,2.10,121.44
img_12044.npy,2.18,123.18
img_12045.npy,2.21,124.11
img_12046.npy,2.00,118.45
img_12047.npy,2.19,119.93
img_12048.npy,2.01,117.46
img_12049.npy,2.01,114.91
img_1205.npy,2.15,121.35
img_12050.npy,2.05,121.77
img_12051.npy,1.96,114.14
img_12052.npy,2.19,123.09
img_12053.npy,2.09,126.43
img_12054.npy,2.01,116.48
img_12055.npy,2.27,120.68
img_12056.npy,2.13,118.43
img_12057.npy,2.00,114.72
img_12058.npy,2.18,122.82
img_12059.npy,2.08,125.91
img_1206.npy,2.32,121.02
img_12060.npy,2.40,115.08
img_12061.npy,1.88,111.56
img_12062.npy,1.94,118.61
img_12063.npy,2.10,117.18
img_12064.npy,2.13,121.61
img_12065.npy,2.08,118.05
img_12066.npy,2.21,117.02
img_12067.npy,2.09,121.03
img_12068.npy,2.12,115.41
img_12069.npy,2.14,116.61
img_1207.npy,2.13,116.70
img_12070.npy,2.15,120.48
img_12071.npy,2.25,129.61
img_12072.npy,1.85,115.59
img_12073.npy,1.98,115.10
img_12074.npy,2.09,122.27
img_12075.npy,2.18,113.89
img_12076.npy,2.20,119.97
img_12077.npy,2.01,121.31
img_12078.npy,2.03,113.57
img_12079.npy,2.03,112.34
img_1208.npy,2.03,114.50
img_12080.npy,2.34,118.71
img_12081.npy,2.15,112.95
img_12082.npy,2.10,118.48
img_12083.npy,2.03,117.10
img_12084.npy,2.19,120.39
img_12085.npy,2.24,121.42
img_12086.npy,2.14,128.95
img_12087.npy,2.21,121.96
img_12088.npy,2.02,116.08
img_12089.npy,2.08,123.89
img_1209.npy,2.12,115.69
img_12090.npy,2.16,120.46
img_12091.npy,2.09,114.31
img_12092.npy,2.17,117.66
img_12093.npy,2.01,114.39
img_12094.npy,2.07,114.80
img_12095.npy,2.16,116.27
img_12096.npy,2.11,115.93
img_12097.npy,2.12,121.72
img_12098.npy,2.12,123.09
img_12099.npy,2.08,117.12
img_121.npy,1.99,118.45
img_1210.npy,2.02,121.49
img_12100.npy,2.41,116.67
img_12101.npy,2.09,111.91
img_12102.npy,2.14,116.18
img_12103.npy,2.01,119.80
img_12104.npy,2.09,119.21
img_12105.npy,2.09,118.38
img_12106.npy,2.09,121.28
img_12107.npy,2.07,119.35
img_12108.npy,2.16,126.36
img_12109.npy,2.01,121.20
img_1211.npy,2.21,119.74
img_12110.npy,2.18,119.02
img_12111.npy,2.13,122.16
img_12112.npy,2.09,120.20
img_12113.npy,2.11,116.91
img_12114.npy,2.04,120.06
img_12115.npy,2.09,119.75
img_12116.npy,2.13,120.94
img_12117.npy,2.03,118.22
img_12118.npy,2.04,116.12
img_12119.npy,2.06,119.76
img_1212.npy,2.04,115.83
img_12120.npy,2.12,125.56
img_12121.npy,2.27,114.61
img_12122.npy,2.02,121.11
img_12123.npy,2.13,122.82
img_12124.npy,2.16,118.11
img_12125.npy,2.02,118.66
img_12126.npy,1.95,116.00
img_12127.npy,2.04,116.73
img_12128.npy,2.06,117.67
img_12129.npy,2.06,116.17
img_1213.npy,2.09,122.47
img_12130.npy,2.15,118.32
img_12131.npy,2.02,114.81
img_12132.npy,2.12,119.24
img_12133.npy,2.14,128.81
img_12134.npy,2.14,120.53
img_12135.npy,2.01,115.44
img_12136.npy,1.97,115.06
img_12137.npy,2.13,117.08
img_12138.npy,2.14,124.57
img_12139.npy,2.05,114.61
img_1214.npy,2.11,121.79
img_12140.npy,2.05,117.18
img_12141.npy,2.10,112.59
img_12142.npy,2.21,117.80
img_12143.npy,2.09,117.30
img_12144.npy,2.06,121.71
img_12145.npy,2.19,121.58
img_12146.npy,1.95,124.80
img_12147.npy,1.91,113.95
img_12148.npy,1.99,113.83
img_12149.npy,2.09,123.58
img_1215.npy,2.12,117.66
img_12150.npy,1.97,120.25
img_12151.npy,2.07,117.32
img_12152.npy,2.16,118.09
img_12153.npy,2.08,116.07
img_12154.npy,2.07,122.76
img_12155.npy,2.09,112.94
img_12156.npy,2.05,119.60
img_12157.npy,2.06,117.19
img_12158.npy,2.08,125.06
img_12159.npy,2.05,113.42
img_1216.npy,2.15,117.20
img_12160.npy,2.08,122.57
img_12161.npy,2.07,116.50
img_12162.npy,2.07,123.12
img_12163.npy,2.32,122.31
img_12164.npy,2.39,119.57
img_12165.npy,2.17,118.30
img_12166.npy,2.08,123.39
img_12167.npy,2.07,118.66
img_12168.npy,2.16,117.96
img_12169.npy,2.19,125.30
img_1217.npy,2.16,128.52
img_12170.npy,2.12,120.79
img_12171.npy,2.12,125.30
img_12172.npy,2.07,120.42
img_12173.npy,2.17,118.55
img_12174.npy,2.17,117.44
img_12175.npy,2.05,114.82
img_12176.npy,2.07,116.93
img_12177.npy,1.97,117.15
img_12178.npy,2.06,112.97
img_12179.npy,2.15,115.19
img_1218.npy,2.06,118.45
img_12180.npy,2.12,116.57
img_12181.npy,2.07,114.75
img_12182.npy,2.07,116.02
img_12183.npy,2.16,117.41
img_12184.npy,2.43,115.04
img_12185.npy,1.98,115.46
img_12186.npy,2.09,113.27
img_12187.npy,1.98,118.71
img_12188.npy,2.09,115.04
img_12189.npy,2.21,117.46
img_1219.npy,2.10,113.98
img_12190.npy,2.07,114.79
img_12191.npy,2.16,114.60
img_12192.npy,2.08,114.14
img_12193.npy,2.02,116.60
img_12194.npy,2.14,125.79
img_12195.npy,1.79,117.33
img_12196.npy,2.01,112.18
img_12197.npy,2.01,120.57
img_12198.npy,2.03,113.79
img_12199.npy,2.10,117.21
img_122.npy,2.03,122.20
img_1220.npy,2.11,115.91
img_12200.npy,2.06,114.18
img_12201.npy,2.10,113.20
img_12202.npy,2.03,112.95
img_12203.npy,2.02,119.48
img_12204.npy,2.44,121.18
img_12205.npy,2.19,118.90
img_12206.npy,2.11,125.40
img_12207.npy,1.95,118.52
img_12208.npy,2.07,118.43
img_12209.npy,2.05,114.43
img_1221.npy,2.00,112.83
img_12210.npy,1.95,118.30
img_12211.npy,2.10,115.88
img_12212.npy,2.05,119.00
img_12213.npy,2.06,118.43
img_12214.npy,1.96,122.25
img_12215.npy,2.05,120.78
img_12216.npy,2.09,114.98
img_12217.npy,2.07,116.13
img_12218.npy,1.98,112.06
img_12219.npy,2.09,121.72
img_1222.npy,2.14,114.30
img_12220.npy,2.01,118.67
img_12221.npy,1.99,117.43
img_12222.npy,2.11,112.96
img_12223.npy,2.10,116.46
img_12224.npy,2.11,121.61
img_12225.npy,2.17,118.89
img_12226.npy,2.31,114.26
img_12227.npy,1.93,113.75
img_12228.npy,2.05,115.76
img_12229.npy,2.11,118.97
img_1223.npy,2.10,117.06
img_12230.npy,2.13,116.70
img_12231.npy,2.05,116.00
img_12232.npy,2.05,114.23
img_12233.npy,2.05,118.57
img_12234.npy,1.96,113.48
img_12235.npy,2.07,112.88
img_12236.npy,2.15,115.98
img_12237.npy,2.07,118.60
img_12238.npy,2.05,117.23
img_12239.npy,1.88,116.93
img_1224.npy,1.91,115.28
img_12240.npy,2.03,118.95
img_12241.npy,2.03,113.80
img_12242.npy,2.02,116.00
img_12243.npy,2.04,117.30
img_12244.npy,2.04,114.40
img_12245.npy,2.04,114.56
img_12246.npy,2.06,111.21
img_12247.npy,2.49,115.28
img_12248.npy,1.93,115.89
img_12249.npy,2.13,120.18
img_1225.npy,2.00,115.42
img_12250.npy,2.02,116.65
img_12251.npy,2.03,120.82
img_12252.npy,1.95,121.00
img_12253.npy,1.92,113.86
img_12254.npy,2.09,116.25
img_12255.npy,2.10,128.68
img_12256.npy,2.09,112.47
img_12257.npy,2.15,128.65
img_12258.npy,2.04,128.98
img_12259.npy,2.03,113.65
img_1226.npy,2.04,122.12
img_12260.npy,2.03,120.35
img_12261.npy,2.12,113.94
img_12262.npy,2.08,118.58
img_12263.npy,2.02,117.18
img_12264.npy,2.05,114.17
img_12265.npy,2.10,114.05
img_12266.npy,2.20,114.50
img_12267.npy,2.02,121.45
img_12268.npy,2.43,119.93
img_12269.npy,1.99,112.30
img_1227.npy,1.93,113.85
img_12270.npy,2.02,117.43
img_12271.npy,1.92,120.75
img_12272.npy,2.08,121.60
img_12273.npy,2.04,120.18
img_12274.npy,1.95,119.98
img_12275.npy,2.07,118.85
img_12276.npy,2.08,115.11
img_12277.npy,2.10,119.46
img_12278.npy,2.11,123.61
img_12279.npy,2.08,126.13
img_1228.npy,2.10,114.32
img_12280.npy,2.00,114.29
img_12281.npy,2.04,121.89
img_12282.npy,2.04,120.24
img_12283.npy,2.09,119.85
img_12284.npy,2.10,119.53
img_12285.npy,2.04,122.00
img_12286.npy,2.10,123.45
img_12287.npy,2.12,128.50
img_12288.npy,2.12,123.27
img_12289.npy,2.43,121.57
img_1229.npy,2.31,140.73
img_12290.npy,2.07,124.48
img_12291.npy,2.11,119.70
img_12292.npy,2.09,118.25
img_12293.npy,2.13,115.93
img_12294.npy,1.95,117.13
img_12295.npy,2.12,115.63
img_12296.npy,2.08,117.66
img_12297.npy,2.05,117.57
img_12298.npy,2.08,117.38
img_12299.npy,2.13,114.10
img_123.npy,2.03,128.04
img_1230.npy,2.09,119.99
img_12300.npy,2.08,117.54
img_12301.npy,2.13,119.16
img_12302.npy,2.01,119.06
img_12303.npy,1.81,117.71
img_12304.npy,1.92,114.79
img_12305.npy,1.98,116.46
img_12306.npy,1.91,125.56
img_12307.npy,1.91,118.89
img_12308.npy,2.03,119.43
img_12309.npy,2.04,125.53
img_1231.npy,2.26,113.65
img_12310.npy,1.85,114.24
img_12311.npy,1.89,114.86
img_12312.npy,1.99,115.04
img_12313.npy,1.90,115.92
img_12314.npy,1.96,117.02
img_12315.npy,1.94,115.73
img_12316.npy,1.93,122.54
img_12317.npy,1.90,126.91
img_12318.npy,1.85,119.38
img_12319.npy,1.91,118.91
img_1232.npy,1.89,119.81
img_12320.npy,1.88,122.92
img_12321.npy,1.94,117.87
img_12322.npy,1.88,123.08
img_12323.npy,1.93,120.12
img_12324.npy,1.89,119.32
img_12325.npy,1.88,118.35
img_12326.npy,1.78,117.10
img_12327.npy,1.78,116.96
img_12328.npy,1.93,118.38
img_12329.npy,1.97,121.21
img_1233.npy,1.95,121.50
img_12330.npy,2.00,122.59
img_12331.npy,2.05,122.64
img_12332.npy,2.34,116.71
img_12333.npy,1.94,119.49
img_12334.npy,1.85,113.43
img_12335.npy,1.94,117.90
img_12336.npy,1.88,114.05
img_12337.npy,1.92,114.54
img_12338.npy,1.94,121.39
img_12339.npy,1.97,119.82
img_1234.npy,1.89,117.60
img_12340.npy,1.93,121.30
img_12341.npy,1.87,117.50
img_12342.npy,1.88,122.48
img_12343.npy,1.96,118.41
img_12344.npy,1.94,123.59
img_12345.npy,1.90,129.73
img_12346.npy,1.95,123.52
img_12347.npy,1.90,117.30
img_12348.npy,1.83,122.43
img_12349.npy,1.75,123.63
img_1235.npy,1.88,115.93
img_12350.npy,1.88,124.26
img_12351.npy,2.03,121.46
img_12352.npy,2.03,129.24
img_12353.npy,1.82,126.02
img_12354.npy,2.19,125.75
img_12355.npy,2.05,116.65
img_12356.npy,1.87,117.21
img_12357.npy,1.91,127.24
img_12358.npy,1.97,118.82
img_12359.npy,2.00,123.71
img_1236.npy,1.95,115.62
img_12360.npy,2.00,120.32
img_12361.npy,1.99,117.13
img_12362.npy,1.88,127.53
img_12363.npy,1.97,111.51
img_12364.npy,1.94,123.63
img_12365.npy,1.91,120.17
img_12366.npy,1.95,114.23
img_12367.npy,1.91,122.50
img_12368.npy,1.91,126.24
img_12369.npy,1.80,120.61
img_1237.npy,1.89,119.48
img_12370.npy,1.84,119.18
img_12371.npy,1.91,115.24
img_12372.npy,1.99,129.81
img_12373.npy,1.99,117.89
img_12374.npy,1.92,120.54
img_12375.npy,2.00,118.39
img_12376.npy,1.89,117.13
img_12377.npy,2.21,113.93
img_12378.npy,1.84,117.55
img_12379.npy,1.92,111.82
img_1238.npy,1.97,113.62
img_12380.npy,1.86,118.36
img_12381.npy,1.88,112.40
img_12382.npy,1.97,117.36
img_12383.npy,1.89,117.70
img_12384.npy,1.90,118.34
img_12385.npy,1.91,116.12
img_12386.npy,1.98,114.22
img_12387.npy,2.01,121.36
img_12388.npy,1.96,121.54
img_12389.npy,1.88,121.64
img_1239.npy,1.98,116.46
img_12390.npy,1.98,122.30
img_12391.npy,1.94,116.93
img_12392.npy,1.83,116.23
img_12393.npy,1.78,112.37
img_12394.npy,1.87,113.00
img_12395.npy,1.87,116.78
img_12396.npy,1.93,113.70
img_12397.npy,1.89,116.07
img_12398.npy,1.93,118.59
img_12399.npy,2.00,123.04
img_124.npy,2.25,116.26
img_1240.npy,1.96,123.89
img_12400.npy,1.96,122.65
img_12401.npy,1.85,117.66
img_12402.npy,1.94,112.91
img_12403.npy,1.95,117.76
img_12404.npy,1.96,115.60
img_12405.npy,1.95,119.05
img_12406.npy,1.91,111.66
img_12407.npy,1.85,114.42
img_12408.npy,1.92,123.83
img_12409.npy,1.95,122.93
img_1241.npy,1.73,117.06
img_12410.npy,1.85,116.40
img_12411.npy,1.91,113.73
img_12412.npy,1.96,120.99
img_12413.npy,1.95,120.55
img_12414.npy,1.98,120.98
img_12415.npy,1.73,118.70
img_12416.npy,1.91,119.63
img_12417.npy,2.00,121.82
img_12418.npy,1.90,119.46
img_12419.npy,1.83,114.53
img_1242.npy,1.94,121.52
img_12420.npy,1.95,114.96
img_12421.npy,2.35,117.97
img_12422.npy,1.96,123.11
img_12423.npy,1.87,128.22
img_12424.npy,1.87,121.60
img_12425.npy,1.73,117.57
img_12426.npy,1.90,118.90
img_12427.npy,1.96,122.20
img_12428.npy,1.94,116.32
img_12429.npy,1.94,121.28
img_1243.npy,1.92,122.20
img_12430.npy,1.98,115.48
img_12431.npy,1.88,116.48
img_12432.npy,1.86,118.05
img_12433.npy,1.86,114.22
img_12434.npy,1.89,118.67
img_12435.npy,1.99,123.16
img_12436.npy,1.84,124.82
img_12437.npy,1.86,119.79
img_12438.npy,1.84,121.63
img_12439.npy,1.91,124.80
img_1244.npy,1.90,116.94
img_12440.npy,2.02,126.72
img_12441.npy,1.93,120.25
img_12442.npy,1.91,118.69
img_12443.npy,1.89,117.87
img_12444.npy,1.97,114.88
img_12445.npy,1.89,117.24
img_12446.npy,1.88,116.85
img_12447.npy,1.83,114.82
img_12448.npy,1.80,121.78
img_12449.npy,1.94,120.35
img_1245.npy,2.15,121.75
img_12450.npy,2.50,117.51
img_12451.npy,1.95,121.39
img_12452.npy,1.87,123.15
img_12453.npy,1.85,115.80
img_12454.npy,2.01,119.07
img_12455.npy,1.96,122.96
img_12456.npy,1.95,121.38
img_12457.npy,1.95,116.59
img_12458.npy,1.92,117.60
img_12459.npy,1.97,123.03
img_1246.npy,1.92,121.38
img_12460.npy,2.05,141.56
img_12461.npy,1.90,120.28
img_12462.npy,1.91,118.85
img_12463.npy,1.94,117.34
img_12464.npy,1.96,117.59
img_12465.npy,1.94,121.27
img_12466.npy,1.96,116.61
img_12467.npy,1.96,125.58
img_12468.npy,1.91,120.02
img_12469.npy,1.92,118.78
img_1247.npy,2.03,122.18
img_12470.npy,1.92,116.68
img_12471.npy,1.99,121.18
img_12472.npy,1.91,127.93
img_12473.npy,1.94,125.50
img_12474.npy,1.81,120.89
img_12475.npy,1.97,119.12
img_12476.npy,1.92,116.77
img_12477.npy,1.91,119.59
img_12478.npy,2.49,116.33
img_12479.npy,1.90,109.56
img_1248.npy,1.90,116.94
img_12480.npy,1.89,124.64
img_12481.npy,1.88,119.22
img_12482.npy,1.80,122.04
img_12483.npy,1.84,116.40
img_12484.npy,1.82,118.42
img_12485.npy,1.95,123.05
img_12486.npy,1.93,124.83
img_12487.npy,1.86,113.58
img_12488.npy,1.89,120.50
img_12489.npy,1.92,123.01
img_1249.npy,1.95,126.06
img_12490.npy,1.87,116.66
img_12491.npy,1.79,115.49
img_12492.npy,1.86,124.09
img_12493.npy,1.93,123.64
img_12494.npy,1.93,117.52
img_12495.npy,1.76,119.70
img_12496.npy,1.95,116.06
img_12497.npy,1.93,116.81
img_12498.npy,1.95,118.30
img_12499.npy,1.87,123.68
img_125.npy,1.95,118.79
img_1250.npy,2.01,125.96
img_12500.npy,1.92,125.58
img_12501.npy,1.81,118.64
img_12502.npy,1.82,118.12
img_12503.npy,1.88,116.54
img_12504.npy,2.52,118.49
img_12505.npy,1.93,111.89
img_12506.npy,1.87,112.98
img_12507.npy,1.91,113.07
img_12508.npy,1.89,118.79
img_12509.npy,1.89,124.39
img_1251.npy,2.01,125.08
img_12510.npy,1.97,130.36
img_12511.npy,1.98,125.66
img_12512.npy,1.98,128.99
img_12513.npy,1.95,122.89
img_12514.npy,1.99,116.50
img_12515.npy,1.94,121.70
img_12516.npy,2.01,120.44
img_12517.npy,1.95,113.77
img_12518.npy,1.85,114.82
img_12519.npy,1.87,117.09
img_1252.npy,1.89,117.03
img_12520.npy,1.94,122.93
img_12521.npy,1.92,121.11
img_12522.npy,1.82,110.93
img_12523.npy,1.89,116.14
img_12524.npy,1.93,116.29
img_12525.npy,1.94,119.44
img_12526.npy,1.88,118.51
img_12527.npy,1.94,111.74
img_12528.npy,1.93,118.04
img_12529.npy,1.96,118.20
img_1253.npy,2.00,133.03
img_12530.npy,1.90,117.79
img_12531.npy,2.41,114.30
img_12532.npy,1.84,114.76
img_12533.npy,1.89,111.55
img_12534.npy,1.95,114.14
img_12535.npy,1.93,116.27
img_12536.npy,2.02,118.82
img_12537.npy,1.90,120.02
img_12538.npy,1.86,122.62
img_12539.npy,1.95,119.80
img_1254.npy,2.04,124.12
img_12540.npy,1.92,123.53
img_12541.npy,1.90,117.43
img_12542.npy,1.91,119.80
img_12543.npy,1.88,118.60
img_12544.npy,1.92,121.84
img_12545.npy,1.85,123.94
img_12546.npy,1.85,118.07
img_12547.npy,1.97,126.27
img_12548.npy,1.93,124.55
img_12549.npy,1.99,119.45
img_1255.npy,1.92,120.60
img_12550.npy,1.93,127.62
img_12551.npy,1.88,120.39
img_12552.npy,1.92,116.39
img_12553.npy,1.88,117.92
img_12554.npy,1.93,116.59
img_12555.npy,1.91,113.49
img_12556.npy,1.93,117.05
img_12557.npy,1.93,116.68
img_12558.npy,2.40,119.08
img_12559.npy,1.81,114.90
img_1256.npy,1.84,113.27
img_12560.npy,1.85,111.43
img_12561.npy,1.89,116.36
img_12562.npy,1.88,116.16
img_12563.npy,1.91,119.19
img_12564.npy,1.89,116.96
img_12565.npy,1.91,111.45
img_12566.npy,1.90,116.04
img_12567.npy,1.95,120.57
img_12568.npy,1.84,116.32
img_12569.npy,1.79,123.98
img_1257.npy,1.92,119.17
img_12570.npy,1.90,116.91
img_12571.npy,1.90,116.14
img_12572.npy,1.96,119.92
img_12573.npy,1.97,121.55
img_12574.npy,1.85,126.59
img_12575.npy,2.02,114.89
img_12576.npy,1.79,113.75
img_12577.npy,1.83,113.77
img_12578.npy,1.78,118.26
img_12579.npy,1.81,127.89
img_1258.npy,1.84,117.81
img_12580.npy,1.92,122.71
img_12581.npy,1.93,120.39
img_12582.npy,1.92,119.59
img_12583.npy,1.78,112.82
img_12584.npy,2.38,116.41
img_12585.npy,1.92,117.38
img_12586.npy,1.88,115.44
img_12587.npy,1.89,117.37
img_12588.npy,1.95,123.16
img_12589.npy,1.98,122.69
img_1259.npy,1.96,116.85
img_12590.npy,1.90,116.34
img_12591.npy,1.94,116.01
img_12592.npy,1.91,116.23
img_12593.npy,1.97,115.70
img_12594.npy,1.91,123.36
img_12595.npy,1.95,123.94
img_12596.npy,1.96,120.42
img_12597.npy,1.98,118.58
img_12598.npy,1.73,116.06
img_12599.npy,1.88,121.25
img_126.npy,1.95,117.28
img_1260.npy,1.97,117.66
img_12600.npy,1.99,123.52
img_12601.npy,1.87,124.60
img_12602.npy,1.84,118.12
img_12603.npy,1.90,115.68
img_12604.npy,1.93,118.86
img_12605.npy,1.95,115.91
img_12606.npy,1.86,118.86
img_12607.npy,1.85,119.18
img_12608.npy,1.80,116.96
img_12609.npy,2.22,117.36
img_1261.npy,2.21,112.62
img_12610.npy,1.98,117.44
img_12611.npy,1.74,118.36
img_12612.npy,1.83,119.34
img_12613.npy,1.90,120.91
img_12614.npy,1.92,115.75
img_12615.npy,2.03,118.80
img_12616.npy,1.98,117.98
img_12617.npy,1.93,121.98
img_12618.npy,1.84,122.98
img_12619.npy,1.86,120.46
img_1262.npy,1.93,121.07
img_12620.npy,1.96,114.41
img_12621.npy,1.98,117.10
img_12622.npy,1.79,120.27
img_12623.npy,1.97,121.25
img_12624.npy,1.90,119.30
img_12625.npy,1.94,125.91
img_12626.npy,1.92,121.86
img_12627.npy,1.90,114.46
img_12628.npy,1.95,121.39
img_12629.npy,1.94,122.06
img_1263.npy,1.94,119.77
img_12630.npy,1.86,120.26
img_12631.npy,1.93,120.65
img_12632.npy,1.89,119.06
img_12633.npy,1.93,119.19
img_12634.npy,2.36,120.53
img_12635.npy,2.06,116.66
img_12636.npy,1.90,115.34
img_12637.npy,1.95,119.67
img_12638.npy,1.95,113.50
img_12639.npy,1.82,120.17
img_1264.npy,1.93,118.81
img_12640.npy,1.94,119.08
img_12641.npy,1.93,124.82
img_12642.npy,1.94,118.75
img_12643.npy,1.98,120.12
img_12644.npy,1.87,115.68
img_12645.npy,1.86,115.29
img_12646.npy,1.95,114.15
img_12647.npy,1.75,117.45
img_12648.npy,1.98,115.05
img_12649.npy,1.88,115.22
img_1265.npy,1.90,116.05
img_12650.npy,1.94,119.57
img_12651.npy,1.92,122.59
img_12652.npy,1.93,117.07
img_12653.npy,1.84,121.38
img_12654.npy,1.94,120.29
img_12655.npy,1.92,119.84
img_12656.npy,1.99,116.08
img_12657.npy,1.93,119.01
img_12658.npy,1.80,123.40
img_12659.npy,1.74,118.04
img_1266.npy,2.18,122.34
img_12660.npy,2.08,116.84
img_12661.npy,1.71,114.56
img_12662.npy,1.71,118.06
img_12663.npy,1.71,117.36
img_12664.npy,1.76,109.89
img_12665.npy,1.80,113.73
img_12666.npy,1.81,116.38
img_12667.npy,1.72,113.62
img_12668.npy,1.80,120.40
img_12669.npy,1.77,116.91
img_1267.npy,1.72,114.20
img_12670.npy,1.65,112.17
img_12671.npy,1.81,116.78
img_12672.npy,1.83,118.04
img_12673.npy,1.80,132.38
img_12674.npy,1.80,115.44
img_12675.npy,1.80,113.05
img_12676.npy,1.77,119.98
img_12677.npy,1.80,118.78
img_12678.npy,1.79,116.23
img_12679.npy,1.91,120.05
img_1268.npy,1.85,117.38
img_12680.npy,1.76,118.05
img_12681.npy,1.85,124.41
img_12682.npy,1.92,122.28
img_12683.npy,2.42,116.32
img_12684.npy,1.80,112.96
img_12685.npy,1.85,112.07
img_12686.npy,1.96,110.23
img_12687.npy,1.92,117.54
img_12688.npy,1.91,115.96
img_12689.npy,1.95,114.42
img_1269.npy,1.83,117.32
img_12690.npy,1.93,117.62
img_12691.npy,1.95,120.82
img_12692.npy,1.96,115.48
img_12693.npy,1.82,122.04
img_12694.npy,1.81,118.85
img_12695.npy,1.92,113.75
img_12696.npy,1.94,117.25
img_12697.npy,1.88,119.37
img_12698.npy,1.94,124.31
img_12699.npy,1.95,121.72
img_127.npy,1.92,122.83
img_1270.npy,1.83,122.03
img_12700.npy,1.90,112.70
img_12701.npy,1.86,118.32
img_12702.npy,1.93,118.54
img_12703.npy,1.90,123.05
img_12704.npy,1.96,119.34
img_12705.npy,2.02,120.19
img_12706.npy,1.91,124.02
img_12707.npy,1.83,121.95
img_12708.npy,1.91,114.71
img_12709.npy,1.95,120.43
img_1271.npy,2.00,120.88
img_12710.npy,2.56,116.07
img_12711.npy,2.01,114.32
img_12712.npy,1.80,114.75
img_12713.npy,1.95,122.81
img_12714.npy,1.89,116.77
img_12715.npy,1.85,119.21
img_12716.npy,1.91,120.42
img_12717.npy,1.86,115.83
img_12718.npy,1.92,116.83
img_12719.npy,1.90,118.93
img_1272.npy,1.99,117.02
img_12720.npy,1.90,123.44
img_12721.npy,1.90,118.27
img_12722.npy,1.91,122.40
img_12723.npy,1.94,116.52
img_12724.npy,2.00,126.89
img_12725.npy,2.00,123.27
img_12726.npy,1.95,121.85
img_12727.npy,2.01,122.12
img_12728.npy,1.95,117.12
img_12729.npy,1.93,117.95
img_1273.npy,1.97,127.32
img_12730.npy,1.97,117.66
img_12731.npy,1.88,124.07
img_12732.npy,1.82,118.36
img_12733.npy,1.84,113.81
img_12734.npy,2.02,114.75
img_12735.npy,2.06,116.38
img_12736.npy,1.97,116.39
img_12737.npy,1.97,122.13
img_12738.npy,1.94,119.79
img_12739.npy,1.96,115.91
img_1274.npy,1.92,122.09
img_12740.npy,1.95,121.59
img_12741.npy,1.98,114.86
img_12742.npy,1.90,114.94
img_12743.npy,1.92,114.10
img_12744.npy,2.00,122.23
img_12745.npy,1.91,118.11
img_12746.npy,2.01,125.15
img_12747.npy,2.02,118.45
img_12748.npy,1.78,119.12
img_12749.npy,1.93,119.93
img_1275.npy,1.95,126.48
img_12750.npy,1.75,117.96
img_12751.npy,1.96,124.18
img_12752.npy,1.92,113.74
img_12753.npy,1.96,120.20
img_12754.npy,1.92,115.15
img_12755.npy,1.82,125.28
img_12756.npy,1.83,115.61
img_12757.npy,1.83,121.24
img_12758.npy,1.96,118.94
img_12759.npy,1.81,118.70
img_1276.npy,2.35,116.10
img_12760.npy,1.87,116.80
img_12761.npy,1.77,114.91
img_12762.npy,1.85,118.21
img_12763.npy,2.00,124.37
img_12764.npy,1.94,121.50
img_12765.npy,1.93,113.84
img_12766.npy,1.90,116.23
img_12767.npy,1.93,121.03
img_12768.npy,1.91,115.68
img_12769.npy,1.96,116.61
img_1277.npy,2.00,121.15
img_12770.npy,1.96,123.96
img_12771.npy,1.90,113.62
img_12772.npy,1.83,122.18
img_12773.npy,1.84,112.64
img_12774.npy,1.95,121.19
img_12775.npy,1.91,119.59
img_12776.npy,1.90,120.03
img_12777.npy,1.97,125.02
img_12778.npy,1.88,123.20
img_12779.npy,1.92,118.26
img_1278.npy,1.93,116.56
img_12780.npy,1.82,114.64
img_12781.npy,1.91,124.05
img_12782.npy,1.93,121.64
img_12783.npy,2.18,119.73
img_12784.npy,2.03,115.14
img_12785.npy,1.75,115.29
img_12786.npy,1.81,120.66
img_12787.npy,1.93,120.07
img_12788.npy,1.71,115.41
img_12789.npy,1.84,118.55
img_1279.npy,1.97,115.26
img_12790.npy,1.92,116.87
img_12791.npy,1.87,121.82
img_12792.npy,1.89,116.91
img_12793.npy,1.88,114.90
img_12794.npy,1.86,116.27
img_12795.npy,1.83,117.98
img_12796.npy,1.86,116.70
img_12797.npy,1.94,122.14
img_12798.npy,1.86,119.28
img_12799.npy,1.93,112.95
img_128.npy,1.93,108.12
img_1280.npy,1.94,112.05
img_12800.npy,1.88,114.78
img_12801.npy,1.90,114.19
img_12802.npy,1.75,118.46
img_12803.npy,1.96,116.60
img_12804.npy,1.82,117.26
img_12805.npy,1.91,115.28
img_12806.npy,1.91,119.73
img_12807.npy,1.87,118.46
img_12808.npy,1.86,118.50
img_12809.npy,2.49,116.81
img_1281.npy,1.95,115.43
img_12810.npy,1.86,124.93
img_12811.npy,1.91,118.53
img_12812.npy,1.75,115.45
img_12813.npy,1.91,124.46
img_12814.npy,1.95,121.42
img_12815.npy,1.96,117.10
img_12816.npy,1.87,116.23
img_12817.npy,1.92,119.66
img_12818.npy,1.99,120.39
img_12819.npy,1.88,120.30
img_1282.npy,1.82,121.54
img_12820.npy,1.85,114.52
img_12821.npy,1.95,121.09
img_12822.npy,1.97,127.01
img_12823.npy,1.91,124.32
img_12824.npy,1.96,116.01
img_12825.npy,1.84,115.50
img_12826.npy,1.81,118.88
img_12827.npy,1.88,114.67
img_12828.npy,1.94,113.96
img_12829.npy,1.91,119.17
img_1283.npy,1.94,115.36
img_12830.npy,1.99,128.11
img_12831.npy,2.12,112.20
img_12832.npy,1.74,108.94
img_12833.npy,1.84,111.85
img_12834.npy,1.89,112.22
img_12835.npy,1.94,113.65
img_12836.npy,1.88,120.13
img_12837.npy,1.86,121.79
img_12838.npy,1.94,115.01
img_12839.npy,1.92,119.57
img_1284.npy,1.86,116.24
img_12840.npy,1.80,119.80
img_12841.npy,1.86,123.27
img_12842.npy,1.98,120.32
img_12843.npy,2.01,124.57
img_12844.npy,1.93,116.83
img_12845.npy,1.90,115.99
img_12846.npy,1.92,114.96
img_12847.npy,1.89,111.98
img_12848.npy,1.86,118.73
img_12849.npy,1.91,118.05
img_1285.npy,2.03,114.57
img_12850.npy,1.92,123.66
img_12851.npy,1.91,118.45
img_12852.npy,1.93,126.55
img_12853.npy,1.94,115.04
img_12854.npy,1.88,114.36
img_12855.npy,1.87,113.81
img_12856.npy,1.83,113.08
img_12857.npy,2.34,117.53
img_12858.npy,2.10,113.92
img_12859.npy,1.98,119.00
img_1286.npy,1.94,118.42
img_12860.npy,1.88,122.18
img_12861.npy,1.90,118.90
img_12862.npy,1.96,122.07
img_12863.npy,1.92,120.89
img_12864.npy,1.96,120.39
img_12865.npy,1.83,117.67
img_12866.npy,1.89,120.77
img_12867.npy,1.93,116.84
img_12868.npy,1.87,113.59
img_12869.npy,1.95,115.07
img_1287.npy,1.93,121.81
img_12870.npy,1.89,122.75
img_12871.npy,1.83,114.83
img_12872.npy,1.93,118.86
img_12873.npy,1.92,122.96
img_12874.npy,1.87,115.08
img_12875.npy,1.90,116.50
img_12876.npy,1.91,121.46
img_12877.npy,1.91,126.00
img_12878.npy,1.81,117.17
img_12879.npy,1.90,116.71
img_1288.npy,1.91,116.50
img_12880.npy,1.92,119.38
img_12881.npy,2.42,117.34
img_12882.npy,1.85,116.43
img_12883.npy,1.84,112.47
img_12884.npy,1.82,123.77
img_12885.npy,1.79,121.72
img_12886.npy,1.90,116.63
img_12887.npy,1.94,117.31
img_12888.npy,1.92,121.03
img_12889.npy,1.91,115.59
img_1289.npy,1.81,121.84
img_12890.npy,1.77,122.57
img_12891.npy,1.85,121.75
img_12892.npy,1.94,120.47
img_12893.npy,1.89,113.64
img_12894.npy,1.89,118.67
img_12895.npy,1.93,119.95
img_12896.npy,1.90,116.90
img_12897.npy,1.94,124.02
img_12898.npy,1.80,118.82
img_12899.npy,1.84,119.78
img_129.npy,1.94,114.12
img_1290.npy,1.84,114.77
img_12900.npy,1.95,117.97
img_12901.npy,1.89,120.76
img_12902.npy,1.81,123.66
img_12903.npy,1.75,119.30
img_12904.npy,1.94,122.31
img_12905.npy,2.38,122.06
img_12906.npy,1.90,113.16
img_12907.npy,1.95,121.79
img_12908.npy,1.99,124.36
img_12909.npy,1.91,120.15
img_1291.npy,1.96,115.80
img_12910.npy,1.94,117.38
img_12911.npy,1.85,113.90
img_12912.npy,1.92,119.63
img_12913.npy,1.94,126.73
img_12914.npy,1.88,117.33
img_12915.npy,2.01,113.72
img_12916.npy,1.89,119.66
img_12917.npy,1.81,116.22
img_12918.npy,1.92,113.62
img_12919.npy,1.92,116.65
img_1292.npy,1.89,121.56
img_12920.npy,1.95,124.38
img_12921.npy,1.90,117.14
img_12922.npy,1.75,115.49
img_12923.npy,1.89,115.38
img_12924.npy,1.94,122.38
img_12925.npy,1.83,113.05
img_12926.npy,1.93,114.77
img_12927.npy,1.95,114.54
img_12928.npy,1.84,119.07
img_12929.npy,2.43,116.75
img_1293.npy,2.11,122.31
img_12930.npy,1.84,123.27
img_12931.npy,1.94,125.05
img_12932.npy,1.91,117.07
img_12933.npy,1.95,115.77
img_12934.npy,1.85,118.75
img_12935.npy,2.00,122.66
img_12936.npy,1.97,124.66
img_12937.npy,1.92,118.72
img_12938.npy,1.97,117.16
img_12939.npy,1.88,117.26
img_1294.npy,1.93,114.63
img_12940.npy,1.93,116.47
img_12941.npy,1.90,121.58
img_12942.npy,1.96,122.76
img_12943.npy,1.91,123.09
img_12944.npy,1.83,121.18
img_12945.npy,1.83,123.80
img_12946.npy,1.79,119.03
img_12947.npy,1.83,117.11
img_12948.npy,1.96,116.77
img_12949.npy,1.91,119.04
img_1295.npy,2.28,121.28
img_12950.npy,2.00,117.02
img_12951.npy,1.93,115.04
img_12952.npy,1.87,110.53
img_12953.npy,1.81,113.77
img_12954.npy,1.93,116.71
img_12955.npy,2.00,121.48
img_12956.npy,1.98,120.66
img_12957.npy,1.90,114.44
img_12958.npy,1.89,116.06
img_12959.npy,1.81,117.04
img_1296.npy,1.81,114.17
img_12960.npy,1.91,120.12
img_12961.npy,1.97,121.24
img_12962.npy,1.88,116.00
img_12963.npy,1.87,118.09
img_12964.npy,1.92,116.22
img_12965.npy,1.93,120.11
img_12966.npy,1.88,125.09
img_12967.npy,1.92,119.55
img_12968.npy,1.88,116.14
img_12969.npy,1.93,119.07
img_1297.npy,1.73,119.09
img_12970.npy,1.93,116.66
img_12971.npy,2.02,119.78
img_12972.npy,1.97,124.07
img_12973.npy,1.89,121.94
img_12974.npy,1.92,125.30
img_12975.npy,1.96,121.11
img_12976.npy,1.82,118.86
img_12977.npy,2.17,119.91
img_12978.npy,1.95,124.60
img_12979.npy,1.91,118.98
img_1298.npy,1.96,121.24
img_12980.npy,1.91,114.96
img_12981.npy,1.92,115.38
img_12982.npy,1.96,124.35
img_12983.npy,1.91,119.49
img_12984.npy,1.90,120.78
img_12985.npy,1.92,118.86
img_12986.npy,1.81,111.21
img_12987.npy,1.89,115.63
img_12988.npy,1.95,114.68
img_12989.npy,1.85,114.55
img_1299.npy,1.85,121.01
img_12990.npy,1.95,124.07
img_12991.npy,1.93,122.96
img_12992.npy,1.73,119.14
img_12993.npy,1.95,119.55
img_12994.npy,1.94,125.13
img_12995.npy,1.90,117.92
img_12996.npy,1.93,126.73
img_12997.npy,1.89,119.87
img_12998.npy,1.90,120.43
img_12999.npy,1.94,118.62
img_13.npy,1.92,119.09
img_130.npy,2.42,123.56
img_1300.npy,2.00,118.76
img_13000.npy,1.91,122.07
img_13001.npy,1.92,123.40
img_13002.npy,1.93,117.26
img_13003.npy,1.90,124.10
img_13004.npy,1.97,117.29
img_13005.npy,1.84,119.18
img_13006.npy,1.85,116.00
img_13007.npy,1.90,119.47
img_13008.npy,1.82,114.43
img_13009.npy,1.96,119.63
img_1301.npy,1.87,120.12
img_13010.npy,1.91,128.98
img_13011.npy,1.95,115.99
img_13012.npy,1.89,119.30
img_13013.npy,1.90,123.99
img_13014.npy,1.83,126.24
img_13015.npy,1.82,115.96
img_13016.npy,1.91,113.05
img_13017.npy,1.90,115.63
img_13018.npy,1.85,121.11
img_13019.npy,1.92,115.51
img_1302.npy,1.91,117.19
img_13020.npy,1.95,139.11
img_13021.npy,1.85,118.73
img_13022.npy,2.06,117.30
img_13023.npy,2.34,113.78
img_13024.npy,1.93,116.64
img_13025.npy,1.93,123.52
img_13026.npy,1.83,124.66
img_13027.npy,1.81,123.33
img_13028.npy,1.87,117.11
img_13029.npy,1.85,115.61
img_1303.npy,1.84,121.23
img_13030.npy,1.85,120.45
img_13031.npy,1.95,127.41
img_13032.npy,1.95,117.19
img_13033.npy,1.87,116.81
img_13034.npy,1.90,115.63
img_13035.npy,1.99,113.23
img_13036.npy,1.93,129.55
img_13037.npy,1.83,127.17
img_13038.npy,1.91,117.43
img_13039.npy,1.88,121.29
img_1304.npy,1.92,118.47
img_13040.npy,1.92,114.57
img_13041.npy,2.05,129.26
img_13042.npy,1.90,120.07
img_13043.npy,1.89,118.51
img_13044.npy,1.81,118.68
img_13045.npy,1.89,121.63
img_13046.npy,2.24,117.48
img_13047.npy,2.14,117.36
img_13048.npy,1.89,119.75
img_13049.npy,1.96,126.90
img_1305.npy,1.91,126.35
img_13050.npy,1.87,123.49
img_13051.npy,1.80,117.04
img_13052.npy,1.87,119.32
img_13053.npy,1.88,121.66
img_13054.npy,1.90,119.74
img_13055.npy,1.99,120.23
img_13056.npy,1.94,116.37
img_13057.npy,1.89,118.61
img_13058.npy,1.84,117.73
img_13059.npy,1.77,122.34
img_1306.npy,1.95,124.00
img_13060.npy,1.98,125.35
img_13061.npy,1.79,116.26
img_13062.npy,1.93,123.29
img_13063.npy,1.85,125.00
img_13064.npy,1.89,122.20
img_13065.npy,1.92,127.20
img_13066.npy,1.87,121.50
img_13067.npy,1.96,117.22
img_13068.npy,1.94,118.98
img_13069.npy,1.93,117.55
img_1307.npy,1.85,123.21
img_13070.npy,2.52,123.34
img_13071.npy,1.97,114.65
img_13072.npy,1.88,115.92
img_13073.npy,1.90,114.01
img_13074.npy,1.93,122.43
img_13075.npy,1.95,116.73
img_13076.npy,2.01,124.49
img_13077.npy,1.97,122.24
img_13078.npy,1.97,122.49
img_13079.npy,2.02,117.04
img_1308.npy,1.97,119.31
img_13080.npy,1.82,122.98
img_13081.npy,1.97,126.81
img_13082.npy,1.84,112.17
img_13083.npy,1.95,118.00
img_13084.npy,1.89,115.08
img_13085.npy,1.84,123.77
img_13086.npy,1.85,127.28
img_13087.npy,1.92,120.50
img_13088.npy,1.94,115.25
img_13089.npy,1.92,120.45
img_1309.npy,1.88,118.69
img_13090.npy,1.99,128.88
img_13091.npy,1.92,119.12
img_13092.npy,1.97,122.01
img_13093.npy,1.95,126.56
img_13094.npy,2.41,115.25
img_13095.npy,1.99,125.67
img_13096.npy,1.90,123.64
img_13097.npy,1.92,118.40
img_13098.npy,1.97,119.80
img_13099.npy,1.90,125.11
img_131.npy,1.94,118.86
img_1310.npy,1.96,116.36
img_13100.npy,2.01,120.91
img_13101.npy,1.96,118.70
img_13102.npy,1.79,125.27
img_13103.npy,1.88,117.03
img_13104.npy,1.91,119.38
img_13105.npy,1.93,119.21
img_13106.npy,1.94,123.86
img_13107.npy,1.95,120.83
img_13108.npy,1.90,117.16
img_13109.npy,1.92,123.13
img_1311.npy,1.93,120.05
img_13110.npy,1.82,118.25
img_13111.npy,1.97,120.64
img_13112.npy,1.96,119.41
img_13113.npy,1.76,122.88
img_13114.npy,1.83,121.54
img_13115.npy,1.84,119.62
img_13116.npy,1.96,123.57
img_13117.npy,2.42,120.44
img_13118.npy,1.92,118.25
img_13119.npy,1.96,119.52
img_1312.npy,1.94,120.48
img_13120.npy,1.87,121.20
img_13121.npy,1.91,120.03
img_13122.npy,2.06,125.41
img_13123.npy,1.93,118.93
img_13124.npy,1.89,113.09
img_13125.npy,1.96,119.50
img_13126.npy,1.89,118.80
img_13127.npy,1.71,119.57
img_13128.npy,1.90,120.57
img_13129.npy,1.88,124.61
img_1313.npy,1.99,116.80
img_13130.npy,1.96,114.23
img_13131.npy,2.01,122.08
img_13132.npy,1.93,126.12
img_13133.npy,1.93,114.24
img_13134.npy,1.87,119.02
img_13135.npy,1.92,118.57
img_13136.npy,1.93,121.82
img_13137.npy,1.94,120.24
img_13138.npy,2.00,125.75
img_13139.npy,1.97,123.40
img_1314.npy,2.29,118.79
img_13140.npy,2.15,119.70
img_13141.npy,1.94,118.24
img_13142.npy,1.93,121.54
img_13143.npy,1.87,123.05
img_13144.npy,1.92,117.22
img_13145.npy,1.87,115.80
img_13146.npy,1.94,112.82
img_13147.npy,1.93,118.52
img_13148.npy,1.99,124.46
img_13149.npy,1.84,123.75
img_1315.npy,1.74,121.32
img_13150.npy,2.00,118.81
img_13151.npy,1.89,121.91
img_13152.npy,1.96,119.12
img_13153.npy,1.98,115.91
img_13154.npy,1.84,122.86
img_13155.npy,1.76,116.25
img_13156.npy,1.77,114.44
img_13157.npy,1.90,121.38
img_13158.npy,1.91,120.01
img_13159.npy,1.96,120.30
img_1316.npy,1.96,125.50
img_13160.npy,1.94,128.34
img_13161.npy,1.66,115.86
img_13162.npy,1.77,114.79
img_13163.npy,1.78,124.07
img_13164.npy,2.27,112.49
img_13165.npy,1.70,114.80
img_13166.npy,1.85,114.04
img_13167.npy,1.78,114.68
img_13168.npy,1.78,123.43
img_13169.npy,1.80,120.39
img_1317.npy,1.76,120.41
img_13170.npy,1.81,117.32
img_13171.npy,1.90,113.96
img_13172.npy,1.75,118.58
img_13173.npy,1.77,122.16
img_13174.npy,1.88,118.95
img_13175.npy,1.81,126.78
img_13176.npy,1.79,116.22
img_13177.npy,1.79,117.48
img_13178.npy,1.85,120.88
img_13179.npy,1.95,122.84
img_1318.npy,2.03,122.54
img_13180.npy,2.00,122.16
img_13181.npy,1.83,119.57
img_13182.npy,1.82,117.19
img_13183.npy,1.76,127.90
img_13184.npy,1.86,114.68
img_13185.npy,1.82,120.07
img_13186.npy,1.91,121.76
img_13187.npy,1.89,129.21
img_13188.npy,1.97,125.46
img_13189.npy,2.42,114.57
img_1319.npy,1.97,117.12
img_13190.npy,1.87,117.89
img_13191.npy,2.01,126.14
img_13192.npy,1.96,120.02
img_13193.npy,2.00,125.01
img_13194.npy,1.92,114.73
img_13195.npy,1.91,114.00
img_13196.npy,1.81,113.75
img_13197.npy,1.77,119.41
img_13198.npy,1.89,114.22
img_13199.npy,1.90,119.51
img_132.npy,1.86,135.61
img_1320.npy,1.98,122.37
img_13200.npy,1.85,112.76
img_13201.npy,1.95,123.54
img_13202.npy,1.96,126.93
img_13203.npy,1.95,117.03
img_13204.npy,1.94,117.28
img_13205.npy,1.83,118.68
img_13206.npy,1.89,121.05
img_13207.npy,1.93,121.58
img_13208.npy,2.00,125.99
img_13209.npy,1.96,117.89
img_1321.npy,1.93,117.05
img_13210.npy,2.28,118.75
img_13211.npy,2.11,119.80
img_13212.npy,1.92,114.39
img_13213.npy,1.98,119.80
img_13214.npy,1.93,120.74
img_13215.npy,1.97,119.96
img_13216.npy,1.92,116.48
img_13217.npy,1.76,120.13
img_13218.npy,1.76,121.28
img_13219.npy,2.00,124.34
img_1322.npy,1.84,118.59
img_13220.npy,1.86,114.52
img_13221.npy,1.95,123.50
img_13222.npy,1.97,122.59
img_13223.npy,1.94,118.71
img_13224.npy,1.95,120.18
img_13225.npy,1.93,121.92
img_13226.npy,1.85,115.19
img_13227.npy,1.92,116.68
img_13228.npy,1.96,123.50
img_13229.npy,1.85,120.07
img_1323.npy,2.18,116.01
img_13230.npy,2.04,113.73
img_13231.npy,1.82,114.73
img_13232.npy,1.88,119.01
img_13233.npy,1.95,121.86
img_13234.npy,1.94,122.00
img_13235.npy,1.94,117.65
img_13236.npy,1.88,114.42
img_13237.npy,1.97,119.82
img_13238.npy,1.92,114.67
img_13239.npy,1.95,121.21
img_1324.npy,1.79,122.58
img_13240.npy,1.80,116.74
img_13241.npy,1.97,119.36
img_13242.npy,1.95,122.61
img_13243.npy,1.89,121.56
img_13244.npy,1.96,123.73
img_13245.npy,1.95,117.55
img_13246.npy,1.89,116.97
img_13247.npy,1.82,123.28
img_13248.npy,1.93,119.75
img_13249.npy,1.85,123.38
img_1325.npy,1.90,116.09
img_13250.npy,1.96,113.77
img_13251.npy,1.87,119.71
img_13252.npy,1.84,121.88
img_13253.npy,1.88,122.81
img_13254.npy,1.88,121.21
img_13255.npy,1.97,123.81
img_13256.npy,1.84,114.04
img_13257.npy,1.88,115.89
img_13258.npy,2.13,110.65
img_13259.npy,1.83,110.26
img_1326.npy,1.93,114.39
img_13260.npy,1.93,118.00
img_13261.npy,1.99,117.39
img_13262.npy,1.84,117.64
img_13263.npy,1.81,116.18
img_13264.npy,2.00,129.13
img_13265.npy,1.93,125.18
img_13266.npy,1.91,123.82
img_13267.npy,1.94,117.55
img_13268.npy,1.90,118.59
img_13269.npy,1.90,121.98
img_1327.npy,1.95,113.76
img_13270.npy,1.86,120.70
img_13271.npy,1.87,123.72
img_13272.npy,1.88,119.53
img_13273.npy,1.89,119.07
img_13274.npy,2.01,117.25
img_13275.npy,1.88,119.48
img_13276.npy,1.87,114.34
img_13277.npy,2.02,118.96
img_13278.npy,1.96,122.20
img_13279.npy,1.95,116.92
img_1328.npy,1.96,116.48
img_13280.npy,1.93,116.04
img_13281.npy,2.49,125.65
img_13282.npy,1.91,116.93
img_13283.npy,1.93,119.45
img_13284.npy,2.00,118.77
img_13285.npy,1.96,121.20
img_13286.npy,1.86,124.92
img_13287.npy,1.88,116.55
img_13288.npy,1.89,126.54
img_13289.npy,1.87,124.06
img_1329.npy,1.94,121.98
img_13290.npy,1.83,121.21
img_13291.npy,1.96,118.42
img_13292.npy,1.94,119.54
img_13293.npy,1.91,122.68
img_13294.npy,1.91,115.80
img_13295.npy,1.97,114.72
img_13296.npy,1.92,116.33
img_13297.npy,1.90,113.63
img_13298.npy,1.90,117.09
img_13299.npy,1.84,122.76
img_133.npy,1.94,114.96
img_1330.npy,1.95,124.40
img_13300.npy,1.95,121.05
img_13301.npy,1.91,116.55
img_13302.npy,1.91,114.51
img_13303.npy,1.88,121.34
img_13304.npy,2.24,120.11
img_13305.npy,1.87,119.40
img_13306.npy,1.97,114.38
img_13307.npy,1.96,115.37
img_13308.npy,1.95,119.03
img_13309.npy,1.70,122.01
img_1331.npy,1.89,114.55
img_13310.npy,1.72,116.30
img_13311.npy,1.82,114.62
img_13312.npy,1.81,121.04
img_13313.npy,1.88,114.73
img_13314.npy,1.98,119.93
img_13315.npy,1.88,117.80
img_13316.npy,1.86,118.37
img_13317.npy,1.97,120.98
img_13318.npy,1.88,116.98
img_13319.npy,1.82,114.28
img_1332.npy,1.79,113.17
img_13320.npy,1.97,120.75
img_13321.npy,1.95,121.70
img_13322.npy,1.88,125.98
img_13323.npy,1.94,118.36
img_13324.npy,1.78,119.58
img_13325.npy,1.95,121.49
img_13326.npy,1.93,122.30
img_13327.npy,1.92,117.46
img_13328.npy,2.42,115.49
img_13329.npy,2.09,119.33
img_1333.npy,1.85,117.13
img_13330.npy,1.89,116.05
img_13331.npy,1.74,118.97
img_13332.npy,1.85,118.28
img_13333.npy,1.91,117.98
img_13334.npy,1.97,124.10
img_13335.npy,1.90,118.91
img_13336.npy,1.93,122.37
img_13337.npy,1.80,119.52
img_13338.npy,1.83,119.05
img_13339.npy,1.83,114.84
img_1334.npy,1.92,116.78
img_13340.npy,1.93,120.52
img_13341.npy,1.98,120.30
img_13342.npy,1.94,118.22
img_13343.npy,1.95,125.69
img_13344.npy,2.01,121.15
img_13345.npy,2.04,123.20
img_13346.npy,1.85,120.01
img_13347.npy,1.97,117.00
img_13348.npy,1.93,116.33
img_13349.npy,1.92,122.36
img_1335.npy,1.92,118.38
img_13350.npy,1.94,117.49
img_13351.npy,2.46,119.29
img_13352.npy,1.86,118.02
img_13353.npy,1.80,124.73
img_13354.npy,1.84,121.14
img_13355.npy,1.85,119.02
img_13356.npy,1.92,114.54
img_13357.npy,1.95,122.87
img_13358.npy,1.94,119.22
img_13359.npy,2.07,121.04
img_1336.npy,1.93,125.78
img_13360.npy,1.88,121.24
img_13361.npy,1.96,120.04
img_13362.npy,1.92,123.79
img_13363.npy,1.93,119.12
img_13364.npy,1.91,117.23
img_13365.npy,2.03,120.47
img_13366.npy,2.10,122.25
img_13367.npy,2.05,121.24
img_13368.npy,1.85,121.22
img_13369.npy,1.93,121.54
img_1337.npy,1.80,116.59
img_13370.npy,1.95,120.30
img_13371.npy,2.02,123.83
img_13372.npy,1.94,119.59
img_13373.npy,1.95,126.13
img_13374.npy,2.11,117.56
img_13375.npy,2.25,115.44
img_13376.npy,1.87,109.44
img_13377.npy,1.76,118.42
img_13378.npy,1.95,116.26
img_13379.npy,1.93,112.65
img_1338.npy,1.95,113.85
img_13380.npy,1.89,119.79
img_13381.npy,1.97,119.81
img_13382.npy,1.93,119.79
img_13383.npy,1.95,116.51
img_13384.npy,1.93,116.47
img_13385.npy,1.95,120.97
img_13386.npy,1.97,128.11
img_13387.npy,1.94,118.96
img_13388.npy,1.85,117.29
img_13389.npy,2.07,119.38
img_1339.npy,1.94,123.32
img_13390.npy,1.91,120.34
img_13391.npy,2.00,121.74
img_13392.npy,1.95,119.61
img_13393.npy,2.00,130.57
img_13394.npy,1.94,126.04
img_13395.npy,1.89,140.33
img_13396.npy,2.29,117.00
img_13397.npy,1.87,112.67
img_13398.npy,1.92,118.78
img_13399.npy,1.74,120.96
img_134.npy,1.79,116.12
img_1340.npy,1.89,113.98
img_13400.npy,1.99,122.25
img_13401.npy,1.84,119.27
img_13402.npy,1.88,117.18
img_13403.npy,1.92,116.43
img_13404.npy,1.91,122.95
img_13405.npy,1.94,115.02
img_13406.npy,1.90,112.07
img_13407.npy,1.83,113.26
img_13408.npy,1.82,119.38
img_13409.npy,1.88,121.00
img_1341.npy,1.85,115.16
img_13410.npy,1.98,123.23
img_13411.npy,1.93,118.81
img_13412.npy,1.88,119.62
img_13413.npy,1.97,121.25
img_13414.npy,1.97,121.12
img_13415.npy,2.01,115.53
img_13416.npy,2.14,114.49
img_13417.npy,1.95,120.34
img_13418.npy,1.97,120.82
img_13419.npy,1.99,117.97
img_1342.npy,1.93,114.80
img_13420.npy,1.94,121.70
img_13421.npy,1.89,119.72
img_13422.npy,1.94,115.27
img_13423.npy,1.73,118.08
img_13424.npy,1.88,118.57
img_13425.npy,1.93,117.81
img_13426.npy,1.97,124.06
img_13427.npy,1.93,117.44
img_13428.npy,1.87,125.53
img_13429.npy,1.90,119.14
img_1343.npy,1.97,115.02
img_13430.npy,1.89,119.74
img_13431.npy,1.97,115.98
img_13432.npy,1.93,125.12
img_13433.npy,1.83,121.59
img_13434.npy,1.86,122.35
img_13435.npy,1.90,121.98
img_13436.npy,1.85,114.54
img_13437.npy,2.09,120.54
img_13438.npy,2.12,118.51
img_13439.npy,1.95,122.50
img_1344.npy,1.94,115.57
img_13440.npy,1.90,121.76
img_13441.npy,1.92,115.31
img_13442.npy,1.98,121.14
img_13443.npy,1.96,117.50
img_13444.npy,1.82,117.91
img_13445.npy,1.88,125.14
img_13446.npy,1.90,113.93
img_13447.npy,1.95,116.83
img_13448.npy,1.86,122.84
img_13449.npy,1.93,117.75
img_1345.npy,1.89,122.34
img_13450.npy,1.92,115.89
img_13451.npy,1.94,118.81
img_13452.npy,1.92,114.27
img_13453.npy,1.85,116.73
img_13454.npy,1.90,115.30
img_13455.npy,1.93,119.05
img_13456.npy,1.95,122.14
img_13457.npy,1.84,118.86
img_13458.npy,1.94,116.82
img_13459.npy,2.27,119.25
img_1346.npy,1.82,126.90
img_13460.npy,2.01,118.37
img_13461.npy,2.00,126.11
img_13462.npy,1.93,117.99
img_13463.npy,1.99,118.30
img_13464.npy,1.95,118.83
img_13465.npy,1.95,119.35
img_13466.npy,1.97,119.26
img_13467.npy,1.93,123.48
img_13468.npy,1.88,118.80
img_13469.npy,2.02,126.92
img_1347.npy,1.98,118.18
img_13470.npy,1.92,120.80
img_13471.npy,1.90,123.96
img_13472.npy,1.97,117.37
img_13473.npy,1.94,117.63
img_13474.npy,2.02,127.52
img_13475.npy,1.96,123.02
img_13476.npy,1.92,120.39
img_13477.npy,1.94,117.34
img_13478.npy,1.98,113.73
img_13479.npy,1.97,113.99
img_1348.npy,2.23,119.15
img_13480.npy,1.89,117.20
img_13481.npy,1.93,116.05
img_13482.npy,1.94,117.90
img_13483.npy,1.89,120.30
img_13484.npy,1.86,118.36
img_13485.npy,1.93,118.38
img_13486.npy,1.93,119.96
img_13487.npy,1.97,122.87
img_13488.npy,1.94,125.62
img_13489.npy,1.96,115.97
img_1349.npy,2.00,113.59
img_13490.npy,1.88,119.18
img_13491.npy,1.83,114.51
img_13492.npy,1.82,114.22
img_13493.npy,1.94,119.48
img_13494.npy,1.89,118.30
img_13495.npy,1.97,120.19
img_13496.npy,1.93,116.95
img_13497.npy,1.93,119.66
img_13498.npy,1.97,114.39
img_13499.npy,1.92,112.33
img_135.npy,2.00,119.74
img_1350.npy,2.28,117.50
img_13500.npy,2.13,115.85
img_13501.npy,1.95,118.41
img_13502.npy,1.97,116.86
img_13503.npy,1.96,116.23
img_13504.npy,1.91,118.78
img_13505.npy,1.86,116.31
img_13506.npy,1.80,116.04
img_13507.npy,1.91,120.07
img_13508.npy,1.95,129.34
img_13509.npy,1.81,117.32
img_1351.npy,1.92,117.39
img_13510.npy,1.93,121.37
img_13511.npy,1.95,117.33
img_13512.npy,1.96,120.06
img_13513.npy,1.89,120.67
img_13514.npy,1.93,119.62
img_13515.npy,1.83,121.00
img_13516.npy,1.91,120.38
img_13517.npy,1.92,118.70
img_13518.npy,1.87,121.22
img_13519.npy,1.94,123.55
img_1352.npy,1.90,117.07
img_13520.npy,2.17,125.37
img_13521.npy,1.97,117.99
img_13522.npy,1.93,117.55
img_13523.npy,1.88,119.48
img_13524.npy,1.74,125.63
img_13525.npy,1.97,124.54
img_13526.npy,1.87,123.70
img_13527.npy,1.98,116.91
img_13528.npy,1.89,118.10
img_13529.npy,1.99,125.36
img_1353.npy,1.98,121.85
img_13530.npy,1.97,116.91
img_13531.npy,1.86,116.31
img_13532.npy,1.91,116.15
img_13533.npy,1.95,119.29
img_13534.npy,1.77,122.80
img_13535.npy,1.80,118.36
img_13536.npy,1.79,114.22
img_13537.npy,1.75,131.75
img_13538.npy,1.75,114.90
img_13539.npy,1.84,119.36
img_1354.npy,1.77,119.07
img_13540.npy,1.76,118.23
img_13541.npy,1.78,117.17
img_13542.npy,1.81,128.42
img_13543.npy,1.78,125.68
img_13544.npy,2.22,114.07
img_13545.npy,1.80,116.59
img_13546.npy,1.71,118.48
img_13547.npy,1.73,117.39
img_13548.npy,1.83,117.57
img_13549.npy,1.75,121.32
img_1355.npy,1.73,121.63
img_13550.npy,1.77,123.16
img_13551.npy,1.76,123.55
img_13552.npy,1.76,113.05
img_13553.npy,1.75,117.49
img_13554.npy,1.76,123.52
img_13555.npy,1.80,115.68
img_13556.npy,1.74,124.63
img_13557.npy,1.78,131.16
img_13558.npy,1.80,118.02
img_13559.npy,1.69,115.73
img_1356.npy,1.87,118.97
img_13560.npy,1.76,124.91
img_13561.npy,1.80,119.55
img_13562.npy,1.74,126.82
img_13563.npy,1.77,115.91
img_13564.npy,1.96,115.40
img_13565.npy,1.92,120.61
img_13566.npy,1.95,116.54
img_13567.npy,1.93,124.52
img_13568.npy,2.48,116.97
img_13569.npy,1.94,116.79
img_1357.npy,1.92,113.14
img_13570.npy,1.91,121.54
img_13571.npy,1.88,123.10
img_13572.npy,1.89,118.70
img_13573.npy,1.98,119.69
img_13574.npy,1.95,117.10
img_13575.npy,1.92,120.92
img_13576.npy,1.96,119.79
img_13577.npy,1.88,115.69
img_13578.npy,1.87,111.97
img_13579.npy,1.94,123.37
img_1358.npy,1.95,122.80
img_13580.npy,2.00,121.19
img_13581.npy,1.87,122.32
img_13582.npy,1.97,125.21
img_13583.npy,1.95,119.21
img_13584.npy,1.89,118.33
img_13585.npy,1.92,121.46
img_13586.npy,1.93,116.92
img_13587.npy,1.85,123.68
img_13588.npy,2.03,122.70
img_13589.npy,2.09,114.77
img_1359.npy,2.03,114.16
img_13590.npy,1.88,112.99
img_13591.npy,1.91,112.82
img_13592.npy,1.82,114.83
img_13593.npy,1.97,119.21
img_13594.npy,1.91,115.88
img_13595.npy,1.89,114.60
img_13596.npy,1.89,119.42
img_13597.npy,1.83,117.31
img_13598.npy,1.97,120.64
img_13599.npy,1.90,122.44
img_136.npy,1.86,122.34
img_1360.npy,1.98,121.68
img_13600.npy,1.96,117.53
img_13601.npy,1.96,117.07
img_13602.npy,1.94,120.06
img_13603.npy,1.95,112.44
img_13604.npy,1.94,117.41
img_13605.npy,1.95,121.29
img_13606.npy,1.90,128.88
img_13607.npy,1.90,118.86
img_13608.npy,1.91,119.76
img_13609.npy,2.22,116.70
img_1361.npy,1.92,119.18
img_13610.npy,1.97,122.66
img_13611.npy,1.84,113.38
img_13612.npy,1.95,123.32
img_13613.npy,1.96,116.17
img_13614.npy,1.92,123.38
img_13615.npy,1.91,126.71
img_13616.npy,1.96,120.93
img_13617.npy,1.90,117.32
img_13618.npy,1.93,124.18
img_13619.npy,1.93,119.74
img_1362.npy,1.89,119.18
img_13620.npy,1.87,121.83
img_13621.npy,1.92,116.89
img_13622.npy,1.80,116.75
img_13623.npy,1.83,116.05
img_13624.npy,1.93,119.12
img_13625.npy,1.93,119.28
img_13626.npy,1.96,120.93
img_13627.npy,1.92,119.54
img_13628.npy,1.87,124.25
img_13629.npy,1.95,119.84
img_1363.npy,1.93,117.01
img_13630.npy,1.95,120.33
img_13631.npy,1.97,115.55
img_13632.npy,2.39,117.25
img_13633.npy,1.84,124.48
img_13634.npy,1.94,119.44
img_13635.npy,2.01,114.94
img_13636.npy,1.89,113.15
img_13637.npy,1.93,118.70
img_13638.npy,1.88,116.33
img_13639.npy,1.96,119.66
img_1364.npy,2.00,122.59
img_13640.npy,1.91,117.75
img_13641.npy,1.97,119.15
img_13642.npy,1.89,120.62
img_13643.npy,1.87,130.44
img_13644.npy,1.96,121.45
img_13645.npy,1.87,114.46
img_13646.npy,1.93,117.42
img_13647.npy,1.97,120.41
img_13648.npy,1.87,116.40
img_13649.npy,1.81,115.37
img_1365.npy,1.92,120.13
img_13650.npy,1.97,125.42
img_13651.npy,2.00,122.70
img_13652.npy,1.83,120.46
img_13653.npy,1.83,118.14
img_13654.npy,2.12,119.50
img_13655.npy,2.21,114.86
img_13656.npy,1.76,110.46
img_13657.npy,1.85,116.95
img_13658.npy,2.06,113.25
img_13659.npy,1.96,115.86
img_1366.npy,1.91,119.51
img_13660.npy,1.95,126.77
img_13661.npy,1.83,116.73
img_13662.npy,1.89,119.24
img_13663.npy,1.88,120.43
img_13664.npy,1.97,120.17
img_13665.npy,1.95,126.37
img_13666.npy,1.97,120.32
img_13667.npy,1.87,127.61
img_13668.npy,1.83,124.63
img_13669.npy,1.96,115.51
img_1367.npy,1.96,124.11
img_13670.npy,1.88,116.79
img_13671.npy,1.95,116.62
img_13672.npy,1.96,122.86
img_13673.npy,1.93,123.37
img_13674.npy,1.98,128.77
img_13675.npy,2.02,117.03
img_13676.npy,2.05,115.94
img_13677.npy,2.06,120.76
img_13678.npy,2.01,114.62
img_13679.npy,1.91,111.64
img_1368.npy,1.98,119.49
img_13680.npy,1.89,123.32
img_13681.npy,1.99,118.93
img_13682.npy,1.87,118.34
img_13683.npy,1.97,115.28
img_13684.npy,1.93,115.64
img_13685.npy,1.96,121.04
img_13686.npy,1.72,115.76
img_13687.npy,1.92,113.87
img_13688.npy,1.97,123.45
img_13689.npy,1.92,122.78
img_1369.npy,1.85,118.63
img_13690.npy,1.83,118.91
img_13691.npy,1.82,113.98
img_13692.npy,1.87,116.66
img_13693.npy,1.94,123.24
img_13694.npy,1.98,119.96
img_13695.npy,1.95,117.91
img_13696.npy,1.83,117.19
img_13697.npy,1.90,119.27
img_13698.npy,2.12,114.93
img_13699.npy,1.86,117.71
img_137.npy,1.78,120.36
img_1370.npy,1.78,116.91
img_13700.npy,1.85,116.44
img_13701.npy,1.91,118.57
img_13702.npy,1.86,115.98
img_13703.npy,1.83,117.02
img_13704.npy,1.86,118.17
img_13705.npy,1.98,119.70
img_13706.npy,2.01,117.96
img_13707.npy,1.98,116.53
img_13708.npy,1.95,120.58
img_13709.npy,1.90,115.54
img_1371.npy,1.87,114.88
img_13710.npy,1.92,122.33
img_13711.npy,1.83,126.48
img_13712.npy,1.90,117.95
img_13713.npy,1.93,119.65
img_13714.npy,1.91,117.03
img_13715.npy,1.93,117.70
img_13716.npy,1.82,122.29
img_13717.npy,1.93,120.47
img_13718.npy,1.90,121.78
img_13719.npy,2.18,122.27
img_1372.npy,1.96,116.32
img_13720.npy,2.03,114.55
img_13721.npy,1.97,114.19
img_13722.npy,1.95,122.04
img_13723.npy,1.93,128.00
img_13724.npy,1.89,122.56
img_13725.npy,1.95,119.72
img_13726.npy,1.94,116.88
img_13727.npy,1.88,119.25
img_13728.npy,1.93,116.38
img_13729.npy,1.85,112.85
img_1373.npy,1.99,126.38
img_13730.npy,1.98,117.54
img_13731.npy,1.90,123.68
img_13732.npy,1.71,119.27
img_13733.npy,1.87,113.49
img_13734.npy,1.88,119.66
img_13735.npy,1.83,113.72
img_13736.npy,1.88,118.36
img_13737.npy,1.94,127.16
img_13738.npy,1.92,125.00
img_13739.npy,1.96,120.42
img_1374.npy,1.97,123.37
img_13740.npy,1.91,116.19
img_13741.npy,1.92,115.59
img_13742.npy,1.98,115.78
img_13743.npy,2.49,117.28
img_13744.npy,2.02,125.98
img_13745.npy,1.80,115.94
img_13746.npy,1.94,114.77
img_13747.npy,1.93,114.71
img_13748.npy,1.93,114.81
img_13749.npy,1.89,115.88
img_1375.npy,1.93,115.77
img_13750.npy,1.98,116.82
img_13751.npy,1.95,119.72
img_13752.npy,1.84,113.39
img_13753.npy,1.94,124.57
img_13754.npy,2.00,124.99
img_13755.npy,1.92,117.86
img_13756.npy,1.93,120.16
img_13757.npy,1.95,119.20
img_13758.npy,1.94,118.82
img_13759.npy,1.96,121.86
img_1376.npy,1.94,124.05
img_13760.npy,1.94,121.53
img_13761.npy,1.87,122.08
img_13762.npy,1.89,116.05
img_13763.npy,1.97,124.08
img_13764.npy,1.89,119.46
img_13765.npy,1.90,123.34
img_13766.npy,2.36,116.54
img_13767.npy,1.95,126.05
img_13768.npy,1.88,117.95
img_13769.npy,1.96,118.48
img_1377.npy,1.98,120.82
img_13770.npy,1.95,120.23
img_13771.npy,1.94,117.62
img_13772.npy,1.96,121.86
img_13773.npy,1.82,115.14
img_13774.npy,1.75,120.02
img_13775.npy,1.89,120.79
img_13776.npy,1.95,124.20
img_13777.npy,1.98,118.71
img_13778.npy,1.94,119.12
img_13779.npy,1.92,131.25
img_1378.npy,1.98,119.05
img_13780.npy,1.88,112.92
img_13781.npy,1.96,122.29
img_13782.npy,1.90,121.31
img_13783.npy,1.82,124.99
img_13784.npy,1.95,120.25
img_13785.npy,1.97,117.05
img_13786.npy,1.80,115.07
img_13787.npy,1.89,122.68
img_13788.npy,2.36,115.53
img_13789.npy,1.86,116.19
img_1379.npy,1.99,114.76
img_13790.npy,1.92,119.52
img_13791.npy,1.88,123.04
img_13792.npy,1.88,124.92
img_13793.npy,1.88,117.59
img_13794.npy,1.92,117.47
img_13795.npy,1.91,115.48
img_13796.npy,1.89,119.07
img_13797.npy,1.97,123.76
img_13798.npy,1.90,120.40
img_13799.npy,1.95,120.26
img_138.npy,1.97,125.09
img_1380.npy,1.91,127.89
img_13800.npy,2.04,123.00
img_13801.npy,2.01,121.04
img_13802.npy,1.97,115.90
img_13803.npy,1.96,120.45
img_13804.npy,1.96,119.18
img_13805.npy,2.11,116.68
img_13806.npy,1.98,119.88
img_13807.npy,2.01,116.32
img_13808.npy,1.90,120.00
img_13809.npy,1.93,117.45
img_1381.npy,1.97,115.76
img_13810.npy,1.91,117.26
img_13811.npy,1.85,115.84
img_13812.npy,1.85,118.78
img_13813.npy,1.88,120.87
img_13814.npy,1.93,118.22
img_13815.npy,1.89,120.30
img_13816.npy,2.01,119.46
img_13817.npy,1.91,117.11
img_13818.npy,1.88,115.02
img_13819.npy,1.92,119.08
img_1382.npy,1.98,118.73
img_13820.npy,1.88,123.66
img_13821.npy,1.92,116.54
img_13822.npy,1.89,117.78
img_13823.npy,1.88,119.77
img_13824.npy,1.85,118.10
img_13825.npy,1.96,119.68
img_13826.npy,1.95,129.23
img_13827.npy,1.92,118.23
img_13828.npy,1.93,122.00
img_13829.npy,1.89,120.90
img_1383.npy,1.91,115.85
img_13830.npy,2.01,116.82
img_13831.npy,1.95,119.33
img_13832.npy,2.44,121.61
img_13833.npy,1.98,119.53
img_13834.npy,1.91,114.89
img_13835.npy,1.80,118.92
img_13836.npy,1.89,115.35
img_13837.npy,1.92,118.41
img_13838.npy,1.93,119.17
img_13839.npy,1.87,115.67
img_1384.npy,1.85,122.55
img_13840.npy,1.96,119.77
img_13841.npy,1.91,119.27
img_13842.npy,1.87,118.27
img_13843.npy,1.89,115.01
img_13844.npy,1.95,116.71
img_13845.npy,1.90,119.63
img_13846.npy,1.90,121.81
img_13847.npy,1.99,124.59
img_13848.npy,1.79,116.78
img_13849.npy,1.83,118.55
img_1385.npy,1.92,118.40
img_13850.npy,1.84,123.64
img_13851.npy,1.76,122.25
img_13852.npy,1.81,115.47
img_13853.npy,1.84,116.46
img_13854.npy,1.70,117.59
img_13855.npy,2.36,119.67
img_13856.npy,2.11,121.94
img_13857.npy,1.94,124.30
img_13858.npy,1.94,119.29
img_13859.npy,1.80,116.43
img_1386.npy,1.76,120.16
img_13860.npy,1.84,125.15
img_13861.npy,1.93,120.03
img_13862.npy,1.89,119.66
img_13863.npy,1.89,122.50
img_13864.npy,1.86,116.30
img_13865.npy,1.94,121.10
img_13866.npy,1.94,125.34
img_13867.npy,1.93,117.77
img_13868.npy,1.91,119.53
img_13869.npy,1.86,122.05
img_1387.npy,1.85,117.09
img_13870.npy,1.89,114.82
img_13871.npy,1.79,122.51
img_13872.npy,1.94,118.81
img_13873.npy,1.96,123.14
img_13874.npy,1.93,121.72
img_13875.npy,1.81,120.78
img_13876.npy,1.87,112.70
img_13877.npy,2.02,121.16
img_13878.npy,2.19,119.98
img_13879.npy,2.19,113.57
img_1388.npy,1.98,116.66
img_13880.npy,1.96,116.75
img_13881.npy,2.00,118.25
img_13882.npy,1.91,118.86
img_13883.npy,1.93,119.23
img_13884.npy,1.95,124.03
img_13885.npy,1.96,117.29
img_13886.npy,1.90,112.30
img_13887.npy,1.95,112.13
img_13888.npy,1.94,127.09
img_13889.npy,1.90,124.29
img_1389.npy,1.85,116.81
img_13890.npy,1.94,120.59
img_13891.npy,1.91,117.35
img_13892.npy,1.82,119.30
img_13893.npy,1.85,115.23
img_13894.npy,1.95,114.63
img_13895.npy,1.97,114.12
img_13896.npy,1.96,130.31
img_13897.npy,1.89,118.52
img_13898.npy,1.97,123.86
img_13899.npy,1.93,114.20
img_139.npy,2.05,122.16
img_1390.npy,2.28,119.36
img_13900.npy,1.96,116.51
img_13901.npy,1.99,123.73
img_13902.npy,1.85,117.19
img_13903.npy,1.93,113.50
img_13904.npy,1.99,119.10
img_13905.npy,1.96,117.97
img_13906.npy,1.97,121.52
img_13907.npy,1.88,123.62
img_13908.npy,1.76,122.33
img_13909.npy,1.84,115.70
img_1391.npy,1.82,114.31
img_13910.npy,1.85,117.77
img_13911.npy,1.89,125.43
img_13912.npy,1.89,122.55
img_13913.npy,1.91,120.71
img_13914.npy,1.91,115.83
img_13915.npy,1.89,117.17
img_13916.npy,1.85,124.24
img_13917.npy,1.96,116.18
img_13918.npy,1.75,123.99
img_13919.npy,2.00,125.64
img_1392.npy,1.90,116.34
img_13920.npy,1.97,117.80
img_13921.npy,1.99,114.24
img_13922.npy,2.38,117.89
img_13923.npy,2.11,113.70
img_13924.npy,1.95,119.82
img_13925.npy,1.93,120.91
img_13926.npy,1.86,119.13
img_13927.npy,1.93,123.10
img_13928.npy,1.91,124.38
img_13929.npy,1.93,122.55
img_1393.npy,1.98,115.77
img_13930.npy,1.96,127.89
img_13931.npy,2.04,128.54
img_13932.npy,1.94,121.99
img_13933.npy,1.92,118.01
img_13934.npy,1.91,117.88
img_13935.npy,1.95,122.19
img_13936.npy,1.92,118.74
img_13937.npy,1.88,118.73
img_13938.npy,1.90,120.49
img_13939.npy,1.87,117.33
img_1394.npy,1.99,116.43
img_13940.npy,1.90,120.61
img_13941.npy,1.90,119.07
img_13942.npy,1.90,119.68
img_13943.npy,1.86,121.67
img_13944.npy,1.91,116.03
img_13945.npy,2.43,116.98
img_13946.npy,1.96,116.56
img_13947.npy,1.75,119.62
img_13948.npy,1.92,121.49
img_13949.npy,1.99,124.62
img_1395.npy,1.97,115.52
img_13950.npy,1.88,113.89
img_13951.npy,1.88,115.23
img_13952.npy,1.77,117.93
img_13953.npy,1.80,118.43
img_13954.npy,1.81,115.21
img_13955.npy,1.80,113.30
img_13956.npy,1.88,119.02
img_13957.npy,1.95,115.88
img_13958.npy,1.92,120.22
img_13959.npy,1.99,120.50
img_1396.npy,1.94,120.79
img_13960.npy,1.91,115.69
img_13961.npy,1.96,117.29
img_13962.npy,1.98,115.04
img_13963.npy,1.91,127.01
img_13964.npy,1.99,121.41
img_13965.npy,1.99,120.30
img_13966.npy,1.95,117.94
img_13967.npy,1.93,118.39
img_13968.npy,2.27,117.26
img_13969.npy,1.97,116.49
img_1397.npy,1.86,117.44
img_13970.npy,1.92,120.71
img_13971.npy,1.94,123.14
img_13972.npy,1.88,132.55
img_13973.npy,1.92,118.14
img_13974.npy,2.00,119.07
img_13975.npy,1.96,119.90
img_13976.npy,1.94,121.77
img_13977.npy,1.82,124.19
img_13978.npy,1.89,121.00
img_13979.npy,1.96,119.15
img_1398.npy,1.96,117.73
img_13980.npy,1.85,124.24
img_13981.npy,1.88,127.29
img_13982.npy,1.92,120.22
img_13983.npy,1.87,115.53
img_13984.npy,1.88,117.05
img_13985.npy,1.75,118.71
img_13986.npy,1.94,120.70
img_13987.npy,1.78,117.53
img_13988.npy,1.94,122.02
img_13989.npy,1.98,120.26
img_1399.npy,1.92,127.35
img_13990.npy,2.26,119.25
img_13991.npy,2.15,118.04
img_13992.npy,1.91,112.69
img_13993.npy,1.99,119.42
img_13994.npy,1.94,116.19
img_13995.npy,1.97,117.26
img_13996.npy,2.01,121.43
img_13997.npy,1.88,115.69
img_13998.npy,1.94,120.18
img_13999.npy,1.97,121.86
img_14.npy,1.82,119.62
img_140.npy,1.88,120.43
img_1400.npy,1.84,120.61
img_14000.npy,1.88,115.03
img_14001.npy,1.97,113.29
img_14002.npy,1.95,116.98
img_14003.npy,1.95,120.50
img_14004.npy,1.92,121.68
img_14005.npy,2.02,124.80
img_14006.npy,1.90,115.11
img_14007.npy,1.91,120.26
img_14008.npy,1.96,119.12
img_14009.npy,1.90,123.36
img_1401.npy,1.84,119.38
img_14010.npy,2.01,119.39
img_14011.npy,2.38,117.04
img_14012.npy,2.12,122.95
img_14013.npy,1.90,122.68
img_14014.npy,1.90,121.43
img_14015.npy,1.96,121.30
img_14016.npy,2.00,125.39
img_14017.npy,2.01,120.74
img_14018.npy,1.88,118.83
img_14019.npy,1.80,120.21
img_1402.npy,1.83,114.16
img_14020.npy,1.78,114.43
img_14021.npy,1.87,116.02
img_14022.npy,2.00,116.88
img_14023.npy,1.88,124.47
img_14024.npy,1.94,126.50
img_14025.npy,1.97,116.40
img_14026.npy,1.97,116.02
img_14027.npy,1.93,116.20
img_14028.npy,1.96,126.62
img_14029.npy,1.95,116.31
img_1403.npy,1.92,120.57
img_14030.npy,1.80,123.78
img_14031.npy,1.91,119.93
img_14032.npy,1.96,122.07
img_14033.npy,1.92,121.01
img_14034.npy,2.25,117.56
img_14035.npy,2.03,109.71
img_14036.npy,1.95,118.19
img_14037.npy,1.88,116.85
img_14038.npy,1.76,119.14
img_14039.npy,1.90,122.78
img_1404.npy,1.85,115.82
img_14040.npy,1.97,122.07
img_14041.npy,1.93,117.91
img_14042.npy,1.96,120.18
img_14043.npy,1.91,120.24
img_14044.npy,1.93,114.46
img_14045.npy,1.87,115.97
img_14046.npy,1.88,119.45
img_14047.npy,1.95,124.32
img_14048.npy,1.93,122.04
img_14049.npy,1.99,124.71
img_1405.npy,1.94,123.64
img_14050.npy,1.87,115.99
img_14051.npy,1.93,118.71
img_14052.npy,1.77,117.46
img_14053.npy,1.79,120.58
img_14054.npy,1.89,122.06
img_14055.npy,1.94,123.61
img_14056.npy,1.76,117.93
img_14057.npy,1.84,118.67
img_14058.npy,2.38,119.16
img_14059.npy,1.98,118.73
img_1406.npy,1.88,117.39
img_14060.npy,1.78,124.17
img_14061.npy,1.81,120.07
img_14062.npy,1.89,120.67
img_14063.npy,1.96,122.37
img_14064.npy,1.98,124.61
img_14065.npy,1.88,112.86
img_14066.npy,1.91,122.48
img_14067.npy,1.86,114.42
img_14068.npy,1.89,122.83
img_14069.npy,1.95,120.05
img_1407.npy,1.91,127.18
img_14070.npy,2.01,117.73
img_14071.npy,1.95,118.66
img_14072.npy,1.90,115.84
img_14073.npy,1.99,119.10
img_14074.npy,1.87,118.77
img_14075.npy,1.82,121.66
img_14076.npy,1.86,114.98
img_14077.npy,1.96,112.99
img_14078.npy,1.94,119.11
img_14079.npy,1.95,122.98
img_1408.npy,1.93,122.01
img_14080.npy,2.09,124.92
img_14081.npy,1.92,119.64
img_14082.npy,1.93,115.97
img_14083.npy,2.00,117.69
img_14084.npy,1.97,116.41
img_14085.npy,1.99,121.69
img_14086.npy,1.82,121.83
img_14087.npy,1.95,120.63
img_14088.npy,1.90,124.48
img_14089.npy,1.93,115.64
img_1409.npy,2.03,127.94
img_14090.npy,1.99,122.43
img_14091.npy,1.98,123.41
img_14092.npy,1.95,126.00
img_14093.npy,1.94,120.43
img_14094.npy,1.96,121.90
img_14095.npy,1.72,119.64
img_14096.npy,1.72,118.87
img_14097.npy,2.00,125.33
img_14098.npy,1.93,119.62
img_14099.npy,1.92,122.09
img_141.npy,1.98,115.66
img_1410.npy,1.97,122.44
img_14100.npy,1.94,122.52
img_14101.npy,2.03,117.05
img_14102.npy,2.02,115.05
img_14103.npy,1.92,114.56
img_14104.npy,1.89,118.18
img_14105.npy,1.96,117.09
img_14106.npy,1.99,119.43
img_14107.npy,1.91,119.73
img_14108.npy,1.94,124.00
img_14109.npy,1.90,116.85
img_1411.npy,1.99,123.78
img_14110.npy,1.93,119.02
img_14111.npy,2.00,117.46
img_14112.npy,1.93,123.48
img_14113.npy,1.80,119.82
img_14114.npy,1.89,113.05
img_14115.npy,1.92,114.62
img_14116.npy,1.95,117.73
img_14117.npy,1.95,127.42
img_14118.npy,1.92,124.56
img_14119.npy,1.91,125.71
img_1412.npy,1.89,120.04
img_14120.npy,1.86,118.66
img_14121.npy,1.93,124.01
img_14122.npy,1.75,117.73
img_14123.npy,1.86,118.02
img_14124.npy,1.98,122.53
img_14125.npy,2.42,119.83
img_14126.npy,1.95,113.05
img_14127.npy,1.98,121.61
img_14128.npy,2.00,120.54
img_14129.npy,1.90,119.89
img_1413.npy,1.84,119.30
img_14130.npy,1.97,123.48
img_14131.npy,1.99,120.46
img_14132.npy,2.00,119.88
img_14133.npy,1.86,118.92
img_14134.npy,1.76,123.90
img_14135.npy,1.72,119.54
img_14136.npy,1.69,114.18
img_14137.npy,1.73,122.74
img_14138.npy,1.88,119.59
img_14139.npy,1.85,115.86
img_1414.npy,1.82,117.49
img_14140.npy,1.81,119.23
img_14141.npy,1.89,117.77
img_14142.npy,1.74,137.08
img_14143.npy,1.77,117.70
img_14144.npy,1.92,123.57
img_14145.npy,1.88,116.45
img_14146.npy,1.86,120.71
img_14147.npy,1.84,118.66
img_14148.npy,1.90,118.09
img_14149.npy,2.35,115.67
img_1415.npy,1.94,116.91
img_14150.npy,1.81,117.12
img_14151.npy,1.86,124.79
img_14152.npy,1.70,121.91
img_14153.npy,1.97,116.03
img_14154.npy,1.81,113.47
img_14155.npy,1.73,118.66
img_14156.npy,1.91,112.49
img_14157.npy,1.88,114.00
img_14158.npy,1.91,119.01
img_14159.npy,1.89,114.14
img_1416.npy,1.95,116.86
img_14160.npy,1.99,124.07
img_14161.npy,1.93,123.65
img_14162.npy,1.84,124.57
img_14163.npy,1.93,123.33
img_14164.npy,1.95,115.14
img_14165.npy,1.80,119.95
img_14166.npy,1.91,119.61
img_14167.npy,1.93,121.21
img_14168.npy,1.89,137.25
img_14169.npy,1.95,115.18
img_1417.npy,1.90,120.20
img_14170.npy,1.89,121.42
img_14171.npy,1.92,117.54
img_14172.npy,2.33,118.80
img_14173.npy,1.86,115.34
img_14174.npy,1.99,124.00
img_14175.npy,1.98,120.39
img_14176.npy,1.98,130.32
img_14177.npy,1.97,123.68
img_14178.npy,1.93,122.75
img_14179.npy,1.83,125.29
img_1418.npy,1.84,122.09
img_14180.npy,1.99,122.03
img_14181.npy,1.97,115.36
img_14182.npy,1.99,120.55
img_14183.npy,1.96,122.24
img_14184.npy,2.04,122.48
img_14185.npy,1.93,117.68
img_14186.npy,1.90,116.19
img_14187.npy,1.95,120.85
img_14188.npy,1.96,119.85
img_14189.npy,1.94,115.42
img_1419.npy,1.96,120.62
img_14190.npy,1.92,121.43
img_14191.npy,1.90,119.64
img_14192.npy,1.92,114.84
img_14193.npy,1.96,126.63
img_14194.npy,1.95,126.26
img_14195.npy,2.35,116.40
img_14196.npy,1.92,115.90
img_14197.npy,2.00,120.30
img_14198.npy,1.91,118.52
img_14199.npy,1.97,121.97
img_142.npy,1.92,116.65
img_1420.npy,1.89,121.11
img_14200.npy,1.82,118.29
img_14201.npy,1.89,119.16
img_14202.npy,1.91,118.55
img_14203.npy,1.79,113.54
img_14204.npy,1.87,118.82
img_14205.npy,1.91,127.15
img_14206.npy,1.88,127.59
img_14207.npy,1.80,123.74
img_14208.npy,1.89,117.70
img_14209.npy,1.97,120.68
img_1421.npy,1.91,116.70
img_14210.npy,1.93,122.68
img_14211.npy,1.80,114.73
img_14212.npy,1.91,115.83
img_14213.npy,1.92,124.83
img_14214.npy,1.88,121.51
img_14215.npy,1.82,119.48
img_14216.npy,1.88,118.39
img_14217.npy,2.49,114.94
img_14218.npy,1.89,114.67
img_14219.npy,1.95,116.02
img_1422.npy,1.91,123.05
img_14220.npy,1.82,118.14
img_14221.npy,1.86,114.46
img_14222.npy,1.93,124.03
img_14223.npy,1.94,117.18
img_14224.npy,1.93,124.19
img_14225.npy,2.00,122.16
img_14226.npy,1.96,123.66
img_14227.npy,1.98,118.58
img_14228.npy,1.94,125.51
img_14229.npy,1.91,120.71
img_1423.npy,1.93,124.70
img_14230.npy,1.98,116.78
img_14231.npy,1.94,120.46
img_14232.npy,1.78,111.48
img_14233.npy,1.90,117.30
img_14234.npy,2.03,119.70
img_14235.npy,1.80,120.39
img_14236.npy,1.94,124.61
img_14237.npy,1.96,118.96
img_14238.npy,1.95,124.12
img_14239.npy,1.97,119.64
img_1424.npy,2.40,116.78
img_14240.npy,1.94,116.04
img_14241.npy,1.93,117.64
img_14242.npy,1.89,118.07
img_14243.npy,1.97,119.05
img_14244.npy,1.93,116.89
img_14245.npy,1.93,123.29
img_14246.npy,2.01,120.16
img_14247.npy,1.83,118.22
img_14248.npy,1.97,122.96
img_14249.npy,2.00,121.28
img_1425.npy,1.94,122.12
img_14250.npy,1.88,120.31
img_14251.npy,1.88,121.93
img_14252.npy,1.88,116.53
img_14253.npy,1.95,119.66
img_14254.npy,1.96,112.70
img_14255.npy,1.91,125.41
img_14256.npy,1.92,123.29
img_14257.npy,1.89,123.03
img_14258.npy,1.87,123.04
img_14259.npy,1.83,121.41
img_1426.npy,1.96,115.92
img_14260.npy,1.96,130.36
img_14261.npy,2.02,128.51
img_14262.npy,2.35,118.32
img_14263.npy,1.96,115.16
img_14264.npy,1.92,116.04
img_14265.npy,1.95,117.60
img_14266.npy,1.88,125.36
img_14267.npy,1.86,126.18
img_14268.npy,1.80,116.29
img_14269.npy,1.77,119.20
img_1427.npy,1.91,117.84
img_14270.npy,1.86,123.40
img_14271.npy,1.90,127.03
img_14272.npy,1.94,125.25
img_14273.npy,1.93,116.44
img_14274.npy,1.89,111.45
img_14275.npy,1.95,122.39
img_14276.npy,1.89,119.10
img_14277.npy,1.88,122.54
img_14278.npy,1.96,124.77
img_14279.npy,1.97,133.43
img_1428.npy,1.94,116.74
img_14280.npy,1.91,115.18
img_14281.npy,1.95,123.02
img_14282.npy,1.85,124.23
img_14283.npy,1.90,119.45
img_14284.npy,2.06,120.03
img_14285.npy,2.04,116.69
img_14286.npy,1.95,119.77
img_14287.npy,2.00,123.00
img_14288.npy,1.95,121.82
img_14289.npy,1.94,115.79
img_1429.npy,1.98,117.50
img_14290.npy,1.99,121.70
img_14291.npy,1.97,123.21
img_14292.npy,1.82,120.20
img_14293.npy,1.92,119.65
img_14294.npy,1.92,116.47
img_14295.npy,1.90,121.39
img_14296.npy,1.97,123.23
img_14297.npy,1.97,120.21
img_14298.npy,1.88,125.27
img_14299.npy,1.87,119.88
img_143.npy,1.98,120.55
img_1430.npy,1.94,119.59
img_14300.npy,1.93,115.47
img_14301.npy,1.84,124.50
img_14302.npy,1.89,120.98
img_14303.npy,1.87,118.86
img_14304.npy,1.88,119.19
img_14305.npy,1.86,117.74
img_14306.npy,1.87,114.45
img_14307.npy,2.04,125.30
img_14308.npy,2.47,127.76
img_14309.npy,1.92,121.64
img_1431.npy,1.86,122.22
img_14310.npy,1.99,117.53
img_14311.npy,1.99,122.25
img_14312.npy,2.02,122.32
img_14313.npy,1.98,123.94
img_14314.npy,1.84,120.75
img_14315.npy,1.96,116.79
img_14316.npy,1.77,121.56
img_14317.npy,1.77,117.89
img_14318.npy,1.97,123.30
img_14319.npy,1.95,118.57
img_1432.npy,1.93,119.84
img_14320.npy,1.96,124.55
img_14321.npy,1.93,121.13
img_14322.npy,1.92,125.64
img_14323.npy,1.99,120.03
img_14324.npy,1.98,116.69
img_14325.npy,1.89,123.00
img_14326.npy,1.84,124.30
img_14327.npy,1.85,119.04
img_14328.npy,1.90,121.63
img_14329.npy,1.96,139.59
img_1433.npy,1.99,138.38
img_14330.npy,2.32,120.13
img_14331.npy,1.89,117.05
img_14332.npy,1.89,124.44
img_14333.npy,1.87,123.63
img_14334.npy,1.94,117.13
img_14335.npy,1.93,124.00
img_14336.npy,1.92,122.30
img_14337.npy,1.96,116.57
img_14338.npy,1.96,115.68
img_14339.npy,1.87,119.70
img_1434.npy,1.91,125.27
img_14340.npy,1.96,124.16
img_14341.npy,1.95,125.45
img_14342.npy,1.90,118.62
img_14343.npy,1.93,121.21
img_14344.npy,1.92,115.73
img_14345.npy,1.95,121.77
img_14346.npy,1.91,119.57
img_14347.npy,1.98,117.38
img_14348.npy,1.92,117.16
img_14349.npy,1.91,121.63
img_1435.npy,1.89,123.34
img_14350.npy,2.26,134.97
img_14351.npy,1.91,120.82
img_14352.npy,1.95,118.18
img_14353.npy,1.90,124.34
img_14354.npy,1.96,118.18
img_14355.npy,1.96,122.01
img_14356.npy,2.01,123.81
img_14357.npy,1.97,123.64
img_14358.npy,1.89,114.13
img_14359.npy,1.91,112.36
img_1436.npy,1.89,122.73
img_14360.npy,1.94,116.44
img_14361.npy,1.98,123.00
img_14362.npy,1.95,122.80
img_14363.npy,1.91,118.71
img_14364.npy,2.01,123.64
img_14365.npy,1.99,120.05
img_14366.npy,1.90,120.24
img_14367.npy,1.86,119.70
img_14368.npy,1.95,121.30
img_14369.npy,1.95,127.66
img_1437.npy,1.96,120.04
img_14370.npy,1.97,118.57
img_14371.npy,1.90,120.68
img_14372.npy,1.89,117.88
img_14373.npy,1.95,119.01
img_14374.npy,1.93,119.84
img_14375.npy,1.81,128.39
img_14376.npy,1.85,118.17
img_14377.npy,1.94,123.61
img_14378.npy,1.93,122.12
img_14379.npy,1.97,116.08
img_1438.npy,1.94,137.33
img_14380.npy,2.00,123.30
img_14381.npy,1.92,121.52
img_14382.npy,1.87,117.89
img_14383.npy,1.79,119.64
img_14384.npy,1.96,115.30
img_14385.npy,1.93,118.83
img_14386.npy,1.98,132.63
img_14387.npy,1.99,116.01
img_14388.npy,1.99,122.76
img_14389.npy,2.23,116.57
img_1439.npy,1.83,124.57
img_14390.npy,1.93,122.16
img_14391.npy,2.00,120.38
img_14392.npy,2.05,122.19
img_14393.npy,1.99,126.80
img_14394.npy,1.94,119.58
img_14395.npy,1.94,119.89
img_14396.npy,1.89,117.33
img_14397.npy,1.95,120.45
img_14398.npy,1.86,117.14
img_14399.npy,1.96,120.85
img_144.npy,2.02,118.08
img_1440.npy,2.01,127.52
img_14400.npy,1.93,120.14
img_14401.npy,1.89,118.84
img_14402.npy,1.89,123.47
img_14403.npy,1.90,119.71
img_14404.npy,1.95,123.07
img_14405.npy,1.98,122.04
img_14406.npy,2.02,121.80
img_14407.npy,2.25,119.49
img_14408.npy,1.90,118.47
img_14409.npy,1.97,125.93
img_1441.npy,1.90,119.20
img_14410.npy,1.85,127.51
img_14411.npy,1.82,120.80
img_14412.npy,1.98,116.86
img_14413.npy,1.93,128.36
img_14414.npy,1.92,116.56
img_14415.npy,1.94,113.72
img_14416.npy,1.67,122.23
img_14417.npy,1.80,119.82
img_14418.npy,1.88,119.03
img_14419.npy,1.95,125.65
img_1442.npy,1.99,122.39
img_14420.npy,1.95,125.70
img_14421.npy,1.88,122.34
img_14422.npy,1.95,120.56
img_14423.npy,1.94,118.35
img_14424.npy,1.91,114.15
img_14425.npy,1.93,123.64
img_14426.npy,2.06,127.05
img_14427.npy,2.17,118.12
img_14428.npy,1.95,123.24
img_14429.npy,1.97,118.40
img_1443.npy,1.83,117.05
img_14430.npy,1.85,119.98
img_14431.npy,2.01,115.70
img_14432.npy,1.80,122.46
img_14433.npy,1.94,118.36
img_14434.npy,1.85,125.65
img_14435.npy,1.93,123.07
img_14436.npy,1.89,118.64
img_14437.npy,1.84,118.65
img_14438.npy,1.94,118.56
img_14439.npy,2.08,123.75
img_1444.npy,1.96,118.51
img_14440.npy,1.87,120.34
img_14441.npy,1.93,125.51
img_14442.npy,1.92,117.43
img_14443.npy,1.92,123.32
img_14444.npy,1.89,113.38
img_14445.npy,1.94,117.76
img_14446.npy,1.87,117.53
img_14447.npy,1.96,122.71
img_14448.npy,1.93,122.72
img_14449.npy,1.95,121.87
img_1445.npy,1.94,120.56
img_14450.npy,1.99,126.33
img_14451.npy,1.88,121.14
img_14452.npy,1.78,121.04
img_14453.npy,1.93,118.01
img_14454.npy,1.93,120.19
img_14455.npy,1.98,116.12
img_14456.npy,1.93,118.69
img_14457.npy,1.91,120.95
img_14458.npy,1.90,115.78
img_14459.npy,1.92,125.78
img_1446.npy,1.97,120.90
img_14460.npy,1.91,123.62
img_14461.npy,1.93,124.75
img_14462.npy,1.86,116.84
img_14463.npy,1.87,122.95
img_14464.npy,1.94,118.38
img_14465.npy,1.94,124.89
img_14466.npy,2.15,120.77
img_14467.npy,2.06,118.23
img_14468.npy,1.91,114.18
img_14469.npy,1.93,122.53
img_1447.npy,1.86,119.45
img_14470.npy,1.96,119.71
img_14471.npy,1.87,119.66
img_14472.npy,1.81,119.54
img_14473.npy,1.89,122.36
img_14474.npy,1.95,116.83
img_14475.npy,1.98,118.38
img_14476.npy,1.92,117.28
img_14477.npy,1.92,118.04
img_14478.npy,1.90,124.41
img_14479.npy,1.89,120.41
img_1448.npy,1.84,120.27
img_14480.npy,1.89,124.46
img_14481.npy,1.87,116.79
img_14482.npy,1.88,117.30
img_14483.npy,1.82,118.65
img_14484.npy,1.77,118.71
img_14485.npy,1.81,120.67
img_14486.npy,1.87,116.05
img_14487.npy,2.31,118.47
img_14488.npy,1.90,120.22
img_14489.npy,1.87,118.38
img_1449.npy,1.80,119.12
img_14490.npy,1.85,117.09
img_14491.npy,1.81,118.45
img_14492.npy,1.89,122.89
img_14493.npy,1.90,119.84
img_14494.npy,1.98,123.49
img_14495.npy,1.74,121.93
img_14496.npy,1.76,114.92
img_14497.npy,1.86,122.40
img_14498.npy,1.90,116.76
img_14499.npy,1.88,115.65
img_145.npy,1.82,114.70
img_1450.npy,1.87,114.89
img_14500.npy,1.93,124.19
img_14501.npy,1.93,126.49
img_14502.npy,1.89,119.28
img_14503.npy,1.91,119.79
img_14504.npy,1.87,119.78
img_14505.npy,1.93,114.78
img_14506.npy,1.91,123.14
img_14507.npy,2.24,122.83
img_14508.npy,1.91,118.43
img_14509.npy,1.85,125.89
img_1451.npy,1.92,118.21
img_14510.npy,1.95,120.73
img_14511.npy,1.94,120.15
img_14512.npy,1.90,119.16
img_14513.npy,1.84,118.85
img_14514.npy,1.74,118.42
img_14515.npy,2.00,125.45
img_14516.npy,1.94,125.15
img_14517.npy,1.95,123.26
img_14518.npy,1.81,121.28
img_14519.npy,1.94,126.09
img_1452.npy,1.90,123.03
img_14520.npy,1.86,129.34
img_14521.npy,1.79,119.83
img_14522.npy,1.76,115.42
img_14523.npy,2.00,119.40
img_14524.npy,1.86,122.62
img_14525.npy,1.88,115.37
img_14526.npy,1.92,120.67
img_14527.npy,1.93,116.86
img_14528.npy,2.27,115.40
img_14529.npy,1.80,116.09
img_1453.npy,1.69,116.63
img_14530.npy,1.78,113.39
img_14531.npy,1.92,122.84
img_14532.npy,1.91,119.13
img_14533.npy,1.89,121.60
img_14534.npy,1.93,116.96
img_14535.npy,1.96,124.07
img_14536.npy,1.93,122.29
img_14537.npy,2.00,121.97
img_14538.npy,1.91,120.93
img_14539.npy,1.94,115.77
img_1454.npy,1.91,129.54
img_14540.npy,1.96,123.29
img_14541.npy,1.97,125.04
img_14542.npy,1.94,123.38
img_14543.npy,1.87,124.81
img_14544.npy,1.67,120.82
img_14545.npy,1.86,120.14
img_14546.npy,2.01,124.37
img_14547.npy,1.91,121.23
img_14548.npy,2.01,128.61
img_14549.npy,2.25,121.11
img_1455.npy,1.90,117.20
img_14550.npy,1.90,118.80
img_14551.npy,1.83,121.34
img_14552.npy,1.92,118.22
img_14553.npy,1.94,112.71
img_14554.npy,1.96,123.69
img_14555.npy,1.93,123.02
img_14556.npy,1.95,123.43
img_14557.npy,1.98,119.20
img_14558.npy,2.03,128.42
img_14559.npy,1.97,123.41
img_1456.npy,1.96,116.69
img_14560.npy,1.95,115.59
img_14561.npy,1.91,115.32
img_14562.npy,2.03,121.16
img_14563.npy,1.90,124.32
img_14564.npy,1.88,118.72
img_14565.npy,1.93,116.76
img_14566.npy,1.82,117.82
img_14567.npy,1.93,114.61
img_14568.npy,1.84,120.09
img_14569.npy,1.90,117.52
img_1457.npy,2.32,118.38
img_14570.npy,1.75,120.01
img_14571.npy,1.88,120.42
img_14572.npy,1.97,116.61
img_14573.npy,1.95,120.52
img_14574.npy,1.96,121.14
img_14575.npy,1.98,124.53
img_14576.npy,1.94,121.02
img_14577.npy,1.95,114.13
img_14578.npy,1.94,117.86
img_14579.npy,1.90,115.91
img_1458.npy,1.90,113.47
img_14580.npy,1.88,113.76
img_14581.npy,1.94,120.48
img_14582.npy,1.94,118.36
img_14583.npy,1.94,123.45
img_14584.npy,1.97,120.50
img_14585.npy,1.84,113.67
img_14586.npy,1.91,117.57
img_14587.npy,1.89,115.05
img_14588.npy,1.99,122.90
img_14589.npy,1.97,128.04
img_1459.npy,1.73,121.79
img_14590.npy,2.16,119.17
img_14591.npy,1.83,112.61
img_14592.npy,1.79,119.31
img_14593.npy,1.88,118.27
img_14594.npy,1.92,112.46
img_14595.npy,1.93,117.80
img_14596.npy,1.99,119.03
img_14597.npy,1.91,120.81
img_14598.npy,1.89,123.04
img_14599.npy,1.82,124.47
img_146.npy,1.88,121.62
img_1460.npy,1.83,122.90
img_14600.npy,1.97,120.31
img_14601.npy,1.99,123.93
img_14602.npy,1.92,124.84
img_14603.npy,1.98,118.96
img_14604.npy,1.93,115.25
img_14605.npy,1.87,115.31
img_14606.npy,1.98,117.52
img_14607.npy,1.98,122.09
img_14608.npy,1.99,123.73
img_14609.npy,1.93,124.41
img_1461.npy,1.97,120.05
img_14610.npy,2.30,115.58
img_14611.npy,1.92,115.11
img_14612.npy,1.89,123.39
img_14613.npy,1.85,116.96
img_14614.npy,1.97,121.39
img_14615.npy,1.98,123.16
img_14616.npy,1.93,119.43
img_14617.npy,1.97,122.74
img_14618.npy,1.94,116.48
img_14619.npy,1.81,113.86
img_1462.npy,1.91,127.64
img_14620.npy,1.79,118.92
img_14621.npy,1.90,119.61
img_14622.npy,1.92,119.81
img_14623.npy,1.95,119.99
img_14624.npy,1.84,117.87
img_14625.npy,1.86,114.06
img_14626.npy,1.88,116.65
img_14627.npy,1.87,118.30
img_14628.npy,1.83,115.58
img_14629.npy,1.89,113.46
img_1463.npy,1.93,119.60
img_14630.npy,1.87,119.68
img_14631.npy,2.20,114.23
img_14632.npy,1.89,115.75
img_14633.npy,1.88,114.42
img_14634.npy,1.90,116.09
img_14635.npy,1.89,121.09
img_14636.npy,1.76,113.53
img_14637.npy,1.83,116.63
img_14638.npy,1.93,125.57
img_14639.npy,1.88,123.72
img_1464.npy,1.91,111.33
img_14640.npy,1.77,118.39
img_14641.npy,1.91,117.59
img_14642.npy,1.87,117.03
img_14643.npy,1.79,116.10
img_14644.npy,1.86,121.18
img_14645.npy,2.01,122.99
img_14646.npy,2.04,116.98
img_14647.npy,1.90,111.38
img_14648.npy,1.85,115.30
img_14649.npy,1.82,127.19
img_1465.npy,1.91,117.41
img_14650.npy,1.81,118.25
img_14651.npy,1.64,119.70
img_14652.npy,1.93,119.14
img_14653.npy,1.92,119.13
img_14654.npy,1.97,117.06
img_14655.npy,1.77,116.82
img_14656.npy,1.84,115.45
img_14657.npy,2.02,118.84
img_14658.npy,1.92,123.19
img_14659.npy,1.95,121.39
img_1466.npy,1.91,115.99
img_14660.npy,1.99,124.12
img_14661.npy,1.95,123.31
img_14662.npy,1.96,117.74
img_14663.npy,1.96,121.54
img_14664.npy,1.99,122.92
img_14665.npy,1.89,118.05
img_14666.npy,1.88,121.36
img_14667.npy,1.90,121.57
img_14668.npy,1.95,135.07
img_14669.npy,1.79,112.81
img_1467.npy,1.96,120.48
img_14670.npy,1.90,123.04
img_14671.npy,1.90,124.13
img_14672.npy,1.89,120.95
img_14673.npy,1.93,114.92
img_14674.npy,1.99,127.45
img_14675.npy,2.37,127.70
img_14676.npy,1.87,122.68
img_14677.npy,1.97,122.75
img_14678.npy,1.91,120.18
img_14679.npy,1.88,114.01
img_1468.npy,2.03,117.91
img_14680.npy,1.79,125.48
img_14681.npy,1.92,121.84
img_14682.npy,1.79,120.61
img_14683.npy,2.00,117.40
img_14684.npy,1.95,125.58
img_14685.npy,1.91,122.68
img_14686.npy,1.97,123.27
img_14687.npy,2.00,118.65
img_14688.npy,1.89,120.82
img_14689.npy,1.88,122.19
img_1469.npy,1.92,129.54
img_14690.npy,1.93,114.04
img_14691.npy,1.94,117.59
img_14692.npy,1.87,122.19
img_14693.npy,1.82,119.90
img_14694.npy,1.87,121.35
img_14695.npy,1.96,118.03
img_14696.npy,1.99,126.98
img_14697.npy,2.40,120.89
img_14698.npy,1.89,121.37
img_14699.npy,1.81,121.02
img_147.npy,2.00,120.59
img_1470.npy,1.93,119.69
img_14700.npy,1.87,114.54
img_14701.npy,1.83,113.70
img_14702.npy,1.94,117.92
img_14703.npy,1.97,114.94
img_14704.npy,1.82,113.41
img_14705.npy,1.90,119.39
img_14706.npy,1.94,117.64
img_14707.npy,1.95,117.57
img_14708.npy,2.02,116.40
img_14709.npy,1.91,119.65
img_1471.npy,1.90,120.83
img_14710.npy,1.92,124.53
img_14711.npy,1.88,122.59
img_14712.npy,1.98,120.37
img_14713.npy,1.93,115.62
img_14714.npy,1.87,119.82
img_14715.npy,1.93,115.02
img_14716.npy,1.93,122.07
img_14717.npy,2.24,121.12
img_14718.npy,2.14,116.23
img_14719.npy,1.96,117.36
img_1472.npy,1.88,112.63
img_14720.npy,1.90,113.50
img_14721.npy,1.97,124.12
img_14722.npy,1.92,120.67
img_14723.npy,1.88,123.65
img_14724.npy,1.91,118.59
img_14725.npy,1.87,116.16
img_14726.npy,1.92,118.88
img_14727.npy,1.96,116.81
img_14728.npy,1.98,122.04
img_14729.npy,1.90,116.18
img_1473.npy,1.88,119.79
img_14730.npy,1.90,119.78
img_14731.npy,1.99,117.66
img_14732.npy,1.87,117.10
img_14733.npy,1.90,119.54
img_14734.npy,1.93,119.06
img_14735.npy,1.94,122.38
img_14736.npy,1.87,125.66
img_14737.npy,1.86,117.86
img_14738.npy,2.00,124.21
img_14739.npy,2.31,121.29
img_1474.npy,1.97,118.17
img_14740.npy,1.97,121.89
img_14741.npy,1.92,119.45
img_14742.npy,1.97,118.54
img_14743.npy,1.91,125.41
img_14744.npy,1.87,123.01
img_14745.npy,1.93,119.84
img_14746.npy,1.93,127.80
img_14747.npy,1.89,119.46
img_14748.npy,1.81,119.62
img_14749.npy,1.94,124.60
img_1475.npy,1.92,118.77
img_14750.npy,1.91,121.66
img_14751.npy,1.98,121.10
img_14752.npy,2.04,118.28
img_14753.npy,1.90,118.19
img_14754.npy,1.93,115.77
img_14755.npy,1.93,119.78
img_14756.npy,1.97,117.54
img_14757.npy,1.91,120.04
img_14758.npy,1.95,116.30
img_14759.npy,2.19,119.77
img_1476.npy,1.97,119.19
img_14760.npy,1.90,119.21
img_14761.npy,1.91,116.53
img_14762.npy,1.94,118.05
img_14763.npy,2.00,121.16
img_14764.npy,1.98,120.02
img_14765.npy,1.97,120.88
img_14766.npy,1.93,119.68
img_14767.npy,1.95,116.24
img_14768.npy,1.95,120.06
img_14769.npy,1.91,118.98
img_1477.npy,1.89,116.84
img_14770.npy,1.88,117.30
img_14771.npy,1.98,120.66
img_14772.npy,1.95,113.27
img_14773.npy,1.97,119.36
img_14774.npy,1.82,123.80
img_14775.npy,1.89,123.86
img_14776.npy,1.89,117.97
img_14777.npy,1.83,119.60
img_14778.npy,1.96,124.81
img_14779.npy,1.96,121.76
img_1478.npy,1.87,117.11
img_14780.npy,2.00,120.57
img_14781.npy,1.79,118.61
img_14782.npy,2.30,112.11
img_14783.npy,1.94,115.24
img_14784.npy,1.94,117.56
img_14785.npy,1.92,115.12
img_14786.npy,1.97,118.36
img_14787.npy,1.96,112.44
img_14788.npy,1.97,125.12
img_14789.npy,1.78,127.53
img_1479.npy,1.90,119.91
img_14790.npy,1.94,115.53
img_14791.npy,1.93,118.27
img_14792.npy,1.89,121.43
img_14793.npy,1.90,117.40
img_14794.npy,1.94,120.29
img_14795.npy,1.88,118.20
img_14796.npy,1.86,114.89
img_14797.npy,1.96,115.50
img_14798.npy,1.96,124.55
img_14799.npy,1.94,126.35
img_148.npy,1.96,119.27
img_1480.npy,1.82,114.38
img_14800.npy,1.79,120.10
img_14801.npy,1.87,117.58
img_14802.npy,2.02,123.09
img_14803.npy,2.37,122.71
img_14804.npy,1.99,120.39
img_14805.npy,1.96,118.31
img_14806.npy,1.84,116.77
img_14807.npy,1.96,119.17
img_14808.npy,1.83,111.98
img_14809.npy,1.87,122.67
img_1481.npy,1.86,119.95
img_14810.npy,1.96,116.49
img_14811.npy,1.93,118.67
img_14812.npy,1.96,118.70
img_14813.npy,1.90,116.25
img_14814.npy,1.93,116.54
img_14815.npy,1.78,117.00
img_14816.npy,2.01,126.88
img_14817.npy,1.92,118.65
img_14818.npy,1.90,119.66
img_14819.npy,1.99,118.78
img_1482.npy,1.96,118.57
img_14820.npy,1.84,118.90
img_14821.npy,1.97,117.46
img_14822.npy,1.81,123.22
img_14823.npy,1.83,116.81
img_14824.npy,1.87,117.60
img_14825.npy,2.28,120.17
img_14826.npy,1.97,114.36
img_14827.npy,1.92,116.72
img_14828.npy,1.93,111.69
img_14829.npy,1.98,119.98
img_1483.npy,1.90,114.50
img_14830.npy,1.90,122.04
img_14831.npy,2.00,123.34
img_14832.npy,1.97,120.15
img_14833.npy,1.95,118.32
img_14834.npy,2.02,119.99
img_14835.npy,1.95,120.90
img_14836.npy,1.97,127.52
img_14837.npy,1.98,130.54
img_14838.npy,1.88,116.93
img_14839.npy,1.92,114.26
img_1484.npy,1.88,118.91
img_14840.npy,1.88,119.21
img_14841.npy,2.03,121.33
img_14842.npy,1.97,119.88
img_14843.npy,1.98,119.42
img_14844.npy,1.93,122.72
img_14845.npy,1.77,119.45
img_14846.npy,1.95,123.75
img_14847.npy,2.35,112.77
img_14848.npy,2.01,118.78
img_14849.npy,1.93,120.88
img_1485.npy,1.89,118.19
img_14850.npy,2.00,118.91
img_14851.npy,1.92,119.77
img_14852.npy,2.00,121.37
img_14853.npy,1.95,120.94
img_14854.npy,1.94,125.05
img_14855.npy,1.87,123.97
img_14856.npy,1.87,119.18
img_14857.npy,1.90,116.81
img_14858.npy,1.86,114.31
img_14859.npy,1.93,121.76
img_1486.npy,1.87,114.71
img_14860.npy,1.86,121.33
img_14861.npy,1.85,117.66
img_14862.npy,1.94,124.14
img_14863.npy,1.89,114.57
img_14864.npy,1.93,118.70
img_14865.npy,1.96,118.47
img_14866.npy,1.87,113.24
img_14867.npy,1.90,114.14
img_14868.npy,1.79,121.83
img_14869.npy,2.44,122.54
img_1487.npy,1.99,124.18
img_14870.npy,1.95,113.13
img_14871.npy,1.88,116.27
img_14872.npy,1.98,118.45
img_14873.npy,1.93,118.84
img_14874.npy,1.98,117.91
img_14875.npy,1.88,117.08
img_14876.npy,1.93,124.59
img_14877.npy,1.95,122.42
img_14878.npy,1.93,116.39
img_14879.npy,1.96,114.94
img_1488.npy,1.97,119.50
img_14880.npy,1.91,113.82
img_14881.npy,2.02,119.34
img_14882.npy,1.96,120.16
img_14883.npy,1.92,119.79
img_14884.npy,2.01,117.59
img_14885.npy,1.98,115.92
img_14886.npy,1.99,118.86
img_14887.npy,1.93,119.24
img_14888.npy,1.95,121.69
img_14889.npy,1.96,122.08
img_1489.npy,2.05,120.68
img_14890.npy,2.24,118.48
img_14891.npy,1.73,116.38
img_14892.npy,1.81,111.93
img_14893.npy,1.85,116.16
img_14894.npy,1.89,113.01
img_14895.npy,1.85,114.48
img_14896.npy,1.86,114.97
img_14897.npy,1.92,117.12
img_14898.npy,1.96,118.66
img_14899.npy,1.94,119.60
img_149.npy,1.94,120.66
img_1490.npy,1.98,120.10
img_14900.npy,1.90,117.18
img_14901.npy,1.92,117.07
img_14902.npy,1.98,111.84
img_14903.npy,1.94,120.26
img_14904.npy,1.91,120.64
img_14905.npy,1.83,119.86
img_14906.npy,1.89,117.83
img_14907.npy,1.90,119.38
img_14908.npy,1.92,120.59
img_14909.npy,1.98,117.75
img_1491.npy,1.86,114.41
img_14910.npy,2.31,119.01
img_14911.npy,2.05,119.33
img_14912.npy,1.91,119.10
img_14913.npy,1.78,117.12
img_14914.npy,1.89,116.85
img_14915.npy,1.74,115.67
img_14916.npy,1.98,117.97
img_14917.npy,1.91,120.70
img_14918.npy,1.80,118.38
img_14919.npy,2.00,120.82
img_1492.npy,1.85,122.81
img_14920.npy,1.90,119.03
img_14921.npy,1.82,115.63
img_14922.npy,1.92,119.54
img_14923.npy,1.98,121.08
img_14924.npy,1.97,121.59
img_14925.npy,2.09,117.06
img_14926.npy,1.77,115.07
img_14927.npy,1.87,117.44
img_14928.npy,1.90,117.37
img_14929.npy,1.90,118.16
img_1493.npy,1.96,119.35
img_14930.npy,1.89,119.36
img_14931.npy,1.91,116.40
img_14932.npy,2.03,123.29
img_14933.npy,2.02,117.69
img_14934.npy,1.98,121.36
img_14935.npy,1.86,118.73
img_14936.npy,2.01,123.56
img_14937.npy,1.96,123.58
img_14938.npy,1.86,127.53
img_14939.npy,1.93,123.27
img_1494.npy,1.91,115.91
img_14940.npy,1.87,116.77
img_14941.npy,1.94,118.85
img_14942.npy,1.80,113.21
img_14943.npy,1.90,118.04
img_14944.npy,1.93,124.53
img_14945.npy,1.93,119.45
img_14946.npy,1.84,115.39
img_14947.npy,1.88,116.08
img_14948.npy,1.82,116.37
img_14949.npy,1.86,127.12
img_1495.npy,1.85,117.69
img_14950.npy,1.94,117.02
img_14951.npy,1.98,127.64
img_14952.npy,1.95,118.88
img_14953.npy,1.88,115.41
img_14954.npy,1.85,117.48
img_14955.npy,1.90,120.52
img_14956.npy,2.35,125.43
img_14957.npy,1.96,118.36
img_14958.npy,1.92,118.86
img_14959.npy,1.96,114.41
img_1496.npy,1.95,114.81
img_14960.npy,1.84,115.36
img_14961.npy,1.98,122.04
img_14962.npy,2.01,120.82
img_14963.npy,1.91,124.61
img_14964.npy,1.93,117.92
img_14965.npy,1.92,117.10
img_14966.npy,1.81,116.63
img_14967.npy,2.00,116.51
img_14968.npy,1.84,121.39
img_14969.npy,1.88,123.84
img_1497.npy,1.95,123.25
img_14970.npy,1.89,122.91
img_14971.npy,1.88,119.16
img_14972.npy,1.96,120.89
img_14973.npy,1.96,118.21
img_14974.npy,1.93,116.13
img_14975.npy,2.01,119.68
img_14976.npy,1.98,114.41
img_14977.npy,2.13,123.48
img_14978.npy,2.02,116.05
img_14979.npy,1.92,123.27
img_1498.npy,1.96,114.87
img_14980.npy,1.90,115.78
img_14981.npy,1.84,123.41
img_14982.npy,2.02,121.29
img_14983.npy,1.95,117.96
img_14984.npy,1.95,115.54
img_14985.npy,1.91,115.25
img_14986.npy,1.96,125.59
img_14987.npy,1.94,119.78
img_14988.npy,1.93,115.67
img_14989.npy,1.95,116.93
img_1499.npy,1.93,116.58
img_14990.npy,1.84,117.04
img_14991.npy,1.85,119.10
img_14992.npy,1.87,115.15
img_14993.npy,1.94,119.89
img_14994.npy,1.95,118.13
img_14995.npy,1.86,120.18
img_14996.npy,1.91,120.31
img_14997.npy,1.93,118.49
img_14998.npy,1.91,116.00
img_14999.npy,1.87,114.10
img_15.npy,2.04,121.88
img_150.npy,2.26,113.15
img_1500.npy,1.92,117.82
img_15000.npy,1.98,121.04
img_15001.npy,1.87,121.19
img_15002.npy,1.71,116.57
img_15003.npy,1.85,115.71
img_15004.npy,1.74,116.20
img_15005.npy,1.74,112.88
img_15006.npy,1.84,124.00
img_15007.npy,1.93,125.88
img_15008.npy,1.95,123.16
img_15009.npy,1.91,117.18
img_1501.npy,1.96,114.36
img_15010.npy,1.94,120.31
img_15011.npy,1.93,124.45
img_15012.npy,1.93,125.04
img_15013.npy,1.94,123.16
img_15014.npy,1.94,121.96
img_15015.npy,1.95,115.41
img_15016.npy,1.98,118.35
img_15017.npy,2.01,121.33
img_15018.npy,1.87,123.24
img_15019.npy,1.90,115.73
img_1502.npy,1.91,116.20
img_15020.npy,2.30,114.36
img_15021.npy,1.91,121.41
img_15022.npy,1.93,115.88
img_15023.npy,1.91,114.79
img_15024.npy,1.94,122.75
img_15025.npy,1.84,117.10
img_15026.npy,1.92,115.79
img_15027.npy,1.96,120.34
img_15028.npy,1.88,116.24
img_15029.npy,1.81,117.92
img_1503.npy,1.95,122.96
img_15030.npy,1.92,118.25
img_15031.npy,1.93,121.30
img_15032.npy,1.95,123.68
img_15033.npy,1.97,114.43
img_15034.npy,1.89,118.26
img_15035.npy,1.92,119.67
img_15036.npy,1.92,118.84
img_15037.npy,1.99,122.96
img_15038.npy,1.94,120.64
img_15039.npy,1.99,115.50
img_1504.npy,1.83,116.86
img_15040.npy,1.89,117.66
img_15041.npy,1.89,114.52
img_15042.npy,2.26,117.99
img_15043.npy,2.18,115.31
img_15044.npy,1.90,119.00
img_15045.npy,1.87,119.53
img_15046.npy,1.92,118.04
img_15047.npy,1.93,122.27
img_15048.npy,1.82,119.74
img_15049.npy,1.92,116.91
img_1505.npy,1.98,117.93
img_15050.npy,1.79,120.57
img_15051.npy,1.92,121.67
img_15052.npy,1.97,124.77
img_15053.npy,1.94,116.20
img_15054.npy,1.86,119.38
img_15055.npy,1.93,117.96
img_15056.npy,1.96,116.27
img_15057.npy,1.93,122.89
img_15058.npy,1.98,121.86
img_15059.npy,1.95,118.62
img_1506.npy,1.91,114.30
img_15060.npy,1.85,115.01
img_15061.npy,1.84,119.42
img_15062.npy,1.92,119.56
img_15063.npy,1.93,125.43
img_15064.npy,1.88,116.30
img_15065.npy,2.40,116.98
img_15066.npy,1.97,119.47
img_15067.npy,1.88,113.76
img_15068.npy,1.80,121.59
img_15069.npy,1.97,121.77
img_1507.npy,1.95,116.41
img_15070.npy,1.90,117.48
img_15071.npy,1.91,126.88
img_15072.npy,1.89,117.97
img_15073.npy,1.84,118.38
img_15074.npy,1.90,114.50
img_15075.npy,1.85,116.39
img_15076.npy,1.88,117.80
img_15077.npy,1.96,122.34
img_15078.npy,1.96,123.65
img_15079.npy,1.88,119.81
img_1508.npy,1.91,114.17
img_15080.npy,1.90,113.65
img_15081.npy,1.86,117.38
img_15082.npy,1.94,121.81
img_15083.npy,1.87,117.32
img_15084.npy,1.79,119.26
img_15085.npy,1.97,116.86
img_15086.npy,1.89,113.95
img_15087.npy,2.05,117.04
img_15088.npy,2.29,112.41
img_15089.npy,1.90,113.65
img_1509.npy,1.96,112.69
img_15090.npy,1.80,114.59
img_15091.npy,1.79,122.26
img_15092.npy,1.98,127.39
img_15093.npy,1.91,117.01
img_15094.npy,1.97,118.12
img_15095.npy,1.95,126.55
img_15096.npy,1.74,120.91
img_15097.npy,1.95,123.14
img_15098.npy,1.95,123.23
img_15099.npy,1.91,114.09
img_151.npy,1.92,119.01
img_1510.npy,1.93,114.74
img_15100.npy,1.98,120.62
img_15101.npy,1.92,113.61
img_15102.npy,1.96,125.66
img_15103.npy,1.95,119.59
img_15104.npy,1.96,121.04
img_15105.npy,1.95,116.47
img_15106.npy,1.84,119.25
img_15107.npy,1.99,119.20
img_15108.npy,2.27,116.64
img_15109.npy,1.90,114.90
img_1511.npy,1.89,117.94
img_15110.npy,1.97,117.86
img_15111.npy,1.92,115.95
img_15112.npy,1.94,113.32
img_15113.npy,1.81,111.10
img_15114.npy,1.87,112.91
img_15115.npy,1.87,114.27
img_15116.npy,2.01,119.14
img_15117.npy,1.94,125.12
img_15118.npy,1.79,119.26
img_15119.npy,1.92,119.36
img_1512.npy,1.89,119.73
img_15120.npy,1.91,121.67
img_15121.npy,1.89,114.63
img_15122.npy,1.91,116.18
img_15123.npy,1.87,115.14
img_15124.npy,1.99,122.98
img_15125.npy,1.90,115.98
img_15126.npy,1.99,115.90
img_15127.npy,1.92,115.89
img_15128.npy,1.95,116.32
img_15129.npy,1.91,116.50
img_1513.npy,1.86,111.44
img_15130.npy,2.22,120.64
img_15131.npy,2.21,119.87
img_15132.npy,1.94,116.84
img_15133.npy,1.84,117.60
img_15134.npy,1.85,113.42
img_15135.npy,1.95,116.53
img_15136.npy,1.94,114.20
img_15137.npy,1.97,119.50
img_15138.npy,1.95,120.26
img_15139.npy,1.85,115.16
img_1514.npy,1.94,120.62
img_15140.npy,1.79,119.44
img_15141.npy,1.96,118.21
img_15142.npy,1.89,124.19
img_15143.npy,1.88,117.30
img_15144.npy,1.87,114.93
img_15145.npy,1.98,125.68
img_15146.npy,1.93,130.90
img_15147.npy,1.94,119.75
img_15148.npy,1.93,117.72
img_15149.npy,1.84,114.47
img_1515.npy,1.97,114.14
img_15150.npy,1.97,118.39
img_15151.npy,1.98,119.90
img_15152.npy,1.93,120.12
img_15153.npy,2.48,122.84
img_15154.npy,1.92,113.93
img_15155.npy,1.94,113.66
img_15156.npy,1.92,119.26
img_15157.npy,2.21,110.93
img_15158.npy,1.84,118.35
img_15159.npy,1.98,116.04
img_1516.npy,2.00,122.52
img_15160.npy,1.95,124.87
img_15161.npy,1.99,117.70
img_15162.npy,1.80,117.14
img_15163.npy,1.89,120.97
img_15164.npy,1.91,116.34
img_15165.npy,1.91,125.86
img_15166.npy,1.77,119.73
img_15167.npy,1.93,121.70
img_15168.npy,1.92,117.47
img_15169.npy,1.89,116.07
img_1517.npy,1.91,119.60
img_15170.npy,2.01,125.86
img_15171.npy,1.84,126.39
img_15172.npy,2.02,132.07
img_15173.npy,1.94,121.16
img_15174.npy,1.89,121.05
img_15175.npy,2.37,124.86
img_15176.npy,1.99,115.84
img_15177.npy,1.94,121.60
img_15178.npy,1.93,122.38
img_15179.npy,1.90,121.09
img_1518.npy,1.97,116.69
img_15180.npy,2.00,120.52
img_15181.npy,1.95,119.80
img_15182.npy,1.94,115.13
img_15183.npy,1.89,124.70
img_15184.npy,1.94,114.28
img_15185.npy,1.72,119.59
img_15186.npy,1.84,119.94
img_15187.npy,1.87,123.52
img_15188.npy,1.84,119.26
img_15189.npy,1.81,128.97
img_1519.npy,1.88,119.53
img_15190.npy,1.98,123.79
img_15191.npy,1.95,121.38
img_15192.npy,1.93,122.89
img_15193.npy,1.99,118.31
img_15194.npy,1.82,117.75
img_15195.npy,1.93,127.29
img_15196.npy,1.82,119.50
img_15197.npy,1.87,123.11
img_15198.npy,2.01,117.77
img_15199.npy,1.99,120.79
img_152.npy,1.92,119.30
img_1520.npy,1.89,124.47
img_15200.npy,1.93,120.96
img_15201.npy,2.03,129.90
img_15202.npy,1.92,118.75
img_15203.npy,1.95,116.64
img_15204.npy,1.97,116.78
img_15205.npy,1.91,119.69
img_15206.npy,1.92,120.01
img_15207.npy,1.89,115.70
img_15208.npy,1.86,117.11
img_15209.npy,2.00,121.81
img_1521.npy,2.03,120.64
img_15210.npy,1.93,119.13
img_15211.npy,1.99,125.09
img_15212.npy,1.93,125.21
img_15213.npy,1.90,121.74
img_15214.npy,1.83,120.61
img_15215.npy,1.83,117.03
img_15216.npy,1.96,119.07
img_15217.npy,1.88,117.71
img_15218.npy,1.99,124.72
img_15219.npy,2.21,123.50
img_1522.npy,2.06,115.99
img_15220.npy,1.91,113.82
img_15221.npy,1.83,119.84
img_15222.npy,1.90,116.03
img_15223.npy,1.90,121.77
img_15224.npy,1.98,116.85
img_15225.npy,1.94,124.21
img_15226.npy,1.87,117.86
img_15227.npy,1.94,117.84
img_15228.npy,1.91,123.55
img_15229.npy,1.87,117.30
img_1523.npy,1.89,124.93
img_15230.npy,1.68,118.75
img_15231.npy,1.85,117.78
img_15232.npy,1.94,115.98
img_15233.npy,1.93,113.01
img_15234.npy,1.95,118.36
img_15235.npy,1.93,124.04
img_15236.npy,1.98,119.88
img_15237.npy,1.94,122.04
img_15238.npy,1.94,126.61
img_15239.npy,1.92,122.07
img_1524.npy,1.86,121.90
img_15240.npy,2.18,119.48
img_15241.npy,1.98,122.25
img_15242.npy,1.91,123.74
img_15243.npy,1.98,128.40
img_15244.npy,1.98,118.24
img_15245.npy,1.97,125.54
img_15246.npy,1.94,117.25
img_15247.npy,1.94,115.42
img_15248.npy,1.95,117.48
img_15249.npy,2.00,128.12
img_1525.npy,1.92,119.72
img_15250.npy,1.87,120.70
img_15251.npy,1.99,119.62
img_15252.npy,1.76,120.52
img_15253.npy,1.92,119.47
img_15254.npy,1.92,117.72
img_15255.npy,1.88,116.00
img_15256.npy,1.84,120.12
img_15257.npy,1.93,115.29
img_15258.npy,2.00,113.37
img_15259.npy,1.91,116.39
img_1526.npy,1.97,119.49
img_15260.npy,1.89,115.93
img_15261.npy,1.93,120.25
img_15262.npy,1.98,124.09
img_15263.npy,2.19,124.62
img_15264.npy,1.91,116.02
img_15265.npy,1.93,113.83
img_15266.npy,1.89,113.59
img_15267.npy,1.92,118.07
img_15268.npy,1.95,119.38
img_15269.npy,1.87,115.17
img_1527.npy,1.94,124.46
img_15270.npy,1.88,121.96
img_15271.npy,1.93,126.70
img_15272.npy,1.90,124.07
img_15273.npy,1.96,119.25
img_15274.npy,1.86,125.28
img_15275.npy,1.92,118.01
img_15276.npy,1.97,119.90
img_15277.npy,1.84,120.57
img_15278.npy,1.91,122.50
img_15279.npy,1.91,123.23
img_1528.npy,1.91,116.70
img_15280.npy,1.89,116.62
img_15281.npy,1.92,113.08
img_15282.npy,1.88,116.38
img_15283.npy,1.90,116.26
img_15284.npy,1.79,113.45
img_15285.npy,1.82,120.87
img_15286.npy,2.21,119.79
img_15287.npy,2.18,123.12
img_15288.npy,1.98,131.38
img_15289.npy,2.01,115.84
img_1529.npy,1.95,119.53
img_15290.npy,1.98,116.39
img_15291.npy,1.97,118.75
img_15292.npy,1.94,123.43
img_15293.npy,1.93,113.68
img_15294.npy,1.88,112.16
img_15295.npy,1.90,113.17
img_15296.npy,1.95,109.52
img_15297.npy,1.97,114.73
img_15298.npy,1.93,116.01
img_15299.npy,1.89,119.81
img_153.npy,1.94,118.48
img_1530.npy,1.96,130.18
img_15300.npy,1.99,117.85
img_15301.npy,1.94,122.05
img_15302.npy,1.88,127.05
img_15303.npy,1.88,121.42
img_15304.npy,1.95,125.18
img_15305.npy,1.86,127.85
img_15306.npy,1.91,115.72
img_15307.npy,2.09,120.05
img_15308.npy,1.97,114.81
img_15309.npy,1.92,120.70
img_1531.npy,1.81,123.25
img_15310.npy,1.83,123.34
img_15311.npy,1.84,125.16
img_15312.npy,1.82,117.70
img_15313.npy,1.89,114.41
img_15314.npy,1.87,118.39
img_15315.npy,1.90,114.84
img_15316.npy,1.92,125.27
img_15317.npy,1.96,120.11
img_15318.npy,1.94,120.93
img_15319.npy,1.84,121.57
img_1532.npy,1.91,115.91
img_15320.npy,1.83,112.90
img_15321.npy,1.92,115.91
img_15322.npy,1.99,120.98
img_15323.npy,1.88,120.84
img_15324.npy,1.91,118.53
img_15325.npy,1.78,121.43
img_15326.npy,1.83,128.17
img_15327.npy,1.86,117.34
img_15328.npy,1.87,116.32
img_15329.npy,2.31,119.28
img_1533.npy,1.91,117.74
img_15330.npy,1.98,123.07
img_15331.npy,1.90,126.92
img_15332.npy,1.87,118.12
img_15333.npy,1.92,117.05
img_15334.npy,1.91,118.60
img_15335.npy,1.94,120.42
img_15336.npy,1.98,118.43
img_15337.npy,1.88,116.41
img_15338.npy,1.91,118.98
img_15339.npy,1.94,125.94
img_1534.npy,1.81,121.57
img_15340.npy,1.82,124.75
img_15341.npy,1.80,117.53
img_15342.npy,1.90,123.28
img_15343.npy,1.92,121.30
img_15344.npy,2.00,129.08
img_15345.npy,1.91,121.83
img_15346.npy,1.88,116.16
img_15347.npy,1.92,116.34
img_15348.npy,1.98,124.03
img_15349.npy,1.95,123.84
img_1535.npy,1.74,121.00
img_15350.npy,2.29,117.90
img_15351.npy,2.02,114.22
img_15352.npy,1.92,129.99
img_15353.npy,1.91,125.49
img_15354.npy,1.77,119.90
img_15355.npy,1.85,125.79
img_15356.npy,1.83,118.95
img_15357.npy,1.93,123.76
img_15358.npy,1.87,116.73
img_15359.npy,1.90,122.07
img_1536.npy,1.89,120.76
img_15360.npy,1.87,115.81
img_15361.npy,1.84,119.28
img_15362.npy,1.73,119.14
img_15363.npy,1.78,117.57
img_15364.npy,1.91,119.44
img_15365.npy,1.82,117.62
img_15366.npy,1.86,114.85
img_15367.npy,1.85,115.87
img_15368.npy,1.91,121.56
img_15369.npy,1.78,120.36
img_1537.npy,1.87,115.59
img_15370.npy,1.86,120.23
img_15371.npy,1.90,120.09
img_15372.npy,2.29,116.20
img_15373.npy,1.86,120.31
img_15374.npy,1.88,119.26
img_15375.npy,1.97,114.11
img_15376.npy,1.92,119.88
img_15377.npy,2.00,120.37
img_15378.npy,1.96,119.46
img_15379.npy,1.72,115.39
img_1538.npy,1.89,116.28
img_15380.npy,1.86,113.84
img_15381.npy,1.95,114.79
img_15382.npy,1.89,115.15
img_15383.npy,1.82,113.77
img_15384.npy,1.90,124.35
img_15385.npy,1.84,120.27
img_15386.npy,1.91,115.37
img_15387.npy,1.91,124.86
img_15388.npy,1.85,115.29
img_15389.npy,1.92,121.68
img_1539.npy,1.80,119.51
img_15390.npy,1.78,116.01
img_15391.npy,1.97,123.79
img_15392.npy,1.85,124.09
img_15393.npy,1.82,125.13
img_15394.npy,2.35,115.12
img_15395.npy,1.93,116.57
img_15396.npy,1.91,115.62
img_15397.npy,1.90,117.39
img_15398.npy,1.80,119.08
img_15399.npy,1.86,118.49
img_154.npy,1.87,119.72
img_1540.npy,1.92,115.73
img_15400.npy,1.86,115.06
img_15401.npy,1.97,121.64
img_15402.npy,1.92,124.52
img_15403.npy,1.81,118.57
img_15404.npy,1.81,123.57
img_15405.npy,1.81,120.71
img_15406.npy,1.96,120.75
img_15407.npy,1.96,116.60
img_15408.npy,1.95,119.04
img_15409.npy,1.87,120.58
img_1541.npy,1.81,120.83
img_15410.npy,1.85,125.21
img_15411.npy,1.82,117.60
img_15412.npy,1.86,119.31
img_15413.npy,1.90,118.68
img_15414.npy,1.84,115.77
img_15415.npy,2.34,118.08
img_15416.npy,2.02,118.59
img_15417.npy,1.91,119.01
img_15418.npy,1.98,120.82
img_15419.npy,1.85,119.21
img_1542.npy,1.98,119.15
img_15420.npy,1.91,113.57
img_15421.npy,1.90,117.09
img_15422.npy,1.97,117.55
img_15423.npy,1.89,119.80
img_15424.npy,1.88,123.66
img_15425.npy,1.94,123.11
img_15426.npy,1.97,113.64
img_15427.npy,1.91,117.80
img_15428.npy,1.89,116.11
img_15429.npy,1.94,117.05
img_1543.npy,1.93,121.42
img_15430.npy,1.99,117.39
img_15431.npy,1.93,120.00
img_15432.npy,1.91,121.45
img_15433.npy,1.73,120.99
img_15434.npy,1.93,118.34
img_15435.npy,1.88,118.27
img_15436.npy,2.23,120.70
img_15437.npy,1.91,113.19
img_15438.npy,1.97,120.80
img_15439.npy,1.95,121.30
img_1544.npy,1.92,120.74
img_15440.npy,2.01,127.30
img_15441.npy,1.99,115.50
img_15442.npy,1.95,117.67
img_15443.npy,1.98,114.23
img_15444.npy,1.96,117.62
img_15445.npy,1.91,124.05
img_15446.npy,1.84,127.16
img_15447.npy,1.77,114.47
img_15448.npy,1.98,116.37
img_15449.npy,1.95,118.52
img_1545.npy,1.94,114.26
img_15450.npy,1.91,124.68
img_15451.npy,1.93,132.66
img_15452.npy,1.88,123.20
img_15453.npy,1.85,118.58
img_15454.npy,1.99,119.79
img_15455.npy,1.98,122.59
img_15456.npy,1.87,121.00
img_15457.npy,1.94,119.82
img_15458.npy,1.96,121.35
img_15459.npy,2.29,119.59
img_1546.npy,1.91,120.46
img_15460.npy,1.89,113.21
img_15461.npy,2.05,118.82
img_15462.npy,1.96,123.05
img_15463.npy,1.95,122.76
img_15464.npy,1.94,121.21
img_15465.npy,1.91,123.97
img_15466.npy,1.92,119.86
img_15467.npy,1.96,122.52
img_15468.npy,1.83,123.14
img_15469.npy,1.95,118.41
img_1547.npy,1.94,123.66
img_15470.npy,1.88,124.27
img_15471.npy,2.12,114.57
img_15472.npy,1.94,115.12
img_15473.npy,1.88,115.96
img_15474.npy,1.88,120.61
img_15475.npy,1.94,119.76
img_15476.npy,1.93,119.80
img_15477.npy,1.95,118.69
img_15478.npy,2.01,115.84
img_15479.npy,1.90,117.55
img_1548.npy,1.89,124.25
img_15480.npy,1.96,116.52
img_15481.npy,1.84,113.41
img_15482.npy,1.89,114.19
img_15483.npy,1.84,118.48
img_15484.npy,1.88,118.61
img_15485.npy,1.91,114.94
img_15486.npy,1.98,123.62
img_15487.npy,1.94,118.63
img_15488.npy,1.96,118.70
img_15489.npy,1.93,121.46
img_1549.npy,1.90,119.03
img_15490.npy,1.92,118.16
img_15491.npy,2.00,127.08
img_15492.npy,2.00,125.66
img_15493.npy,1.97,119.78
img_15494.npy,1.93,117.39
img_15495.npy,1.92,115.95
img_15496.npy,1.86,118.66
img_15497.npy,1.95,114.73
img_15498.npy,2.02,127.31
img_15499.npy,1.91,124.12
img_155.npy,1.96,115.21
img_1550.npy,1.92,120.75
img_15500.npy,1.97,118.32
img_15501.npy,2.26,112.82
img_15502.npy,1.88,110.28
img_15503.npy,1.86,115.82
img_15504.npy,2.00,118.83
img_15505.npy,1.95,123.59
img_15506.npy,1.87,131.07
img_15507.npy,1.99,115.26
img_15508.npy,1.94,121.66
img_15509.npy,1.85,116.29
img_1551.npy,2.01,120.93
img_15510.npy,1.90,123.58
img_15511.npy,1.96,118.82
img_15512.npy,1.86,117.92
img_15513.npy,1.77,117.72
img_15514.npy,1.77,116.57
img_15515.npy,1.87,124.39
img_15516.npy,1.97,118.96
img_15517.npy,1.87,119.78
img_15518.npy,1.89,114.74
img_15519.npy,1.88,116.74
img_1552.npy,1.81,116.69
img_15520.npy,1.93,123.91
img_15521.npy,1.98,119.82
img_15522.npy,2.26,115.45
img_15523.npy,1.97,118.39
img_15524.npy,1.94,125.41
img_15525.npy,1.93,122.46
img_15526.npy,2.03,115.96
img_15527.npy,1.77,113.62
img_15528.npy,1.79,122.79
img_15529.npy,1.86,121.09
img_1553.npy,1.99,121.38
img_15530.npy,2.01,123.51
img_15531.npy,1.98,114.70
img_15532.npy,1.98,124.91
img_15533.npy,1.80,116.70
img_15534.npy,1.93,118.25
img_15535.npy,1.86,126.30
img_15536.npy,1.95,114.18
img_15537.npy,1.92,123.16
img_15538.npy,1.97,121.76
img_15539.npy,1.94,121.69
img_1554.npy,1.95,118.05
img_15540.npy,1.95,120.99
img_15541.npy,1.96,131.15
img_15542.npy,1.97,125.40
img_15543.npy,1.98,118.61
img_15544.npy,2.06,122.75
img_15545.npy,2.15,117.92
img_15546.npy,1.93,118.78
img_15547.npy,1.88,123.95
img_15548.npy,1.95,118.98
img_15549.npy,1.97,119.03
img_1555.npy,1.94,122.22
img_15550.npy,1.90,120.71
img_15551.npy,1.95,122.91
img_15552.npy,1.85,125.06
img_15553.npy,1.77,123.70
img_15554.npy,1.94,117.91
img_15555.npy,1.96,121.62
img_15556.npy,1.82,119.66
img_15557.npy,1.90,113.95
img_15558.npy,1.96,116.06
img_15559.npy,1.93,117.89
img_1556.npy,1.92,121.92
img_15560.npy,1.93,117.87
img_15561.npy,1.91,117.34
img_15562.npy,1.91,118.43
img_15563.npy,1.89,123.43
img_15564.npy,1.94,118.56
img_15565.npy,1.91,124.62
img_15566.npy,1.93,124.55
img_15567.npy,2.33,123.35
img_15568.npy,1.96,116.02
img_15569.npy,1.88,122.62
img_1557.npy,1.82,127.12
img_15570.npy,1.83,126.66
img_15571.npy,1.80,126.13
img_15572.npy,1.72,119.86
img_15573.npy,1.81,118.62
img_15574.npy,1.74,118.34
img_15575.npy,1.78,125.35
img_15576.npy,1.76,122.01
img_15577.npy,1.81,115.05
img_15578.npy,1.74,112.68
img_15579.npy,1.76,116.34
img_1558.npy,1.76,115.21
img_15580.npy,1.79,120.50
img_15581.npy,1.84,113.95
img_15582.npy,1.75,116.98
img_15583.npy,1.96,120.09
img_15584.npy,1.90,120.34
img_15585.npy,1.70,124.17
img_15586.npy,1.93,118.46
img_15587.npy,1.94,115.15
img_15588.npy,1.84,119.06
img_15589.npy,1.81,116.61
img_1559.npy,2.22,116.66
img_15590.npy,2.13,119.88
img_15591.npy,1.87,115.80
img_15592.npy,1.93,114.34
img_15593.npy,1.96,118.87
img_15594.npy,1.94,121.33
img_15595.npy,1.82,112.09
img_15596.npy,1.93,117.39
img_15597.npy,1.92,118.84
img_15598.npy,2.04,121.83
img_15599.npy,1.96,121.14
img_156.npy,1.95,121.05
img_1560.npy,1.93,119.29
img_15600.npy,1.88,115.86
img_15601.npy,1.90,113.83
img_15602.npy,1.92,114.14
img_15603.npy,1.89,117.01
img_15604.npy,1.87,119.27
img_15605.npy,1.90,118.62
img_15606.npy,1.98,116.45
img_15607.npy,1.93,113.29
img_15608.npy,1.74,115.77
img_15609.npy,1.84,121.05
img_1561.npy,1.98,126.75
img_15610.npy,2.17,124.21
img_15611.npy,2.18,115.90
img_15612.npy,1.85,113.37
img_15613.npy,1.83,114.24
img_15614.npy,1.96,117.43
img_15615.npy,2.01,124.59
img_15616.npy,2.02,127.25
img_15617.npy,1.89,121.89
img_15618.npy,1.96,126.18
img_15619.npy,1.94,121.94
img_1562.npy,1.92,117.16
img_15620.npy,1.98,119.28
img_15621.npy,2.00,123.27
img_15622.npy,2.01,120.89
img_15623.npy,2.00,119.67
img_15624.npy,1.92,120.14
img_15625.npy,1.96,118.05
img_15626.npy,1.93,122.33
img_15627.npy,1.94,116.01
img_15628.npy,1.96,126.05
img_15629.npy,1.97,119.11
img_1563.npy,2.00,118.73
img_15630.npy,1.89,116.64
img_15631.npy,1.98,118.09
img_15632.npy,2.23,119.42
img_15633.npy,2.05,121.21
img_15634.npy,1.93,119.17
img_15635.npy,1.80,119.03
img_15636.npy,1.86,121.90
img_15637.npy,1.89,125.41
img_15638.npy,1.89,126.44
img_15639.npy,1.97,120.82
img_1564.npy,1.93,119.77
img_15640.npy,1.91,114.80
img_15641.npy,1.88,115.70
img_15642.npy,1.85,119.10
img_15643.npy,1.97,117.80
img_15644.npy,1.99,117.96
img_15645.npy,1.91,114.54
img_15646.npy,1.95,119.58
img_15647.npy,1.98,113.97
img_15648.npy,1.94,118.32
img_15649.npy,1.84,117.77
img_1565.npy,1.86,123.14
img_15650.npy,1.81,127.58
img_15651.npy,1.88,118.86
img_15652.npy,1.98,118.03
img_15653.npy,1.92,117.03
img_15654.npy,1.95,120.63
img_15655.npy,2.31,116.81
img_15656.npy,1.88,113.68
img_15657.npy,1.85,117.86
img_15658.npy,1.93,118.45
img_15659.npy,1.93,117.14
img_1566.npy,1.83,119.84
img_15660.npy,1.86,119.09
img_15661.npy,1.95,118.66
img_15662.npy,1.85,122.23
img_15663.npy,1.92,122.52
img_15664.npy,1.81,116.54
img_15665.npy,1.90,115.73
img_15666.npy,1.97,121.01
img_15667.npy,1.97,121.96
img_15668.npy,2.00,120.70
img_15669.npy,1.97,116.04
img_1567.npy,1.96,122.50
img_15670.npy,1.91,113.18
img_15671.npy,1.96,118.48
img_15672.npy,1.92,118.68
img_15673.npy,1.93,120.25
img_15674.npy,1.85,121.62
img_15675.npy,1.97,124.52
img_15676.npy,1.92,120.75
img_15677.npy,2.41,118.59
img_15678.npy,1.91,119.91
img_15679.npy,1.91,118.74
img_1568.npy,1.85,119.56
img_15680.npy,1.94,120.32
img_15681.npy,1.82,120.48
img_15682.npy,1.90,118.33
img_15683.npy,1.84,123.55
img_15684.npy,1.94,117.64
img_15685.npy,1.88,114.70
img_15686.npy,1.97,118.91
img_15687.npy,1.86,123.00
img_15688.npy,1.79,119.49
img_15689.npy,1.94,115.61
img_1569.npy,1.95,117.22
img_15690.npy,1.96,117.08
img_15691.npy,1.78,122.07
img_15692.npy,1.94,118.80
img_15693.npy,1.88,125.21
img_15694.npy,1.94,119.41
img_15695.npy,1.92,122.32
img_15696.npy,1.88,121.21
img_15697.npy,1.93,116.53
img_15698.npy,2.20,119.10
img_15699.npy,2.07,120.82
img_157.npy,1.79,121.88
img_1570.npy,1.93,112.66
img_15700.npy,1.98,123.30
img_15701.npy,1.97,118.58
img_15702.npy,1.96,124.44
img_15703.npy,1.75,117.31
img_15704.npy,1.78,117.14
img_15705.npy,1.90,120.45
img_15706.npy,1.90,113.08
img_15707.npy,1.86,119.58
img_15708.npy,1.91,124.27
img_15709.npy,2.05,123.65
img_1571.npy,1.93,112.96
img_15710.npy,1.93,123.80
img_15711.npy,1.96,122.65
img_15712.npy,1.90,119.57
img_15713.npy,1.96,114.89
img_15714.npy,1.93,121.46
img_15715.npy,1.95,123.38
img_15716.npy,1.93,119.65
img_15717.npy,1.90,124.85
img_15718.npy,1.96,119.94
img_15719.npy,1.93,118.05
img_1572.npy,1.77,112.66
img_15720.npy,2.36,125.83
img_15721.npy,1.94,117.33
img_15722.npy,1.90,118.58
img_15723.npy,1.93,121.34
img_15724.npy,1.90,116.86
img_15725.npy,1.86,132.54
img_15726.npy,1.82,113.66
img_15727.npy,1.82,118.71
img_15728.npy,1.82,114.07
img_15729.npy,1.87,111.78
img_1573.npy,2.01,125.64
img_15730.npy,1.89,119.50
img_15731.npy,1.96,118.85
img_15732.npy,1.93,120.65
img_15733.npy,1.88,116.30
img_15734.npy,1.79,112.87
img_15735.npy,2.00,114.35
img_15736.npy,1.95,122.70
img_15737.npy,1.98,120.13
img_15738.npy,1.92,120.05
img_15739.npy,1.94,124.45
img_1574.npy,1.93,116.39
img_15740.npy,1.92,117.98
img_15741.npy,1.90,126.57
img_15742.npy,2.36,126.21
img_15743.npy,1.93,128.33
img_15744.npy,1.90,127.45
img_15745.npy,1.91,119.35
img_15746.npy,1.95,122.24
img_15747.npy,1.88,118.20
img_15748.npy,1.74,116.43
img_15749.npy,1.91,123.69
img_1575.npy,1.94,126.91
img_15750.npy,1.90,120.00
img_15751.npy,1.89,120.84
img_15752.npy,1.85,124.00
img_15753.npy,1.80,121.39
img_15754.npy,1.89,118.97
img_15755.npy,1.91,125.06
img_15756.npy,1.85,120.33
img_15757.npy,1.91,120.95
img_15758.npy,1.92,124.87
img_15759.npy,1.93,115.95
img_1576.npy,1.93,115.26
img_15760.npy,1.93,114.24
img_15761.npy,1.88,118.14
img_15762.npy,1.98,117.29
img_15763.npy,1.93,120.33
img_15764.npy,1.89,121.59
img_15765.npy,2.10,119.98
img_15766.npy,1.85,118.50
img_15767.npy,1.97,121.09
img_15768.npy,1.93,121.18
img_15769.npy,1.99,138.45
img_1577.npy,1.95,122.75
img_15770.npy,1.89,115.09
img_15771.npy,1.93,117.47
img_15772.npy,1.93,120.25
img_15773.npy,1.89,122.12
img_15774.npy,1.90,114.14
img_15775.npy,1.73,112.45
img_15776.npy,1.88,124.57
img_15777.npy,1.92,121.20
img_15778.npy,1.87,121.64
img_15779.npy,1.90,121.27
img_1578.npy,1.84,116.97
img_15780.npy,1.91,116.79
img_15781.npy,1.88,120.61
img_15782.npy,1.93,116.18
img_15783.npy,1.92,119.28
img_15784.npy,1.84,124.55
img_15785.npy,1.92,124.60
img_15786.npy,1.93,121.90
img_15787.npy,2.27,118.45
img_15788.npy,2.07,118.17
img_15789.npy,1.87,112.48
img_1579.npy,1.98,113.91
img_15790.npy,1.95,118.23
img_15791.npy,1.97,122.84
img_15792.npy,1.81,128.40
img_15793.npy,1.92,117.23
img_15794.npy,1.89,114.48
img_15795.npy,1.75,119.41
img_15796.npy,1.85,118.45
img_15797.npy,1.96,122.06
img_15798.npy,1.88,124.72
img_15799.npy,1.92,129.16
img_158.npy,1.84,118.50
img_1580.npy,1.90,114.17
img_15800.npy,1.91,121.99
img_15801.npy,1.87,119.67
img_15802.npy,1.91,116.99
img_15803.npy,1.99,124.39
img_15804.npy,1.91,118.87
img_15805.npy,1.89,117.59
img_15806.npy,1.81,118.08
img_15807.npy,1.87,112.43
img_15808.npy,1.90,113.24
img_15809.npy,2.53,113.42
img_1581.npy,1.92,114.58
img_15810.npy,1.78,121.47
img_15811.npy,1.70,114.23
img_15812.npy,1.66,128.77
img_15813.npy,1.67,115.28
img_15814.npy,1.74,118.10
img_15815.npy,1.90,113.91
img_15816.npy,1.89,120.47
img_15817.npy,1.82,112.04
img_15818.npy,1.92,119.16
img_15819.npy,1.74,123.80
img_1582.npy,1.91,114.46
img_15820.npy,1.92,127.93
img_15821.npy,1.89,117.79
img_15822.npy,1.87,119.78
img_15823.npy,1.72,118.93
img_15824.npy,1.83,116.59
img_15825.npy,1.79,113.61
img_15826.npy,1.86,122.72
img_15827.npy,1.71,121.66
img_15828.npy,1.90,121.65
img_15829.npy,1.79,124.39
img_1583.npy,1.84,122.12
img_15830.npy,1.86,121.37
img_15831.npy,2.18,119.09
img_15832.npy,2.27,113.89
img_15833.npy,1.81,111.21
img_15834.npy,1.78,115.78
img_15835.npy,1.95,121.49
img_15836.npy,1.88,120.28
img_15837.npy,1.90,115.48
img_15838.npy,1.84,114.64
img_15839.npy,1.83,114.43
img_1584.npy,1.92,119.39
img_15840.npy,1.84,118.18
img_15841.npy,1.75,117.38
img_15842.npy,1.94,119.86
img_15843.npy,1.92,123.32
img_15844.npy,1.92,121.03
img_15845.npy,1.91,121.80
img_15846.npy,1.91,124.29
img_15847.npy,1.83,118.75
img_15848.npy,1.86,119.22
img_15849.npy,1.92,121.91
img_1585.npy,1.98,121.08
img_15850.npy,1.95,125.58
img_15851.npy,1.96,119.44
img_15852.npy,1.93,115.90
img_15853.npy,1.95,116.53
img_15854.npy,2.42,117.04
img_15855.npy,1.98,112.84
img_15856.npy,1.98,126.99
img_15857.npy,1.96,120.83
img_15858.npy,1.97,127.53
img_15859.npy,1.93,115.64
img_1586.npy,1.86,116.72
img_15860.npy,1.89,118.84
img_15861.npy,1.87,119.40
img_15862.npy,1.94,124.18
img_15863.npy,1.90,119.90
img_15864.npy,1.87,125.08
img_15865.npy,1.94,128.27
img_15866.npy,1.92,121.86
img_15867.npy,1.92,125.02
img_15868.npy,1.92,111.66
img_15869.npy,1.89,117.29
img_1587.npy,1.74,117.04
img_15870.npy,1.82,115.77
img_15871.npy,1.90,114.28
img_15872.npy,1.94,127.48
img_15873.npy,1.99,123.43
img_15874.npy,1.77,114.00
img_15875.npy,1.92,118.07
img_15876.npy,1.95,121.26
img_15877.npy,2.33,116.87
img_15878.npy,1.94,122.92
img_15879.npy,2.02,125.48
img_1588.npy,1.98,116.77
img_15880.npy,1.97,120.98
img_15881.npy,1.87,114.46
img_15882.npy,1.98,118.88
img_15883.npy,1.95,116.97
img_15884.npy,1.87,117.80
img_15885.npy,1.96,129.12
img_15886.npy,1.95,122.54
img_15887.npy,1.95,117.48
img_15888.npy,1.91,118.87
img_15889.npy,1.92,116.15
img_1589.npy,1.96,115.50
img_15890.npy,1.90,119.71
img_15891.npy,1.85,124.17
img_15892.npy,1.91,123.84
img_15893.npy,1.91,114.90
img_15894.npy,1.74,117.52
img_15895.npy,1.76,125.32
img_15896.npy,1.94,119.25
img_15897.npy,1.94,120.67
img_15898.npy,2.05,130.77
img_15899.npy,2.11,117.07
img_159.npy,1.96,117.38
img_1590.npy,1.93,117.76
img_15900.npy,1.85,122.97
img_15901.npy,1.87,119.73
img_15902.npy,1.87,124.16
img_15903.npy,1.83,117.98
img_15904.npy,1.83,118.95
img_15905.npy,1.85,118.86
img_15906.npy,1.85,121.70
img_15907.npy,2.00,120.75
img_15908.npy,1.86,122.46
img_15909.npy,1.92,124.66
img_1591.npy,1.94,112.29
img_15910.npy,1.97,119.01
img_15911.npy,2.00,125.17
img_15912.npy,1.86,116.26
img_15913.npy,1.94,120.76
img_15914.npy,1.92,120.02
img_15915.npy,1.98,124.73
img_15916.npy,1.72,115.77
img_15917.npy,1.77,118.41
img_15918.npy,1.97,118.27
img_15919.npy,1.99,125.58
img_1592.npy,1.96,125.27
img_15920.npy,2.15,120.39
img_15921.npy,1.81,115.50
img_15922.npy,1.99,120.27
img_15923.npy,1.98,119.19
img_15924.npy,1.93,123.62
img_15925.npy,1.94,125.01
img_15926.npy,1.96,120.27
img_15927.npy,1.93,127.30
img_15928.npy,2.00,121.75
img_15929.npy,1.94,121.14
img_1593.npy,1.98,119.09
img_15930.npy,1.86,116.54
img_15931.npy,1.85,112.27
img_15932.npy,1.88,120.13
img_15933.npy,1.92,116.84
img_15934.npy,1.89,118.50
img_15935.npy,1.87,122.29
img_15936.npy,1.89,126.08
img_15937.npy,1.93,112.74
img_15938.npy,1.86,122.42
img_15939.npy,1.92,124.04
img_1594.npy,1.88,119.67
img_15940.npy,1.91,121.85
img_15941.npy,1.96,120.20
img_15942.npy,2.41,114.11
img_15943.npy,1.94,120.15
img_15944.npy,1.94,119.89
img_15945.npy,1.97,121.51
img_15946.npy,1.86,121.40
img_15947.npy,1.97,125.73
img_15948.npy,1.97,110.82
img_15949.npy,1.93,124.00
img_1595.npy,1.87,120.34
img_15950.npy,2.02,120.55
img_15951.npy,1.86,121.40
img_15952.npy,1.97,114.21
img_15953.npy,1.93,119.66
img_15954.npy,1.90,116.44
img_15955.npy,1.98,121.45
img_15956.npy,1.98,120.72
img_15957.npy,1.89,114.34
img_15958.npy,1.96,117.34
img_15959.npy,1.87,117.71
img_1596.npy,1.80,117.10
img_15960.npy,1.84,117.20
img_15961.npy,2.04,136.52
img_15962.npy,1.91,123.84
img_15963.npy,1.78,122.52
img_15964.npy,1.96,116.69
img_15965.npy,2.32,115.08
img_15966.npy,1.87,115.72
img_15967.npy,1.92,115.63
img_15968.npy,1.91,111.38
img_15969.npy,1.89,114.88
img_1597.npy,1.89,121.30
img_15970.npy,1.93,114.38
img_15971.npy,1.83,115.63
img_15972.npy,1.93,114.79
img_15973.npy,1.92,117.30
img_15974.npy,1.79,116.55
img_15975.npy,1.71,116.02
img_15976.npy,1.91,114.99
img_15977.npy,1.96,121.50
img_15978.npy,1.91,122.11
img_15979.npy,1.98,125.23
img_1598.npy,1.96,118.88
img_15980.npy,1.93,115.50
img_15981.npy,1.89,120.11
img_15982.npy,1.94,121.06
img_15983.npy,1.99,122.46
img_15984.npy,1.96,125.61
img_15985.npy,1.87,118.39
img_15986.npy,1.88,120.10
img_15987.npy,2.32,119.50
img_15988.npy,1.97,116.74
img_15989.npy,1.98,127.36
img_1599.npy,2.00,123.40
img_15990.npy,1.94,113.96
img_15991.npy,1.92,115.93
img_15992.npy,1.92,116.08
img_15993.npy,2.02,123.49
img_15994.npy,1.96,120.50
img_15995.npy,1.94,128.93
img_15996.npy,1.98,122.29
img_15997.npy,1.99,122.12
img_15998.npy,1.97,118.27
img_15999.npy,1.93,123.09
img_16.npy,1.95,121.55
img_160.npy,1.95,121.11
img_1600.npy,1.90,122.11
img_16000.npy,1.85,117.00
img_16001.npy,1.92,127.36
img_16002.npy,1.96,123.80
img_16003.npy,1.90,116.86
img_16004.npy,1.89,116.57
img_16005.npy,1.99,124.29
img_16006.npy,1.89,118.05
img_16007.npy,2.27,115.35
img_16008.npy,1.94,115.04
img_16009.npy,1.93,120.09
img_1601.npy,1.94,129.20
img_16010.npy,1.95,116.62
img_16011.npy,2.00,121.33
img_16012.npy,1.96,116.73
img_16013.npy,1.97,121.72
img_16014.npy,1.88,116.49
img_16015.npy,1.89,121.54
img_16016.npy,1.93,119.99
img_16017.npy,1.92,117.43
img_16018.npy,2.00,114.20
img_16019.npy,2.02,115.05
img_1602.npy,1.90,117.44
img_16020.npy,1.90,118.75
img_16021.npy,1.99,119.88
img_16022.npy,1.92,120.63
img_16023.npy,1.97,122.57
img_16024.npy,1.92,113.55
img_16025.npy,1.93,115.98
img_16026.npy,1.95,119.99
img_16027.npy,1.96,130.45
img_16028.npy,1.82,121.60
img_16029.npy,2.35,114.79
img_1603.npy,2.12,110.85
img_16030.npy,1.72,121.04
img_16031.npy,1.91,111.39
img_16032.npy,1.96,116.18
img_16033.npy,1.93,118.07
img_16034.npy,1.90,116.93
img_16035.npy,1.88,122.82
img_16036.npy,1.85,121.98
img_16037.npy,1.93,122.82
img_16038.npy,1.95,119.41
img_16039.npy,1.95,126.23
img_1604.npy,1.99,128.55
img_16040.npy,1.89,113.61
img_16041.npy,1.85,130.54
img_16042.npy,1.88,119.85
img_16043.npy,1.94,121.42
img_16044.npy,1.92,122.53
img_16045.npy,1.97,113.59
img_16046.npy,2.09,119.02
img_16047.npy,1.96,115.65
img_16048.npy,1.89,116.66
img_16049.npy,1.88,123.45
img_1605.npy,1.90,117.70
img_16050.npy,1.90,114.83
img_16051.npy,1.91,123.05
img_16052.npy,1.81,121.41
img_16053.npy,1.82,118.39
img_16054.npy,1.85,116.07
img_16055.npy,1.98,124.83
img_16056.npy,1.88,122.31
img_16057.npy,1.83,123.89
img_16058.npy,1.92,115.59
img_16059.npy,1.84,119.05
img_1606.npy,1.88,121.93
img_16060.npy,1.91,127.45
img_16061.npy,1.98,116.52
img_16062.npy,1.90,113.71
img_16063.npy,1.90,117.52
img_16064.npy,1.88,126.56
img_16065.npy,1.83,117.15
img_16066.npy,1.97,120.32
img_16067.npy,1.95,134.03
img_16068.npy,1.96,121.44
img_16069.npy,1.89,122.51
img_1607.npy,1.93,115.90
img_16070.npy,1.97,122.39
img_16071.npy,1.88,118.36
img_16072.npy,1.87,112.86
img_16073.npy,1.94,121.64
img_16074.npy,2.39,115.46
img_16075.npy,1.98,119.86
img_16076.npy,1.82,122.00
img_16077.npy,1.91,117.70
img_16078.npy,1.97,117.50
img_16079.npy,1.92,117.64
img_1608.npy,1.94,117.98
img_16080.npy,1.88,120.71
img_16081.npy,1.96,116.99
img_16082.npy,1.97,119.25
img_16083.npy,1.96,118.98
img_16084.npy,1.81,113.77
img_16085.npy,1.88,110.51
img_16086.npy,1.90,117.16
img_16087.npy,1.81,116.09
img_16088.npy,1.90,115.19
img_16089.npy,1.91,119.66
img_1609.npy,1.89,118.23
img_16090.npy,1.98,116.05
img_16091.npy,1.94,122.46
img_16092.npy,1.93,120.35
img_16093.npy,1.95,123.59
img_16094.npy,1.93,116.00
img_16095.npy,2.09,111.87
img_16096.npy,1.97,115.06
img_16097.npy,1.91,112.02
img_16098.npy,2.00,120.21
img_16099.npy,1.86,125.78
img_161.npy,1.94,118.21
img_1610.npy,1.90,114.00
img_16100.npy,1.92,117.13
img_16101.npy,1.89,123.05
img_16102.npy,1.97,124.81
img_16103.npy,1.97,122.44
img_16104.npy,1.97,123.56
img_16105.npy,1.91,121.66
img_16106.npy,1.97,123.49
img_16107.npy,2.02,122.45
img_16108.npy,1.82,120.79
img_16109.npy,1.97,128.84
img_1611.npy,1.93,124.75
img_16110.npy,1.86,116.30
img_16111.npy,1.93,122.36
img_16112.npy,1.91,118.35
img_16113.npy,1.91,121.47
img_16114.npy,1.93,121.01
img_16115.npy,1.86,115.07
img_16116.npy,1.90,115.08
img_16117.npy,1.98,123.18
img_16118.npy,2.38,116.05
img_16119.npy,1.93,118.71
img_1612.npy,1.89,120.52
img_16120.npy,1.93,121.35
img_16121.npy,1.82,115.30
img_16122.npy,1.94,120.14
img_16123.npy,2.00,123.87
img_16124.npy,1.94,119.64
img_16125.npy,1.90,126.71
img_16126.npy,1.84,115.68
img_16127.npy,1.98,122.00
img_16128.npy,1.92,116.76
img_16129.npy,1.92,116.54
img_1613.npy,1.93,118.41
img_16130.npy,1.94,118.49
img_16131.npy,1.94,125.27
img_16132.npy,1.84,120.09
img_16133.npy,1.85,119.33
img_16134.npy,1.91,117.17
img_16135.npy,1.83,115.65
img_16136.npy,1.74,119.29
img_16137.npy,1.80,114.55
img_16138.npy,1.88,118.94
img_16139.npy,1.86,114.96
img_1614.npy,2.10,120.05
img_16140.npy,2.04,115.14
img_16141.npy,1.96,121.49
img_16142.npy,1.90,121.25
img_16143.npy,1.85,114.61
img_16144.npy,1.95,120.59
img_16145.npy,1.87,122.49
img_16146.npy,1.91,119.68
img_16147.npy,1.95,122.21
img_16148.npy,1.87,115.20
img_16149.npy,1.97,123.12
img_1615.npy,1.94,117.79
img_16150.npy,1.94,116.52
img_16151.npy,1.90,117.68
img_16152.npy,1.88,119.23
img_16153.npy,1.96,124.47
img_16154.npy,1.79,117.03
img_16155.npy,1.74,114.21
img_16156.npy,1.87,119.29
img_16157.npy,1.89,114.83
img_16158.npy,1.84,118.58
img_16159.npy,1.91,117.59
img_1616.npy,1.85,118.86
img_16160.npy,1.97,119.81
img_16161.npy,1.85,124.77
img_16162.npy,2.41,121.20
img_16163.npy,1.97,122.93
img_16164.npy,1.92,120.79
img_16165.npy,1.97,121.86
img_16166.npy,1.93,121.41
img_16167.npy,1.87,121.98
img_16168.npy,1.80,126.91
img_16169.npy,1.85,116.90
img_1617.npy,1.85,117.91
img_16170.npy,1.98,125.77
img_16171.npy,1.87,117.05
img_16172.npy,1.81,115.47
img_16173.npy,1.83,119.28
img_16174.npy,1.93,119.52
img_16175.npy,1.92,122.01
img_16176.npy,1.78,122.66
img_16177.npy,1.81,117.09
img_16178.npy,1.91,116.88
img_16179.npy,1.92,115.99
img_1618.npy,1.93,115.30
img_16180.npy,1.80,117.10
img_16181.npy,1.94,113.47
img_16182.npy,1.85,120.35
img_16183.npy,1.94,121.22
img_16184.npy,1.94,121.94
img_16185.npy,2.30,114.89
img_16186.npy,1.74,117.68
img_16187.npy,1.71,120.24
img_16188.npy,1.93,113.83
img_16189.npy,1.87,118.78
img_1619.npy,1.86,115.18
img_16190.npy,1.93,123.90
img_16191.npy,1.86,119.93
img_16192.npy,1.95,122.53
img_16193.npy,1.95,118.91
img_16194.npy,1.90,117.45
img_16195.npy,1.90,109.96
img_16196.npy,1.93,121.87
img_16197.npy,1.92,115.91
img_16198.npy,1.89,123.19
img_16199.npy,1.89,120.10
img_162.npy,1.92,118.57
img_1620.npy,1.95,118.90
img_16200.npy,1.96,121.52
img_16201.npy,1.88,114.48
img_16202.npy,1.96,119.50
img_16203.npy,1.91,123.69
img_16204.npy,1.96,120.37
img_16205.npy,1.91,118.57
img_16206.npy,1.89,123.05
img_16207.npy,2.33,122.14
img_16208.npy,1.89,120.79
img_16209.npy,1.93,119.76
img_1621.npy,1.91,122.41
img_16210.npy,1.88,117.72
img_16211.npy,1.85,115.93
img_16212.npy,1.82,119.63
img_16213.npy,1.84,113.57
img_16214.npy,1.91,113.14
img_16215.npy,1.99,120.25
img_16216.npy,1.97,120.42
img_16217.npy,1.88,121.27
img_16218.npy,1.97,114.22
img_16219.npy,1.95,112.85
img_1622.npy,1.99,110.80
img_16220.npy,1.88,117.54
img_16221.npy,1.92,114.90
img_16222.npy,1.98,119.13
img_16223.npy,1.89,115.29
img_16224.npy,1.90,121.71
img_16225.npy,1.84,116.92
img_16226.npy,1.86,124.05
img_16227.npy,1.83,111.52
img_16228.npy,1.97,113.62
img_16229.npy,2.32,117.16
img_1623.npy,2.06,109.41
img_16230.npy,1.95,113.94
img_16231.npy,1.95,119.98
img_16232.npy,1.80,117.96
img_16233.npy,1.97,122.07
img_16234.npy,1.95,121.40
img_16235.npy,1.95,120.37
img_16236.npy,1.89,119.86
img_16237.npy,1.83,117.39
img_16238.npy,1.91,123.06
img_16239.npy,1.87,120.07
img_1624.npy,1.76,120.35
img_16240.npy,2.02,119.96
img_16241.npy,2.04,119.34
img_16242.npy,1.94,122.44
img_16243.npy,1.81,123.00
img_16244.npy,1.96,121.87
img_16245.npy,1.90,121.07
img_16246.npy,1.97,121.52
img_16247.npy,1.95,114.78
img_16248.npy,1.93,118.32
img_16249.npy,1.94,116.18
img_1625.npy,1.96,120.44
img_16250.npy,1.94,117.03
img_16251.npy,2.38,124.56
img_16252.npy,1.84,120.32
img_16253.npy,1.94,121.09
img_16254.npy,1.95,120.66
img_16255.npy,2.03,124.15
img_16256.npy,1.90,120.02
img_16257.npy,1.91,117.07
img_16258.npy,1.86,121.04
img_16259.npy,1.76,118.83
img_1626.npy,1.86,123.29
img_16260.npy,1.82,117.52
img_16261.npy,1.94,120.62
img_16262.npy,1.92,111.56
img_16263.npy,1.93,117.16
img_16264.npy,1.96,116.22
img_16265.npy,1.97,115.05
img_16266.npy,1.94,125.28
img_16267.npy,1.93,122.20
img_16268.npy,1.92,127.17
img_16269.npy,1.96,114.85
img_1627.npy,1.92,115.85
img_16270.npy,1.94,119.65
img_16271.npy,1.93,119.13
img_16272.npy,1.93,121.78
img_16273.npy,1.91,120.32
img_16274.npy,1.90,121.89
img_16275.npy,1.85,117.86
img_16276.npy,2.42,119.18
img_16277.npy,1.86,115.34
img_16278.npy,1.83,117.14
img_16279.npy,1.88,119.00
img_1628.npy,1.98,121.88
img_16280.npy,1.97,118.01
img_16281.npy,1.85,115.38
img_16282.npy,1.95,119.45
img_16283.npy,1.90,118.73
img_16284.npy,1.99,121.04
img_16285.npy,1.99,121.67
img_16286.npy,1.87,118.29
img_16287.npy,1.94,117.12
img_16288.npy,1.99,116.39
img_16289.npy,1.93,115.86
img_1629.npy,1.80,116.16
img_16290.npy,1.92,111.59
img_16291.npy,1.97,118.87
img_16292.npy,1.93,120.64
img_16293.npy,1.92,120.67
img_16294.npy,1.92,122.52
img_16295.npy,1.79,118.80
img_16296.npy,1.90,118.23
img_16297.npy,1.91,119.32
img_16298.npy,1.89,117.76
img_16299.npy,1.91,122.53
img_163.npy,2.18,123.90
img_1630.npy,2.35,118.93
img_16300.npy,2.02,120.20
img_16301.npy,1.94,119.63
img_16302.npy,1.95,117.90
img_16303.npy,1.85,115.14
img_16304.npy,1.92,114.21
img_16305.npy,1.96,122.41
img_16306.npy,1.98,116.45
img_16307.npy,1.92,117.56
img_16308.npy,1.87,126.62
img_16309.npy,1.90,120.22
img_1631.npy,1.96,116.00
img_16310.npy,2.00,124.35
img_16311.npy,1.97,122.44
img_16312.npy,1.96,116.79
img_16313.npy,2.03,120.23
img_16314.npy,1.95,117.01
img_16315.npy,1.97,113.33
img_16316.npy,1.97,119.03
img_16317.npy,1.96,121.70
img_16318.npy,1.94,121.25
img_16319.npy,1.95,124.56
img_1632.npy,1.93,126.12
img_16320.npy,1.94,115.05
img_16321.npy,1.81,119.04
img_16322.npy,2.00,124.16
img_16323.npy,2.06,116.81
img_16324.npy,1.95,116.18
img_16325.npy,1.91,113.62
img_16326.npy,1.73,119.14
img_16327.npy,1.85,119.45
img_16328.npy,1.86,116.44
img_16329.npy,1.92,117.70
img_1633.npy,1.95,114.98
img_16330.npy,1.91,124.63
img_16331.npy,1.90,122.98
img_16332.npy,1.91,116.51
img_16333.npy,1.97,121.82
img_16334.npy,1.98,120.70
img_16335.npy,1.93,122.72
img_16336.npy,1.92,123.79
img_16337.npy,1.87,116.90
img_16338.npy,1.95,122.20
img_16339.npy,1.91,116.16
img_1634.npy,1.90,114.91
img_16340.npy,1.96,113.45
img_16341.npy,1.95,122.12
img_16342.npy,1.91,115.09
img_16343.npy,1.92,126.19
img_16344.npy,1.86,119.51
img_16345.npy,1.97,121.36
img_16346.npy,1.97,121.29
img_16347.npy,2.24,118.26
img_16348.npy,2.16,114.39
img_16349.npy,1.96,119.99
img_1635.npy,1.96,129.13
img_16350.npy,1.84,119.52
img_16351.npy,1.87,116.55
img_16352.npy,2.00,117.95
img_16353.npy,1.98,124.27
img_16354.npy,1.93,118.11
img_16355.npy,1.92,117.01
img_16356.npy,1.96,119.36
img_16357.npy,1.85,114.73
img_16358.npy,2.01,122.03
img_16359.npy,1.95,120.12
img_1636.npy,1.94,125.28
img_16360.npy,1.99,120.61
img_16361.npy,1.84,118.30
img_16362.npy,1.88,113.54
img_16363.npy,2.00,122.48
img_16364.npy,1.93,120.55
img_16365.npy,1.91,116.91
img_16366.npy,1.95,116.33
img_16367.npy,1.83,118.87
img_16368.npy,1.88,118.82
img_16369.npy,1.98,122.98
img_1637.npy,1.83,116.15
img_16370.npy,2.21,125.30
img_16371.npy,2.27,115.98
img_16372.npy,1.89,113.00
img_16373.npy,1.97,113.30
img_16374.npy,2.02,116.15
img_16375.npy,1.96,120.81
img_16376.npy,1.90,122.54
img_16377.npy,1.90,114.07
img_16378.npy,1.90,114.71
img_16379.npy,1.89,118.01
img_1638.npy,1.96,113.62
img_16380.npy,1.94,120.99
img_16381.npy,1.86,114.65
img_16382.npy,1.92,118.04
img_16383.npy,1.95,116.87
img_16384.npy,1.96,120.34
img_16385.npy,1.81,125.13
img_16386.npy,1.86,118.60
img_16387.npy,1.99,119.73
img_16388.npy,1.93,115.21
img_16389.npy,1.94,115.83
img_1639.npy,1.98,118.34
img_16390.npy,1.92,119.79
img_16391.npy,1.75,117.36
img_16392.npy,1.84,119.78
img_16393.npy,1.85,119.86
img_16394.npy,1.94,122.60
img_16395.npy,2.33,114.12
img_16396.npy,1.98,125.48
img_16397.npy,1.82,136.34
img_16398.npy,1.86,134.26
img_16399.npy,1.98,112.46
img_164.npy,1.90,114.97
img_1640.npy,1.89,122.53
img_16400.npy,1.90,123.19
img_16401.npy,1.99,125.55
img_16402.npy,1.87,115.04
img_16403.npy,1.91,114.36
img_16404.npy,1.91,113.82
img_16405.npy,1.88,118.86
img_16406.npy,1.95,124.90
img_16407.npy,2.04,121.32
img_16408.npy,1.94,122.47
img_16409.npy,1.93,119.75
img_1641.npy,2.02,117.14
img_16410.npy,1.97,127.57
img_16411.npy,2.02,123.55
img_16412.npy,1.98,121.71
img_16413.npy,1.91,116.54
img_16414.npy,1.94,115.19
img_16415.npy,1.96,118.97
img_16416.npy,2.00,119.04
img_16417.npy,2.31,120.32
img_16418.npy,1.99,115.61
img_16419.npy,1.94,118.32
img_1642.npy,1.92,118.95
img_16420.npy,1.99,117.61
img_16421.npy,2.01,125.03
img_16422.npy,2.00,121.29
img_16423.npy,1.88,118.64
img_16424.npy,1.84,120.25
img_16425.npy,1.98,118.21
img_16426.npy,1.95,116.80
img_16427.npy,1.94,111.75
img_16428.npy,1.90,116.92
img_16429.npy,1.89,117.63
img_1643.npy,1.97,117.15
img_16430.npy,1.98,118.57
img_16431.npy,1.97,123.49
img_16432.npy,1.97,124.21
img_16433.npy,1.92,119.84
img_16434.npy,2.03,122.04
img_16435.npy,1.82,119.95
img_16436.npy,1.95,117.97
img_16437.npy,1.86,120.84
img_16438.npy,1.87,117.05
img_16439.npy,1.94,121.31
img_1644.npy,1.99,115.70
img_16440.npy,2.34,117.29
img_16441.npy,1.93,117.23
img_16442.npy,1.91,119.50
img_16443.npy,2.02,122.77
img_16444.npy,1.98,116.86
img_16445.npy,1.94,114.00
img_16446.npy,1.78,124.82
img_16447.npy,1.91,123.37
img_16448.npy,1.88,114.96
img_16449.npy,1.93,117.48
img_1645.npy,1.86,116.38
img_16450.npy,1.89,119.03
img_16451.npy,1.94,124.75
img_16452.npy,1.88,117.89
img_16453.npy,1.87,119.50
img_16454.npy,1.79,117.04
img_16455.npy,1.88,120.52
img_16456.npy,1.79,120.28
img_16457.npy,1.92,126.83
img_16458.npy,1.99,127.17
img_16459.npy,1.96,118.89
img_1646.npy,1.96,121.71
img_16460.npy,2.02,121.57
img_16461.npy,1.84,118.15
img_16462.npy,1.96,125.66
img_16463.npy,2.03,124.34
img_16464.npy,2.32,114.45
img_16465.npy,1.92,119.59
img_16466.npy,1.79,117.57
img_16467.npy,1.87,119.52
img_16468.npy,1.99,120.83
img_16469.npy,1.91,125.64
img_1647.npy,1.95,118.74
img_16470.npy,1.96,115.42
img_16471.npy,1.94,116.89
img_16472.npy,1.92,117.74
img_16473.npy,1.95,121.22
img_16474.npy,1.92,120.39
img_16475.npy,1.99,130.54
img_16476.npy,1.78,119.01
img_16477.npy,1.84,120.56
img_16478.npy,1.93,117.96
img_16479.npy,1.92,118.86
img_1648.npy,1.87,114.13
img_16480.npy,1.79,116.21
img_16481.npy,1.74,119.40
img_16482.npy,1.79,122.84
img_16483.npy,1.78,115.76
img_16484.npy,1.72,117.38
img_16485.npy,1.78,118.64
img_16486.npy,2.00,112.56
img_16487.npy,1.81,116.84
img_16488.npy,1.80,120.71
img_16489.npy,1.79,123.49
img_1649.npy,1.76,116.34
img_16490.npy,1.76,112.21
img_16491.npy,1.82,116.21
img_16492.npy,1.89,120.96
img_16493.npy,1.80,115.79
img_16494.npy,1.86,116.77
img_16495.npy,1.85,119.77
img_16496.npy,1.81,123.07
img_16497.npy,1.82,116.96
img_16498.npy,1.85,115.53
img_16499.npy,1.81,117.49
img_165.npy,1.87,112.75
img_1650.npy,1.91,112.20
img_16500.npy,1.84,118.63
img_16501.npy,1.97,119.64
img_16502.npy,1.93,117.61
img_16503.npy,1.99,113.72
img_16504.npy,1.92,122.15
img_16505.npy,1.94,119.48
img_16506.npy,2.00,126.12
img_16507.npy,1.96,119.72
img_16508.npy,1.95,117.03
img_16509.npy,1.87,116.94
img_1651.npy,1.85,113.80
img_16510.npy,1.98,117.76
img_16511.npy,2.32,116.69
img_16512.npy,1.91,116.42
img_16513.npy,1.68,118.17
img_16514.npy,1.83,120.39
img_16515.npy,1.79,119.95
img_16516.npy,2.01,123.29
img_16517.npy,1.98,126.89
img_16518.npy,1.75,136.09
img_16519.npy,1.93,116.84
img_1652.npy,1.76,135.41
img_16520.npy,1.99,116.50
img_16521.npy,1.89,160.84
img_16522.npy,1.89,185.56
img_16523.npy,1.79,186.83
img_16524.npy,1.78,186.30
img_16525.npy,1.84,123.91
img_16526.npy,1.87,115.37
img_16527.npy,1.95,117.01
img_16528.npy,1.91,118.25
img_16529.npy,1.84,118.93
img_1653.npy,1.97,111.84
img_16530.npy,1.94,116.32
img_16531.npy,1.93,119.50
img_16532.npy,1.94,125.63
img_16533.npy,1.91,118.39
img_16534.npy,1.95,113.45
img_16535.npy,2.36,116.54
img_16536.npy,1.89,118.57
img_16537.npy,1.92,124.76
img_16538.npy,1.96,117.76
img_16539.npy,1.96,120.27
img_1654.npy,1.88,115.07
img_16540.npy,2.00,118.39
img_16541.npy,1.79,118.12
img_16542.npy,1.94,120.11
img_16543.npy,1.93,118.13
img_16544.npy,1.99,121.58
img_16545.npy,1.99,118.26
img_16546.npy,1.97,115.57
img_16547.npy,1.95,125.70
img_16548.npy,1.98,117.95
img_16549.npy,1.86,118.56
img_1655.npy,1.94,126.27
img_16550.npy,2.00,125.40
img_16551.npy,1.93,122.37
img_16552.npy,1.94,118.43
img_16553.npy,1.92,120.54
img_16554.npy,1.84,125.44
img_16555.npy,1.92,118.02
img_16556.npy,1.89,119.43
img_16557.npy,2.00,127.58
img_16558.npy,2.42,116.98
img_16559.npy,1.92,116.15
img_1656.npy,1.95,115.64
img_16560.npy,1.97,118.25
img_16561.npy,1.91,122.70
img_16562.npy,1.96,119.94
img_16563.npy,1.92,122.51
img_16564.npy,1.93,123.77
img_16565.npy,1.91,118.61
img_16566.npy,1.96,116.51
img_16567.npy,1.88,123.45
img_16568.npy,1.96,130.03
img_16569.npy,1.99,120.95
img_1657.npy,1.63,113.62
img_16570.npy,1.95,125.67
img_16571.npy,1.93,115.71
img_16572.npy,1.93,119.07
img_16573.npy,1.99,118.58
img_16574.npy,1.99,128.12
img_16575.npy,2.00,121.45
img_16576.npy,1.89,115.09
img_16577.npy,1.95,120.67
img_16578.npy,1.90,122.27
img_16579.npy,1.95,117.66
img_1658.npy,1.96,118.63
img_16580.npy,2.43,117.70
img_16581.npy,2.01,115.81
img_16582.npy,1.95,127.63
img_16583.npy,1.85,115.98
img_16584.npy,1.93,118.75
img_16585.npy,1.93,125.09
img_16586.npy,1.98,127.36
img_16587.npy,1.95,127.69
img_16588.npy,1.98,119.50
img_16589.npy,1.98,126.80
img_1659.npy,1.99,118.46
img_16590.npy,1.80,120.88
img_16591.npy,1.84,116.38
img_16592.npy,1.93,118.12
img_16593.npy,2.08,120.50
img_16594.npy,2.04,122.93
img_16595.npy,1.90,122.61
img_16596.npy,1.80,130.62
img_16597.npy,1.86,125.62
img_16598.npy,1.90,119.21
img_16599.npy,1.97,111.92
img_166.npy,1.93,114.48
img_1660.npy,1.97,126.57
img_16600.npy,1.87,122.02
img_16601.npy,2.06,125.09
img_16602.npy,1.95,119.37
img_16603.npy,1.88,117.51
img_16604.npy,1.92,118.51
img_16605.npy,1.93,116.53
img_16606.npy,1.98,121.67
img_16607.npy,1.91,120.75
img_16608.npy,1.93,121.06
img_16609.npy,1.93,125.49
img_1661.npy,1.91,121.06
img_16610.npy,1.92,116.52
img_16611.npy,1.90,116.76
img_16612.npy,2.00,126.99
img_16613.npy,1.96,122.33
img_16614.npy,1.87,119.75
img_16615.npy,1.97,115.36
img_16616.npy,1.97,119.64
img_16617.npy,1.89,117.11
img_16618.npy,1.94,120.21
img_16619.npy,1.95,129.53
img_1662.npy,1.90,121.50
img_16620.npy,1.98,120.96
img_16621.npy,1.90,119.66
img_16622.npy,1.88,128.45
img_16623.npy,1.86,126.44
img_16624.npy,1.96,122.77
img_16625.npy,2.04,119.64
img_16626.npy,2.25,111.31
img_16627.npy,1.86,110.45
img_16628.npy,1.79,110.08
img_16629.npy,1.98,111.39
img_1663.npy,1.88,116.08
img_16630.npy,1.85,119.92
img_16631.npy,1.96,123.54
img_16632.npy,1.96,116.43
img_16633.npy,1.88,113.89
img_16634.npy,1.91,116.72
img_16635.npy,1.95,115.82
img_16636.npy,1.98,121.54
img_16637.npy,1.95,123.68
img_16638.npy,1.93,120.79
img_16639.npy,2.02,121.81
img_1664.npy,1.95,114.51
img_16640.npy,1.94,119.74
img_16641.npy,1.97,118.13
img_16642.npy,1.93,118.38
img_16643.npy,1.90,126.73
img_16644.npy,1.80,123.38
img_16645.npy,1.85,115.89
img_16646.npy,1.93,116.88
img_16647.npy,1.98,119.47
img_16648.npy,1.92,119.57
img_16649.npy,2.38,117.57
img_1665.npy,1.91,119.30
img_16650.npy,1.97,115.95
img_16651.npy,1.95,119.22
img_16652.npy,1.91,113.54
img_16653.npy,1.93,113.54
img_16654.npy,1.81,116.65
img_16655.npy,1.88,116.66
img_16656.npy,1.98,116.38
img_16657.npy,1.92,119.01
img_16658.npy,1.91,114.57
img_16659.npy,1.90,115.74
img_1666.npy,1.97,115.68
img_16660.npy,1.95,121.31
img_16661.npy,1.99,124.52
img_16662.npy,1.95,115.14
img_16663.npy,1.90,116.96
img_16664.npy,1.91,113.61
img_16665.npy,1.99,118.50
img_16666.npy,1.94,119.60
img_16667.npy,1.86,124.60
img_16668.npy,1.99,120.19
img_16669.npy,1.93,120.29
img_1667.npy,1.93,116.00
img_16670.npy,1.91,122.05
img_16671.npy,2.34,119.44
img_16672.npy,1.89,116.27
img_16673.npy,1.80,120.92
img_16674.npy,1.88,118.10
img_16675.npy,1.81,114.60
img_16676.npy,1.77,117.90
img_16677.npy,1.84,128.58
img_16678.npy,1.99,127.48
img_16679.npy,1.77,121.74
img_1668.npy,1.93,120.17
img_16680.npy,1.87,113.63
img_16681.npy,1.93,113.27
img_16682.npy,1.88,123.61
img_16683.npy,1.96,119.77
img_16684.npy,1.88,122.20
img_16685.npy,1.88,113.42
img_16686.npy,1.87,116.46
img_16687.npy,1.94,116.86
img_16688.npy,1.92,113.07
img_16689.npy,1.94,121.58
img_1669.npy,1.97,121.81
img_16690.npy,1.85,122.10
img_16691.npy,1.90,119.62
img_16692.npy,1.92,117.79
img_16693.npy,1.85,114.70
img_16694.npy,1.80,120.32
img_16695.npy,2.33,119.03
img_16696.npy,1.95,119.24
img_16697.npy,1.90,119.62
img_16698.npy,1.96,119.11
img_16699.npy,2.00,122.58
img_167.npy,1.91,126.22
img_1670.npy,1.70,115.78
img_16700.npy,1.70,115.27
img_16701.npy,1.70,114.79
img_16702.npy,1.73,123.55
img_16703.npy,1.72,119.59
img_16704.npy,1.74,117.99
img_16705.npy,1.81,116.76
img_16706.npy,1.81,117.83
img_16707.npy,1.73,114.20
img_16708.npy,1.71,116.18
img_16709.npy,1.73,121.11
img_1671.npy,1.75,119.69
img_16710.npy,1.72,121.88
img_16711.npy,1.78,125.64
img_16712.npy,1.93,113.51
img_16713.npy,1.84,118.63
img_16714.npy,1.81,118.79
img_16715.npy,1.80,122.62
img_16716.npy,1.72,126.66
img_16717.npy,1.74,115.55
img_16718.npy,1.79,116.70
img_16719.npy,2.38,118.31
img_1672.npy,1.97,118.78
img_16720.npy,1.96,126.20
img_16721.npy,1.97,119.80
img_16722.npy,1.85,119.61
img_16723.npy,1.94,121.77
img_16724.npy,1.82,115.44
img_16725.npy,2.02,126.18
img_16726.npy,1.92,119.32
img_16727.npy,1.79,122.14
img_16728.npy,1.99,125.33
img_16729.npy,1.88,116.87
img_1673.npy,1.88,115.20
img_16730.npy,2.02,116.54
img_16731.npy,1.92,119.66
img_16732.npy,1.96,127.00
img_16733.npy,1.97,119.65
img_16734.npy,1.91,113.80
img_16735.npy,1.98,113.38
img_16736.npy,1.96,115.66
img_16737.npy,1.95,118.71
img_16738.npy,1.82,111.86
img_16739.npy,1.95,122.87
img_1674.npy,2.11,113.27
img_16740.npy,1.96,118.75
img_16741.npy,2.04,113.97
img_16742.npy,1.94,118.44
img_16743.npy,1.88,115.13
img_16744.npy,1.95,114.54
img_16745.npy,1.96,113.50
img_16746.npy,1.92,114.68
img_16747.npy,1.95,121.35
img_16748.npy,1.84,116.43
img_16749.npy,1.86,116.09
img_1675.npy,1.87,116.71
img_16750.npy,1.89,114.29
img_16751.npy,1.94,121.08
img_16752.npy,1.90,119.84
img_16753.npy,1.60,170.36
img_16754.npy,1.61,120.38
img_16755.npy,1.70,122.60
img_16756.npy,1.83,153.41
img_16757.npy,1.70,183.98
img_16758.npy,1.65,184.43
img_16759.npy,1.68,186.76
img_1676.npy,1.60,186.66
img_16760.npy,1.56,185.49
img_16761.npy,1.66,186.18
img_16762.npy,1.68,184.48
img_16763.npy,1.63,187.21
img_16764.npy,1.70,188.24
img_16765.npy,1.70,186.66
img_16766.npy,1.49,182.77
img_16767.npy,1.73,123.22
img_16768.npy,1.68,126.53
img_16769.npy,1.78,127.89
img_1677.npy,1.60,180.84
img_16770.npy,1.69,129.86
img_16771.npy,1.87,139.98
img_16772.npy,1.65,186.75
img_16773.npy,1.64,186.85
img_16774.npy,1.68,184.81
img_16775.npy,1.66,186.82
img_16776.npy,1.67,181.97
img_16777.npy,1.66,185.70
img_16778.npy,1.59,185.47
img_16779.npy,1.44,178.69
img_1678.npy,1.69,151.58
img_16780.npy,1.67,123.73
img_16781.npy,1.58,133.80
img_16782.npy,1.72,156.09
img_16783.npy,1.61,186.64
img_16784.npy,1.53,182.66
img_16785.npy,1.51,183.86
img_16786.npy,1.62,184.08
img_16787.npy,1.58,181.63
img_16788.npy,1.56,184.44
img_16789.npy,1.63,187.13
img_1679.npy,1.64,186.02
img_16790.npy,1.69,180.98
img_16791.npy,1.72,185.29
img_16792.npy,1.59,187.34
img_16793.npy,1.70,187.32
img_16794.npy,1.64,186.12
img_16795.npy,1.68,183.86
img_16796.npy,1.69,186.71
img_16797.npy,1.46,182.62
img_16798.npy,1.67,120.72
img_16799.npy,1.65,120.13
img_168.npy,1.74,120.04
img_1680.npy,1.86,127.85
img_16800.npy,1.65,185.41
img_16801.npy,1.65,187.89
img_16802.npy,1.70,185.75
img_16803.npy,1.56,180.77
img_16804.npy,1.64,125.96
img_16805.npy,1.65,117.51
img_16806.npy,1.62,120.06
img_16807.npy,1.63,117.58
img_16808.npy,1.67,122.39
img_16809.npy,1.66,121.91
img_1681.npy,1.71,123.27
img_16810.npy,1.72,118.68
img_16811.npy,1.60,119.98
img_16812.npy,1.53,120.30
img_16813.npy,1.68,121.61
img_16814.npy,1.65,121.36
img_16815.npy,1.53,119.68
img_16816.npy,1.58,116.52
img_16817.npy,1.65,120.06
img_16818.npy,1.63,119.99
img_16819.npy,1.68,124.45
img_1682.npy,1.59,141.49
img_16820.npy,1.61,130.57
img_16821.npy,1.61,125.77
img_16822.npy,1.68,127.91
img_16823.npy,1.65,135.51
img_16824.npy,1.68,125.48
img_16825.npy,1.67,120.53
img_16826.npy,1.72,120.03
img_16827.npy,1.70,122.56
img_16828.npy,1.63,123.49
img_16829.npy,1.63,125.79
img_1683.npy,1.63,122.21
img_16830.npy,1.59,117.73
img_16831.npy,1.68,121.73
img_16832.npy,1.68,123.98
img_16833.npy,1.68,125.98
img_16834.npy,1.64,120.36
img_16835.npy,1.78,125.75
img_16836.npy,1.64,178.73
img_16837.npy,1.64,184.20
img_16838.npy,1.70,183.59
img_16839.npy,1.60,183.12
img_1684.npy,1.52,183.28
img_16840.npy,1.54,124.16
img_16841.npy,1.67,144.29
img_16842.npy,1.67,124.86
img_16843.npy,1.62,122.49
img_16844.npy,1.63,144.16
img_16845.npy,1.64,127.25
img_16846.npy,1.74,129.45
img_16847.npy,1.67,183.36
img_16848.npy,1.60,187.00
img_16849.npy,1.62,182.72
img_1685.npy,1.66,184.83
img_16850.npy,1.58,182.12
img_16851.npy,1.76,144.60
img_16852.npy,1.58,178.16
img_16853.npy,1.62,119.75
img_16854.npy,1.64,123.97
img_16855.npy,1.62,128.03
img_16856.npy,1.60,117.91
img_16857.npy,1.62,121.91
img_16858.npy,1.57,123.64
img_16859.npy,1.58,117.71
img_1686.npy,1.63,124.04
img_16860.npy,1.70,123.61
img_16861.npy,1.67,128.69
img_16862.npy,1.80,138.48
img_16863.npy,1.58,180.89
img_16864.npy,1.60,129.62
img_16865.npy,1.59,123.10
img_16866.npy,1.61,123.25
img_16867.npy,1.46,117.70
img_16868.npy,1.60,120.40
img_16869.npy,1.60,119.80
img_1687.npy,1.58,126.04
img_16870.npy,1.62,151.11
img_16871.npy,1.67,129.23
img_16872.npy,1.68,127.43
img_16873.npy,1.56,126.69
img_16874.npy,1.49,119.94
img_16875.npy,1.43,123.63
img_16876.npy,1.53,125.65
img_16877.npy,1.56,146.12
img_16878.npy,1.56,122.27
img_16879.npy,1.59,126.31
img_1688.npy,1.63,121.38
img_16880.npy,1.66,125.75
img_16881.npy,1.66,125.92
img_16882.npy,1.64,125.51
img_16883.npy,1.58,119.94
img_16884.npy,1.63,121.89
img_16885.npy,1.52,117.01
img_16886.npy,1.54,121.96
img_16887.npy,1.63,121.77
img_16888.npy,1.65,119.55
img_16889.npy,1.64,120.14
img_1689.npy,1.67,117.73
img_16890.npy,1.66,125.29
img_16891.npy,1.61,132.88
img_16892.npy,1.68,182.91
img_16893.npy,1.61,185.26
img_16894.npy,1.62,182.95
img_16895.npy,1.55,181.32
img_16896.npy,1.69,125.88
img_16897.npy,1.67,128.30
img_16898.npy,1.81,125.73
img_16899.npy,1.71,182.98
img_169.npy,1.64,186.89
img_1690.npy,1.66,183.98
img_16900.npy,1.50,184.49
img_16901.npy,1.68,183.73
img_16902.npy,1.58,174.57
img_16903.npy,1.79,131.37
img_16904.npy,1.60,177.61
img_16905.npy,1.70,124.02
img_16906.npy,1.56,123.90
img_16907.npy,1.68,125.88
img_16908.npy,1.58,119.65
img_16909.npy,1.67,145.80
img_1691.npy,1.67,186.96
img_16910.npy,1.67,188.29
img_16911.npy,1.69,181.81
img_16912.npy,1.63,184.58
img_16913.npy,1.62,186.46
img_16914.npy,1.66,184.79
img_16915.npy,1.67,186.37
img_16916.npy,1.62,186.75
img_16917.npy,1.65,188.35
img_16918.npy,1.54,183.42
img_16919.npy,1.41,182.95
img_1692.npy,1.53,120.35
img_16920.npy,1.64,125.55
img_16921.npy,1.59,124.77
img_16922.npy,1.68,123.80
img_16923.npy,1.56,185.45
img_16924.npy,1.56,187.51
img_16925.npy,1.58,179.59
img_16926.npy,1.49,181.75
img_16927.npy,1.69,122.80
img_16928.npy,1.64,126.12
img_16929.npy,1.60,186.56
img_1693.npy,1.57,175.41
img_16930.npy,1.67,184.35
img_16931.npy,1.65,185.23
img_16932.npy,1.46,183.67
img_16933.npy,1.55,123.87
img_16934.npy,1.67,117.34
img_16935.npy,1.66,120.08
img_16936.npy,1.71,119.63
img_16937.npy,1.64,114.45
img_16938.npy,1.63,118.46
img_16939.npy,1.72,119.15
img_1694.npy,1.59,116.28
img_16940.npy,1.66,118.80
img_16941.npy,1.57,120.17
img_16942.npy,1.64,119.39
img_16943.npy,1.69,125.43
img_16944.npy,1.69,119.22
img_16945.npy,1.66,125.84
img_16946.npy,1.67,118.07
img_16947.npy,1.63,120.28
img_16948.npy,1.58,123.94
img_16949.npy,1.56,126.64
img_1695.npy,1.78,124.92
img_16950.npy,1.69,183.05
img_16951.npy,1.63,186.22
img_16952.npy,1.55,184.73
img_16953.npy,1.61,188.26
img_16954.npy,1.68,184.93
img_16955.npy,1.55,183.71
img_16956.npy,1.64,187.20
img_16957.npy,1.63,187.21
img_16958.npy,1.61,187.89
img_16959.npy,1.64,183.48
img_1696.npy,1.70,186.79
img_16960.npy,1.68,186.29
img_16961.npy,1.66,187.30
img_16962.npy,1.64,185.25
img_16963.npy,1.57,187.96
img_16964.npy,1.70,182.91
img_16965.npy,1.65,185.12
img_16966.npy,1.57,182.31
img_16967.npy,1.57,117.46
img_16968.npy,1.53,119.94
img_16969.npy,1.75,132.91
img_1697.npy,1.73,179.57
img_16970.npy,1.71,184.20
img_16971.npy,1.67,179.86
img_16972.npy,1.63,180.20
img_16973.npy,1.57,118.00
img_16974.npy,1.65,117.72
img_16975.npy,1.68,117.52
img_16976.npy,1.63,117.33
img_16977.npy,1.64,119.36
img_16978.npy,1.60,119.75
img_16979.npy,1.63,120.51
img_1698.npy,1.72,120.18
img_16980.npy,1.67,119.61
img_16981.npy,1.64,121.43
img_16982.npy,1.57,119.97
img_16983.npy,1.62,119.64
img_16984.npy,1.70,119.11
img_16985.npy,1.75,119.83
img_16986.npy,1.70,122.23
img_16987.npy,1.65,126.28
img_16988.npy,1.74,142.77
img_16989.npy,1.45,181.82
img_1699.npy,1.68,125.62
img_16990.npy,1.64,125.43
img_16991.npy,1.64,121.62
img_16992.npy,1.78,128.94
img_16993.npy,1.67,187.47
img_16994.npy,1.56,185.25
img_16995.npy,1.55,185.14
img_16996.npy,1.70,186.83
img_16997.npy,1.58,181.47
img_16998.npy,1.76,123.69
img_16999.npy,1.82,132.15
img_17.npy,1.54,185.17
img_170.npy,1.60,184.40
img_1700.npy,1.63,183.07
img_17000.npy,1.67,187.32
img_17001.npy,1.53,184.07
img_17002.npy,1.60,122.16
img_17003.npy,1.56,123.59
img_17004.npy,1.53,120.30
img_17005.npy,1.57,120.50
img_17006.npy,1.54,119.82
img_17007.npy,1.60,119.86
img_17008.npy,1.61,120.21
img_17009.npy,1.58,125.33
img_1701.npy,1.55,124.50
img_17010.npy,1.65,131.09
img_17011.npy,1.71,126.04
img_17012.npy,1.60,120.73
img_17013.npy,1.74,134.99
img_17014.npy,1.74,126.96
img_17015.npy,1.49,172.93
img_17016.npy,1.69,120.21
img_17017.npy,1.68,131.92
img_17018.npy,1.81,131.45
img_17019.npy,1.62,183.23
img_1702.npy,1.65,186.79
img_17020.npy,1.68,187.25
img_17021.npy,1.57,182.61
img_17022.npy,1.78,130.36
img_17023.npy,1.70,182.80
img_17024.npy,1.68,186.69
img_17025.npy,1.61,186.63
img_17026.npy,1.52,187.86
img_17027.npy,1.57,186.30
img_17028.npy,1.64,186.19
img_17029.npy,1.59,175.79
img_1703.npy,1.55,120.27
img_17030.npy,1.81,128.86
img_17031.npy,1.66,187.50
img_17032.npy,1.68,187.25
img_17033.npy,1.72,187.75
img_17034.npy,1.58,185.38
img_17035.npy,1.55,185.30
img_17036.npy,1.49,178.20
img_17037.npy,1.68,124.68
img_17038.npy,1.65,123.02
img_17039.npy,1.66,128.48
img_1704.npy,1.55,120.16
img_17040.npy,1.55,122.38
img_17041.npy,1.69,145.00
img_17042.npy,1.50,186.82
img_17043.npy,1.47,185.42
img_17044.npy,1.58,184.35
img_17045.npy,1.64,183.44
img_17046.npy,1.66,187.13
img_17047.npy,1.63,187.39
img_17048.npy,1.45,186.81
img_17049.npy,1.63,185.90
img_1705.npy,1.70,184.51
img_17050.npy,1.69,184.63
img_17051.npy,1.65,186.82
img_17052.npy,1.73,182.15
img_17053.npy,1.63,187.86
img_17054.npy,1.71,186.68
img_17055.npy,1.65,182.47
img_17056.npy,1.61,188.13
img_17057.npy,1.67,185.02
img_17058.npy,1.47,181.71
img_17059.npy,1.63,122.27
img_1706.npy,1.45,124.90
img_17060.npy,1.55,124.60
img_17061.npy,1.72,138.13
img_17062.npy,1.38,181.58
img_17063.npy,1.66,131.13
img_17064.npy,1.53,185.30
img_17065.npy,1.60,184.48
img_17066.npy,1.62,185.35
img_17067.npy,1.64,184.74
img_17068.npy,1.64,179.16
img_17069.npy,1.69,117.85
img_1707.npy,1.63,120.34
img_17070.npy,1.56,124.52
img_17071.npy,1.85,138.53
img_17072.npy,1.43,184.58
img_17073.npy,1.50,188.08
img_17074.npy,1.62,187.18
img_17075.npy,1.53,181.98
img_17076.npy,1.67,123.32
img_17077.npy,1.62,128.13
img_17078.npy,1.64,120.52
img_17079.npy,1.82,133.01
img_1708.npy,1.66,179.63
img_17080.npy,1.64,186.93
img_17081.npy,1.54,184.81
img_17082.npy,1.62,129.40
img_17083.npy,1.64,124.04
img_17084.npy,1.66,121.25
img_17085.npy,1.65,119.41
img_17086.npy,1.70,120.30
img_17087.npy,1.67,124.13
img_17088.npy,1.54,121.03
img_17089.npy,1.64,116.24
img_1709.npy,1.70,120.30
img_17090.npy,1.68,122.61
img_17091.npy,1.62,151.27
img_17092.npy,1.60,120.58
img_17093.npy,1.72,130.68
img_17094.npy,1.61,171.09
img_17095.npy,1.66,119.61
img_17096.npy,1.61,120.13
img_17097.npy,1.64,134.36
img_17098.npy,1.72,145.33
img_17099.npy,1.66,181.09
img_171.npy,1.68,184.31
img_1710.npy,1.72,186.23
img_17100.npy,1.65,186.71
img_17101.npy,1.71,186.64
img_17102.npy,1.69,184.60
img_17103.npy,1.65,186.18
img_17104.npy,1.73,186.48
img_17105.npy,1.48,187.60
img_17106.npy,1.58,186.93
img_17107.npy,1.66,185.60
img_17108.npy,1.59,187.18
img_17109.npy,1.70,186.05
img_1711.npy,1.65,186.88
img_17110.npy,1.64,184.71
img_17111.npy,1.64,186.39
img_17112.npy,1.67,184.34
img_17113.npy,1.68,186.06
img_17114.npy,1.68,184.25
img_17115.npy,1.59,172.22
img_17116.npy,1.85,139.38
img_17117.npy,1.68,185.39
img_17118.npy,1.67,183.91
img_17119.npy,1.66,185.00
img_1712.npy,1.67,179.64
img_17120.npy,1.67,184.25
img_17121.npy,1.57,185.69
img_17122.npy,1.51,180.18
img_17123.npy,1.52,118.74
img_17124.npy,1.64,117.78
img_17125.npy,1.70,119.97
img_17126.npy,1.73,120.39
img_17127.npy,1.67,138.96
img_17128.npy,1.66,129.89
img_17129.npy,1.62,131.45
img_1713.npy,1.59,182.83
img_17130.npy,1.67,187.94
img_17131.npy,1.68,186.39
img_17132.npy,1.61,183.48
img_17133.npy,1.63,181.86
img_17134.npy,1.45,173.88
img_17135.npy,1.54,120.20
img_17136.npy,1.60,125.65
img_17137.npy,1.64,127.09
img_17138.npy,1.68,123.64
img_17139.npy,1.57,147.77
img_1714.npy,1.63,121.66
img_17140.npy,1.63,120.40
img_17141.npy,1.66,126.42
img_17142.npy,1.79,142.01
img_17143.npy,1.69,185.54
img_17144.npy,1.70,184.66
img_17145.npy,1.65,186.71
img_17146.npy,1.66,186.15
img_17147.npy,1.66,186.16
img_17148.npy,1.66,187.23
img_17149.npy,1.68,184.59
img_1715.npy,1.67,184.93
img_17150.npy,1.59,184.74
img_17151.npy,1.52,185.74
img_17152.npy,1.78,132.41
img_17153.npy,1.70,185.97
img_17154.npy,1.65,186.65
img_17155.npy,1.65,185.51
img_17156.npy,1.66,183.28
img_17157.npy,1.64,184.26
img_17158.npy,1.47,184.53
img_17159.npy,1.66,186.93
img_1716.npy,1.66,184.78
img_17160.npy,1.60,180.96
img_17161.npy,1.67,186.66
img_17162.npy,1.71,173.77
img_17163.npy,1.64,185.60
img_17164.npy,1.69,186.68
img_17165.npy,1.51,186.93
img_17166.npy,1.59,181.90
img_17167.npy,1.68,184.64
img_17168.npy,1.64,182.92
img_17169.npy,1.55,183.85
img_1717.npy,1.71,180.12
img_17170.npy,1.54,180.97
img_17171.npy,1.68,126.88
img_17172.npy,1.67,122.53
img_17173.npy,1.58,123.61
img_17174.npy,1.57,122.14
img_17175.npy,1.69,124.47
img_17176.npy,1.79,130.30
img_17177.npy,1.64,187.00
img_17178.npy,1.70,186.52
img_17179.npy,1.69,187.27
img_1718.npy,1.69,187.63
img_17180.npy,1.70,185.76
img_17181.npy,1.70,185.48
img_17182.npy,1.68,188.29
img_17183.npy,1.63,184.59
img_17184.npy,1.70,186.31
img_17185.npy,1.65,186.62
img_17186.npy,1.64,183.18
img_17187.npy,1.49,185.41
img_17188.npy,1.58,183.59
img_17189.npy,1.68,184.80
img_1719.npy,1.60,188.42
img_17190.npy,1.56,187.05
img_17191.npy,1.51,180.81
img_17192.npy,1.69,122.11
img_17193.npy,1.66,124.38
img_17194.npy,1.82,141.61
img_17195.npy,1.69,182.70
img_17196.npy,1.71,186.89
img_17197.npy,1.62,182.95
img_17198.npy,1.88,136.48
img_17199.npy,1.57,187.01
img_172.npy,1.60,186.65
img_1720.npy,1.60,187.36
img_17200.npy,1.56,179.12
img_17201.npy,1.64,120.16
img_17202.npy,1.64,122.05
img_17203.npy,1.65,132.55
img_17204.npy,1.61,125.93
img_17205.npy,1.63,118.19
img_17206.npy,1.59,120.19
img_17207.npy,1.63,121.85
img_17208.npy,1.68,123.00
img_17209.npy,1.60,122.52
img_1721.npy,1.64,126.10
img_17210.npy,1.59,187.25
img_17211.npy,1.50,186.64
img_17212.npy,1.71,183.74
img_17213.npy,1.73,181.52
img_17214.npy,1.57,186.95
img_17215.npy,1.59,184.21
img_17216.npy,1.59,184.93
img_17217.npy,1.72,183.86
img_17218.npy,1.60,186.85
img_17219.npy,1.67,179.59
img_1722.npy,1.70,184.04
img_17220.npy,1.69,184.18
img_17221.npy,1.68,184.76
img_17222.npy,1.62,184.75
img_17223.npy,1.60,186.52
img_17224.npy,1.65,186.80
img_17225.npy,1.58,186.16
img_17226.npy,1.68,181.73
img_17227.npy,1.52,183.49
img_17228.npy,1.66,120.05
img_17229.npy,1.67,122.33
img_1723.npy,1.66,117.64
img_17230.npy,1.57,117.37
img_17231.npy,1.59,120.45
img_17232.npy,1.66,123.50
img_17233.npy,1.69,127.95
img_17234.npy,1.65,120.29
img_17235.npy,1.64,117.82
img_17236.npy,1.65,118.08
img_17237.npy,1.52,120.13
img_17238.npy,1.69,151.39
img_17239.npy,1.69,187.42
img_1724.npy,1.67,186.90
img_17240.npy,1.69,187.24
img_17241.npy,1.70,186.03
img_17242.npy,1.65,181.39
img_17243.npy,1.55,180.42
img_17244.npy,1.55,184.53
img_17245.npy,1.67,185.11
img_17246.npy,1.67,186.68
img_17247.npy,1.67,184.89
img_17248.npy,1.67,184.50
img_17249.npy,1.63,185.20
img_1725.npy,1.61,172.69
img_17250.npy,1.68,178.98
img_17251.npy,1.52,184.48
img_17252.npy,1.78,127.27
img_17253.npy,1.65,187.07
img_17254.npy,1.60,182.98
img_17255.npy,1.58,187.23
img_17256.npy,1.71,185.18
img_17257.npy,1.67,182.75
img_17258.npy,1.71,185.70
img_17259.npy,1.63,186.87
img_1726.npy,1.64,173.86
img_17260.npy,1.67,186.17
img_17261.npy,1.72,174.57
img_17262.npy,1.42,181.89
img_17263.npy,1.87,133.50
img_17264.npy,1.52,184.19
img_17265.npy,1.66,124.51
img_17266.npy,1.83,133.06
img_17267.npy,1.63,187.41
img_17268.npy,1.71,186.95
img_17269.npy,1.53,181.05
img_1727.npy,1.56,183.84
img_17270.npy,1.58,185.54
img_17271.npy,1.65,185.84
img_17272.npy,1.54,185.98
img_17273.npy,1.65,173.98
img_17274.npy,1.69,117.73
img_17275.npy,1.66,117.69
img_17276.npy,1.61,119.92
img_17277.npy,1.69,120.49
img_17278.npy,1.63,126.13
img_17279.npy,1.60,123.69
img_1728.npy,1.58,120.37
img_17280.npy,1.61,122.16
img_17281.npy,1.67,131.95
img_17282.npy,1.67,124.42
img_17283.npy,1.63,120.55
img_17284.npy,1.67,130.82
img_17285.npy,1.65,125.61
img_17286.npy,1.66,124.74
img_17287.npy,1.61,124.67
img_17288.npy,1.82,126.07
img_17289.npy,1.49,184.62
img_1729.npy,1.52,180.09
img_17290.npy,1.65,122.09
img_17291.npy,1.64,120.83
img_17292.npy,1.68,123.89
img_17293.npy,1.65,121.95
img_17294.npy,1.64,120.55
img_17295.npy,1.63,119.54
img_17296.npy,1.63,118.74
img_17297.npy,1.81,130.61
img_17298.npy,1.66,185.12
img_17299.npy,1.72,185.89
img_173.npy,1.64,188.13
img_1730.npy,1.38,179.81
img_17300.npy,1.48,123.26
img_17301.npy,1.65,138.40
img_17302.npy,1.58,184.91
img_17303.npy,1.60,122.39
img_17304.npy,1.67,127.87
img_17305.npy,1.70,123.40
img_17306.npy,1.67,154.31
img_17307.npy,1.67,180.53
img_17308.npy,1.66,185.63
img_17309.npy,1.64,186.25
img_1731.npy,1.63,183.98
img_17310.npy,1.59,187.08
img_17311.npy,1.55,185.44
img_17312.npy,1.55,185.50
img_17313.npy,1.62,126.12
img_17314.npy,1.66,120.43
img_17315.npy,1.68,121.88
img_17316.npy,1.63,119.99
img_17317.npy,1.61,125.71
img_17318.npy,1.65,121.97
img_17319.npy,1.60,125.16
img_1732.npy,1.64,123.75
img_17320.npy,1.80,132.91
img_17321.npy,1.63,187.61
img_17322.npy,1.57,181.53
img_17323.npy,1.67,127.91
img_17324.npy,1.60,123.70
img_17325.npy,1.66,148.92
img_17326.npy,1.63,121.95
img_17327.npy,1.75,144.77
img_17328.npy,1.57,184.19
img_17329.npy,1.61,186.81
img_1733.npy,1.69,183.45
img_17330.npy,1.69,182.46
img_17331.npy,1.69,186.18
img_17332.npy,1.65,184.87
img_17333.npy,1.65,184.91
img_17334.npy,1.65,182.59
img_17335.npy,1.63,187.89
img_17336.npy,1.58,185.68
img_17337.npy,1.61,185.69
img_17338.npy,1.70,187.16
img_17339.npy,1.69,180.18
img_1734.npy,1.67,185.41
img_17340.npy,1.66,187.11
img_17341.npy,1.64,186.23
img_17342.npy,1.65,186.58
img_17343.npy,1.58,187.33
img_17344.npy,1.54,183.89
img_17345.npy,1.59,183.77
img_17346.npy,1.69,122.43
img_17347.npy,1.68,117.70
img_17348.npy,1.66,120.49
img_17349.npy,1.63,123.83
img_1735.npy,1.61,124.95
img_17350.npy,1.65,119.12
img_17351.npy,1.64,119.03
img_17352.npy,1.63,122.47
img_17353.npy,1.66,117.21
img_17354.npy,1.67,119.49
img_17355.npy,1.72,120.49
img_17356.npy,1.81,132.16
img_17357.npy,1.62,187.87
img_17358.npy,1.66,184.87
img_17359.npy,1.41,178.68
img_1736.npy,1.54,122.64
img_17360.npy,1.52,119.11
img_17361.npy,1.47,121.25
img_17362.npy,1.54,135.96
img_17363.npy,1.54,123.27
img_17364.npy,1.55,122.79
img_17365.npy,1.50,124.27
img_17366.npy,1.47,122.69
img_17367.npy,1.47,126.21
img_17368.npy,1.51,156.01
img_17369.npy,1.58,131.48
img_1737.npy,1.45,181.84
img_17370.npy,1.51,184.63
img_17371.npy,1.48,186.52
img_17372.npy,1.44,187.63
img_17373.npy,1.51,182.28
img_17374.npy,1.45,185.05
img_17375.npy,1.49,187.88
img_17376.npy,1.62,187.14
img_17377.npy,1.65,182.97
img_17378.npy,1.49,173.99
img_17379.npy,1.57,119.96
img_1738.npy,1.61,119.82
img_17380.npy,1.64,137.38
img_17381.npy,1.80,123.36
img_17382.npy,1.62,186.72
img_17383.npy,1.54,182.38
img_17384.npy,1.71,142.25
img_17385.npy,1.62,186.20
img_17386.npy,1.52,181.65
img_17387.npy,1.48,119.88
img_17388.npy,1.51,121.85
img_17389.npy,1.60,120.43
img_1739.npy,1.71,132.90
img_17390.npy,1.50,187.21
img_17391.npy,1.59,187.32
img_17392.npy,1.63,184.70
img_17393.npy,1.69,184.99
img_17394.npy,1.71,186.95
img_17395.npy,1.62,183.27
img_17396.npy,1.49,184.50
img_17397.npy,1.59,186.90
img_17398.npy,1.62,185.89
img_17399.npy,1.55,184.73
img_174.npy,1.86,143.10
img_1740.npy,1.64,184.61
img_17400.npy,1.66,186.96
img_17401.npy,1.66,186.83
img_17402.npy,1.48,187.48
img_17403.npy,1.49,186.05
img_17404.npy,1.61,186.18
img_17405.npy,1.61,188.13
img_17406.npy,1.65,183.40
img_17407.npy,1.71,183.89
img_17408.npy,1.65,186.79
img_17409.npy,1.53,178.21
img_1741.npy,1.59,125.14
img_17410.npy,1.78,152.65
img_17411.npy,1.66,181.46
img_17412.npy,1.74,183.09
img_17413.npy,1.61,186.45
img_17414.npy,1.65,187.48
img_17415.npy,1.57,176.96
img_17416.npy,1.65,142.24
img_17417.npy,1.64,126.64
img_17418.npy,1.66,121.55
img_17419.npy,1.62,125.29
img_1742.npy,1.69,138.72
img_17420.npy,1.67,184.64
img_17421.npy,1.60,185.99
img_17422.npy,1.64,186.77
img_17423.npy,1.67,186.38
img_17424.npy,1.63,187.54
img_17425.npy,1.71,184.07
img_17426.npy,1.66,186.62
img_17427.npy,1.60,186.54
img_17428.npy,1.57,185.41
img_17429.npy,1.74,138.23
img_1743.npy,1.56,181.14
img_17430.npy,1.80,130.74
img_17431.npy,1.50,185.33
img_17432.npy,1.59,186.79
img_17433.npy,1.65,184.81
img_17434.npy,1.65,187.63
img_17435.npy,1.57,168.81
img_17436.npy,1.67,123.87
img_17437.npy,1.66,120.70
img_17438.npy,1.66,125.92
img_17439.npy,1.76,125.55
img_1744.npy,1.64,184.20
img_17440.npy,1.67,182.20
img_17441.npy,1.64,185.93
img_17442.npy,1.64,188.33
img_17443.npy,1.64,184.77
img_17444.npy,1.61,180.92
img_17445.npy,1.59,180.02
img_17446.npy,1.66,123.53
img_17447.npy,1.76,125.32
img_17448.npy,1.72,181.79
img_17449.npy,1.69,186.86
img_1745.npy,1.56,183.09
img_17450.npy,1.57,118.22
img_17451.npy,1.45,118.05
img_17452.npy,1.59,125.59
img_17453.npy,1.50,119.45
img_17454.npy,1.34,119.58
img_17455.npy,1.50,118.13
img_17456.npy,1.56,119.34
img_17457.npy,1.52,123.30
img_17458.npy,1.50,119.05
img_17459.npy,1.52,120.27
img_1746.npy,1.53,120.88
img_17460.npy,1.46,118.23
img_17461.npy,1.49,120.27
img_17462.npy,1.46,117.86
img_17463.npy,1.59,144.32
img_17464.npy,1.55,181.64
img_17465.npy,1.55,186.41
img_17466.npy,1.60,184.68
img_17467.npy,1.67,184.58
img_17468.npy,1.65,186.73
img_17469.npy,1.68,186.65
img_1747.npy,1.56,181.14
img_17470.npy,1.61,181.38
img_17471.npy,1.51,180.09
img_17472.npy,1.52,180.84
img_17473.npy,1.63,186.07
img_17474.npy,1.67,185.46
img_17475.npy,1.60,186.52
img_17476.npy,1.59,184.66
img_17477.npy,1.65,187.71
img_17478.npy,1.52,186.75
img_17479.npy,1.54,183.71
img_1748.npy,1.65,122.30
img_17480.npy,1.65,143.96
img_17481.npy,1.62,120.55
img_17482.npy,1.51,120.27
img_17483.npy,1.65,132.89
img_17484.npy,1.57,186.59
img_17485.npy,1.63,184.37
img_17486.npy,1.62,185.78
img_17487.npy,1.61,186.48
img_17488.npy,1.61,185.46
img_17489.npy,1.70,184.62
img_1749.npy,1.63,185.47
img_17490.npy,1.66,180.73
img_17491.npy,1.57,186.71
img_17492.npy,1.57,183.86
img_17493.npy,1.66,120.53
img_17494.npy,1.48,125.14
img_17495.npy,1.71,149.73
img_17496.npy,1.53,180.04
img_17497.npy,1.70,129.04
img_17498.npy,1.68,185.53
img_17499.npy,1.67,186.79
img_175.npy,1.68,186.22
img_1750.npy,1.69,187.55
img_17500.npy,1.62,180.57
img_17501.npy,1.45,181.57
img_17502.npy,1.67,125.51
img_17503.npy,1.81,147.46
img_17504.npy,1.50,184.05
img_17505.npy,1.70,126.95
img_17506.npy,1.64,121.78
img_17507.npy,1.68,127.27
img_17508.npy,1.66,125.30
img_17509.npy,1.64,126.71
img_1751.npy,1.80,136.43
img_17510.npy,1.69,181.80
img_17511.npy,1.58,183.93
img_17512.npy,1.68,185.46
img_17513.npy,1.44,183.39
img_17514.npy,1.59,121.42
img_17515.npy,1.66,122.35
img_17516.npy,1.52,126.49
img_17517.npy,1.50,117.54
img_17518.npy,1.51,119.23
img_17519.npy,1.55,119.13
img_1752.npy,1.47,119.57
img_17520.npy,1.58,119.21
img_17521.npy,1.54,127.31
img_17522.npy,1.64,132.89
img_17523.npy,1.74,129.14
img_17524.npy,1.54,180.21
img_17525.npy,1.69,181.56
img_17526.npy,1.66,185.00
img_17527.npy,1.61,186.94
img_17528.npy,1.63,187.22
img_17529.npy,1.61,185.28
img_1753.npy,1.59,185.91
img_17530.npy,1.52,182.74
img_17531.npy,1.64,123.41
img_17532.npy,1.65,120.00
img_17533.npy,1.86,127.12
img_17534.npy,1.51,180.96
img_17535.npy,1.53,184.50
img_17536.npy,1.67,182.34
img_17537.npy,1.59,170.55
img_17538.npy,1.43,123.12
img_17539.npy,1.45,119.95
img_1754.npy,1.54,128.76
img_17540.npy,1.66,122.38
img_17541.npy,1.59,119.46
img_17542.npy,1.61,120.05
img_17543.npy,1.69,125.13
img_17544.npy,1.67,122.05
img_17545.npy,1.65,120.34
img_17546.npy,1.59,123.98
img_17547.npy,1.77,133.96
img_17548.npy,1.63,186.58
img_17549.npy,1.60,183.12
img_1755.npy,1.67,183.28
img_17550.npy,1.53,184.29
img_17551.npy,1.65,185.33
img_17552.npy,1.51,182.43
img_17553.npy,1.65,124.84
img_17554.npy,1.77,153.91
img_17555.npy,1.63,185.69
img_17556.npy,1.57,184.66
img_17557.npy,1.43,185.04
img_17558.npy,1.55,173.45
img_17559.npy,1.67,138.12
img_1756.npy,1.80,128.11
img_17560.npy,1.68,184.98
img_17561.npy,1.68,184.69
img_17562.npy,1.66,186.10
img_17563.npy,1.61,186.32
img_17564.npy,1.63,184.72
img_17565.npy,1.68,181.27
img_17566.npy,1.51,187.14
img_17567.npy,1.63,183.96
img_17568.npy,1.53,182.42
img_17569.npy,1.66,124.06
img_1757.npy,1.63,125.27
img_17570.npy,1.78,124.56
img_17571.npy,1.52,166.09
img_17572.npy,1.73,125.58
img_17573.npy,1.54,185.38
img_17574.npy,1.63,186.95
img_17575.npy,1.66,188.25
img_17576.npy,1.66,184.24
img_17577.npy,1.48,184.57
img_17578.npy,1.66,121.50
img_17579.npy,1.65,120.18
img_1758.npy,1.68,121.81
img_17580.npy,1.63,120.09
img_17581.npy,1.66,120.55
img_17582.npy,1.62,120.65
img_17583.npy,1.80,142.92
img_17584.npy,1.61,183.72
img_17585.npy,1.57,185.15
img_17586.npy,1.59,120.26
img_17587.npy,1.68,125.58
img_17588.npy,1.70,120.64
img_17589.npy,1.70,120.30
img_1759.npy,1.68,126.54
img_17590.npy,1.61,117.30
img_17591.npy,1.66,124.22
img_17592.npy,1.78,130.41
img_17593.npy,1.55,182.27
img_17594.npy,1.64,121.08
img_17595.npy,1.68,141.81
img_17596.npy,1.62,119.66
img_17597.npy,1.59,119.80
img_17598.npy,1.55,118.11
img_17599.npy,1.67,119.44
img_176.npy,1.64,119.04
img_1760.npy,1.46,128.58
img_17600.npy,1.47,117.88
img_17601.npy,1.52,117.66
img_17602.npy,1.44,122.28
img_17603.npy,1.48,120.37
img_17604.npy,1.57,148.57
img_17605.npy,1.46,183.35
img_17606.npy,1.46,186.54
img_17607.npy,1.46,185.20
img_17608.npy,1.50,185.66
img_17609.npy,1.51,186.23
img_1761.npy,1.46,187.51
img_17610.npy,1.49,185.94
img_17611.npy,1.50,185.96
img_17612.npy,1.50,187.03
img_17613.npy,1.52,187.11
img_17614.npy,1.50,187.32
img_17615.npy,1.50,185.47
img_17616.npy,1.46,186.80
img_17617.npy,1.51,187.25
img_17618.npy,1.46,184.20
img_17619.npy,1.54,184.90
img_1762.npy,1.48,186.83
img_17620.npy,1.51,186.54
img_17621.npy,1.56,186.80
img_17622.npy,1.56,186.91
img_17623.npy,1.48,186.23
img_17624.npy,1.48,184.35
img_17625.npy,1.49,185.95
img_17626.npy,1.60,185.34
img_17627.npy,1.57,186.36
img_17628.npy,1.59,185.44
img_17629.npy,1.50,184.70
img_1763.npy,1.48,187.00
img_17630.npy,1.66,186.76
img_17631.npy,1.63,185.09
img_17632.npy,1.68,187.98
img_17633.npy,1.43,186.06
img_17634.npy,1.47,187.25
img_17635.npy,1.50,186.95
img_17636.npy,1.52,186.78
img_17637.npy,1.53,188.56
img_17638.npy,1.46,187.20
img_17639.npy,1.50,184.89
img_1764.npy,1.54,186.27
img_17640.npy,1.65,185.38
img_17641.npy,1.58,184.69
img_17642.npy,1.55,185.75
img_17643.npy,1.68,185.05
img_17644.npy,1.68,185.06
img_17645.npy,1.68,186.29
img_17646.npy,1.65,185.71
img_17647.npy,1.63,185.36
img_17648.npy,1.67,186.43
img_17649.npy,1.62,185.11
img_1765.npy,1.66,185.47
img_17650.npy,1.62,185.79
img_17651.npy,1.65,184.36
img_17652.npy,1.59,188.12
img_17653.npy,1.66,186.65
img_17654.npy,1.62,185.71
img_17655.npy,1.54,185.57
img_17656.npy,1.52,185.76
img_17657.npy,1.64,186.42
img_17658.npy,1.62,185.25
img_17659.npy,1.72,187.23
img_1766.npy,1.66,187.16
img_17660.npy,1.67,184.63
img_17661.npy,1.68,186.94
img_17662.npy,1.54,177.43
img_17663.npy,1.76,141.22
img_17664.npy,1.64,184.94
img_17665.npy,1.52,186.09
img_17666.npy,1.77,131.88
img_17667.npy,1.60,187.26
img_17668.npy,1.53,181.60
img_17669.npy,1.66,186.96
img_1767.npy,1.67,184.91
img_17670.npy,1.62,187.77
img_17671.npy,1.46,182.24
img_17672.npy,1.59,126.27
img_17673.npy,1.78,130.66
img_17674.npy,1.66,186.99
img_17675.npy,1.54,180.58
img_17676.npy,1.57,125.90
img_17677.npy,1.62,126.64
img_17678.npy,1.54,120.70
img_17679.npy,1.68,132.91
img_1768.npy,1.80,137.35
img_17680.npy,1.55,181.14
img_17681.npy,1.45,185.96
img_17682.npy,1.53,182.64
img_17683.npy,1.60,184.44
img_17684.npy,1.60,184.24
img_17685.npy,1.58,180.07
img_17686.npy,1.68,127.24
img_17687.npy,1.61,120.75
img_17688.npy,1.70,125.12
img_17689.npy,1.67,118.06
img_1769.npy,1.68,123.99
img_17690.npy,1.68,119.14
img_17691.npy,1.65,123.13
img_17692.npy,1.67,117.95
img_17693.npy,1.59,117.73
img_17694.npy,1.65,116.94
img_17695.npy,1.59,117.12
img_17696.npy,1.57,124.00
img_17697.npy,1.58,182.23
img_17698.npy,1.52,187.25
img_17699.npy,1.59,176.07
img_177.npy,1.61,122.93
img_1770.npy,1.65,117.99
img_17700.npy,1.64,118.46
img_17701.npy,1.56,119.93
img_17702.npy,1.64,119.41
img_17703.npy,1.64,119.36
img_17704.npy,1.68,121.96
img_17705.npy,1.79,145.84
img_17706.npy,1.57,184.12
img_17707.npy,1.63,187.04
img_17708.npy,1.69,181.13
img_17709.npy,1.69,184.29
img_1771.npy,1.66,182.48
img_17710.npy,1.71,178.97
img_17711.npy,1.69,185.77
img_17712.npy,1.74,184.44
img_17713.npy,1.65,185.84
img_17714.npy,1.64,187.09
img_17715.npy,1.70,181.58
img_17716.npy,1.71,181.21
img_17717.npy,1.64,187.58
img_17718.npy,1.66,182.81
img_17719.npy,1.53,186.89
img_1772.npy,1.51,184.91
img_17720.npy,1.49,183.42
img_17721.npy,1.46,184.77
img_17722.npy,1.48,184.30
img_17723.npy,1.46,186.99
img_17724.npy,1.49,186.66
img_17725.npy,1.57,179.98
img_17726.npy,1.62,120.14
img_17727.npy,1.53,129.70
img_17728.npy,1.64,121.61
img_17729.npy,1.64,124.23
img_1773.npy,1.66,148.13
img_17730.npy,1.55,186.87
img_17731.npy,1.67,184.48
img_17732.npy,1.48,184.43
img_17733.npy,1.64,185.57
img_17734.npy,1.70,186.41
img_17735.npy,1.64,184.44
img_17736.npy,1.43,185.89
img_17737.npy,1.51,186.70
img_17738.npy,1.68,184.93
img_17739.npy,1.64,186.62
img_1774.npy,1.65,186.00
img_17740.npy,1.54,186.50
img_17741.npy,1.70,121.82
img_17742.npy,1.65,120.26
img_17743.npy,1.82,145.81
img_17744.npy,1.66,177.81
img_17745.npy,1.66,186.44
img_17746.npy,1.54,181.68
img_17747.npy,1.82,127.62
img_17748.npy,1.62,184.98
img_17749.npy,1.61,183.93
img_1775.npy,1.71,186.27
img_17750.npy,1.69,182.71
img_17751.npy,1.54,174.93
img_17752.npy,1.70,122.20
img_17753.npy,1.66,118.07
img_17754.npy,1.70,146.28
img_17755.npy,1.63,117.67
img_17756.npy,1.62,119.77
img_17757.npy,1.61,119.36
img_17758.npy,1.64,119.80
img_17759.npy,1.67,119.88
img_1776.npy,1.81,143.00
img_17760.npy,1.70,185.80
img_17761.npy,1.65,186.84
img_17762.npy,1.65,186.41
img_17763.npy,1.69,187.27
img_17764.npy,1.51,185.27
img_17765.npy,1.65,123.96
img_17766.npy,1.66,126.21
img_17767.npy,1.71,126.24
img_17768.npy,1.66,125.11
img_17769.npy,1.69,128.33
img_1777.npy,1.71,140.64
img_17770.npy,1.63,125.24
img_17771.npy,1.68,125.49
img_17772.npy,1.57,119.80
img_17773.npy,1.62,125.26
img_17774.npy,1.64,127.16
img_17775.npy,1.56,119.84
img_17776.npy,1.63,124.06
img_17777.npy,1.63,125.62
img_17778.npy,1.67,124.61
img_17779.npy,1.81,128.62
img_1778.npy,1.65,186.52
img_17780.npy,1.64,185.83
img_17781.npy,1.53,184.59
img_17782.npy,1.62,126.64
img_17783.npy,1.61,118.29
img_17784.npy,1.62,124.65
img_17785.npy,1.65,127.83
img_17786.npy,1.60,128.12
img_17787.npy,1.77,154.65
img_17788.npy,1.66,183.91
img_17789.npy,1.52,187.35
img_1779.npy,1.51,186.57
img_17790.npy,1.57,186.65
img_17791.npy,1.52,175.41
img_17792.npy,1.53,125.39
img_17793.npy,1.51,127.77
img_17794.npy,1.50,123.47
img_17795.npy,1.62,120.38
img_17796.npy,1.62,118.42
img_17797.npy,1.65,119.94
img_17798.npy,1.67,123.54
img_17799.npy,1.66,122.81
img_178.npy,1.40,126.48
img_1780.npy,1.67,152.80
img_17800.npy,1.61,123.60
img_17801.npy,1.72,133.36
img_17802.npy,1.56,182.39
img_17803.npy,1.49,184.46
img_17804.npy,1.67,186.31
img_17805.npy,1.58,186.13
img_17806.npy,1.55,182.43
img_17807.npy,1.60,184.60
img_17808.npy,1.67,185.66
img_17809.npy,1.64,188.36
img_1781.npy,1.66,182.24
img_17810.npy,1.55,183.63
img_17811.npy,1.67,136.07
img_17812.npy,1.67,123.22
img_17813.npy,1.63,129.11
img_17814.npy,1.73,127.48
img_17815.npy,1.67,184.41
img_17816.npy,1.62,187.14
img_17817.npy,1.64,184.84
img_17818.npy,1.65,185.10
img_17819.npy,1.61,183.37
img_1782.npy,1.70,184.41
img_17820.npy,1.72,170.69
img_17821.npy,1.66,184.16
img_17822.npy,1.67,181.11
img_17823.npy,1.54,185.51
img_17824.npy,1.65,184.62
img_17825.npy,1.64,186.61
img_17826.npy,1.74,185.39
img_17827.npy,1.70,183.05
img_17828.npy,1.62,182.53
img_17829.npy,1.57,184.00
img_1783.npy,1.65,125.97
img_17830.npy,1.68,126.79
img_17831.npy,1.59,129.89
img_17832.npy,1.66,143.47
img_17833.npy,1.59,126.27
img_17834.npy,1.66,134.50
img_17835.npy,1.66,136.22
img_17836.npy,1.72,130.79
img_17837.npy,1.62,119.73
img_17838.npy,1.65,124.64
img_17839.npy,1.61,130.34
img_1784.npy,1.55,127.71
img_17840.npy,1.81,135.08
img_17841.npy,1.57,182.62
img_17842.npy,1.68,124.71
img_17843.npy,1.65,120.18
img_17844.npy,1.65,119.31
img_17845.npy,1.68,118.34
img_17846.npy,1.71,124.10
img_17847.npy,1.53,122.90
img_17848.npy,1.68,122.11
img_17849.npy,1.67,130.77
img_1785.npy,1.55,124.56
img_17850.npy,1.80,136.61
img_17851.npy,1.60,186.79
img_17852.npy,1.52,183.36
img_17853.npy,1.63,180.83
img_17854.npy,1.65,184.98
img_17855.npy,1.57,184.03
img_17856.npy,1.61,186.40
img_17857.npy,1.66,183.96
img_17858.npy,1.75,184.51
img_17859.npy,1.59,186.15
img_1786.npy,1.62,185.87
img_17860.npy,1.66,184.98
img_17861.npy,1.62,186.38
img_17862.npy,1.65,187.78
img_17863.npy,1.63,186.72
img_17864.npy,1.64,186.67
img_17865.npy,1.55,183.69
img_17866.npy,1.65,129.36
img_17867.npy,1.65,123.93
img_17868.npy,1.63,122.22
img_17869.npy,1.65,146.74
img_1787.npy,1.64,127.65
img_17870.npy,1.77,149.32
img_17871.npy,1.64,180.16
img_17872.npy,1.73,183.61
img_17873.npy,1.71,183.83
img_17874.npy,1.55,185.22
img_17875.npy,1.86,154.07
img_17876.npy,1.58,183.98
img_17877.npy,1.59,182.73
img_17878.npy,1.64,187.79
img_17879.npy,1.70,183.93
img_1788.npy,1.65,184.62
img_17880.npy,1.56,183.72
img_17881.npy,1.63,124.59
img_17882.npy,1.76,137.71
img_17883.npy,1.73,172.55
img_17884.npy,1.65,184.36
img_17885.npy,1.66,184.33
img_17886.npy,1.60,181.42
img_17887.npy,1.78,129.35
img_17888.npy,1.55,185.36
img_17889.npy,1.62,187.25
img_1789.npy,1.62,186.96
img_17890.npy,1.65,187.69
img_17891.npy,1.70,186.14
img_17892.npy,1.64,184.39
img_17893.npy,1.67,185.72
img_17894.npy,1.56,183.89
img_17895.npy,1.55,185.54
img_17896.npy,1.67,184.66
img_17897.npy,1.65,184.36
img_17898.npy,1.52,184.30
img_17899.npy,1.70,187.05
img_179.npy,1.67,184.75
img_1790.npy,1.56,185.86
img_17900.npy,1.46,182.01
img_17901.npy,1.49,181.34
img_17902.npy,1.45,183.56
img_17903.npy,1.68,126.76
img_17904.npy,1.59,183.82
img_17905.npy,1.71,182.64
img_17906.npy,1.69,184.05
img_17907.npy,1.61,186.21
img_17908.npy,1.66,184.67
img_17909.npy,1.54,184.80
img_1791.npy,1.53,184.27
img_17910.npy,1.56,185.43
img_17911.npy,1.58,187.12
img_17912.npy,1.49,184.86
img_17913.npy,1.56,186.69
img_17914.npy,1.53,179.19
img_17915.npy,1.65,126.17
img_17916.npy,1.68,130.71
img_17917.npy,1.62,124.03
img_17918.npy,1.65,131.46
img_17919.npy,1.61,121.96
img_1792.npy,1.66,125.70
img_17920.npy,1.66,130.25
img_17921.npy,1.67,153.57
img_17922.npy,1.60,187.48
img_17923.npy,1.51,187.11
img_17924.npy,1.53,183.75
img_17925.npy,1.49,181.75
img_17926.npy,1.66,141.17
img_17927.npy,1.39,182.66
img_17928.npy,1.46,183.84
img_17929.npy,1.45,184.37
img_1793.npy,1.56,185.36
img_17930.npy,1.65,184.56
img_17931.npy,1.51,187.56
img_17932.npy,1.64,187.95
img_17933.npy,1.54,186.61
img_17934.npy,1.48,185.14
img_17935.npy,1.51,183.38
img_17936.npy,1.62,177.02
img_17937.npy,1.57,186.21
img_17938.npy,1.60,183.56
img_17939.npy,1.50,186.43
img_1794.npy,1.49,187.38
img_17940.npy,1.49,184.83
img_17941.npy,1.67,182.87
img_17942.npy,1.69,184.46
img_17943.npy,1.61,185.25
img_17944.npy,1.55,179.29
img_17945.npy,1.65,127.98
img_17946.npy,1.70,181.32
img_17947.npy,1.65,186.00
img_17948.npy,1.69,186.88
img_17949.npy,1.70,186.00
img_1795.npy,1.67,187.02
img_17950.npy,1.68,186.90
img_17951.npy,1.61,183.18
img_17952.npy,1.60,182.86
img_17953.npy,1.58,186.11
img_17954.npy,1.55,186.93
img_17955.npy,1.64,185.89
img_17956.npy,1.65,185.33
img_17957.npy,1.58,183.24
img_17958.npy,1.65,128.63
img_17959.npy,1.51,120.34
img_1796.npy,1.66,122.46
img_17960.npy,1.65,120.66
img_17961.npy,1.65,124.67
img_17962.npy,1.62,144.57
img_17963.npy,1.57,186.64
img_17964.npy,1.46,187.18
img_17965.npy,1.48,180.47
img_17966.npy,1.70,120.52
img_17967.npy,1.67,123.84
img_17968.npy,1.70,122.93
img_17969.npy,1.63,119.79
img_1797.npy,1.63,120.32
img_17970.npy,1.64,120.48
img_17971.npy,1.63,123.56
img_17972.npy,1.57,120.03
img_17973.npy,1.70,141.25
img_17974.npy,1.48,170.86
img_17975.npy,1.57,124.07
img_17976.npy,1.65,120.46
img_17977.npy,1.68,146.29
img_17978.npy,1.62,117.49
img_17979.npy,1.61,122.23
img_1798.npy,1.64,120.28
img_17980.npy,1.64,125.48
img_17981.npy,1.65,120.64
img_17982.npy,1.71,132.24
img_17983.npy,1.67,120.49
img_17984.npy,1.69,123.68
img_17985.npy,1.63,119.34
img_17986.npy,1.70,119.94
img_17987.npy,1.83,131.63
img_17988.npy,1.58,178.84
img_17989.npy,1.56,119.55
img_1799.npy,1.65,121.40
img_17990.npy,1.68,120.36
img_17991.npy,1.58,120.46
img_17992.npy,1.59,123.18
img_17993.npy,1.66,120.42
img_17994.npy,1.81,131.70
img_17995.npy,1.56,182.42
img_17996.npy,1.66,125.58
img_17997.npy,1.76,128.60
img_17998.npy,1.65,183.58
img_17999.npy,1.59,186.76
img_18.npy,1.65,186.11
img_180.npy,1.58,177.41
img_1800.npy,1.89,128.55
img_18000.npy,1.65,185.76
img_18001.npy,1.56,183.75
img_18002.npy,1.65,119.81
img_18003.npy,1.65,121.54
img_18004.npy,1.74,123.12
img_18005.npy,1.64,120.29
img_18006.npy,1.59,129.39
img_18007.npy,1.80,128.29
img_18008.npy,1.62,184.96
img_18009.npy,1.61,181.94
img_1801.npy,1.69,184.93
img_18010.npy,1.67,182.02
img_18011.npy,1.60,178.96
img_18012.npy,1.67,120.06
img_18013.npy,1.79,129.93
img_18014.npy,1.60,179.50
img_18015.npy,1.66,186.80
img_18016.npy,1.68,183.00
img_18017.npy,1.61,178.64
img_18018.npy,1.59,120.24
img_18019.npy,1.57,117.19
img_1802.npy,1.57,117.32
img_18020.npy,1.61,117.29
img_18021.npy,1.67,117.93
img_18022.npy,1.72,119.43
img_18023.npy,1.65,119.81
img_18024.npy,1.62,119.77
img_18025.npy,1.67,119.71
img_18026.npy,1.64,120.26
img_18027.npy,1.67,122.42
img_18028.npy,1.67,120.24
img_18029.npy,1.56,120.27
img_1803.npy,1.58,118.73
img_18030.npy,1.63,119.62
img_18031.npy,1.57,117.49
img_18032.npy,1.59,142.70
img_18033.npy,1.61,120.10
img_18034.npy,1.69,132.61
img_18035.npy,1.70,141.71
img_18036.npy,1.58,120.28
img_18037.npy,1.51,120.57
img_18038.npy,1.61,120.36
img_18039.npy,1.65,117.75
img_1804.npy,1.67,119.30
img_18040.npy,1.66,119.85
img_18041.npy,1.67,117.18
img_18042.npy,1.66,119.73
img_18043.npy,1.68,118.89
img_18044.npy,1.68,119.76
img_18045.npy,1.70,121.35
img_18046.npy,1.63,120.94
img_18047.npy,1.81,140.51
img_18048.npy,1.67,170.04
img_18049.npy,1.54,182.99
img_1805.npy,1.55,120.47
img_18050.npy,1.54,120.02
img_18051.npy,1.44,119.76
img_18052.npy,1.47,120.10
img_18053.npy,1.50,119.46
img_18054.npy,1.51,117.36
img_18055.npy,1.51,122.50
img_18056.npy,1.48,124.35
img_18057.npy,1.56,117.29
img_18058.npy,1.49,119.88
img_18059.npy,1.45,118.64
img_1806.npy,1.42,119.38
img_18060.npy,1.49,119.73
img_18061.npy,1.47,119.25
img_18062.npy,1.49,117.88
img_18063.npy,1.44,119.41
img_18064.npy,1.59,129.62
img_18065.npy,1.50,182.57
img_18066.npy,1.50,181.13
img_18067.npy,1.49,182.89
img_18068.npy,1.54,182.15
img_18069.npy,1.50,181.25
img_1807.npy,1.46,186.53
img_18070.npy,1.52,169.28
img_18071.npy,1.54,186.16
img_18072.npy,1.44,183.73
img_18073.npy,1.37,171.73
img_18074.npy,1.46,126.09
img_18075.npy,1.49,120.42
img_18076.npy,1.47,119.92
img_18077.npy,1.50,123.84
img_18078.npy,1.48,122.50
img_18079.npy,1.51,134.48
img_1808.npy,1.50,129.89
img_18080.npy,1.55,159.04
img_18081.npy,1.52,127.02
img_18082.npy,1.44,121.72
img_18083.npy,1.50,126.12
img_18084.npy,1.63,138.07
img_18085.npy,1.49,144.40
img_18086.npy,1.55,123.85
img_18087.npy,1.68,133.43
img_18088.npy,1.63,125.61
img_18089.npy,1.45,120.45
img_1809.npy,1.74,142.43
img_18090.npy,1.53,187.41
img_18091.npy,1.69,183.05
img_18092.npy,1.61,184.61
img_18093.npy,1.68,186.88
img_18094.npy,1.66,184.46
img_18095.npy,1.62,185.81
img_18096.npy,1.62,187.00
img_18097.npy,1.54,184.74
img_18098.npy,1.55,124.39
img_18099.npy,1.52,133.65
img_181.npy,1.71,149.83
img_1810.npy,1.74,130.96
img_18100.npy,1.66,186.72
img_18101.npy,1.62,187.34
img_18102.npy,1.52,177.57
img_18103.npy,1.64,121.11
img_18104.npy,1.62,122.23
img_18105.npy,1.60,120.42
img_18106.npy,1.53,124.25
img_18107.npy,1.73,143.14
img_18108.npy,1.65,185.47
img_18109.npy,1.65,182.91
img_1811.npy,1.63,188.11
img_18110.npy,1.64,183.88
img_18111.npy,1.54,185.46
img_18112.npy,1.77,151.77
img_18113.npy,1.68,185.52
img_18114.npy,1.53,181.19
img_18115.npy,1.70,143.41
img_18116.npy,1.65,185.20
img_18117.npy,1.68,183.85
img_18118.npy,1.64,186.25
img_18119.npy,1.65,185.55
img_1812.npy,1.50,187.30
img_18120.npy,1.64,125.48
img_18121.npy,1.65,123.46
img_18122.npy,1.61,126.61
img_18123.npy,1.73,127.83
img_18124.npy,1.66,181.48
img_18125.npy,1.64,187.94
img_18126.npy,1.67,185.41
img_18127.npy,1.62,183.71
img_18128.npy,1.55,182.85
img_18129.npy,1.79,139.48
img_1813.npy,1.60,185.66
img_18130.npy,1.67,186.14
img_18131.npy,1.66,184.62
img_18132.npy,1.48,181.18
img_18133.npy,1.63,130.31
img_18134.npy,1.69,125.80
img_18135.npy,1.69,127.56
img_18136.npy,1.70,137.84
img_18137.npy,1.65,120.23
img_18138.npy,1.73,126.69
img_18139.npy,1.44,181.38
img_1814.npy,1.79,149.45
img_18140.npy,1.65,175.16
img_18141.npy,1.57,183.00
img_18142.npy,1.63,183.59
img_18143.npy,1.66,185.57
img_18144.npy,1.63,186.41
img_18145.npy,1.51,185.67
img_18146.npy,1.53,186.29
img_18147.npy,1.56,172.40
img_18148.npy,1.50,188.30
img_18149.npy,1.61,187.25
img_1815.npy,1.63,181.53
img_18150.npy,1.63,186.24
img_18151.npy,1.65,184.29
img_18152.npy,1.67,184.43
img_18153.npy,1.61,185.11
img_18154.npy,1.72,187.11
img_18155.npy,1.62,187.03
img_18156.npy,1.53,183.85
img_18157.npy,1.72,150.26
img_18158.npy,1.54,182.41
img_18159.npy,1.67,122.24
img_1816.npy,1.76,142.33
img_18160.npy,1.68,186.99
img_18161.npy,1.54,183.05
img_18162.npy,1.62,130.72
img_18163.npy,1.56,128.37
img_18164.npy,1.66,122.50
img_18165.npy,1.55,130.45
img_18166.npy,1.64,126.85
img_18167.npy,1.62,122.28
img_18168.npy,1.65,125.09
img_18169.npy,1.74,142.93
img_1817.npy,1.61,164.80
img_18170.npy,1.74,151.56
img_18171.npy,1.63,117.53
img_18172.npy,1.60,120.59
img_18173.npy,1.66,133.64
img_18174.npy,1.54,123.05
img_18175.npy,1.67,124.98
img_18176.npy,1.62,120.52
img_18177.npy,1.57,124.34
img_18178.npy,1.55,124.30
img_18179.npy,1.55,123.94
img_1818.npy,1.56,128.39
img_18180.npy,1.76,127.53
img_18181.npy,1.63,185.98
img_18182.npy,1.65,185.33
img_18183.npy,1.53,187.23
img_18184.npy,1.67,187.10
img_18185.npy,1.59,178.46
img_18186.npy,1.62,119.83
img_18187.npy,1.82,126.80
img_18188.npy,1.67,182.27
img_18189.npy,1.72,184.62
img_1819.npy,1.58,188.37
img_18190.npy,1.47,181.60
img_18191.npy,1.62,123.57
img_18192.npy,1.71,122.40
img_18193.npy,1.62,117.73
img_18194.npy,1.71,120.01
img_18195.npy,1.51,122.84
img_18196.npy,1.64,121.80
img_18197.npy,1.69,120.87
img_18198.npy,1.79,146.12
img_18199.npy,1.64,168.12
img_182.npy,1.71,183.07
img_1820.npy,1.64,185.92
img_18200.npy,1.68,185.21
img_18201.npy,1.65,186.82
img_18202.npy,1.69,185.90
img_18203.npy,1.68,185.86
img_18204.npy,1.59,186.39
img_18205.npy,1.61,185.11
img_18206.npy,1.65,180.99
img_18207.npy,1.63,184.75
img_18208.npy,1.64,187.07
img_18209.npy,1.70,186.47
img_1821.npy,1.53,187.00
img_18210.npy,1.60,188.37
img_18211.npy,1.58,184.56
img_18212.npy,1.46,182.81
img_18213.npy,1.45,185.53
img_18214.npy,1.38,178.69
img_18215.npy,1.52,128.23
img_18216.npy,1.66,158.65
img_18217.npy,1.50,186.18
img_18218.npy,1.53,182.56
img_18219.npy,1.62,123.53
img_1822.npy,1.63,120.54
img_18220.npy,1.69,131.07
img_18221.npy,1.54,127.98
img_18222.npy,1.49,126.12
img_18223.npy,1.59,131.84
img_18224.npy,1.55,185.22
img_18225.npy,1.64,184.87
img_18226.npy,1.66,184.20
img_18227.npy,1.66,185.20
img_18228.npy,1.67,185.89
img_18229.npy,1.65,184.43
img_1823.npy,1.66,180.93
img_18230.npy,1.59,186.24
img_18231.npy,1.52,176.84
img_18232.npy,1.56,117.97
img_18233.npy,1.63,117.82
img_18234.npy,1.68,117.82
img_18235.npy,1.65,120.38
img_18236.npy,1.63,120.20
img_18237.npy,1.63,126.07
img_18238.npy,1.70,122.62
img_18239.npy,1.54,119.94
img_1824.npy,1.66,123.74
img_18240.npy,1.62,121.64
img_18241.npy,1.71,130.05
img_18242.npy,1.63,186.50
img_18243.npy,1.58,184.41
img_18244.npy,1.70,185.72
img_18245.npy,1.65,187.14
img_18246.npy,1.65,187.14
img_18247.npy,1.66,185.55
img_18248.npy,1.60,184.99
img_18249.npy,1.60,187.14
img_1825.npy,1.67,184.97
img_18250.npy,1.57,178.82
img_18251.npy,1.61,120.65
img_18252.npy,1.64,124.80
img_18253.npy,1.67,122.89
img_18254.npy,1.65,122.12
img_18255.npy,1.73,149.68
img_18256.npy,1.66,183.11
img_18257.npy,1.57,183.68
img_18258.npy,1.83,130.29
img_18259.npy,1.66,184.50
img_1826.npy,1.61,178.33
img_18260.npy,1.60,181.66
img_18261.npy,1.53,183.25
img_18262.npy,1.64,186.60
img_18263.npy,1.66,182.27
img_18264.npy,1.64,184.30
img_18265.npy,1.59,187.55
img_18266.npy,1.69,185.96
img_18267.npy,1.50,187.02
img_18268.npy,1.52,186.66
img_18269.npy,1.49,185.00
img_1827.npy,1.60,185.57
img_18270.npy,1.65,181.55
img_18271.npy,1.70,184.52
img_18272.npy,1.46,184.79
img_18273.npy,1.49,186.58
img_18274.npy,1.50,169.54
img_18275.npy,1.70,124.08
img_18276.npy,1.63,123.02
img_18277.npy,1.66,145.26
img_18278.npy,1.65,120.31
img_18279.npy,1.65,121.89
img_1828.npy,1.83,151.02
img_18280.npy,1.66,184.19
img_18281.npy,1.54,178.16
img_18282.npy,1.65,120.16
img_18283.npy,1.70,125.62
img_18284.npy,1.67,124.96
img_18285.npy,1.75,133.38
img_18286.npy,1.63,183.98
img_18287.npy,1.69,185.56
img_18288.npy,1.69,186.29
img_18289.npy,1.61,187.55
img_1829.npy,1.61,187.01
img_18290.npy,1.67,184.21
img_18291.npy,1.64,188.43
img_18292.npy,1.66,182.31
img_18293.npy,1.69,183.46
img_18294.npy,1.69,186.63
img_18295.npy,1.65,182.73
img_18296.npy,1.61,183.41
img_18297.npy,1.68,188.03
img_18298.npy,1.71,183.29
img_18299.npy,1.58,182.23
img_183.npy,1.54,180.30
img_1830.npy,1.63,117.86
img_18300.npy,1.51,120.02
img_18301.npy,1.49,119.84
img_18302.npy,1.64,119.95
img_18303.npy,1.68,119.61
img_18304.npy,1.66,119.94
img_18305.npy,1.57,118.94
img_18306.npy,1.68,119.37
img_18307.npy,1.70,124.26
img_18308.npy,1.67,129.46
img_18309.npy,1.69,126.11
img_1831.npy,1.59,119.00
img_18310.npy,1.70,124.12
img_18311.npy,1.72,127.27
img_18312.npy,1.78,123.88
img_18313.npy,1.66,186.45
img_18314.npy,1.68,182.68
img_18315.npy,1.68,184.71
img_18316.npy,1.53,183.33
img_18317.npy,1.64,123.68
img_18318.npy,1.72,121.12
img_18319.npy,1.63,123.58
img_1832.npy,1.71,127.80
img_18320.npy,1.66,131.59
img_18321.npy,1.66,133.17
img_18322.npy,1.48,181.46
img_18323.npy,1.66,117.65
img_18324.npy,1.63,123.51
img_18325.npy,1.56,120.20
img_18326.npy,1.62,119.88
img_18327.npy,1.61,125.21
img_18328.npy,1.78,132.29
img_18329.npy,1.69,187.21
img_1833.npy,1.72,182.95
img_18330.npy,1.52,179.33
img_18331.npy,1.61,120.10
img_18332.npy,1.71,117.87
img_18333.npy,1.65,118.55
img_18334.npy,1.78,126.26
img_18335.npy,1.64,186.31
img_18336.npy,1.65,186.15
img_18337.npy,1.65,179.29
img_18338.npy,1.65,186.70
img_18339.npy,1.63,186.11
img_1834.npy,1.66,185.85
img_18340.npy,1.64,186.33
img_18341.npy,1.56,181.71
img_18342.npy,1.66,120.35
img_18343.npy,1.64,119.66
img_18344.npy,1.65,124.64
img_18345.npy,1.68,147.76
img_18346.npy,1.64,119.54
img_18347.npy,1.65,134.66
img_18348.npy,1.62,120.03
img_18349.npy,1.82,130.69
img_1835.npy,1.69,186.93
img_18350.npy,1.60,180.68
img_18351.npy,1.57,186.66
img_18352.npy,1.59,183.53
img_18353.npy,1.47,185.43
img_18354.npy,1.52,186.29
img_18355.npy,1.53,186.91
img_18356.npy,1.58,182.29
img_18357.npy,1.64,188.18
img_18358.npy,1.74,186.38
img_18359.npy,1.46,170.77
img_1836.npy,1.62,120.32
img_18360.npy,1.65,124.99
img_18361.npy,1.47,117.59
img_18362.npy,1.49,122.41
img_18363.npy,1.51,120.12
img_18364.npy,1.60,121.83
img_18365.npy,1.59,120.15
img_18366.npy,1.51,123.85
img_18367.npy,1.79,151.50
img_18368.npy,1.68,184.09
img_18369.npy,1.70,185.18
img_1837.npy,1.66,186.39
img_18370.npy,1.66,180.13
img_18371.npy,1.47,187.27
img_18372.npy,1.44,187.93
img_18373.npy,1.57,187.15
img_18374.npy,1.66,182.53
img_18375.npy,1.59,187.31
img_18376.npy,1.67,186.70
img_18377.npy,1.65,187.92
img_18378.npy,1.67,184.68
img_18379.npy,1.66,184.54
img_1838.npy,1.65,179.82
img_18380.npy,1.58,184.02
img_18381.npy,1.68,120.21
img_18382.npy,1.63,122.71
img_18383.npy,1.53,119.90
img_18384.npy,1.77,151.96
img_18385.npy,1.58,184.03
img_18386.npy,1.53,179.74
img_18387.npy,1.63,117.48
img_18388.npy,1.64,120.21
img_18389.npy,1.65,120.01
img_1839.npy,1.59,126.55
img_18390.npy,1.62,123.86
img_18391.npy,1.65,117.93
img_18392.npy,1.65,122.39
img_18393.npy,1.68,121.66
img_18394.npy,1.60,120.21
img_18395.npy,1.62,120.68
img_18396.npy,1.69,122.33
img_18397.npy,1.64,120.38
img_18398.npy,1.46,124.26
img_18399.npy,1.49,117.80
img_184.npy,1.69,126.03
img_1840.npy,1.64,120.30
img_18400.npy,1.68,121.06
img_18401.npy,1.67,133.35
img_18402.npy,1.63,120.67
img_18403.npy,1.65,121.16
img_18404.npy,1.43,120.32
img_18405.npy,1.54,131.17
img_18406.npy,1.59,123.59
img_18407.npy,1.70,131.59
img_18408.npy,1.65,125.61
img_18409.npy,1.51,119.15
img_1841.npy,1.61,133.41
img_18410.npy,1.66,185.66
img_18411.npy,1.65,182.45
img_18412.npy,1.57,169.26
img_18413.npy,1.65,122.29
img_18414.npy,1.55,119.41
img_18415.npy,1.61,119.14
img_18416.npy,1.64,119.91
img_18417.npy,1.69,123.99
img_18418.npy,1.70,128.37
img_18419.npy,1.65,126.22
img_1842.npy,1.68,119.65
img_18420.npy,1.66,120.11
img_18421.npy,1.50,119.39
img_18422.npy,1.71,121.36
img_18423.npy,1.46,119.57
img_18424.npy,1.46,120.08
img_18425.npy,1.49,117.41
img_18426.npy,1.50,124.22
img_18427.npy,1.47,116.13
img_18428.npy,1.42,119.25
img_18429.npy,1.48,120.06
img_1843.npy,1.56,119.80
img_18430.npy,1.51,117.46
img_18431.npy,1.43,119.18
img_18432.npy,1.51,119.14
img_18433.npy,1.46,119.40
img_18434.npy,1.49,119.15
img_18435.npy,1.46,120.02
img_18436.npy,1.53,119.41
img_18437.npy,1.44,119.40
img_18438.npy,1.56,121.75
img_18439.npy,1.49,184.64
img_1844.npy,1.49,183.42
img_18440.npy,1.48,185.92
img_18441.npy,1.49,187.10
img_18442.npy,1.45,182.57
img_18443.npy,1.49,183.09
img_18444.npy,1.48,182.91
img_18445.npy,1.49,186.84
img_18446.npy,1.56,186.32
img_18447.npy,1.53,183.63
img_18448.npy,1.52,187.30
img_18449.npy,1.50,185.99
img_1845.npy,1.39,181.34
img_18450.npy,1.63,131.36
img_18451.npy,1.44,179.27
img_18452.npy,1.60,184.50
img_18453.npy,1.66,185.83
img_18454.npy,1.55,183.55
img_18455.npy,1.69,185.15
img_18456.npy,1.66,183.24
img_18457.npy,1.67,181.84
img_18458.npy,1.74,185.17
img_18459.npy,1.67,185.77
img_1846.npy,1.72,182.41
img_18460.npy,1.67,186.08
img_18461.npy,1.75,175.31
img_18462.npy,1.65,185.33
img_18463.npy,1.62,183.89
img_18464.npy,1.47,184.66
img_18465.npy,1.54,180.54
img_18466.npy,1.41,175.11
img_18467.npy,1.46,123.85
img_18468.npy,1.49,119.94
img_18469.npy,1.50,120.06
img_1847.npy,1.45,117.46
img_18470.npy,1.67,120.17
img_18471.npy,1.77,128.04
img_18472.npy,1.55,184.46
img_18473.npy,1.67,125.55
img_18474.npy,1.67,127.34
img_18475.npy,1.76,139.99
img_18476.npy,1.68,184.95
img_18477.npy,1.42,186.22
img_18478.npy,1.44,185.94
img_18479.npy,1.54,187.38
img_1848.npy,1.52,185.20
img_18480.npy,1.45,184.18
img_18481.npy,1.51,184.41
img_18482.npy,1.49,186.31
img_18483.npy,1.49,186.56
img_18484.npy,1.48,186.79
img_18485.npy,1.45,185.28
img_18486.npy,1.45,187.95
img_18487.npy,1.47,184.75
img_18488.npy,1.58,174.06
img_18489.npy,1.44,182.52
img_1849.npy,1.46,129.62
img_18490.npy,1.49,119.89
img_18491.npy,1.49,128.56
img_18492.npy,1.52,123.90
img_18493.npy,1.43,119.41
img_18494.npy,1.54,117.95
img_18495.npy,1.55,120.31
img_18496.npy,1.61,133.58
img_18497.npy,1.54,119.21
img_18498.npy,1.54,119.11
img_18499.npy,1.59,118.15
img_185.npy,1.51,119.66
img_1850.npy,1.53,119.02
img_18500.npy,1.55,117.59
img_18501.npy,1.62,122.41
img_18502.npy,1.46,185.03
img_18503.npy,1.64,187.27
img_18504.npy,1.61,185.66
img_18505.npy,1.62,183.84
img_18506.npy,1.62,186.66
img_18507.npy,1.62,184.28
img_18508.npy,1.60,184.13
img_18509.npy,1.51,182.26
img_1851.npy,1.57,176.13
img_18510.npy,1.66,122.42
img_18511.npy,1.69,133.55
img_18512.npy,1.70,124.04
img_18513.npy,1.69,120.48
img_18514.npy,1.66,120.43
img_18515.npy,1.68,125.52
img_18516.npy,1.83,127.38
img_18517.npy,1.67,186.08
img_18518.npy,1.68,186.95
img_18519.npy,1.65,185.28
img_1852.npy,1.69,186.18
img_18520.npy,1.64,187.20
img_18521.npy,1.60,183.74
img_18522.npy,1.54,167.29
img_18523.npy,1.66,117.29
img_18524.npy,1.64,122.15
img_18525.npy,1.68,117.80
img_18526.npy,1.51,120.46
img_18527.npy,1.67,126.83
img_18528.npy,1.59,120.27
img_18529.npy,1.69,129.03
img_1853.npy,1.63,179.49
img_18530.npy,1.67,184.20
img_18531.npy,1.67,185.45
img_18532.npy,1.52,185.42
img_18533.npy,1.64,185.80
img_18534.npy,1.66,186.13
img_18535.npy,1.55,187.12
img_18536.npy,1.67,186.73
img_18537.npy,1.57,178.76
img_18538.npy,1.60,122.94
img_18539.npy,1.84,157.84
img_1854.npy,1.57,183.78
img_18540.npy,1.66,124.44
img_18541.npy,1.67,120.41
img_18542.npy,1.57,122.94
img_18543.npy,1.55,133.13
img_18544.npy,1.59,125.18
img_18545.npy,1.65,120.55
img_18546.npy,1.63,126.07
img_18547.npy,1.71,133.85
img_18548.npy,1.67,122.74
img_18549.npy,1.75,135.68
img_1855.npy,1.65,184.41
img_18550.npy,1.37,186.66
img_18551.npy,1.59,124.45
img_18552.npy,1.49,119.82
img_18553.npy,1.45,120.30
img_18554.npy,1.47,120.30
img_18555.npy,1.53,120.39
img_18556.npy,1.54,118.13
img_18557.npy,1.51,121.13
img_18558.npy,1.44,117.91
img_18559.npy,1.60,120.32
img_1856.npy,1.66,145.62
img_18560.npy,1.54,183.02
img_18561.npy,1.39,180.25
img_18562.npy,1.47,124.09
img_18563.npy,1.62,129.96
img_18564.npy,1.78,124.72
img_18565.npy,1.75,181.13
img_18566.npy,1.67,180.82
img_18567.npy,1.63,186.88
img_18568.npy,1.65,186.48
img_18569.npy,1.59,187.67
img_1857.npy,1.63,174.28
img_18570.npy,1.70,183.46
img_18571.npy,1.64,184.46
img_18572.npy,1.66,183.05
img_18573.npy,1.60,183.82
img_18574.npy,1.64,184.04
img_18575.npy,1.64,185.72
img_18576.npy,1.68,187.40
img_18577.npy,1.69,186.36
img_18578.npy,1.71,184.36
img_18579.npy,1.67,183.54
img_1858.npy,1.63,184.28
img_18580.npy,1.68,185.42
img_18581.npy,1.65,185.80
img_18582.npy,1.54,185.77
img_18583.npy,1.59,183.23
img_18584.npy,1.63,126.54
img_18585.npy,1.70,122.02
img_18586.npy,1.62,120.30
img_18587.npy,1.64,119.33
img_18588.npy,1.64,124.00
img_18589.npy,1.64,127.84
img_1859.npy,1.71,125.04
img_18590.npy,1.60,130.14
img_18591.npy,1.61,120.09
img_18592.npy,1.59,128.75
img_18593.npy,1.45,119.91
img_18594.npy,1.72,128.43
img_18595.npy,1.74,182.54
img_18596.npy,1.66,185.76
img_18597.npy,1.56,185.95
img_18598.npy,1.68,185.86
img_18599.npy,1.66,188.07
img_186.npy,1.68,185.94
img_1860.npy,1.66,186.73
img_18600.npy,1.67,186.53
img_18601.npy,1.56,182.15
img_18602.npy,1.57,173.96
img_18603.npy,1.73,143.20
img_18604.npy,1.57,122.11
img_18605.npy,1.65,127.07
img_18606.npy,1.66,120.46
img_18607.npy,1.70,128.17
img_18608.npy,1.77,143.32
img_18609.npy,1.68,184.53
img_1861.npy,1.63,186.77
img_18610.npy,1.59,188.21
img_18611.npy,1.67,185.85
img_18612.npy,1.66,186.27
img_18613.npy,1.70,186.00
img_18614.npy,1.50,183.88
img_18615.npy,1.72,123.70
img_18616.npy,1.73,126.13
img_18617.npy,1.69,125.73
img_18618.npy,1.81,131.20
img_18619.npy,1.64,187.00
img_1862.npy,1.56,184.11
img_18620.npy,1.66,187.40
img_18621.npy,1.54,185.65
img_18622.npy,1.47,180.00
img_18623.npy,1.73,128.84
img_18624.npy,1.63,185.45
img_18625.npy,1.61,187.83
img_18626.npy,1.55,186.90
img_18627.npy,1.59,185.56
img_18628.npy,1.56,178.50
img_18629.npy,1.64,120.19
img_1863.npy,1.59,120.21
img_18630.npy,1.59,136.01
img_18631.npy,1.59,124.45
img_18632.npy,1.70,121.23
img_18633.npy,1.61,123.38
img_18634.npy,1.60,125.24
img_18635.npy,1.62,117.44
img_18636.npy,1.69,118.02
img_18637.npy,1.68,120.34
img_18638.npy,1.66,119.85
img_18639.npy,1.64,119.82
img_1864.npy,1.51,121.05
img_18640.npy,1.58,123.99
img_18641.npy,1.62,145.21
img_18642.npy,1.75,125.62
img_18643.npy,1.54,181.48
img_18644.npy,1.62,119.78
img_18645.npy,1.66,120.76
img_18646.npy,1.65,121.70
img_18647.npy,1.60,120.27
img_18648.npy,1.72,125.93
img_18649.npy,1.66,123.85
img_1865.npy,1.64,124.00
img_18650.npy,1.83,126.34
img_18651.npy,1.56,187.27
img_18652.npy,1.61,183.14
img_18653.npy,1.58,184.54
img_18654.npy,1.68,180.89
img_18655.npy,1.64,187.10
img_18656.npy,1.72,184.70
img_18657.npy,1.61,184.93
img_18658.npy,1.65,184.80
img_18659.npy,1.75,174.52
img_1866.npy,1.64,188.04
img_18660.npy,1.59,184.82
img_18661.npy,1.59,185.09
img_18662.npy,1.59,179.89
img_18663.npy,1.61,125.34
img_18664.npy,1.57,126.16
img_18665.npy,1.63,117.90
img_18666.npy,1.65,124.22
img_18667.npy,1.74,142.52
img_18668.npy,1.63,128.12
img_18669.npy,1.72,182.05
img_1867.npy,1.68,185.77
img_18670.npy,1.69,186.41
img_18671.npy,1.70,185.26
img_18672.npy,1.65,186.09
img_18673.npy,1.64,187.90
img_18674.npy,1.69,183.63
img_18675.npy,1.50,183.43
img_18676.npy,1.55,183.34
img_18677.npy,1.84,134.30
img_18678.npy,1.50,174.82
img_18679.npy,1.65,123.88
img_1868.npy,1.60,119.38
img_18680.npy,1.70,121.32
img_18681.npy,1.51,119.38
img_18682.npy,1.62,117.14
img_18683.npy,1.65,119.59
img_18684.npy,1.72,118.14
img_18685.npy,1.69,122.83
img_18686.npy,1.62,117.80
img_18687.npy,1.67,131.75
img_18688.npy,1.55,187.40
img_18689.npy,1.47,179.82
img_1869.npy,1.65,125.65
img_18690.npy,1.62,124.57
img_18691.npy,1.61,124.63
img_18692.npy,1.65,128.88
img_18693.npy,1.36,180.20
img_18694.npy,1.56,162.41
img_18695.npy,1.60,120.07
img_18696.npy,1.64,121.29
img_18697.npy,1.58,120.25
img_18698.npy,1.68,117.46
img_18699.npy,1.68,119.46
img_187.npy,1.58,119.71
img_1870.npy,1.66,117.75
img_18700.npy,1.61,119.87
img_18701.npy,1.68,125.17
img_18702.npy,1.80,136.63
img_18703.npy,1.49,178.86
img_18704.npy,1.68,124.11
img_18705.npy,1.64,120.39
img_18706.npy,1.69,120.55
img_18707.npy,1.58,126.42
img_18708.npy,1.53,124.48
img_18709.npy,1.74,132.45
img_1871.npy,1.55,179.04
img_18710.npy,1.64,126.38
img_18711.npy,1.60,122.39
img_18712.npy,1.66,132.13
img_18713.npy,1.72,184.19
img_18714.npy,1.70,182.96
img_18715.npy,1.65,185.13
img_18716.npy,1.69,187.04
img_18717.npy,1.73,187.20
img_18718.npy,1.65,186.29
img_18719.npy,1.65,183.49
img_1872.npy,1.65,186.12
img_18720.npy,1.52,180.23
img_18721.npy,1.71,128.09
img_18722.npy,1.69,128.81
img_18723.npy,1.72,121.37
img_18724.npy,1.67,120.23
img_18725.npy,1.66,120.26
img_18726.npy,1.83,129.44
img_18727.npy,1.73,185.41
img_18728.npy,1.66,184.91
img_18729.npy,1.69,187.26
img_1873.npy,1.63,185.16
img_18730.npy,1.57,184.66
img_18731.npy,1.58,134.47
img_18732.npy,1.70,125.70
img_18733.npy,1.67,131.45
img_18734.npy,1.58,121.20
img_18735.npy,1.73,128.66
img_18736.npy,1.60,179.82
img_18737.npy,1.65,184.29
img_18738.npy,1.60,183.45
img_18739.npy,1.62,185.51
img_1874.npy,1.44,183.74
img_18740.npy,1.52,134.70
img_18741.npy,1.66,134.59
img_18742.npy,1.46,178.32
img_18743.npy,1.57,131.76
img_18744.npy,1.75,161.77
img_18745.npy,1.65,185.00
img_18746.npy,1.61,187.93
img_18747.npy,1.61,183.68
img_18748.npy,1.58,185.65
img_18749.npy,1.62,174.69
img_1875.npy,1.55,180.40
img_18750.npy,1.65,141.03
img_18751.npy,1.76,133.04
img_18752.npy,1.55,185.04
img_18753.npy,1.63,182.90
img_18754.npy,1.56,169.19
img_18755.npy,1.69,124.90
img_18756.npy,1.63,146.93
img_18757.npy,1.66,130.05
img_18758.npy,1.57,124.12
img_18759.npy,1.61,123.81
img_1876.npy,1.68,128.41
img_18760.npy,1.57,123.08
img_18761.npy,1.69,123.49
img_18762.npy,1.68,123.98
img_18763.npy,1.69,126.80
img_18764.npy,1.70,127.93
img_18765.npy,1.72,127.09
img_18766.npy,1.71,127.99
img_18767.npy,1.68,134.32
img_18768.npy,1.56,120.23
img_18769.npy,1.69,150.75
img_1877.npy,1.63,119.88
img_18770.npy,1.70,120.21
img_18771.npy,1.80,129.97
img_18772.npy,1.66,180.35
img_18773.npy,1.64,183.52
img_18774.npy,1.55,184.45
img_18775.npy,1.72,183.35
img_18776.npy,1.69,184.18
img_18777.npy,1.63,187.58
img_18778.npy,1.66,186.57
img_18779.npy,1.67,184.92
img_1878.npy,1.62,179.26
img_18780.npy,1.70,122.97
img_18781.npy,1.69,119.11
img_18782.npy,1.67,117.21
img_18783.npy,1.63,116.37
img_18784.npy,1.71,115.08
img_18785.npy,1.64,117.62
img_18786.npy,1.50,124.36
img_18787.npy,1.57,124.29
img_18788.npy,1.80,127.86
img_18789.npy,1.64,186.41
img_1879.npy,1.58,183.09
img_18790.npy,1.63,188.41
img_18791.npy,1.49,181.87
img_18792.npy,1.65,123.14
img_18793.npy,1.67,126.31
img_18794.npy,1.62,121.67
img_18795.npy,1.75,132.68
img_18796.npy,1.70,186.86
img_18797.npy,1.70,186.64
img_18798.npy,1.66,188.02
img_18799.npy,1.69,179.71
img_188.npy,1.73,179.26
img_1880.npy,1.69,187.04
img_18800.npy,1.65,185.98
img_18801.npy,1.57,173.27
img_18802.npy,1.62,118.76
img_18803.npy,1.66,120.46
img_18804.npy,1.69,128.20
img_18805.npy,1.70,125.39
img_18806.npy,1.70,125.16
img_18807.npy,1.66,119.90
img_18808.npy,1.60,122.09
img_18809.npy,1.50,121.59
img_1881.npy,1.56,129.75
img_18810.npy,1.67,126.96
img_18811.npy,1.65,125.68
img_18812.npy,1.69,129.59
img_18813.npy,1.64,126.16
img_18814.npy,1.66,126.46
img_18815.npy,1.69,133.08
img_18816.npy,1.80,126.18
img_18817.npy,1.77,182.04
img_18818.npy,1.69,181.62
img_18819.npy,1.71,187.66
img_1882.npy,1.74,185.17
img_18820.npy,1.69,185.59
img_18821.npy,1.64,187.96
img_18822.npy,1.56,187.21
img_18823.npy,1.62,186.34
img_18824.npy,1.53,184.95
img_18825.npy,1.47,187.02
img_18826.npy,1.61,186.50
img_18827.npy,1.49,185.70
img_18828.npy,1.50,186.02
img_18829.npy,1.60,186.98
img_1883.npy,1.62,185.03
img_18830.npy,1.59,185.26
img_18831.npy,1.59,186.98
img_18832.npy,1.60,187.52
img_18833.npy,1.62,186.59
img_18834.npy,1.69,186.59
img_18835.npy,1.67,187.23
img_18836.npy,1.68,186.73
img_18837.npy,1.66,186.38
img_18838.npy,1.62,186.30
img_18839.npy,1.57,187.21
img_1884.npy,1.58,186.04
img_18840.npy,1.60,185.10
img_18841.npy,1.58,186.26
img_18842.npy,1.51,186.45
img_18843.npy,1.65,183.98
img_18844.npy,1.68,185.00
img_18845.npy,1.69,187.69
img_18846.npy,1.70,183.83
img_18847.npy,1.75,185.92
img_18848.npy,1.69,186.35
img_18849.npy,1.63,186.54
img_1885.npy,1.65,185.85
img_18850.npy,1.67,185.64
img_18851.npy,1.64,186.82
img_18852.npy,1.61,186.31
img_18853.npy,1.56,179.26
img_18854.npy,1.69,125.95
img_18855.npy,1.68,121.45
img_18856.npy,1.65,122.86
img_18857.npy,1.58,125.96
img_18858.npy,1.67,151.94
img_18859.npy,1.72,182.31
img_1886.npy,1.53,182.38
img_18860.npy,1.49,184.68
img_18861.npy,1.51,186.21
img_18862.npy,1.54,184.98
img_18863.npy,1.38,184.43
img_18864.npy,1.48,119.95
img_18865.npy,1.52,120.18
img_18866.npy,1.50,120.17
img_18867.npy,1.55,126.12
img_18868.npy,1.54,131.12
img_18869.npy,1.46,178.62
img_1887.npy,1.59,186.94
img_18870.npy,1.46,185.34
img_18871.npy,1.53,183.96
img_18872.npy,1.67,184.27
img_18873.npy,1.58,179.50
img_18874.npy,1.70,126.98
img_18875.npy,1.68,121.89
img_18876.npy,1.67,125.84
img_18877.npy,1.70,127.89
img_18878.npy,1.70,131.21
img_18879.npy,1.81,137.75
img_1888.npy,1.69,185.23
img_18880.npy,1.66,186.98
img_18881.npy,1.48,187.55
img_18882.npy,1.49,180.22
img_18883.npy,1.48,184.03
img_18884.npy,1.42,179.11
img_18885.npy,1.49,119.03
img_18886.npy,1.46,119.44
img_18887.npy,1.49,125.90
img_18888.npy,1.43,120.17
img_18889.npy,1.55,120.62
img_1889.npy,1.53,120.61
img_18890.npy,1.47,129.71
img_18891.npy,1.67,160.00
img_18892.npy,1.37,185.30
img_18893.npy,1.48,183.11
img_18894.npy,1.56,183.05
img_18895.npy,1.46,185.22
img_18896.npy,1.51,187.00
img_18897.npy,1.59,173.47
img_18898.npy,1.47,184.70
img_18899.npy,1.48,184.54
img_189.npy,1.54,184.50
img_1890.npy,1.54,182.73
img_18900.npy,1.52,184.43
img_18901.npy,1.49,187.61
img_18902.npy,1.45,187.42
img_18903.npy,1.61,186.95
img_18904.npy,1.49,185.88
img_18905.npy,1.47,186.62
img_18906.npy,1.50,184.31
img_18907.npy,1.57,186.56
img_18908.npy,1.69,186.17
img_18909.npy,1.51,184.20
img_1891.npy,1.49,182.39
img_18910.npy,1.58,187.27
img_18911.npy,1.59,187.00
img_18912.npy,1.63,186.38
img_18913.npy,1.64,186.33
img_18914.npy,1.67,186.95
img_18915.npy,1.47,185.84
img_18916.npy,1.58,185.65
img_18917.npy,1.57,187.30
img_18918.npy,1.60,188.39
img_18919.npy,1.66,184.16
img_1892.npy,1.68,183.93
img_18920.npy,1.67,185.25
img_18921.npy,1.60,185.77
img_18922.npy,1.66,186.55
img_18923.npy,1.67,186.94
img_18924.npy,1.58,186.91
img_18925.npy,1.69,186.74
img_18926.npy,1.49,187.01
img_18927.npy,1.62,186.90
img_18928.npy,1.45,188.10
img_18929.npy,1.69,187.41
img_1893.npy,1.58,186.39
img_18930.npy,1.57,186.57
img_18931.npy,1.69,187.26
img_18932.npy,1.57,187.29
img_18933.npy,1.64,186.98
img_18934.npy,1.68,186.30
img_18935.npy,1.67,185.04
img_18936.npy,1.66,186.34
img_18937.npy,1.53,186.46
img_18938.npy,1.66,187.98
img_18939.npy,1.70,185.90
img_1894.npy,1.62,183.96
img_18940.npy,1.69,185.20
img_18941.npy,1.63,187.56
img_18942.npy,1.62,187.21
img_18943.npy,1.63,186.92
img_18944.npy,1.67,185.36
img_18945.npy,1.66,185.73
img_18946.npy,1.58,186.85
img_18947.npy,1.63,185.44
img_18948.npy,1.70,185.41
img_18949.npy,1.65,186.84
img_1895.npy,1.65,184.93
img_18950.npy,1.59,184.73
img_18951.npy,1.45,174.58
img_18952.npy,1.44,129.83
img_18953.npy,1.60,130.62
img_18954.npy,1.57,186.87
img_18955.npy,1.53,182.79
img_18956.npy,1.65,126.47
img_18957.npy,1.47,120.80
img_18958.npy,1.48,117.88
img_18959.npy,1.51,122.42
img_1896.npy,1.62,119.78
img_18960.npy,1.67,119.76
img_18961.npy,1.66,118.41
img_18962.npy,1.71,119.38
img_18963.npy,1.65,116.77
img_18964.npy,1.65,119.42
img_18965.npy,1.57,119.67
img_18966.npy,1.68,119.30
img_18967.npy,1.64,118.80
img_18968.npy,1.60,120.09
img_18969.npy,1.61,125.23
img_1897.npy,1.66,122.62
img_18970.npy,1.64,124.66
img_18971.npy,1.72,123.71
img_18972.npy,1.65,120.15
img_18973.npy,1.71,120.84
img_18974.npy,1.82,128.68
img_18975.npy,1.52,186.77
img_18976.npy,1.61,180.04
img_18977.npy,1.67,182.25
img_18978.npy,1.67,186.94
img_18979.npy,1.67,185.74
img_1898.npy,1.63,187.64
img_18980.npy,1.66,187.05
img_18981.npy,1.72,184.16
img_18982.npy,1.66,180.15
img_18983.npy,1.70,183.79
img_18984.npy,1.61,187.09
img_18985.npy,1.70,183.42
img_18986.npy,1.64,186.82
img_18987.npy,1.65,183.91
img_18988.npy,1.57,182.03
img_18989.npy,1.50,172.16
img_1899.npy,1.77,129.05
img_18990.npy,1.53,181.75
img_18991.npy,1.65,120.37
img_18992.npy,1.56,121.38
img_18993.npy,1.66,124.53
img_18994.npy,1.60,125.31
img_18995.npy,1.75,130.25
img_18996.npy,1.44,175.05
img_18997.npy,1.59,118.85
img_18998.npy,1.66,122.71
img_18999.npy,1.64,130.93
img_19.npy,1.76,131.76
img_190.npy,1.63,182.63
img_1900.npy,1.66,123.98
img_19000.npy,1.68,120.07
img_19001.npy,1.65,120.55
img_19002.npy,1.57,123.37
img_19003.npy,1.57,125.06
img_19004.npy,1.70,141.85
img_19005.npy,1.74,150.65
img_19006.npy,1.81,129.05
img_19007.npy,1.61,187.25
img_19008.npy,1.58,185.95
img_19009.npy,1.56,173.50
img_1901.npy,1.62,122.48
img_19010.npy,1.65,125.18
img_19011.npy,1.81,133.47
img_19012.npy,1.66,187.05
img_19013.npy,1.66,185.80
img_19014.npy,1.68,181.84
img_19015.npy,1.66,178.76
img_19016.npy,1.67,187.66
img_19017.npy,1.65,186.48
img_19018.npy,1.61,188.23
img_19019.npy,1.54,180.80
img_1902.npy,1.58,143.47
img_19020.npy,1.61,130.44
img_19021.npy,1.65,120.18
img_19022.npy,1.58,120.59
img_19023.npy,1.63,127.88
img_19024.npy,1.66,123.78
img_19025.npy,1.71,133.56
img_19026.npy,1.68,125.57
img_19027.npy,1.69,120.46
img_19028.npy,1.63,126.66
img_19029.npy,1.66,124.16
img_1903.npy,1.65,119.95
img_19030.npy,1.55,128.28
img_19031.npy,1.86,145.09
img_19032.npy,1.64,186.05
img_19033.npy,1.67,183.59
img_19034.npy,1.68,183.04
img_19035.npy,1.57,179.43
img_19036.npy,1.82,125.77
img_19037.npy,1.70,184.48
img_19038.npy,1.64,184.12
img_19039.npy,1.60,180.00
img_1904.npy,1.58,183.95
img_19040.npy,1.52,185.14
img_19041.npy,1.57,184.74
img_19042.npy,1.64,181.97
img_19043.npy,1.54,186.07
img_19044.npy,1.50,186.46
img_19045.npy,1.71,186.22
img_19046.npy,1.63,186.29
img_19047.npy,1.64,187.07
img_19048.npy,1.61,186.91
img_19049.npy,1.59,187.67
img_1905.npy,1.66,186.27
img_19050.npy,1.57,187.02
img_19051.npy,1.65,186.89
img_19052.npy,1.67,181.74
img_19053.npy,1.63,186.76
img_19054.npy,1.47,186.97
img_19055.npy,1.49,184.07
img_19056.npy,1.38,181.93
img_19057.npy,1.51,144.67
img_19058.npy,1.51,145.00
img_19059.npy,1.53,123.42
img_1906.npy,1.61,148.42
img_19060.npy,1.57,173.86
img_19061.npy,1.48,180.16
img_19062.npy,1.47,186.21
img_19063.npy,1.49,185.47
img_19064.npy,1.47,185.63
img_19065.npy,1.41,184.29
img_19066.npy,1.44,187.03
img_19067.npy,1.45,185.97
img_19068.npy,1.46,184.20
img_19069.npy,1.47,184.23
img_1907.npy,1.53,187.07
img_19070.npy,1.48,185.28
img_19071.npy,1.44,179.95
img_19072.npy,1.53,181.76
img_19073.npy,1.48,147.68
img_19074.npy,1.50,120.64
img_19075.npy,1.55,127.98
img_19076.npy,1.73,140.77
img_19077.npy,1.65,129.79
img_19078.npy,1.52,167.31
img_19079.npy,1.59,119.93
img_1908.npy,1.63,120.45
img_19080.npy,1.64,125.68
img_19081.npy,1.67,123.99
img_19082.npy,1.67,120.82
img_19083.npy,1.66,127.27
img_19084.npy,1.68,124.37
img_19085.npy,1.82,131.57
img_19086.npy,1.66,187.88
img_19087.npy,1.70,185.69
img_19088.npy,1.64,183.66
img_19089.npy,1.54,185.71
img_1909.npy,1.74,185.69
img_19090.npy,1.63,186.80
img_19091.npy,1.53,182.29
img_19092.npy,1.64,120.30
img_19093.npy,1.77,128.11
img_19094.npy,1.50,180.73
img_19095.npy,1.70,124.86
img_19096.npy,1.67,118.65
img_19097.npy,1.66,120.68
img_19098.npy,1.72,122.13
img_19099.npy,1.74,126.07
img_191.npy,1.83,155.25
img_1910.npy,1.55,184.29
img_19100.npy,1.72,126.51
img_19101.npy,1.68,186.31
img_19102.npy,1.70,186.71
img_19103.npy,1.57,181.22
img_19104.npy,1.83,137.55
img_19105.npy,1.67,186.84
img_19106.npy,1.63,187.27
img_19107.npy,1.68,179.93
img_19108.npy,1.59,183.59
img_19109.npy,1.63,185.39
img_1911.npy,1.57,185.89
img_19110.npy,1.64,187.63
img_19111.npy,1.64,186.57
img_19112.npy,1.60,182.51
img_19113.npy,1.58,173.25
img_19114.npy,1.78,135.72
img_19115.npy,1.71,182.74
img_19116.npy,1.65,186.34
img_19117.npy,1.67,187.09
img_19118.npy,1.68,185.05
img_19119.npy,1.68,187.50
img_1912.npy,1.68,187.04
img_19120.npy,1.64,185.81
img_19121.npy,1.64,187.17
img_19122.npy,1.66,185.81
img_19123.npy,1.70,184.72
img_19124.npy,1.67,186.79
img_19125.npy,1.67,185.70
img_19126.npy,1.54,187.71
img_19127.npy,1.66,186.92
img_19128.npy,1.62,186.23
img_19129.npy,1.65,188.09
img_1913.npy,1.63,186.44
img_19130.npy,1.67,184.85
img_19131.npy,1.52,185.32
img_19132.npy,1.70,183.81
img_19133.npy,1.66,185.17
img_19134.npy,1.65,184.71
img_19135.npy,1.67,184.53
img_19136.npy,1.66,186.82
img_19137.npy,1.71,184.78
img_19138.npy,1.54,181.45
img_19139.npy,1.70,124.94
img_1914.npy,1.63,118.35
img_19140.npy,1.68,123.38
img_19141.npy,1.57,180.47
img_19142.npy,1.62,186.99
img_19143.npy,1.67,186.73
img_19144.npy,1.69,185.37
img_19145.npy,1.66,185.15
img_19146.npy,1.54,187.24
img_19147.npy,1.50,184.99
img_19148.npy,1.37,183.63
img_19149.npy,1.64,144.48
img_1915.npy,1.48,185.40
img_19150.npy,1.52,188.05
img_19151.npy,1.42,180.93
img_19152.npy,1.47,132.42
img_19153.npy,1.55,129.59
img_19154.npy,1.43,123.98
img_19155.npy,1.62,140.02
img_19156.npy,1.48,184.57
img_19157.npy,1.47,187.60
img_19158.npy,1.48,186.71
img_19159.npy,1.49,186.24
img_1916.npy,1.51,186.01
img_19160.npy,1.51,182.48
img_19161.npy,1.51,186.64
img_19162.npy,1.49,185.50
img_19163.npy,1.48,188.46
img_19164.npy,1.53,186.45
img_19165.npy,1.55,185.68
img_19166.npy,1.44,181.14
img_19167.npy,1.44,177.95
img_19168.npy,1.49,119.62
img_19169.npy,1.55,118.19
img_1917.npy,1.59,145.60
img_19170.npy,1.59,119.80
img_19171.npy,1.55,117.24
img_19172.npy,1.50,115.07
img_19173.npy,1.60,119.54
img_19174.npy,1.65,120.03
img_19175.npy,1.58,117.23
img_19176.npy,1.52,117.87
img_19177.npy,1.61,119.91
img_19178.npy,1.60,120.07
img_19179.npy,1.52,119.18
img_1918.npy,1.55,119.34
img_19180.npy,1.41,119.51
img_19181.npy,1.44,120.56
img_19182.npy,1.59,131.05
img_19183.npy,1.51,180.79
img_19184.npy,1.81,129.28
img_19185.npy,1.57,181.41
img_19186.npy,1.44,186.46
img_19187.npy,1.62,183.76
img_19188.npy,1.60,186.42
img_19189.npy,1.58,179.56
img_1919.npy,1.79,155.17
img_19190.npy,1.47,186.66
img_19191.npy,1.62,124.03
img_19192.npy,1.65,128.20
img_19193.npy,1.66,128.44
img_19194.npy,1.66,181.06
img_19195.npy,1.54,181.31
img_19196.npy,1.64,117.74
img_19197.npy,1.61,120.70
img_19198.npy,1.70,148.25
img_19199.npy,1.81,132.81
img_192.npy,1.72,183.40
img_1920.npy,1.66,183.75
img_19200.npy,1.69,186.65
img_19201.npy,1.54,182.52
img_19202.npy,1.53,185.48
img_19203.npy,1.70,184.29
img_19204.npy,1.65,185.30
img_19205.npy,1.66,186.45
img_19206.npy,1.57,182.18
img_19207.npy,1.59,118.77
img_19208.npy,1.63,121.54
img_19209.npy,1.66,120.62
img_1921.npy,1.69,126.17
img_19210.npy,1.79,137.55
img_19211.npy,1.69,182.04
img_19212.npy,1.66,187.25
img_19213.npy,1.72,177.55
img_19214.npy,1.66,183.67
img_19215.npy,1.62,182.68
img_19216.npy,1.54,181.77
img_19217.npy,1.69,172.60
img_19218.npy,1.70,186.05
img_19219.npy,1.69,185.74
img_1922.npy,1.60,184.85
img_19220.npy,1.66,131.76
img_19221.npy,1.68,127.16
img_19222.npy,1.64,182.98
img_19223.npy,1.67,186.32
img_19224.npy,1.59,185.25
img_19225.npy,1.56,188.13
img_19226.npy,1.75,184.27
img_19227.npy,1.69,179.71
img_19228.npy,1.74,182.31
img_19229.npy,1.72,184.92
img_1923.npy,1.71,185.75
img_19230.npy,1.70,185.20
img_19231.npy,1.67,185.36
img_19232.npy,1.62,186.63
img_19233.npy,1.57,185.34
img_19234.npy,1.57,186.51
img_19235.npy,1.46,184.14
img_19236.npy,1.74,129.71
img_19237.npy,1.72,180.77
img_19238.npy,1.70,184.32
img_19239.npy,1.64,185.50
img_1924.npy,1.68,186.04
img_19240.npy,1.57,185.38
img_19241.npy,1.60,186.75
img_19242.npy,1.58,185.21
img_19243.npy,1.63,184.85
img_19244.npy,1.61,171.04
img_19245.npy,1.77,132.20
img_19246.npy,1.58,187.23
img_19247.npy,1.61,183.34
img_19248.npy,1.70,120.51
img_19249.npy,1.68,120.34
img_1925.npy,1.68,126.31
img_19250.npy,1.70,117.95
img_19251.npy,1.68,123.57
img_19252.npy,1.68,119.98
img_19253.npy,1.71,130.23
img_19254.npy,1.77,148.25
img_19255.npy,1.59,177.38
img_19256.npy,1.61,120.20
img_19257.npy,1.58,119.89
img_19258.npy,1.58,120.20
img_19259.npy,1.68,120.19
img_1926.npy,1.65,120.27
img_19260.npy,1.65,124.36
img_19261.npy,1.79,125.99
img_19262.npy,1.47,179.56
img_19263.npy,1.68,124.00
img_19264.npy,1.45,183.49
img_19265.npy,1.59,121.66
img_19266.npy,1.70,127.51
img_19267.npy,1.79,132.72
img_19268.npy,1.57,185.88
img_19269.npy,1.54,187.86
img_1927.npy,1.49,184.59
img_19270.npy,1.67,180.18
img_19271.npy,1.64,184.55
img_19272.npy,1.65,186.91
img_19273.npy,1.39,175.54
img_19274.npy,1.56,129.01
img_19275.npy,1.60,125.11
img_19276.npy,1.78,127.49
img_19277.npy,1.68,175.14
img_19278.npy,1.62,179.77
img_19279.npy,1.64,120.06
img_1928.npy,1.72,124.61
img_19280.npy,1.70,147.29
img_19281.npy,1.63,118.95
img_19282.npy,1.69,124.50
img_19283.npy,1.62,120.61
img_19284.npy,1.67,124.66
img_19285.npy,1.67,120.71
img_19286.npy,1.63,120.75
img_19287.npy,1.63,120.34
img_19288.npy,1.69,125.28
img_19289.npy,1.72,149.34
img_1929.npy,1.63,120.50
img_19290.npy,1.69,138.94
img_19291.npy,1.61,183.24
img_19292.npy,1.52,185.36
img_19293.npy,1.69,149.76
img_19294.npy,1.64,188.11
img_19295.npy,1.72,186.71
img_19296.npy,1.59,185.16
img_19297.npy,1.59,187.88
img_19298.npy,1.60,186.47
img_19299.npy,1.65,186.20
img_193.npy,1.64,185.31
img_1930.npy,1.57,185.57
img_19300.npy,1.49,179.62
img_19301.npy,1.64,120.45
img_19302.npy,1.66,122.95
img_19303.npy,1.70,127.07
img_19304.npy,1.66,130.60
img_19305.npy,1.71,124.17
img_19306.npy,1.63,126.96
img_19307.npy,1.68,146.68
img_19308.npy,1.57,184.18
img_19309.npy,1.60,186.45
img_1931.npy,1.66,182.34
img_19310.npy,1.63,185.30
img_19311.npy,1.67,182.84
img_19312.npy,1.67,184.22
img_19313.npy,1.49,179.41
img_19314.npy,1.74,135.04
img_19315.npy,1.52,180.48
img_19316.npy,1.68,148.06
img_19317.npy,1.67,146.82
img_19318.npy,1.60,124.18
img_19319.npy,1.63,129.25
img_1932.npy,1.81,137.45
img_19320.npy,1.65,184.83
img_19321.npy,1.66,183.60
img_19322.npy,1.52,169.68
img_19323.npy,1.64,138.99
img_19324.npy,1.65,125.05
img_19325.npy,1.63,122.17
img_19326.npy,1.70,128.05
img_19327.npy,1.66,135.68
img_19328.npy,1.63,132.52
img_19329.npy,1.65,126.34
img_1933.npy,1.80,147.59
img_19330.npy,1.61,186.91
img_19331.npy,1.73,182.50
img_19332.npy,1.69,184.16
img_19333.npy,1.55,183.86
img_19334.npy,1.63,185.20
img_19335.npy,1.63,184.80
img_19336.npy,1.65,187.19
img_19337.npy,1.50,187.02
img_19338.npy,1.42,182.09
img_19339.npy,1.77,128.98
img_1934.npy,1.54,184.25
img_19340.npy,1.63,186.66
img_19341.npy,1.54,184.11
img_19342.npy,1.57,186.38
img_19343.npy,1.51,181.21
img_19344.npy,1.67,125.99
img_19345.npy,1.70,119.73
img_19346.npy,1.70,141.70
img_19347.npy,1.69,121.52
img_19348.npy,1.67,122.29
img_19349.npy,1.69,127.66
img_1935.npy,1.68,124.88
img_19350.npy,1.73,122.57
img_19351.npy,1.66,126.22
img_19352.npy,1.65,117.38
img_19353.npy,1.72,121.77
img_19354.npy,1.61,117.61
img_19355.npy,1.71,120.48
img_19356.npy,1.59,120.81
img_19357.npy,1.60,121.27
img_19358.npy,1.61,138.22
img_19359.npy,1.66,121.47
img_1936.npy,1.69,119.20
img_19360.npy,1.72,125.29
img_19361.npy,1.70,186.23
img_19362.npy,1.65,187.71
img_19363.npy,1.66,186.67
img_19364.npy,1.67,186.78
img_19365.npy,1.58,187.29
img_19366.npy,1.64,186.83
img_19367.npy,1.52,187.30
img_19368.npy,1.57,187.58
img_19369.npy,1.68,184.64
img_1937.npy,1.68,183.25
img_19370.npy,1.66,186.21
img_19371.npy,1.67,183.88
img_19372.npy,1.56,174.66
img_19373.npy,1.56,131.82
img_19374.npy,1.66,136.64
img_19375.npy,1.63,123.44
img_19376.npy,1.85,127.68
img_19377.npy,1.69,186.83
img_19378.npy,1.69,187.60
img_19379.npy,1.71,184.04
img_1938.npy,1.59,185.47
img_19380.npy,1.64,185.90
img_19381.npy,1.67,183.43
img_19382.npy,1.63,180.66
img_19383.npy,1.69,178.13
img_19384.npy,1.62,181.88
img_19385.npy,1.58,129.48
img_19386.npy,1.65,119.47
img_19387.npy,1.67,119.45
img_19388.npy,1.68,120.07
img_19389.npy,1.73,129.14
img_1939.npy,1.57,120.38
img_19390.npy,1.61,123.58
img_19391.npy,1.63,120.45
img_19392.npy,1.69,131.37
img_19393.npy,1.84,151.36
img_19394.npy,1.73,185.45
img_19395.npy,1.69,186.47
img_19396.npy,1.54,186.97
img_19397.npy,1.54,184.90
img_19398.npy,1.50,181.82
img_19399.npy,1.64,120.48
img_194.npy,1.47,120.48
img_1940.npy,1.50,122.97
img_19400.npy,1.49,121.29
img_19401.npy,1.64,119.47
img_19402.npy,1.55,117.05
img_19403.npy,1.51,117.62
img_19404.npy,1.50,117.60
img_19405.npy,1.51,119.89
img_19406.npy,1.60,139.55
img_19407.npy,1.43,184.59
img_19408.npy,1.59,185.08
img_19409.npy,1.60,170.10
img_1941.npy,1.73,125.03
img_19410.npy,1.68,119.80
img_19411.npy,1.71,119.89
img_19412.npy,1.71,125.91
img_19413.npy,1.65,119.16
img_19414.npy,1.68,119.87
img_19415.npy,1.57,119.23
img_19416.npy,1.60,119.68
img_19417.npy,1.59,121.41
img_19418.npy,1.64,122.46
img_19419.npy,1.83,151.24
img_1942.npy,1.68,184.15
img_19420.npy,1.60,180.84
img_19421.npy,1.66,122.18
img_19422.npy,1.66,119.57
img_19423.npy,1.65,118.25
img_19424.npy,1.68,117.43
img_19425.npy,1.67,123.45
img_19426.npy,1.68,118.25
img_19427.npy,1.73,122.45
img_19428.npy,1.67,119.26
img_19429.npy,1.68,117.74
img_1943.npy,1.65,120.45
img_19430.npy,1.56,120.37
img_19431.npy,1.59,119.80
img_19432.npy,1.60,121.78
img_19433.npy,1.65,119.99
img_19434.npy,1.70,122.10
img_19435.npy,1.69,134.40
img_19436.npy,1.69,130.95
img_19437.npy,1.67,123.55
img_19438.npy,1.64,127.67
img_19439.npy,1.70,123.20
img_1944.npy,1.65,128.57
img_19440.npy,1.68,119.04
img_19441.npy,1.63,129.80
img_19442.npy,1.48,120.71
img_19443.npy,1.52,125.73
img_19444.npy,1.69,124.70
img_19445.npy,1.68,121.32
img_19446.npy,1.85,130.97
img_19447.npy,1.69,183.03
img_19448.npy,1.68,183.86
img_19449.npy,1.65,185.54
img_1945.npy,1.61,180.68
img_19450.npy,1.67,128.23
img_19451.npy,1.66,123.15
img_19452.npy,1.65,130.23
img_19453.npy,1.67,126.01
img_19454.npy,1.68,122.92
img_19455.npy,1.67,122.21
img_19456.npy,1.72,132.23
img_19457.npy,1.67,188.30
img_19458.npy,1.57,183.21
img_19459.npy,1.69,120.52
img_1946.npy,1.76,130.87
img_19460.npy,1.60,186.37
img_19461.npy,1.68,186.41
img_19462.npy,1.55,184.43
img_19463.npy,1.66,182.53
img_19464.npy,1.50,181.15
img_19465.npy,1.37,184.96
img_19466.npy,1.51,117.66
img_19467.npy,1.45,116.19
img_19468.npy,1.50,125.34
img_19469.npy,1.63,123.98
img_1947.npy,1.55,126.00
img_19470.npy,1.46,124.59
img_19471.npy,1.60,120.76
img_19472.npy,1.61,124.29
img_19473.npy,1.80,133.24
img_19474.npy,1.59,170.37
img_19475.npy,1.48,187.12
img_19476.npy,1.51,186.92
img_19477.npy,1.40,181.56
img_19478.npy,1.52,129.57
img_19479.npy,1.56,184.63
img_1948.npy,1.49,187.06
img_19480.npy,1.42,182.15
img_19481.npy,1.43,126.06
img_19482.npy,1.44,119.70
img_19483.npy,1.66,151.00
img_19484.npy,1.45,184.02
img_19485.npy,1.45,186.48
img_19486.npy,1.54,184.73
img_19487.npy,1.49,185.41
img_19488.npy,1.46,185.95
img_19489.npy,1.51,184.52
img_1949.npy,1.48,184.57
img_19490.npy,1.47,185.72
img_19491.npy,1.45,185.87
img_19492.npy,1.59,187.01
img_19493.npy,1.42,169.22
img_19494.npy,1.50,117.96
img_19495.npy,1.51,122.96
img_19496.npy,1.49,122.84
img_19497.npy,1.45,123.30
img_19498.npy,1.45,117.84
img_19499.npy,1.53,119.81
img_195.npy,1.72,119.98
img_1950.npy,1.66,119.62
img_19500.npy,1.54,119.23
img_19501.npy,1.44,119.95
img_19502.npy,1.50,119.71
img_19503.npy,1.50,121.85
img_19504.npy,1.49,122.19
img_19505.npy,1.50,119.72
img_19506.npy,1.49,119.91
img_19507.npy,1.50,119.62
img_19508.npy,1.51,119.78
img_19509.npy,1.54,119.12
img_1951.npy,1.51,118.97
img_19510.npy,1.53,120.50
img_19511.npy,1.68,125.53
img_19512.npy,1.69,124.09
img_19513.npy,1.68,117.79
img_19514.npy,1.66,117.42
img_19515.npy,1.70,125.01
img_19516.npy,1.71,143.66
img_19517.npy,1.73,125.01
img_19518.npy,1.67,186.41
img_19519.npy,1.70,182.24
img_1952.npy,1.63,188.69
img_19520.npy,1.70,185.62
img_19521.npy,1.64,186.28
img_19522.npy,1.65,186.71
img_19523.npy,1.60,186.72
img_19524.npy,1.51,186.65
img_19525.npy,1.57,181.50
img_19526.npy,1.44,185.58
img_19527.npy,1.71,151.80
img_19528.npy,1.79,120.91
img_19529.npy,1.68,184.66
img_1953.npy,1.63,184.17
img_19530.npy,1.68,184.54
img_19531.npy,1.68,185.20
img_19532.npy,1.67,186.48
img_19533.npy,1.66,187.23
img_19534.npy,1.67,184.99
img_19535.npy,1.68,188.37
img_19536.npy,1.66,186.74
img_19537.npy,1.58,180.87
img_19538.npy,1.82,137.03
img_19539.npy,1.66,185.15
img_1954.npy,1.49,185.48
img_19540.npy,1.65,131.06
img_19541.npy,1.54,122.54
img_19542.npy,1.57,120.22
img_19543.npy,1.55,121.70
img_19544.npy,1.59,118.36
img_19545.npy,1.47,116.77
img_19546.npy,1.45,119.69
img_19547.npy,1.50,119.94
img_19548.npy,1.57,120.09
img_19549.npy,1.68,121.46
img_1955.npy,1.60,118.84
img_19550.npy,1.55,118.97
img_19551.npy,1.79,127.89
img_19552.npy,1.57,184.47
img_19553.npy,1.60,123.43
img_19554.npy,1.54,142.73
img_19555.npy,1.77,124.91
img_19556.npy,1.43,163.82
img_19557.npy,1.60,120.59
img_19558.npy,1.66,123.81
img_19559.npy,1.66,120.14
img_1956.npy,1.64,123.75
img_19560.npy,1.84,147.24
img_19561.npy,1.64,184.45
img_19562.npy,1.67,185.22
img_19563.npy,1.64,186.59
img_19564.npy,1.63,187.69
img_19565.npy,1.67,186.99
img_19566.npy,1.55,175.71
img_19567.npy,1.72,132.59
img_19568.npy,1.64,123.44
img_19569.npy,1.68,127.62
img_1957.npy,1.68,130.20
img_19570.npy,1.70,123.80
img_19571.npy,1.81,125.25
img_19572.npy,1.67,182.29
img_19573.npy,1.66,186.91
img_19574.npy,1.47,184.35
img_19575.npy,1.66,119.61
img_19576.npy,1.67,126.73
img_19577.npy,1.62,117.77
img_19578.npy,1.69,127.55
img_19579.npy,1.58,134.12
img_1958.npy,1.76,132.17
img_19580.npy,1.66,172.56
img_19581.npy,1.67,187.12
img_19582.npy,1.68,186.73
img_19583.npy,1.63,183.66
img_19584.npy,1.55,179.36
img_19585.npy,1.65,119.66
img_19586.npy,1.63,134.61
img_19587.npy,1.70,149.23
img_19588.npy,1.66,186.78
img_19589.npy,1.57,173.18
img_1959.npy,1.67,120.75
img_19590.npy,1.64,122.94
img_19591.npy,1.67,125.05
img_19592.npy,1.55,120.70
img_19593.npy,1.59,121.10
img_19594.npy,1.66,117.23
img_19595.npy,1.66,121.80
img_19596.npy,1.64,120.33
img_19597.npy,1.65,124.57
img_19598.npy,1.66,124.48
img_19599.npy,1.64,130.53
img_196.npy,1.49,123.61
img_1960.npy,1.49,120.19
img_19600.npy,1.49,119.82
img_19601.npy,1.44,119.98
img_19602.npy,1.49,120.87
img_19603.npy,1.60,125.21
img_19604.npy,1.69,122.40
img_19605.npy,1.65,120.07
img_19606.npy,1.65,134.51
img_19607.npy,1.80,129.14
img_19608.npy,1.63,182.79
img_19609.npy,1.68,187.61
img_1961.npy,1.65,184.91
img_19610.npy,1.70,183.19
img_19611.npy,1.66,186.40
img_19612.npy,1.71,183.04
img_19613.npy,1.63,186.55
img_19614.npy,1.73,182.95
img_19615.npy,1.73,183.18
img_19616.npy,1.43,186.94
img_19617.npy,1.56,188.25
img_19618.npy,1.71,185.12
img_19619.npy,1.65,184.66
img_1962.npy,1.73,179.91
img_19620.npy,1.58,177.68
img_19621.npy,1.69,123.47
img_19622.npy,1.67,119.91
img_19623.npy,1.81,147.62
img_19624.npy,1.63,188.41
img_19625.npy,1.66,186.64
img_19626.npy,1.65,183.89
img_19627.npy,1.63,183.70
img_19628.npy,1.71,185.62
img_19629.npy,1.55,182.03
img_1963.npy,1.60,125.38
img_19630.npy,1.56,123.51
img_19631.npy,1.52,121.17
img_19632.npy,1.50,119.73
img_19633.npy,1.50,119.70
img_19634.npy,1.50,117.89
img_19635.npy,1.62,120.71
img_19636.npy,1.64,116.50
img_19637.npy,1.55,120.38
img_19638.npy,1.65,120.20
img_19639.npy,1.66,122.94
img_1964.npy,1.68,123.62
img_19640.npy,1.63,123.81
img_19641.npy,1.61,123.91
img_19642.npy,1.74,123.37
img_19643.npy,1.72,123.03
img_19644.npy,1.68,119.29
img_19645.npy,1.69,121.43
img_19646.npy,1.70,121.95
img_19647.npy,1.68,119.80
img_19648.npy,1.66,119.77
img_19649.npy,1.68,119.41
img_1965.npy,1.66,119.93
img_19650.npy,1.72,118.91
img_19651.npy,1.66,118.98
img_19652.npy,1.75,125.32
img_19653.npy,1.68,123.06
img_19654.npy,1.80,147.11
img_19655.npy,1.64,184.07
img_19656.npy,1.56,186.47
img_19657.npy,1.63,185.70
img_19658.npy,1.54,184.14
img_19659.npy,1.67,185.09
img_1966.npy,1.56,175.49
img_19660.npy,1.67,121.41
img_19661.npy,1.68,119.79
img_19662.npy,1.62,117.67
img_19663.npy,1.55,118.84
img_19664.npy,1.76,127.68
img_19665.npy,1.64,184.08
img_19666.npy,1.59,186.23
img_19667.npy,1.60,184.25
img_19668.npy,1.57,183.88
img_19669.npy,1.64,186.22
img_1967.npy,1.47,184.16
img_19670.npy,1.65,124.45
img_19671.npy,1.65,131.33
img_19672.npy,1.69,146.79
img_19673.npy,1.67,117.64
img_19674.npy,1.63,120.05
img_19675.npy,1.67,118.21
img_19676.npy,1.85,124.03
img_19677.npy,1.68,185.97
img_19678.npy,1.70,184.78
img_19679.npy,1.66,188.14
img_1968.npy,1.66,186.55
img_19680.npy,1.51,187.10
img_19681.npy,1.58,178.23
img_19682.npy,1.68,117.59
img_19683.npy,1.63,119.94
img_19684.npy,1.63,120.55
img_19685.npy,1.76,150.01
img_19686.npy,1.62,180.12
img_19687.npy,1.63,180.79
img_19688.npy,1.55,167.38
img_19689.npy,1.62,125.20
img_1969.npy,1.63,153.53
img_19690.npy,1.79,131.04
img_19691.npy,1.61,184.54
img_19692.npy,1.69,184.32
img_19693.npy,1.69,182.43
img_19694.npy,1.64,184.82
img_19695.npy,1.69,186.18
img_19696.npy,1.65,187.15
img_19697.npy,1.48,181.34
img_19698.npy,1.64,122.89
img_19699.npy,1.60,148.84
img_197.npy,1.55,123.86
img_1970.npy,1.69,124.89
img_19700.npy,1.53,120.23
img_19701.npy,1.62,121.61
img_19702.npy,1.66,122.12
img_19703.npy,1.64,120.33
img_19704.npy,1.66,120.18
img_19705.npy,1.73,124.00
img_19706.npy,1.47,119.78
img_19707.npy,1.69,119.54
img_19708.npy,1.71,184.45
img_19709.npy,1.66,186.59
img_1971.npy,1.67,184.02
img_19710.npy,1.67,185.12
img_19711.npy,1.56,184.19
img_19712.npy,1.68,151.60
img_19713.npy,1.69,123.56
img_19714.npy,1.66,125.80
img_19715.npy,1.68,122.39
img_19716.npy,1.69,128.50
img_19717.npy,1.60,124.90
img_19718.npy,1.71,130.13
img_19719.npy,1.58,186.80
img_1972.npy,1.48,179.58
img_19720.npy,1.55,135.29
img_19721.npy,1.60,125.04
img_19722.npy,1.60,131.10
img_19723.npy,1.58,123.05
img_19724.npy,1.69,141.57
img_19725.npy,1.50,176.76
img_19726.npy,1.69,125.25
img_19727.npy,1.61,119.91
img_19728.npy,1.61,120.80
img_19729.npy,1.62,125.07
img_1973.npy,1.64,124.09
img_19730.npy,1.60,150.27
img_19731.npy,1.61,128.50
img_19732.npy,1.61,128.93
img_19733.npy,1.63,124.41
img_19734.npy,1.70,144.46
img_19735.npy,1.66,126.44
img_19736.npy,1.63,124.73
img_19737.npy,1.51,131.64
img_19738.npy,1.59,127.36
img_19739.npy,1.55,184.91
img_1974.npy,1.37,184.06
img_19740.npy,1.50,185.32
img_19741.npy,1.50,186.67
img_19742.npy,1.81,137.65
img_19743.npy,1.64,183.68
img_19744.npy,1.66,186.76
img_19745.npy,1.65,183.71
img_19746.npy,1.63,182.77
img_19747.npy,1.71,187.31
img_19748.npy,1.71,186.73
img_19749.npy,1.63,186.71
img_1975.npy,1.55,185.38
img_19750.npy,1.63,126.88
img_19751.npy,1.62,123.51
img_19752.npy,1.63,120.33
img_19753.npy,1.84,130.61
img_19754.npy,1.62,182.68
img_19755.npy,1.59,184.17
img_19756.npy,1.66,185.34
img_19757.npy,1.65,185.70
img_19758.npy,1.63,185.81
img_19759.npy,1.68,186.88
img_1976.npy,1.52,183.28
img_19760.npy,1.62,130.70
img_19761.npy,1.65,120.56
img_19762.npy,1.66,125.15
img_19763.npy,1.71,125.32
img_19764.npy,1.61,120.21
img_19765.npy,1.54,126.37
img_19766.npy,1.56,131.57
img_19767.npy,1.69,133.75
img_19768.npy,1.61,185.64
img_19769.npy,1.70,186.55
img_1977.npy,1.66,180.74
img_19770.npy,1.66,184.26
img_19771.npy,1.65,183.49
img_19772.npy,1.43,182.70
img_19773.npy,1.43,123.59
img_19774.npy,1.66,127.74
img_19775.npy,1.81,128.61
img_19776.npy,1.65,185.52
img_19777.npy,1.66,182.84
img_19778.npy,1.57,181.43
img_19779.npy,1.64,130.91
img_1978.npy,1.63,125.25
img_19780.npy,1.62,126.68
img_19781.npy,1.82,158.83
img_19782.npy,1.63,186.47
img_19783.npy,1.63,185.57
img_19784.npy,1.54,180.09
img_19785.npy,1.66,127.42
img_19786.npy,1.65,123.79
img_19787.npy,1.60,118.21
img_19788.npy,1.54,118.08
img_19789.npy,1.61,126.77
img_1979.npy,1.65,133.72
img_19790.npy,1.51,128.72
img_19791.npy,1.69,162.23
img_19792.npy,1.55,184.57
img_19793.npy,1.65,119.93
img_19794.npy,1.68,124.97
img_19795.npy,1.69,117.77
img_19796.npy,1.64,120.28
img_19797.npy,1.77,131.82
img_19798.npy,1.64,184.39
img_19799.npy,1.57,185.57
img_198.npy,1.72,185.12
img_1980.npy,1.65,186.89
img_19800.npy,1.67,184.25
img_19801.npy,1.66,187.16
img_19802.npy,1.65,182.89
img_19803.npy,1.59,184.20
img_19804.npy,1.53,178.61
img_19805.npy,1.80,137.62
img_19806.npy,1.67,187.87
img_19807.npy,1.63,186.82
img_19808.npy,1.69,183.84
img_19809.npy,1.71,179.25
img_1981.npy,1.67,186.96
img_19810.npy,1.52,185.34
img_19811.npy,1.74,132.11
img_19812.npy,1.66,119.03
img_19813.npy,1.61,120.16
img_19814.npy,1.59,125.84
img_19815.npy,1.63,126.57
img_19816.npy,1.68,131.47
img_19817.npy,1.69,121.47
img_19818.npy,1.61,124.78
img_19819.npy,1.69,142.08
img_1982.npy,1.62,184.57
img_19820.npy,1.69,183.35
img_19821.npy,1.71,182.37
img_19822.npy,1.63,187.71
img_19823.npy,1.56,173.36
img_19824.npy,1.68,122.00
img_19825.npy,1.82,142.49
img_19826.npy,1.68,177.17
img_19827.npy,1.58,175.46
img_19828.npy,1.63,119.68
img_19829.npy,1.67,119.10
img_1983.npy,1.66,120.33
img_19830.npy,1.65,132.34
img_19831.npy,1.63,120.15
img_19832.npy,1.64,120.56
img_19833.npy,1.69,125.23
img_19834.npy,1.82,129.29
img_19835.npy,1.62,185.96
img_19836.npy,1.55,182.55
img_19837.npy,1.65,120.60
img_19838.npy,1.68,120.29
img_19839.npy,1.68,125.12
img_1984.npy,1.64,127.49
img_19840.npy,1.80,129.37
img_19841.npy,1.62,183.41
img_19842.npy,1.48,187.69
img_19843.npy,1.53,184.22
img_19844.npy,1.52,181.36
img_19845.npy,1.65,183.00
img_19846.npy,1.53,177.04
img_19847.npy,1.82,125.60
img_19848.npy,1.58,179.79
img_19849.npy,1.66,183.25
img_1985.npy,1.65,184.58
img_19850.npy,1.54,177.39
img_19851.npy,1.68,122.10
img_19852.npy,1.70,122.38
img_19853.npy,1.67,117.68
img_19854.npy,1.58,120.30
img_19855.npy,1.48,120.39
img_19856.npy,1.61,120.93
img_19857.npy,1.45,184.68
img_19858.npy,1.54,183.96
img_19859.npy,1.65,185.39
img_1986.npy,1.52,185.93
img_19860.npy,1.53,186.49
img_19861.npy,1.59,183.87
img_19862.npy,1.60,186.51
img_19863.npy,1.54,182.21
img_19864.npy,1.85,128.81
img_19865.npy,1.66,185.45
img_19866.npy,1.73,183.86
img_19867.npy,1.70,183.30
img_19868.npy,1.63,184.98
img_19869.npy,1.45,186.12
img_1987.npy,1.50,184.56
img_19870.npy,1.43,173.39
img_19871.npy,1.56,126.57
img_19872.npy,1.73,120.10
img_19873.npy,1.51,117.43
img_19874.npy,1.70,129.35
img_19875.npy,1.65,122.20
img_19876.npy,1.69,127.11
img_19877.npy,1.66,120.27
img_19878.npy,1.84,127.83
img_19879.npy,1.60,182.63
img_1988.npy,1.63,126.08
img_19880.npy,1.69,117.29
img_19881.npy,1.66,120.08
img_19882.npy,1.70,120.54
img_19883.npy,1.65,120.66
img_19884.npy,1.71,127.20
img_19885.npy,1.70,125.65
img_19886.npy,1.64,119.71
img_19887.npy,1.69,120.31
img_19888.npy,1.63,131.55
img_19889.npy,1.62,120.91
img_1989.npy,1.68,144.42
img_19890.npy,1.64,130.82
img_19891.npy,1.67,123.42
img_19892.npy,1.81,132.45
img_19893.npy,1.60,184.13
img_19894.npy,1.68,182.31
img_19895.npy,1.57,185.73
img_19896.npy,1.67,179.86
img_19897.npy,1.56,186.70
img_19898.npy,1.55,184.44
img_19899.npy,1.65,181.91
img_199.npy,1.72,183.24
img_1990.npy,1.66,185.44
img_19900.npy,1.52,185.48
img_19901.npy,1.61,121.76
img_19902.npy,1.70,123.70
img_19903.npy,1.68,123.80
img_19904.npy,1.66,147.46
img_19905.npy,1.66,121.81
img_19906.npy,1.70,125.70
img_19907.npy,1.70,125.33
img_19908.npy,1.58,117.60
img_19909.npy,1.66,122.86
img_1991.npy,1.61,117.33
img_19910.npy,1.56,116.77
img_19911.npy,1.64,119.64
img_19912.npy,1.58,120.01
img_19913.npy,1.71,119.57
img_19914.npy,1.57,118.60
img_19915.npy,1.65,119.47
img_19916.npy,1.62,120.26
img_19917.npy,1.71,119.17
img_19918.npy,1.60,120.28
img_19919.npy,1.65,120.43
img_1992.npy,1.85,127.54
img_19920.npy,1.71,180.66
img_19921.npy,1.70,183.90
img_19922.npy,1.71,185.79
img_19923.npy,1.67,186.87
img_19924.npy,1.68,186.11
img_19925.npy,1.65,186.27
img_19926.npy,1.63,187.11
img_19927.npy,1.66,185.95
img_19928.npy,1.62,186.71
img_19929.npy,1.67,187.06
img_1993.npy,1.63,185.12
img_19930.npy,1.71,187.20
img_19931.npy,1.62,186.93
img_19932.npy,1.60,173.55
img_19933.npy,1.63,136.14
img_19934.npy,1.67,146.59
img_19935.npy,1.58,128.29
img_19936.npy,1.64,128.44
img_19937.npy,1.56,124.62
img_19938.npy,1.67,125.34
img_19939.npy,1.68,119.89
img_1994.npy,1.65,117.81
img_19940.npy,1.65,121.28
img_19941.npy,1.81,128.82
img_19942.npy,1.54,177.20
img_19943.npy,1.82,126.89
img_19944.npy,1.59,182.07
img_19945.npy,1.55,120.30
img_19946.npy,1.68,129.67
img_19947.npy,1.62,120.60
img_19948.npy,1.60,122.71
img_19949.npy,1.66,125.38
img_1995.npy,1.65,121.58
img_19950.npy,1.66,123.00
img_19951.npy,1.72,133.71
img_19952.npy,1.61,135.21
img_19953.npy,1.69,131.07
img_19954.npy,1.57,120.22
img_19955.npy,1.69,143.84
img_19956.npy,1.57,168.80
img_19957.npy,1.62,120.47
img_19958.npy,1.47,122.83
img_19959.npy,1.65,125.69
img_1996.npy,1.64,120.64
img_19960.npy,1.53,129.75
img_19961.npy,1.66,125.95
img_19962.npy,1.70,128.60
img_19963.npy,1.65,124.97
img_19964.npy,1.70,127.02
img_19965.npy,1.65,124.04
img_19966.npy,1.80,137.29
img_19967.npy,1.64,184.85
img_19968.npy,1.50,184.32
img_19969.npy,1.64,183.56
img_1997.npy,1.64,185.13
img_19970.npy,1.60,187.57
img_19971.npy,1.63,180.83
img_19972.npy,1.61,185.06
img_19973.npy,1.62,186.64
img_19974.npy,1.61,185.04
img_19975.npy,1.54,182.54
img_19976.npy,1.81,136.44
img_19977.npy,1.74,185.00
img_19978.npy,1.53,182.40
img_19979.npy,1.73,152.49
img_1998.npy,1.67,120.43
img_19980.npy,1.65,119.86
img_19981.npy,1.69,116.51
img_19982.npy,1.63,119.89
img_19983.npy,1.65,123.68
img_19984.npy,1.67,120.82
img_19985.npy,1.60,124.96
img_19986.npy,1.60,128.06
img_19987.npy,1.83,133.29
img_19988.npy,1.65,182.34
img_19989.npy,1.64,185.56
img_1999.npy,1.56,183.60
img_19990.npy,1.59,179.54
img_19991.npy,1.68,182.96
img_19992.npy,1.72,186.77
img_19993.npy,1.67,185.95
img_19994.npy,1.62,187.01
img_19995.npy,1.63,185.21
img_19996.npy,1.51,188.36
img_19997.npy,1.70,186.05
img_19998.npy,1.64,184.21
img_19999.npy,1.62,185.59
img_2.npy,1.73,187.12
img_20.npy,1.54,182.01
img_200.npy,1.68,166.03
img_2000.npy,1.63,121.42
img_20000.npy,1.64,123.19
img_20001.npy,1.63,120.51
img_20002.npy,1.63,120.72
img_20003.npy,1.68,123.04
img_20004.npy,1.68,126.14
img_20005.npy,1.69,122.16
img_20006.npy,1.62,120.59
img_20007.npy,1.76,144.11
img_20008.npy,1.67,183.53
img_20009.npy,1.57,185.98
img_2001.npy,1.49,186.87
img_20010.npy,1.64,186.78
img_20011.npy,1.59,183.31
img_20012.npy,1.64,120.77
img_20013.npy,1.65,122.23
img_20014.npy,1.65,123.95
img_20015.npy,1.67,131.32
img_20016.npy,1.63,118.03
img_20017.npy,1.56,117.60
img_20018.npy,1.53,119.82
img_20019.npy,1.56,142.55
img_2002.npy,1.73,121.98
img_20020.npy,1.66,119.75
img_20021.npy,1.55,126.11
img_20022.npy,1.50,131.12
img_20023.npy,1.49,120.02
img_20024.npy,1.49,123.37
img_20025.npy,1.46,117.73
img_20026.npy,1.66,121.20
img_20027.npy,1.56,180.95
img_20028.npy,1.50,187.27
img_20029.npy,1.50,186.67
img_2003.npy,1.52,184.70
img_20030.npy,1.63,182.74
img_20031.npy,1.57,177.80
img_20032.npy,1.67,120.33
img_20033.npy,1.66,119.77
img_20034.npy,1.68,117.75
img_20035.npy,1.65,122.64
img_20036.npy,1.81,131.16
img_20037.npy,1.46,175.68
img_20038.npy,1.52,117.48
img_20039.npy,1.66,121.55
img_2004.npy,1.64,119.91
img_20040.npy,1.72,124.01
img_20041.npy,1.66,120.25
img_20042.npy,1.66,126.95
img_20043.npy,1.82,128.79
img_20044.npy,1.64,181.98
img_20045.npy,1.66,182.65
img_20046.npy,1.68,183.84
img_20047.npy,1.62,184.37
img_20048.npy,1.70,179.87
img_20049.npy,1.67,184.76
img_2005.npy,1.67,186.72
img_20050.npy,1.71,180.89
img_20051.npy,1.66,185.38
img_20052.npy,1.64,186.62
img_20053.npy,1.63,183.47
img_20054.npy,1.62,170.87
img_20055.npy,1.67,122.47
img_20056.npy,1.66,123.66
img_20057.npy,1.68,120.22
img_20058.npy,1.57,119.59
img_20059.npy,1.68,119.65
img_2006.npy,1.68,119.37
img_20060.npy,1.66,118.88
img_20061.npy,1.75,137.05
img_20062.npy,1.67,180.31
img_20063.npy,1.65,183.84
img_20064.npy,1.67,180.42
img_20065.npy,1.70,182.19
img_20066.npy,1.63,181.09
img_20067.npy,1.59,178.29
img_20068.npy,1.72,125.89
img_20069.npy,1.83,141.63
img_2007.npy,1.67,185.03
img_20070.npy,1.52,187.05
img_20071.npy,1.64,185.76
img_20072.npy,1.63,187.58
img_20073.npy,1.65,187.01
img_20074.npy,1.65,187.69
img_20075.npy,1.67,186.55
img_20076.npy,1.64,187.57
img_20077.npy,1.54,182.64
img_20078.npy,1.66,125.50
img_20079.npy,1.63,124.63
img_2008.npy,1.66,128.59
img_20080.npy,1.69,123.91
img_20081.npy,1.60,123.45
img_20082.npy,1.68,121.58
img_20083.npy,1.73,125.43
img_20084.npy,1.63,125.23
img_20085.npy,1.54,126.35
img_20086.npy,1.68,124.44
img_20087.npy,1.70,122.31
img_20088.npy,1.69,124.80
img_20089.npy,1.66,125.55
img_2009.npy,1.59,125.21
img_20090.npy,1.63,123.44
img_20091.npy,1.66,120.59
img_20092.npy,1.67,120.34
img_20093.npy,1.73,128.73
img_20094.npy,1.62,126.50
img_20095.npy,1.67,118.16
img_20096.npy,1.67,125.33
img_20097.npy,1.85,149.31
img_20098.npy,1.53,178.29
img_20099.npy,1.65,130.73
img_201.npy,1.67,125.59
img_2010.npy,1.68,123.45
img_20100.npy,1.83,148.13
img_20101.npy,1.63,181.83
img_20102.npy,1.67,187.19
img_20103.npy,1.64,187.25
img_20104.npy,1.60,183.05
img_20105.npy,1.64,124.13
img_20106.npy,1.77,145.85
img_20107.npy,1.48,184.39
img_20108.npy,1.46,179.52
img_20109.npy,1.64,125.02
img_2011.npy,1.64,125.54
img_20110.npy,1.63,127.28
img_20111.npy,1.64,126.67
img_20112.npy,1.67,119.69
img_20113.npy,1.61,119.98
img_20114.npy,1.64,119.43
img_20115.npy,1.58,119.91
img_20116.npy,1.63,119.70
img_20117.npy,1.58,120.25
img_20118.npy,1.64,119.91
img_20119.npy,1.65,119.85
img_2012.npy,1.78,125.25
img_20120.npy,1.52,181.89
img_20121.npy,1.67,147.30
img_20122.npy,1.65,127.42
img_20123.npy,1.65,125.22
img_20124.npy,1.65,137.40
img_20125.npy,1.69,128.22
img_20126.npy,1.57,119.18
img_20127.npy,1.66,126.02
img_20128.npy,1.67,123.70
img_20129.npy,1.70,129.33
img_2013.npy,1.85,143.51
img_20130.npy,1.65,182.09
img_20131.npy,1.54,180.50
img_20132.npy,1.72,128.44
img_20133.npy,1.49,184.43
img_20134.npy,1.71,127.96
img_20135.npy,1.62,188.27
img_20136.npy,1.67,186.90
img_20137.npy,1.64,184.84
img_20138.npy,1.60,182.25
img_20139.npy,1.79,149.82
img_2014.npy,1.65,187.39
img_20140.npy,1.66,187.24
img_20141.npy,1.58,178.45
img_20142.npy,1.60,174.99
img_20143.npy,1.61,183.26
img_20144.npy,1.60,179.70
img_20145.npy,1.64,146.05
img_20146.npy,1.62,126.56
img_20147.npy,1.68,123.62
img_20148.npy,1.63,119.52
img_20149.npy,1.66,120.19
img_2015.npy,1.78,131.24
img_20150.npy,1.59,184.36
img_20151.npy,1.69,184.69
img_20152.npy,1.62,188.05
img_20153.npy,1.54,186.02
img_20154.npy,1.67,128.28
img_20155.npy,1.71,154.44
img_20156.npy,1.67,120.06
img_20157.npy,1.63,118.15
img_20158.npy,1.61,145.95
img_20159.npy,1.60,124.29
img_2016.npy,1.67,119.96
img_20160.npy,1.54,119.61
img_20161.npy,1.65,119.68
img_20162.npy,1.69,120.53
img_20163.npy,1.69,119.57
img_20164.npy,1.73,117.27
img_20165.npy,1.60,119.43
img_20166.npy,1.58,120.20
img_20167.npy,1.63,124.97
img_20168.npy,1.61,124.29
img_20169.npy,1.83,128.52
img_2017.npy,1.62,186.73
img_20170.npy,1.70,180.91
img_20171.npy,1.66,187.29
img_20172.npy,1.62,185.16
img_20173.npy,1.70,183.70
img_20174.npy,1.65,187.09
img_20175.npy,1.66,187.52
img_20176.npy,1.59,186.79
img_20177.npy,1.55,173.01
img_20178.npy,1.64,117.45
img_20179.npy,1.63,117.17
img_2018.npy,1.60,119.28
img_20180.npy,1.61,119.64
img_20181.npy,1.72,121.64
img_20182.npy,1.66,120.50
img_20183.npy,1.78,156.27
img_20184.npy,1.74,182.74
img_20185.npy,1.68,182.29
img_20186.npy,1.67,183.89
img_20187.npy,1.72,181.19
img_20188.npy,1.52,184.65
img_20189.npy,1.52,188.51
img_2019.npy,1.72,187.38
img_20190.npy,1.73,185.21
img_20191.npy,1.57,185.16
img_20192.npy,1.67,129.18
img_20193.npy,1.59,181.75
img_20194.npy,1.72,126.71
img_20195.npy,1.68,123.80
img_20196.npy,1.66,122.60
img_20197.npy,1.61,121.23
img_20198.npy,1.61,119.93
img_20199.npy,1.58,122.41
img_202.npy,1.60,120.36
img_2020.npy,1.66,124.83
img_20200.npy,1.58,122.10
img_20201.npy,1.63,130.33
img_20202.npy,1.67,124.79
img_20203.npy,1.70,125.85
img_20204.npy,1.65,125.85
img_20205.npy,1.74,127.93
img_20206.npy,1.64,184.92
img_20207.npy,1.64,186.91
img_20208.npy,1.71,185.56
img_20209.npy,1.67,186.71
img_2021.npy,1.71,181.61
img_20210.npy,1.62,182.81
img_20211.npy,1.68,178.50
img_20212.npy,1.67,186.85
img_20213.npy,1.64,182.59
img_20214.npy,1.54,182.09
img_20215.npy,1.62,123.33
img_20216.npy,1.82,141.71
img_20217.npy,1.67,166.73
img_20218.npy,1.67,187.02
img_20219.npy,1.68,186.11
img_2022.npy,1.68,186.57
img_20220.npy,1.65,183.27
img_20221.npy,1.59,187.57
img_20222.npy,1.69,184.57
img_20223.npy,1.66,184.65
img_20224.npy,1.62,180.66
img_20225.npy,1.51,178.46
img_20226.npy,1.71,125.96
img_20227.npy,1.80,125.77
img_20228.npy,1.68,184.45
img_20229.npy,1.63,183.65
img_2023.npy,1.62,188.03
img_20230.npy,1.67,172.50
img_20231.npy,1.59,186.99
img_20232.npy,1.53,183.72
img_20233.npy,1.60,183.11
img_20234.npy,1.66,185.67
img_20235.npy,1.67,184.57
img_20236.npy,1.72,184.65
img_20237.npy,1.68,187.29
img_20238.npy,1.68,186.81
img_20239.npy,1.58,186.17
img_2024.npy,1.62,186.85
img_20240.npy,1.65,186.29
img_20241.npy,1.73,182.56
img_20242.npy,1.63,186.14
img_20243.npy,1.76,177.25
img_20244.npy,1.66,186.95
img_20245.npy,1.63,178.79
img_20246.npy,1.66,181.03
img_20247.npy,1.52,185.52
img_20248.npy,1.65,186.34
img_20249.npy,1.64,186.66
img_2025.npy,1.58,181.38
img_20250.npy,1.62,122.46
img_20251.npy,1.65,129.56
img_20252.npy,1.68,120.45
img_20253.npy,1.67,131.75
img_20254.npy,1.67,130.64
img_20255.npy,1.68,120.72
img_20256.npy,1.68,125.05
img_20257.npy,1.58,126.70
img_20258.npy,1.62,121.53
img_20259.npy,1.77,128.00
img_2026.npy,1.61,182.52
img_20260.npy,1.60,183.21
img_20261.npy,1.60,180.57
img_20262.npy,1.69,132.07
img_20263.npy,1.48,119.83
img_20264.npy,1.48,120.24
img_20265.npy,1.51,120.97
img_20266.npy,1.55,123.28
img_20267.npy,1.60,118.65
img_20268.npy,1.68,119.90
img_20269.npy,1.69,123.65
img_2027.npy,1.56,119.83
img_20270.npy,1.58,117.66
img_20271.npy,1.45,117.52
img_20272.npy,1.47,119.51
img_20273.npy,1.56,120.17
img_20274.npy,1.72,132.20
img_20275.npy,1.72,185.82
img_20276.npy,1.68,183.58
img_20277.npy,1.62,185.37
img_20278.npy,1.66,186.33
img_20279.npy,1.67,186.01
img_2028.npy,1.70,187.73
img_20280.npy,1.65,186.89
img_20281.npy,1.54,186.92
img_20282.npy,1.50,184.43
img_20283.npy,1.64,188.09
img_20284.npy,1.63,184.54
img_20285.npy,1.62,187.98
img_20286.npy,1.59,184.51
img_20287.npy,1.67,185.93
img_20288.npy,1.60,185.73
img_20289.npy,1.67,186.94
img_2029.npy,1.47,181.36
img_20290.npy,1.47,187.81
img_20291.npy,1.60,171.31
img_20292.npy,1.45,187.87
img_20293.npy,1.63,186.52
img_20294.npy,1.58,185.29
img_20295.npy,1.62,185.03
img_20296.npy,1.58,183.10
img_20297.npy,1.75,131.32
img_20298.npy,1.61,182.84
img_20299.npy,1.58,171.13
img_203.npy,1.63,120.04
img_2030.npy,1.65,125.15
img_20300.npy,1.75,121.64
img_20301.npy,1.55,120.06
img_20302.npy,1.58,124.67
img_20303.npy,1.71,122.64
img_20304.npy,1.56,121.79
img_20305.npy,1.60,120.15
img_20306.npy,1.52,117.43
img_20307.npy,1.50,120.74
img_20308.npy,1.53,121.70
img_20309.npy,1.51,118.39
img_2031.npy,1.51,130.54
img_20310.npy,1.46,120.98
img_20311.npy,1.65,139.57
img_20312.npy,1.53,184.62
img_20313.npy,1.62,187.10
img_20314.npy,1.51,183.69
img_20315.npy,1.50,182.51
img_20316.npy,1.69,174.61
img_20317.npy,1.65,184.85
img_20318.npy,1.46,171.31
img_20319.npy,1.51,123.70
img_2032.npy,1.67,125.41
img_20320.npy,1.78,129.04
img_20321.npy,1.51,182.84
img_20322.npy,1.61,183.17
img_20323.npy,1.71,179.84
img_20324.npy,1.66,187.08
img_20325.npy,1.68,184.03
img_20326.npy,1.64,185.21
img_20327.npy,1.62,186.88
img_20328.npy,1.68,184.64
img_20329.npy,1.66,185.02
img_2033.npy,1.58,185.96
img_20330.npy,1.68,128.61
img_20331.npy,1.64,128.10
img_20332.npy,1.55,126.37
img_20333.npy,1.65,134.82
img_20334.npy,1.63,179.76
img_20335.npy,1.66,183.90
img_20336.npy,1.62,182.43
img_20337.npy,1.66,172.58
img_20338.npy,1.60,180.34
img_20339.npy,1.53,181.53
img_2034.npy,1.61,186.95
img_20340.npy,1.39,180.45
img_20341.npy,1.61,127.56
img_20342.npy,1.79,134.68
img_20343.npy,1.58,185.34
img_20344.npy,1.62,182.27
img_20345.npy,1.63,185.64
img_20346.npy,1.64,185.81
img_20347.npy,1.63,183.89
img_20348.npy,1.60,182.36
img_20349.npy,1.50,125.16
img_2035.npy,1.48,125.92
img_20350.npy,1.50,120.79
img_20351.npy,1.44,120.25
img_20352.npy,1.47,120.50
img_20353.npy,1.55,126.29
img_20354.npy,1.44,186.38
img_20355.npy,1.61,181.97
img_20356.npy,1.67,188.11
img_20357.npy,1.69,183.07
img_20358.npy,1.63,186.84
img_20359.npy,1.60,184.56
img_2036.npy,1.68,187.02
img_20360.npy,1.65,186.38
img_20361.npy,1.57,183.05
img_20362.npy,1.78,141.64
img_20363.npy,1.54,186.05
img_20364.npy,1.63,131.02
img_20365.npy,1.73,149.14
img_20366.npy,1.59,122.57
img_20367.npy,1.57,124.84
img_20368.npy,1.68,117.70
img_20369.npy,1.67,119.80
img_2037.npy,1.68,120.61
img_20370.npy,1.60,120.73
img_20371.npy,1.67,123.24
img_20372.npy,1.60,126.75
img_20373.npy,1.66,125.39
img_20374.npy,1.67,125.11
img_20375.npy,1.59,122.16
img_20376.npy,1.63,123.83
img_20377.npy,1.75,123.52
img_20378.npy,1.71,124.48
img_20379.npy,1.70,134.64
img_2038.npy,1.83,141.66
img_20380.npy,1.65,183.96
img_20381.npy,1.65,183.78
img_20382.npy,1.68,186.40
img_20383.npy,1.51,182.25
img_20384.npy,1.60,185.71
img_20385.npy,1.69,186.65
img_20386.npy,1.60,184.02
img_20387.npy,1.59,184.59
img_20388.npy,1.68,125.15
img_20389.npy,1.66,117.51
img_2039.npy,1.64,125.15
img_20390.npy,1.71,126.76
img_20391.npy,1.60,127.60
img_20392.npy,1.81,170.04
img_20393.npy,1.64,185.39
img_20394.npy,1.58,172.34
img_20395.npy,1.60,123.75
img_20396.npy,1.65,126.37
img_20397.npy,1.68,127.41
img_20398.npy,1.75,147.13
img_20399.npy,1.59,122.30
img_204.npy,1.67,127.95
img_2040.npy,1.66,123.19
img_20400.npy,1.68,120.55
img_20401.npy,1.62,125.41
img_20402.npy,1.68,122.47
img_20403.npy,1.76,135.56
img_20404.npy,1.59,183.45
img_20405.npy,1.64,185.68
img_20406.npy,1.67,184.74
img_20407.npy,1.66,184.09
img_20408.npy,1.65,185.68
img_20409.npy,1.62,188.44
img_2041.npy,1.64,184.40
img_20410.npy,1.65,181.17
img_20411.npy,1.53,184.05
img_20412.npy,1.59,128.36
img_20413.npy,1.61,120.41
img_20414.npy,1.58,120.91
img_20415.npy,1.85,140.23
img_20416.npy,1.67,184.65
img_20417.npy,1.65,185.54
img_20418.npy,1.64,184.09
img_20419.npy,1.55,183.52
img_2042.npy,1.65,124.80
img_20420.npy,1.65,120.75
img_20421.npy,1.66,122.98
img_20422.npy,1.66,125.45
img_20423.npy,1.72,125.02
img_20424.npy,1.62,135.02
img_20425.npy,1.57,180.17
img_20426.npy,1.63,187.11
img_20427.npy,1.70,184.57
img_20428.npy,1.71,175.22
img_20429.npy,1.70,183.91
img_2043.npy,1.69,186.32
img_20430.npy,1.58,185.55
img_20431.npy,1.50,186.95
img_20432.npy,1.57,182.27
img_20433.npy,1.80,152.46
img_20434.npy,1.62,186.95
img_20435.npy,1.57,185.57
img_20436.npy,1.63,186.55
img_20437.npy,1.57,182.21
img_20438.npy,1.65,125.92
img_20439.npy,1.74,129.75
img_2044.npy,1.54,182.78
img_20440.npy,1.63,181.23
img_20441.npy,1.66,182.18
img_20442.npy,1.69,185.52
img_20443.npy,1.64,186.19
img_20444.npy,1.56,187.08
img_20445.npy,1.51,180.85
img_20446.npy,1.62,120.41
img_20447.npy,1.64,122.09
img_20448.npy,1.62,122.21
img_20449.npy,1.47,136.02
img_2045.npy,1.64,126.27
img_20450.npy,1.75,136.69
img_20451.npy,1.52,184.64
img_20452.npy,1.66,122.60
img_20453.npy,1.63,127.06
img_20454.npy,1.72,138.23
img_20455.npy,1.66,124.20
img_20456.npy,1.52,126.51
img_20457.npy,1.66,121.09
img_20458.npy,1.61,124.04
img_20459.npy,1.62,120.85
img_2046.npy,1.68,125.05
img_20460.npy,1.66,122.93
img_20461.npy,1.69,122.96
img_20462.npy,1.65,120.16
img_20463.npy,1.56,124.88
img_20464.npy,1.64,120.95
img_20465.npy,1.62,123.61
img_20466.npy,1.59,140.23
img_20467.npy,1.56,118.33
img_20468.npy,1.57,123.40
img_20469.npy,1.53,128.36
img_2047.npy,1.55,120.66
img_20470.npy,1.58,123.52
img_20471.npy,1.55,122.72
img_20472.npy,1.48,125.32
img_20473.npy,1.55,122.15
img_20474.npy,1.61,128.61
img_20475.npy,1.62,126.00
img_20476.npy,1.53,118.64
img_20477.npy,1.77,130.54
img_20478.npy,1.62,182.55
img_20479.npy,1.49,187.13
img_2048.npy,1.57,182.82
img_20480.npy,1.61,184.33
img_20481.npy,1.61,181.76
img_20482.npy,1.43,183.50
img_20483.npy,1.45,182.47
img_20484.npy,1.56,184.66
img_20485.npy,1.63,186.34
img_20486.npy,1.60,185.70
img_20487.npy,1.60,185.51
img_20488.npy,1.62,181.85
img_20489.npy,1.60,187.58
img_2049.npy,1.59,186.72
img_20490.npy,1.66,187.20
img_20491.npy,1.57,187.34
img_20492.npy,1.58,187.92
img_20493.npy,1.61,186.65
img_20494.npy,1.63,185.49
img_20495.npy,1.66,186.47
img_20496.npy,1.62,181.74
img_20497.npy,1.61,185.01
img_20498.npy,1.51,187.75
img_20499.npy,1.54,183.82
img_205.npy,1.47,183.53
img_2050.npy,1.69,137.42
img_20500.npy,1.57,187.86
img_20501.npy,1.63,184.68
img_20502.npy,1.60,183.51
img_20503.npy,1.51,186.77
img_20504.npy,1.59,186.73
img_20505.npy,1.52,185.14
img_20506.npy,1.63,183.52
img_20507.npy,1.61,186.78
img_20508.npy,1.66,186.10
img_20509.npy,1.59,185.22
img_2051.npy,1.60,183.68
img_20510.npy,1.59,186.05
img_20511.npy,1.54,188.00
img_20512.npy,1.54,181.27
img_20513.npy,1.57,141.26
img_20514.npy,1.58,120.73
img_20515.npy,1.75,121.21
img_20516.npy,1.51,182.10
img_20517.npy,1.52,187.96
img_20518.npy,1.57,184.95
img_20519.npy,1.57,184.90
img_2052.npy,1.47,185.97
img_20520.npy,1.61,186.02
img_20521.npy,1.57,188.18
img_20522.npy,1.66,184.90
img_20523.npy,1.57,184.63
img_20524.npy,1.59,187.36
img_20525.npy,1.47,187.02
img_20526.npy,1.44,188.08
img_20527.npy,1.61,188.12
img_20528.npy,1.52,186.68
img_20529.npy,1.60,186.65
img_2053.npy,1.58,187.16
img_20530.npy,1.60,185.37
img_20531.npy,1.65,179.18
img_20532.npy,1.48,186.67
img_20533.npy,1.48,186.74
img_20534.npy,1.58,183.77
img_20535.npy,1.62,173.91
img_20536.npy,1.59,185.91
img_20537.npy,1.62,183.39
img_20538.npy,1.62,185.85
img_20539.npy,1.62,185.31
img_2054.npy,1.61,184.75
img_20540.npy,1.49,182.94
img_20541.npy,1.63,126.27
img_20542.npy,1.77,130.66
img_20543.npy,1.61,185.50
img_20544.npy,1.59,185.42
img_20545.npy,1.60,186.20
img_20546.npy,1.62,178.64
img_20547.npy,1.59,184.29
img_20548.npy,1.64,183.38
img_20549.npy,1.55,187.23
img_2055.npy,1.54,185.97
img_20550.npy,1.56,187.44
img_20551.npy,1.54,185.39
img_20552.npy,1.58,186.56
img_20553.npy,1.49,184.86
img_20554.npy,1.40,184.73
img_20555.npy,1.70,182.85
img_20556.npy,1.60,182.78
img_20557.npy,1.58,184.04
img_20558.npy,1.56,185.16
img_20559.npy,1.51,186.91
img_2056.npy,1.62,185.19
img_20560.npy,1.61,186.39
img_20561.npy,1.56,182.22
img_20562.npy,1.49,183.25
img_20563.npy,1.61,118.94
img_20564.npy,1.64,128.40
img_20565.npy,1.60,119.00
img_20566.npy,1.64,126.01
img_20567.npy,1.64,128.18
img_20568.npy,1.58,125.70
img_20569.npy,1.56,126.30
img_2057.npy,1.51,139.27
img_20570.npy,1.57,130.48
img_20571.npy,1.59,125.38
img_20572.npy,1.73,132.59
img_20573.npy,1.60,184.72
img_20574.npy,1.39,188.36
img_20575.npy,1.59,186.93
img_20576.npy,1.55,187.33
img_20577.npy,1.58,186.08
img_20578.npy,1.57,186.65
img_20579.npy,1.57,183.88
img_2058.npy,1.58,187.71
img_20580.npy,1.37,181.23
img_20581.npy,1.54,117.83
img_20582.npy,1.60,122.38
img_20583.npy,1.60,119.71
img_20584.npy,1.54,120.25
img_20585.npy,1.55,141.97
img_20586.npy,1.61,123.06
img_20587.npy,1.55,121.74
img_20588.npy,1.48,117.90
img_20589.npy,1.52,125.39
img_2059.npy,1.62,124.33
img_20590.npy,1.61,120.60
img_20591.npy,1.63,122.10
img_20592.npy,1.55,125.53
img_20593.npy,1.57,126.16
img_20594.npy,1.58,121.79
img_20595.npy,1.57,131.59
img_20596.npy,1.55,124.59
img_20597.npy,1.55,124.33
img_20598.npy,1.53,123.67
img_20599.npy,1.75,130.25
img_206.npy,1.63,186.51
img_2060.npy,1.52,187.36
img_20600.npy,1.51,187.80
img_20601.npy,1.47,184.24
img_20602.npy,1.49,184.12
img_20603.npy,1.59,187.28
img_20604.npy,1.61,186.96
img_20605.npy,1.59,183.56
img_20606.npy,1.58,184.87
img_20607.npy,1.61,185.06
img_20608.npy,1.59,181.27
img_20609.npy,1.50,167.98
img_2061.npy,1.52,120.29
img_20610.npy,1.51,123.84
img_20611.npy,1.61,144.75
img_20612.npy,1.62,124.65
img_20613.npy,1.56,119.42
img_20614.npy,1.58,119.69
img_20615.npy,1.58,119.57
img_20616.npy,1.62,119.90
img_20617.npy,1.60,127.21
img_20618.npy,1.56,120.40
img_20619.npy,1.62,120.52
img_2062.npy,1.54,119.16
img_20620.npy,1.61,119.57
img_20621.npy,1.63,119.55
img_20622.npy,1.45,119.24
img_20623.npy,1.52,115.09
img_20624.npy,1.53,119.54
img_20625.npy,1.57,116.70
img_20626.npy,1.55,119.12
img_20627.npy,1.56,121.49
img_20628.npy,1.56,122.02
img_20629.npy,1.51,120.12
img_2063.npy,1.59,119.70
img_20630.npy,1.58,122.64
img_20631.npy,1.55,122.12
img_20632.npy,1.61,121.95
img_20633.npy,1.58,121.61
img_20634.npy,1.60,123.12
img_20635.npy,1.52,121.00
img_20636.npy,1.46,119.82
img_20637.npy,1.55,119.72
img_20638.npy,1.59,119.62
img_20639.npy,1.62,124.24
img_2064.npy,1.78,151.28
img_20640.npy,1.60,185.68
img_20641.npy,1.51,186.29
img_20642.npy,1.51,185.34
img_20643.npy,1.51,186.12
img_20644.npy,1.56,186.35
img_20645.npy,1.56,184.85
img_20646.npy,1.61,181.15
img_20647.npy,1.48,184.57
img_20648.npy,1.59,183.47
img_20649.npy,1.51,176.87
img_2065.npy,1.61,130.50
img_20650.npy,1.58,126.07
img_20651.npy,1.64,123.59
img_20652.npy,1.63,124.34
img_20653.npy,1.60,120.05
img_20654.npy,1.62,122.46
img_20655.npy,1.64,128.27
img_20656.npy,1.59,154.51
img_20657.npy,1.51,180.11
img_20658.npy,1.64,120.48
img_20659.npy,1.60,119.95
img_2066.npy,1.58,119.53
img_20660.npy,1.71,124.55
img_20661.npy,1.53,187.39
img_20662.npy,1.59,183.55
img_20663.npy,1.47,180.90
img_20664.npy,1.58,122.16
img_20665.npy,1.57,120.39
img_20666.npy,1.60,122.29
img_20667.npy,1.59,123.01
img_20668.npy,1.60,119.93
img_20669.npy,1.56,123.95
img_2067.npy,1.53,119.74
img_20670.npy,1.45,121.23
img_20671.npy,1.51,122.90
img_20672.npy,1.63,123.35
img_20673.npy,1.64,120.96
img_20674.npy,1.58,124.41
img_20675.npy,1.61,120.44
img_20676.npy,1.57,117.44
img_20677.npy,1.59,122.35
img_20678.npy,1.61,120.16
img_20679.npy,1.66,144.37
img_2068.npy,1.64,124.52
img_20680.npy,1.61,124.56
img_20681.npy,1.56,118.89
img_20682.npy,1.59,125.64
img_20683.npy,1.60,120.72
img_20684.npy,1.67,121.81
img_20685.npy,1.59,186.27
img_20686.npy,1.62,186.39
img_20687.npy,1.55,187.25
img_20688.npy,1.53,182.40
img_20689.npy,1.63,182.84
img_2069.npy,1.62,185.77
img_20690.npy,1.62,183.76
img_20691.npy,1.57,182.17
img_20692.npy,1.63,184.16
img_20693.npy,1.51,187.55
img_20694.npy,1.57,182.69
img_20695.npy,1.59,185.20
img_20696.npy,1.57,182.11
img_20697.npy,1.59,122.12
img_20698.npy,1.60,117.08
img_20699.npy,1.63,120.34
img_207.npy,1.61,132.14
img_2070.npy,1.54,186.88
img_20700.npy,1.51,183.54
img_20701.npy,1.43,176.86
img_20702.npy,1.49,119.88
img_20703.npy,1.48,123.83
img_20704.npy,1.55,120.85
img_20705.npy,1.49,126.76
img_20706.npy,1.46,124.44
img_20707.npy,1.59,139.27
img_20708.npy,1.54,121.01
img_20709.npy,1.55,136.12
img_2071.npy,1.59,124.83
img_20710.npy,1.69,126.27
img_20711.npy,1.58,185.33
img_20712.npy,1.59,185.23
img_20713.npy,1.58,184.76
img_20714.npy,1.64,184.80
img_20715.npy,1.53,183.39
img_20716.npy,1.60,186.43
img_20717.npy,1.59,187.21
img_20718.npy,1.56,186.67
img_20719.npy,1.55,185.37
img_2072.npy,1.46,185.48
img_20720.npy,1.68,127.51
img_20721.npy,1.62,122.29
img_20722.npy,1.78,132.64
img_20723.npy,1.53,180.10
img_20724.npy,1.60,125.67
img_20725.npy,1.59,134.20
img_20726.npy,1.69,137.86
img_20727.npy,1.62,120.01
img_20728.npy,1.63,144.32
img_20729.npy,1.55,118.20
img_2073.npy,1.62,118.93
img_20730.npy,1.59,119.79
img_20731.npy,1.58,119.65
img_20732.npy,1.54,122.08
img_20733.npy,1.61,121.77
img_20734.npy,1.59,120.05
img_20735.npy,1.54,119.92
img_20736.npy,1.57,122.79
img_20737.npy,1.59,120.80
img_20738.npy,1.57,120.12
img_20739.npy,1.55,123.13
img_2074.npy,1.56,122.06
img_20740.npy,1.59,119.16
img_20741.npy,1.61,121.40
img_20742.npy,1.57,118.71
img_20743.npy,1.61,118.79
img_20744.npy,1.57,117.47
img_20745.npy,1.57,118.45
img_20746.npy,1.58,119.95
img_20747.npy,1.60,122.70
img_20748.npy,1.59,123.22
img_20749.npy,1.59,123.14
img_2075.npy,1.63,121.14
img_20750.npy,1.56,123.62
img_20751.npy,1.65,119.45
img_20752.npy,1.59,116.67
img_20753.npy,1.55,117.04
img_20754.npy,1.54,117.36
img_20755.npy,1.59,118.51
img_20756.npy,1.50,118.93
img_20757.npy,1.55,119.94
img_20758.npy,1.55,120.31
img_20759.npy,1.59,121.80
img_2076.npy,1.55,117.75
img_20760.npy,1.56,117.97
img_20761.npy,1.54,120.01
img_20762.npy,1.56,117.04
img_20763.npy,1.56,119.39
img_20764.npy,1.55,120.27
img_20765.npy,1.54,123.20
img_20766.npy,1.53,122.64
img_20767.npy,1.53,122.48
img_20768.npy,1.58,122.19
img_20769.npy,1.58,122.45
img_2077.npy,1.66,119.76
img_20770.npy,1.59,119.10
img_20771.npy,1.57,120.81
img_20772.npy,1.59,121.62
img_20773.npy,1.50,118.16
img_20774.npy,1.50,117.18
img_20775.npy,1.58,120.20
img_20776.npy,1.60,118.78
img_20777.npy,1.60,117.30
img_20778.npy,1.66,119.62
img_20779.npy,1.52,129.33
img_2078.npy,1.58,123.58
img_20780.npy,1.61,132.08
img_20781.npy,1.59,124.29
img_20782.npy,1.58,122.59
img_20783.npy,1.65,126.76
img_20784.npy,1.58,140.76
img_20785.npy,1.64,141.46
img_20786.npy,1.54,183.85
img_20787.npy,1.68,133.59
img_20788.npy,1.58,185.56
img_20789.npy,1.54,182.65
img_2079.npy,1.56,185.59
img_20790.npy,1.56,184.27
img_20791.npy,1.58,186.07
img_20792.npy,1.57,180.02
img_20793.npy,1.60,185.57
img_20794.npy,1.56,186.79
img_20795.npy,1.52,182.93
img_20796.npy,1.58,182.77
img_20797.npy,1.61,183.83
img_20798.npy,1.56,181.47
img_20799.npy,1.47,181.95
img_208.npy,1.57,117.34
img_2080.npy,1.45,120.33
img_20800.npy,1.60,121.72
img_20801.npy,1.60,124.23
img_20802.npy,1.65,121.32
img_20803.npy,1.64,124.45
img_20804.npy,1.53,124.70
img_20805.npy,1.55,125.09
img_20806.npy,1.67,124.21
img_20807.npy,1.48,181.98
img_20808.npy,1.67,153.35
img_20809.npy,1.61,185.93
img_2081.npy,1.63,186.75
img_20810.npy,1.52,182.53
img_20811.npy,1.60,182.29
img_20812.npy,1.58,186.73
img_20813.npy,1.53,182.44
img_20814.npy,1.59,183.95
img_20815.npy,1.54,186.80
img_20816.npy,1.59,186.39
img_20817.npy,1.61,187.61
img_20818.npy,1.53,175.59
img_20819.npy,1.59,118.82
img_2082.npy,1.56,122.50
img_20820.npy,1.57,117.36
img_20821.npy,1.53,116.95
img_20822.npy,1.57,119.98
img_20823.npy,1.60,118.93
img_20824.npy,1.50,119.98
img_20825.npy,1.54,119.83
img_20826.npy,1.58,116.27
img_20827.npy,1.57,119.45
img_20828.npy,1.60,116.25
img_20829.npy,1.52,119.36
img_2083.npy,1.55,116.81
img_20830.npy,1.43,116.92
img_20831.npy,1.57,119.70
img_20832.npy,1.60,119.57
img_20833.npy,1.58,117.86
img_20834.npy,1.49,120.12
img_20835.npy,1.55,118.74
img_20836.npy,1.57,120.41
img_20837.npy,1.57,119.41
img_20838.npy,1.63,122.86
img_20839.npy,1.56,120.57
img_2084.npy,1.71,120.41
img_20840.npy,1.56,124.30
img_20841.npy,1.67,131.25
img_20842.npy,1.51,186.55
img_20843.npy,1.61,186.07
img_20844.npy,1.61,187.17
img_20845.npy,1.60,188.37
img_20846.npy,1.62,186.24
img_20847.npy,1.60,185.57
img_20848.npy,1.65,184.25
img_20849.npy,1.62,183.49
img_2085.npy,1.60,184.80
img_20850.npy,1.60,182.61
img_20851.npy,1.64,185.27
img_20852.npy,1.53,181.23
img_20853.npy,1.70,149.27
img_20854.npy,1.63,185.45
img_20855.npy,1.48,186.79
img_20856.npy,1.54,186.65
img_20857.npy,1.59,182.43
img_20858.npy,1.57,183.27
img_20859.npy,1.59,179.59
img_2086.npy,1.61,182.62
img_20860.npy,1.62,183.90
img_20861.npy,1.61,185.71
img_20862.npy,1.64,185.33
img_20863.npy,1.59,186.18
img_20864.npy,1.51,183.40
img_20865.npy,1.62,124.91
img_20866.npy,1.60,122.73
img_20867.npy,1.58,121.29
img_20868.npy,1.53,124.79
img_20869.npy,1.55,120.55
img_2087.npy,1.74,144.84
img_20870.npy,1.51,183.72
img_20871.npy,1.57,124.96
img_20872.npy,1.55,125.37
img_20873.npy,1.59,128.02
img_20874.npy,1.69,140.97
img_20875.npy,1.52,187.69
img_20876.npy,1.49,183.00
img_20877.npy,1.54,121.95
img_20878.npy,1.55,119.33
img_20879.npy,1.48,119.55
img_2088.npy,1.58,117.89
img_20880.npy,1.63,117.65
img_20881.npy,1.61,116.70
img_20882.npy,1.53,119.77
img_20883.npy,1.59,119.40
img_20884.npy,1.61,119.99
img_20885.npy,1.62,119.91
img_20886.npy,1.64,119.65
img_20887.npy,1.65,118.47
img_20888.npy,1.62,119.25
img_20889.npy,1.63,118.97
img_2089.npy,1.65,117.96
img_20890.npy,1.59,117.71
img_20891.npy,1.66,119.08
img_20892.npy,1.62,119.64
img_20893.npy,1.52,119.61
img_20894.npy,1.65,119.49
img_20895.npy,1.59,118.26
img_20896.npy,1.59,120.59
img_20897.npy,1.50,129.52
img_20898.npy,1.62,124.27
img_20899.npy,1.70,130.92
img_209.npy,1.71,183.14
img_2090.npy,1.55,186.79
img_20900.npy,1.63,171.89
img_20901.npy,1.52,183.38
img_20902.npy,1.50,182.39
img_20903.npy,1.55,124.11
img_20904.npy,1.61,126.61
img_20905.npy,1.60,124.66
img_20906.npy,1.58,120.59
img_20907.npy,1.63,128.04
img_20908.npy,1.59,123.68
img_20909.npy,1.49,117.34
img_2091.npy,1.63,122.79
img_20910.npy,1.59,119.43
img_20911.npy,1.63,117.50
img_20912.npy,1.62,122.45
img_20913.npy,1.62,117.71
img_20914.npy,1.59,126.50
img_20915.npy,1.59,124.20
img_20916.npy,1.59,118.64
img_20917.npy,1.52,120.66
img_20918.npy,1.62,128.05
img_20919.npy,1.52,121.07
img_2092.npy,1.57,120.39
img_20920.npy,1.58,121.24
img_20921.npy,1.70,128.58
img_20922.npy,1.61,187.19
img_20923.npy,1.60,180.18
img_20924.npy,1.65,183.64
img_20925.npy,1.62,186.14
img_20926.npy,1.54,186.73
img_20927.npy,1.54,187.72
img_20928.npy,1.56,185.26
img_20929.npy,1.60,184.43
img_2093.npy,1.61,184.67
img_20930.npy,1.59,185.07
img_20931.npy,1.56,186.43
img_20932.npy,1.57,185.16
img_20933.npy,1.60,185.92
img_20934.npy,1.56,184.05
img_20935.npy,1.60,185.79
img_20936.npy,1.39,183.41
img_20937.npy,1.53,125.99
img_20938.npy,1.55,119.91
img_20939.npy,1.54,119.61
img_2094.npy,1.52,116.34
img_20940.npy,1.59,123.85
img_20941.npy,1.44,126.23
img_20942.npy,1.50,120.68
img_20943.npy,1.52,122.98
img_20944.npy,1.53,118.11
img_20945.npy,1.58,118.12
img_20946.npy,1.54,126.56
img_20947.npy,1.55,125.13
img_20948.npy,1.58,126.22
img_20949.npy,1.64,120.36
img_2095.npy,1.62,123.20
img_20950.npy,1.57,123.90
img_20951.npy,1.69,134.89
img_20952.npy,1.51,187.15
img_20953.npy,1.60,186.84
img_20954.npy,1.53,187.33
img_20955.npy,1.58,188.55
img_20956.npy,1.58,186.59
img_20957.npy,1.50,168.17
img_20958.npy,1.56,119.82
img_20959.npy,1.56,119.36
img_2096.npy,1.58,117.51
img_20960.npy,1.56,119.34
img_20961.npy,1.51,117.35
img_20962.npy,1.45,118.19
img_20963.npy,1.49,122.49
img_20964.npy,1.51,120.48
img_20965.npy,1.47,124.79
img_20966.npy,1.51,118.95
img_20967.npy,1.48,121.05
img_20968.npy,1.50,118.07
img_20969.npy,1.57,119.68
img_2097.npy,1.55,119.09
img_20970.npy,1.57,119.81
img_20971.npy,1.70,138.26
img_20972.npy,1.54,182.39
img_20973.npy,1.53,184.88
img_20974.npy,1.51,183.38
img_20975.npy,1.64,133.69
img_20976.npy,1.61,117.55
img_20977.npy,1.59,116.76
img_20978.npy,1.45,119.93
img_20979.npy,1.51,117.60
img_2098.npy,1.47,117.30
img_20980.npy,1.58,116.20
img_20981.npy,1.59,117.86
img_20982.npy,1.59,117.64
img_20983.npy,1.55,120.07
img_20984.npy,1.61,119.17
img_20985.npy,1.62,116.86
img_20986.npy,1.63,115.36
img_20987.npy,1.59,120.00
img_20988.npy,1.51,119.74
img_20989.npy,1.50,117.38
img_2099.npy,1.50,119.88
img_20990.npy,1.60,120.09
img_20991.npy,1.62,120.12
img_20992.npy,1.52,117.79
img_20993.npy,1.52,119.38
img_20994.npy,1.53,119.57
img_20995.npy,1.57,120.08
img_20996.npy,1.53,118.85
img_20997.npy,1.56,119.91
img_20998.npy,1.50,118.95
img_20999.npy,1.51,119.02
img_21.npy,1.52,119.92
img_210.npy,1.56,124.90
img_2100.npy,1.52,120.00
img_21000.npy,1.64,126.49
img_21001.npy,1.47,178.89
img_21002.npy,1.53,120.67
img_21003.npy,1.63,120.50
img_21004.npy,1.51,125.61
img_21005.npy,1.55,125.12
img_21006.npy,1.49,121.58
img_21007.npy,1.41,123.83
img_21008.npy,1.53,147.76
img_21009.npy,1.46,186.99
img_2101.npy,1.42,184.81
img_21010.npy,1.35,187.46
img_21011.npy,1.46,186.67
img_21012.npy,1.46,187.05
img_21013.npy,1.35,186.45
img_21014.npy,1.42,186.62
img_21015.npy,1.40,188.18
img_21016.npy,1.50,186.63
img_21017.npy,1.58,187.27
img_21018.npy,1.61,187.96
img_21019.npy,1.59,186.57
img_2102.npy,1.63,186.61
img_21020.npy,1.58,185.23
img_21021.npy,1.54,188.09
img_21022.npy,1.55,185.89
img_21023.npy,1.58,188.41
img_21024.npy,1.64,186.10
img_21025.npy,1.56,185.45
img_21026.npy,1.61,187.05
img_21027.npy,1.58,186.57
img_21028.npy,1.39,186.32
img_21029.npy,1.45,188.13
img_2103.npy,1.61,187.35
img_21030.npy,1.44,187.24
img_21031.npy,1.50,186.25
img_21032.npy,1.45,187.25
img_21033.npy,1.46,187.45
img_21034.npy,1.43,186.62
img_21035.npy,1.42,186.84
img_21036.npy,1.47,186.43
img_21037.npy,1.50,187.41
img_21038.npy,1.61,187.02
img_21039.npy,1.57,188.16
img_2104.npy,1.47,187.44
img_21040.npy,1.52,186.37
img_21041.npy,1.49,187.22
img_21042.npy,1.51,186.68
img_21043.npy,1.57,185.80
img_21044.npy,1.62,184.27
img_21045.npy,1.58,187.88
img_21046.npy,1.61,187.16
img_21047.npy,1.59,187.18
img_21048.npy,1.53,186.82
img_21049.npy,1.47,186.54
img_2105.npy,1.53,186.50
img_21050.npy,1.60,186.33
img_21051.npy,1.59,186.50
img_21052.npy,1.59,188.26
img_21053.npy,1.62,185.96
img_21054.npy,1.56,186.00
img_21055.npy,1.62,187.43
img_21056.npy,1.56,187.14
img_21057.npy,1.58,186.86
img_21058.npy,1.64,186.38
img_21059.npy,1.58,186.88
img_2106.npy,1.64,186.51
img_21060.npy,1.55,185.95
img_21061.npy,1.46,184.85
img_21062.npy,1.55,184.95
img_21063.npy,1.56,188.38
img_21064.npy,1.63,186.57
img_21065.npy,1.59,187.23
img_21066.npy,1.50,187.80
img_21067.npy,1.56,186.84
img_21068.npy,1.62,187.79
img_21069.npy,1.61,187.40
img_2107.npy,1.63,187.17
img_21070.npy,1.56,188.18
img_21071.npy,1.57,186.82
img_21072.npy,1.62,186.99
img_21073.npy,1.59,187.38
img_21074.npy,1.61,186.34
img_21075.npy,1.62,187.04
img_21076.npy,1.46,186.85
img_21077.npy,1.64,187.82
img_21078.npy,1.57,186.94
img_21079.npy,1.58,188.13
img_2108.npy,1.74,186.46
img_21080.npy,1.56,186.34
img_21081.npy,1.59,188.28
img_21082.npy,1.59,186.94
img_21083.npy,1.47,188.02
img_21084.npy,1.58,188.00
img_21085.npy,1.59,187.20
img_21086.npy,1.58,188.00
img_21087.npy,1.64,186.74
img_21088.npy,1.62,186.42
img_21089.npy,1.61,187.93
img_2109.npy,1.55,186.64
img_21090.npy,1.59,187.28
img_21091.npy,1.61,187.79
img_21092.npy,1.55,186.05
img_21093.npy,1.47,186.27
img_21094.npy,1.57,188.29
img_21095.npy,1.65,186.39
img_21096.npy,1.62,184.54
img_21097.npy,1.61,182.96
img_21098.npy,1.49,180.64
img_21099.npy,1.58,127.32
img_211.npy,1.80,133.05
img_2110.npy,1.61,182.76
img_21100.npy,1.44,182.31
img_21101.npy,1.49,185.77
img_21102.npy,1.56,188.25
img_21103.npy,1.57,187.69
img_21104.npy,1.58,184.74
img_21105.npy,1.49,183.20
img_21106.npy,1.62,180.34
img_21107.npy,1.56,186.14
img_21108.npy,1.63,184.91
img_21109.npy,1.54,181.98
img_2111.npy,1.50,187.68
img_21110.npy,1.56,184.18
img_21111.npy,1.50,183.32
img_21112.npy,1.71,145.92
img_21113.npy,1.53,173.09
img_21114.npy,1.58,120.42
img_21115.npy,1.57,120.39
img_21116.npy,1.60,146.11
img_21117.npy,1.55,184.28
img_21118.npy,1.55,185.75
img_21119.npy,1.58,186.51
img_2112.npy,1.51,185.98
img_21120.npy,1.59,187.59
img_21121.npy,1.58,184.61
img_21122.npy,1.56,184.20
img_21123.npy,1.61,187.05
img_21124.npy,1.56,184.78
img_21125.npy,1.55,187.29
img_21126.npy,1.59,187.52
img_21127.npy,1.56,185.89
img_21128.npy,1.53,187.76
img_21129.npy,1.44,185.51
img_2113.npy,1.57,187.11
img_21130.npy,1.60,181.75
img_21131.npy,1.56,185.72
img_21132.npy,1.60,187.21
img_21133.npy,1.50,187.55
img_21134.npy,1.59,184.14
img_21135.npy,1.57,185.74
img_21136.npy,1.65,187.55
img_21137.npy,1.57,186.04
img_21138.npy,1.64,185.09
img_21139.npy,1.61,186.07
img_2114.npy,1.57,186.05
img_21140.npy,1.60,185.58
img_21141.npy,1.59,186.46
img_21142.npy,1.57,184.51
img_21143.npy,1.53,185.12
img_21144.npy,1.47,186.25
img_21145.npy,1.53,188.28
img_21146.npy,1.54,184.05
img_21147.npy,1.56,183.43
img_21148.npy,1.58,187.63
img_21149.npy,1.57,185.54
img_2115.npy,1.59,183.92
img_21150.npy,1.57,186.99
img_21151.npy,1.37,183.57
img_21152.npy,1.53,122.83
img_21153.npy,1.63,124.77
img_21154.npy,1.60,126.14
img_21155.npy,1.59,119.85
img_21156.npy,1.59,120.18
img_21157.npy,1.52,120.02
img_21158.npy,1.77,143.62
img_21159.npy,1.59,185.82
img_2116.npy,1.61,184.15
img_21160.npy,1.46,180.42
img_21161.npy,1.59,126.18
img_21162.npy,1.59,124.12
img_21163.npy,1.53,121.57
img_21164.npy,1.55,126.57
img_21165.npy,1.59,120.98
img_21166.npy,1.68,120.27
img_21167.npy,1.57,121.20
img_21168.npy,1.58,119.55
img_21169.npy,1.54,119.99
img_2117.npy,1.57,120.48
img_21170.npy,1.63,119.54
img_21171.npy,1.57,117.07
img_21172.npy,1.62,117.88
img_21173.npy,1.56,117.63
img_21174.npy,1.50,123.29
img_21175.npy,1.49,119.20
img_21176.npy,1.59,125.47
img_21177.npy,1.56,119.48
img_21178.npy,1.57,118.73
img_21179.npy,1.55,116.77
img_2118.npy,1.45,118.44
img_21180.npy,1.58,118.68
img_21181.npy,1.59,116.66
img_21182.npy,1.54,117.79
img_21183.npy,1.63,120.39
img_21184.npy,1.58,123.95
img_21185.npy,1.63,129.12
img_21186.npy,1.61,123.37
img_21187.npy,1.56,121.09
img_21188.npy,1.54,129.39
img_21189.npy,1.62,130.88
img_2119.npy,1.67,156.39
img_21190.npy,1.62,123.92
img_21191.npy,1.62,126.33
img_21192.npy,1.53,130.15
img_21193.npy,1.63,126.03
img_21194.npy,1.61,124.38
img_21195.npy,1.62,120.78
img_21196.npy,1.56,122.46
img_21197.npy,1.52,119.99
img_21198.npy,1.53,121.86
img_21199.npy,1.71,128.11
img_212.npy,1.52,186.96
img_2120.npy,1.56,180.61
img_21200.npy,1.64,180.59
img_21201.npy,1.61,184.49
img_21202.npy,1.60,182.41
img_21203.npy,1.59,184.83
img_21204.npy,1.59,186.71
img_21205.npy,1.51,185.92
img_21206.npy,1.52,186.41
img_21207.npy,1.54,187.16
img_21208.npy,1.56,181.01
img_21209.npy,1.55,178.59
img_2121.npy,1.57,117.55
img_21210.npy,1.60,123.05
img_21211.npy,1.56,117.59
img_21212.npy,1.43,116.75
img_21213.npy,1.52,121.00
img_21214.npy,1.58,119.62
img_21215.npy,1.60,117.49
img_21216.npy,1.56,119.59
img_21217.npy,1.56,120.45
img_21218.npy,1.58,124.26
img_21219.npy,1.60,120.29
img_2122.npy,1.57,117.81
img_21220.npy,1.61,125.75
img_21221.npy,1.60,118.22
img_21222.npy,1.57,119.34
img_21223.npy,1.57,119.71
img_21224.npy,1.57,119.77
img_21225.npy,1.58,119.34
img_21226.npy,1.58,119.77
img_21227.npy,1.61,123.36
img_21228.npy,1.62,124.59
img_21229.npy,1.62,122.58
img_2123.npy,1.55,121.54
img_21230.npy,1.55,129.33
img_21231.npy,1.61,126.04
img_21232.npy,1.56,124.87
img_21233.npy,1.62,123.98
img_21234.npy,1.60,129.46
img_21235.npy,1.41,181.31
img_21236.npy,1.61,127.39
img_21237.npy,1.53,129.70
img_21238.npy,1.59,140.23
img_21239.npy,1.54,184.72
img_2124.npy,1.47,185.73
img_21240.npy,1.58,186.43
img_21241.npy,1.42,183.71
img_21242.npy,1.57,184.93
img_21243.npy,1.62,184.77
img_21244.npy,1.59,187.25
img_21245.npy,1.46,187.04
img_21246.npy,1.48,170.94
img_21247.npy,1.51,123.87
img_21248.npy,1.55,119.45
img_21249.npy,1.46,119.05
img_2125.npy,1.46,119.22
img_21250.npy,1.62,120.52
img_21251.npy,1.69,120.66
img_21252.npy,1.59,119.57
img_21253.npy,1.73,118.74
img_21254.npy,1.56,186.11
img_21255.npy,1.52,185.74
img_21256.npy,1.56,187.23
img_21257.npy,1.59,186.49
img_21258.npy,1.53,184.62
img_21259.npy,1.65,180.69
img_2126.npy,1.64,186.85
img_21260.npy,1.55,184.75
img_21261.npy,1.59,182.64
img_21262.npy,1.60,186.82
img_21263.npy,1.59,187.21
img_21264.npy,1.50,178.22
img_21265.npy,1.60,124.84
img_21266.npy,1.55,120.56
img_21267.npy,1.65,141.72
img_21268.npy,1.57,119.74
img_21269.npy,1.59,117.57
img_2127.npy,1.60,117.06
img_21270.npy,1.58,118.82
img_21271.npy,1.64,118.80
img_21272.npy,1.60,120.46
img_21273.npy,1.44,181.42
img_21274.npy,1.48,184.44
img_21275.npy,1.52,182.20
img_21276.npy,1.54,184.36
img_21277.npy,1.45,185.82
img_21278.npy,1.54,186.04
img_21279.npy,1.60,187.14
img_2128.npy,1.64,183.81
img_21280.npy,1.61,186.40
img_21281.npy,1.59,186.34
img_21282.npy,1.62,186.48
img_21283.npy,1.58,186.25
img_21284.npy,1.56,186.94
img_21285.npy,1.57,187.14
img_21286.npy,1.49,186.28
img_21287.npy,1.45,186.57
img_21288.npy,1.53,186.70
img_21289.npy,1.44,178.17
img_2129.npy,1.62,123.61
img_21290.npy,1.56,117.83
img_21291.npy,1.60,119.64
img_21292.npy,1.57,119.00
img_21293.npy,1.56,120.00
img_21294.npy,1.48,120.18
img_21295.npy,1.51,119.75
img_21296.npy,1.58,120.10
img_21297.npy,1.59,119.52
img_21298.npy,1.56,120.00
img_21299.npy,1.55,116.78
img_213.npy,1.55,116.37
img_2130.npy,1.48,117.09
img_21300.npy,1.54,118.09
img_21301.npy,1.58,119.68
img_21302.npy,1.57,119.75
img_21303.npy,1.62,119.84
img_21304.npy,1.62,116.64
img_21305.npy,1.69,118.30
img_21306.npy,1.61,116.58
img_21307.npy,1.55,116.59
img_21308.npy,1.58,117.46
img_21309.npy,1.53,119.78
img_2131.npy,1.60,117.82
img_21310.npy,1.56,119.77
img_21311.npy,1.54,119.79
img_21312.npy,1.57,118.78
img_21313.npy,1.59,119.89
img_21314.npy,1.59,125.05
img_21315.npy,1.57,129.96
img_21316.npy,1.73,137.11
img_21317.npy,1.49,182.89
img_21318.npy,1.45,187.80
img_21319.npy,1.60,186.98
img_2132.npy,1.54,184.84
img_21320.npy,1.56,186.79
img_21321.npy,1.56,187.46
img_21322.npy,1.52,186.99
img_21323.npy,1.43,180.67
img_21324.npy,1.56,182.97
img_21325.npy,1.60,186.38
img_21326.npy,1.59,183.46
img_21327.npy,1.62,186.74
img_21328.npy,1.56,187.56
img_21329.npy,1.63,185.45
img_2133.npy,1.39,187.08
img_21330.npy,1.20,182.78
img_21331.npy,1.54,130.69
img_21332.npy,1.38,182.59
img_21333.npy,1.35,187.97
img_21334.npy,1.33,187.18
img_21335.npy,1.26,182.57
img_21336.npy,1.36,154.37
img_21337.npy,1.34,120.90
img_21338.npy,1.32,130.27
img_21339.npy,1.35,128.74
img_2134.npy,1.34,128.27
img_21340.npy,1.32,126.87
img_21341.npy,1.30,127.34
img_21342.npy,1.40,130.50
img_21343.npy,1.33,185.47
img_21344.npy,1.28,186.30
img_21345.npy,1.45,133.16
img_21346.npy,1.37,185.89
img_21347.npy,1.32,185.12
img_21348.npy,1.35,186.95
img_21349.npy,1.33,183.11
img_2135.npy,1.32,168.82
img_21350.npy,1.38,129.81
img_21351.npy,1.32,183.50
img_21352.npy,1.25,181.95
img_21353.npy,1.41,129.14
img_21354.npy,1.24,185.33
img_21355.npy,1.33,151.04
img_21356.npy,1.36,122.20
img_21357.npy,1.35,126.55
img_21358.npy,1.46,134.08
img_21359.npy,1.33,182.13
img_2136.npy,1.25,184.62
img_21360.npy,1.37,146.40
img_21361.npy,1.33,127.02
img_21362.npy,1.33,125.12
img_21363.npy,1.36,150.72
img_21364.npy,1.56,126.30
img_21365.npy,1.34,186.71
img_21366.npy,1.26,181.73
img_21367.npy,1.42,138.88
img_21368.npy,1.35,187.80
img_21369.npy,1.28,175.11
img_2137.npy,1.32,124.09
img_21370.npy,1.36,127.56
img_21371.npy,1.21,127.88
img_21372.npy,1.34,124.51
img_21373.npy,1.47,129.11
img_21374.npy,1.37,184.46
img_21375.npy,1.20,175.60
img_21376.npy,1.31,129.47
img_21377.npy,1.36,125.03
img_21378.npy,1.29,128.75
img_21379.npy,1.45,128.38
img_2138.npy,1.33,185.34
img_21380.npy,1.24,185.79
img_21381.npy,1.38,135.89
img_21382.npy,1.34,187.26
img_21383.npy,1.19,181.53
img_21384.npy,1.30,123.77
img_21385.npy,1.31,123.38
img_21386.npy,1.32,127.38
img_21387.npy,1.32,126.89
img_21388.npy,1.38,136.26
img_21389.npy,1.31,180.68
img_2139.npy,1.31,187.99
img_21390.npy,1.29,186.99
img_21391.npy,1.35,128.32
img_21392.npy,1.38,128.87
img_21393.npy,1.28,186.88
img_21394.npy,1.34,125.39
img_21395.npy,1.44,128.37
img_21396.npy,1.23,183.18
img_21397.npy,1.36,125.33
img_21398.npy,1.56,142.62
img_21399.npy,1.28,185.95
img_214.npy,1.26,183.99
img_2140.npy,1.42,133.55
img_21400.npy,1.30,179.92
img_21401.npy,1.31,141.48
img_21402.npy,1.42,129.33
img_21403.npy,1.34,185.25
img_21404.npy,1.37,185.20
img_21405.npy,1.35,189.34
img_21406.npy,1.38,186.25
img_21407.npy,1.36,184.83
img_21408.npy,1.30,188.35
img_21409.npy,1.35,186.29
img_2141.npy,1.36,181.22
img_21410.npy,1.31,191.43
img_21411.npy,1.31,186.18
img_21412.npy,1.24,183.15
img_21413.npy,1.40,148.59
img_21414.npy,1.29,177.50
img_21415.npy,1.34,145.29
img_21416.npy,1.35,122.63
img_21417.npy,1.43,135.70
img_21418.npy,1.30,185.23
img_21419.npy,1.33,188.67
img_2142.npy,1.37,185.87
img_21420.npy,1.36,183.14
img_21421.npy,1.23,189.95
img_21422.npy,1.32,142.33
img_21423.npy,1.27,126.59
img_21424.npy,1.30,125.93
img_21425.npy,1.31,124.79
img_21426.npy,1.34,181.41
img_21427.npy,1.28,184.24
img_21428.npy,1.39,182.59
img_21429.npy,1.38,182.48
img_2143.npy,1.38,185.63
img_21430.npy,1.39,183.88
img_21431.npy,1.33,184.70
img_21432.npy,1.33,191.52
img_21433.npy,1.36,185.23
img_21434.npy,1.39,167.42
img_21435.npy,1.16,187.09
img_21436.npy,1.30,134.42
img_21437.npy,1.38,131.98
img_21438.npy,1.29,184.14
img_21439.npy,1.25,183.75
img_2144.npy,1.21,172.62
img_21440.npy,1.45,142.74
img_21441.npy,1.31,184.05
img_21442.npy,1.47,132.06
img_21443.npy,1.37,185.38
img_21444.npy,1.33,186.14
img_21445.npy,1.25,181.46
img_21446.npy,1.45,129.18
img_21447.npy,1.34,183.37
img_21448.npy,1.37,179.85
img_21449.npy,1.35,186.80
img_2145.npy,1.29,187.58
img_21450.npy,1.33,184.48
img_21451.npy,1.34,187.76
img_21452.npy,1.28,182.54
img_21453.npy,1.24,180.19
img_21454.npy,1.36,131.04
img_21455.npy,1.23,123.46
img_21456.npy,1.34,122.97
img_21457.npy,1.39,129.35
img_21458.npy,1.34,126.80
img_21459.npy,1.40,122.04
img_2146.npy,1.34,126.80
img_21460.npy,1.41,134.22
img_21461.npy,1.37,126.61
img_21462.npy,1.42,129.74
img_21463.npy,1.34,187.11
img_21464.npy,1.30,185.98
img_21465.npy,1.35,185.45
img_21466.npy,1.34,183.54
img_21467.npy,1.37,187.89
img_21468.npy,1.35,185.77
img_21469.npy,1.35,184.90
img_2147.npy,1.26,183.43
img_21470.npy,1.48,140.01
img_21471.npy,1.38,179.53
img_21472.npy,1.35,177.79
img_21473.npy,1.25,174.23
img_21474.npy,1.32,130.13
img_21475.npy,1.34,124.85
img_21476.npy,1.35,150.99
img_21477.npy,1.44,133.28
img_21478.npy,1.35,190.26
img_21479.npy,1.24,185.71
img_2148.npy,1.32,125.36
img_21480.npy,1.43,135.89
img_21481.npy,1.32,183.99
img_21482.npy,1.30,176.09
img_21483.npy,1.23,189.68
img_21484.npy,1.25,130.48
img_21485.npy,1.29,130.03
img_21486.npy,1.33,124.06
img_21487.npy,1.49,134.15
img_21488.npy,1.36,178.33
img_21489.npy,1.19,187.79
img_2149.npy,1.29,125.23
img_21490.npy,1.34,122.90
img_21491.npy,1.32,131.33
img_21492.npy,1.44,146.67
img_21493.npy,1.55,174.62
img_21494.npy,1.35,130.66
img_21495.npy,1.46,130.73
img_21496.npy,1.28,180.39
img_21497.npy,1.46,144.29
img_21498.npy,1.39,186.76
img_21499.npy,1.27,181.67
img_215.npy,1.38,130.13
img_2150.npy,1.47,147.84
img_21500.npy,1.34,185.25
img_21501.npy,1.35,182.61
img_21502.npy,1.35,187.95
img_21503.npy,1.34,185.57
img_21504.npy,1.22,185.12
img_21505.npy,1.30,124.71
img_21506.npy,1.42,127.07
img_21507.npy,1.40,128.75
img_21508.npy,1.28,149.63
img_21509.npy,1.41,128.95
img_2151.npy,1.35,180.62
img_21510.npy,1.34,190.60
img_21511.npy,1.37,184.31
img_21512.npy,1.34,182.71
img_21513.npy,1.28,187.84
img_21514.npy,1.36,185.94
img_21515.npy,1.26,181.32
img_21516.npy,1.23,185.57
img_21517.npy,1.37,131.50
img_21518.npy,1.49,129.11
img_21519.npy,1.24,180.14
img_2152.npy,1.34,126.01
img_21520.npy,1.36,131.52
img_21521.npy,1.29,187.76
img_21522.npy,1.26,187.35
img_21523.npy,1.25,181.65
img_21524.npy,1.42,132.52
img_21525.npy,1.62,178.86
img_21526.npy,1.33,185.91
img_21527.npy,1.26,188.22
img_21528.npy,1.35,132.39
img_21529.npy,1.31,121.17
img_2153.npy,1.44,131.98
img_21530.npy,1.29,178.07
img_21531.npy,1.45,137.36
img_21532.npy,1.36,189.14
img_21533.npy,1.31,186.61
img_21534.npy,1.34,184.91
img_21535.npy,1.27,187.00
img_21536.npy,1.29,128.86
img_21537.npy,1.27,126.99
img_21538.npy,1.28,146.04
img_21539.npy,1.32,182.41
img_2154.npy,1.26,187.94
img_21540.npy,1.31,179.23
img_21541.npy,1.31,185.68
img_21542.npy,1.30,183.41
img_21543.npy,1.33,185.21
img_21544.npy,1.36,187.16
img_21545.npy,1.29,187.90
img_21546.npy,1.32,184.02
img_21547.npy,1.29,183.65
img_21548.npy,1.39,186.11
img_21549.npy,1.30,187.27
img_2155.npy,1.37,186.16
img_21550.npy,1.36,181.67
img_21551.npy,1.26,184.80
img_21552.npy,1.35,125.63
img_21553.npy,1.37,121.94
img_21554.npy,1.37,126.14
img_21555.npy,1.29,124.36
img_21556.npy,1.40,127.45
img_21557.npy,1.39,120.91
img_21558.npy,1.35,123.93
img_21559.npy,1.34,121.57
img_2156.npy,1.34,125.44
img_21560.npy,1.37,125.06
img_21561.npy,1.35,126.24
img_21562.npy,1.35,130.02
img_21563.npy,1.36,126.65
img_21564.npy,1.33,126.90
img_21565.npy,1.27,132.80
img_21566.npy,1.42,128.61
img_21567.npy,1.27,188.54
img_21568.npy,1.38,122.85
img_21569.npy,1.44,140.77
img_2157.npy,1.24,182.90
img_21570.npy,1.31,127.55
img_21571.npy,1.46,132.85
img_21572.npy,1.27,178.09
img_21573.npy,1.32,122.93
img_21574.npy,1.45,129.03
img_21575.npy,1.25,175.39
img_21576.npy,1.42,130.59
img_21577.npy,1.37,187.59
img_21578.npy,1.35,183.78
img_21579.npy,1.37,187.58
img_2158.npy,1.32,184.34
img_21580.npy,1.33,180.09
img_21581.npy,1.33,179.82
img_21582.npy,1.30,183.39
img_21583.npy,1.36,183.84
img_21584.npy,1.30,187.02
img_21585.npy,1.30,187.54
img_21586.npy,1.35,185.00
img_21587.npy,1.24,173.20
img_21588.npy,1.32,126.99
img_21589.npy,1.36,126.84
img_2159.npy,1.67,121.08
img_21590.npy,1.40,126.77
img_21591.npy,1.38,142.61
img_21592.npy,1.25,123.34
img_21593.npy,1.47,131.70
img_21594.npy,1.32,183.86
img_21595.npy,1.33,185.91
img_21596.npy,1.33,186.21
img_21597.npy,1.31,184.48
img_21598.npy,1.31,186.00
img_21599.npy,1.29,183.99
img_216.npy,1.32,185.84
img_2160.npy,1.36,183.11
img_21600.npy,1.31,183.72
img_21601.npy,1.31,184.03
img_21602.npy,1.37,181.97
img_21603.npy,1.29,184.94
img_21604.npy,1.35,182.94
img_21605.npy,1.31,184.97
img_21606.npy,1.19,183.66
img_21607.npy,1.32,122.44
img_21608.npy,1.37,132.38
img_21609.npy,1.31,186.70
img_2161.npy,1.32,182.83
img_21610.npy,1.30,185.43
img_21611.npy,1.23,181.84
img_21612.npy,1.33,126.51
img_21613.npy,1.34,128.20
img_21614.npy,1.44,130.21
img_21615.npy,1.36,183.71
img_21616.npy,1.36,187.01
img_21617.npy,1.36,185.98
img_21618.npy,1.37,184.97
img_21619.npy,1.35,188.32
img_2162.npy,1.37,189.08
img_21620.npy,1.40,181.93
img_21621.npy,1.26,186.80
img_21622.npy,1.29,188.00
img_21623.npy,1.27,181.87
img_21624.npy,1.33,125.43
img_21625.npy,1.28,126.82
img_21626.npy,1.36,131.52
img_21627.npy,1.38,128.51
img_21628.npy,1.24,183.63
img_21629.npy,1.34,127.10
img_2163.npy,1.31,122.99
img_21630.npy,1.32,121.31
img_21631.npy,1.40,132.89
img_21632.npy,1.32,189.72
img_21633.npy,1.25,180.80
img_21634.npy,1.37,148.53
img_21635.npy,1.40,135.86
img_21636.npy,1.34,184.79
img_21637.npy,1.32,186.68
img_21638.npy,1.31,190.41
img_21639.npy,1.26,183.46
img_2164.npy,1.35,123.93
img_21640.npy,1.34,133.40
img_21641.npy,1.35,129.67
img_21642.npy,1.31,134.55
img_21643.npy,1.31,126.03
img_21644.npy,1.37,127.51
img_21645.npy,1.42,151.70
img_21646.npy,1.36,177.14
img_21647.npy,1.31,184.51
img_21648.npy,1.29,185.85
img_21649.npy,1.19,188.07
img_2165.npy,1.25,183.10
img_21650.npy,1.36,129.88
img_21651.npy,1.32,121.48
img_21652.npy,1.48,130.38
img_21653.npy,1.30,126.80
img_21654.npy,1.35,132.28
img_21655.npy,1.38,138.37
img_21656.npy,1.34,134.21
img_21657.npy,1.29,122.77
img_21658.npy,1.33,126.10
img_21659.npy,1.35,125.79
img_2166.npy,1.34,125.25
img_21660.npy,1.35,125.62
img_21661.npy,1.37,125.57
img_21662.npy,1.45,143.00
img_21663.npy,1.33,175.47
img_21664.npy,1.27,184.62
img_21665.npy,1.33,129.43
img_21666.npy,1.33,132.44
img_21667.npy,1.30,133.83
img_21668.npy,1.30,123.67
img_21669.npy,1.35,127.85
img_2167.npy,1.30,120.77
img_21670.npy,1.38,132.78
img_21671.npy,1.34,124.67
img_21672.npy,1.43,128.64
img_21673.npy,1.32,182.82
img_21674.npy,1.34,186.63
img_21675.npy,1.31,186.54
img_21676.npy,1.35,187.25
img_21677.npy,1.34,188.16
img_21678.npy,1.28,187.19
img_21679.npy,1.35,190.20
img_2168.npy,1.36,187.52
img_21680.npy,1.36,183.05
img_21681.npy,1.19,192.27
img_21682.npy,1.18,179.23
img_21683.npy,1.44,128.04
img_21684.npy,1.34,185.74
img_21685.npy,1.36,185.52
img_21686.npy,1.24,183.88
img_21687.npy,1.53,189.92
img_21688.npy,1.48,137.05
img_21689.npy,1.29,175.72
img_2169.npy,1.32,121.88
img_21690.npy,1.33,129.41
img_21691.npy,1.30,125.88
img_21692.npy,1.34,156.63
img_21693.npy,1.50,131.33
img_21694.npy,1.32,184.32
img_21695.npy,1.33,187.25
img_21696.npy,1.25,182.64
img_21697.npy,1.33,127.99
img_21698.npy,1.34,132.34
img_21699.npy,1.43,138.57
img_217.npy,1.34,187.66
img_2170.npy,1.39,179.87
img_21700.npy,1.29,181.08
img_21701.npy,1.35,125.97
img_21702.npy,1.34,128.06
img_21703.npy,1.35,130.84
img_21704.npy,1.34,130.74
img_21705.npy,1.19,180.46
img_21706.npy,1.28,135.44
img_21707.npy,1.28,129.81
img_21708.npy,1.43,132.95
img_21709.npy,1.27,183.31
img_2171.npy,1.24,183.69
img_21710.npy,1.25,184.02
img_21711.npy,1.19,182.71
img_21712.npy,1.26,133.85
img_21713.npy,1.35,131.77
img_21714.npy,1.26,181.03
img_21715.npy,1.22,181.99
img_21716.npy,1.26,183.65
img_21717.npy,1.17,181.76
img_21718.npy,1.22,130.82
img_21719.npy,1.41,143.74
img_2172.npy,1.24,132.33
img_21720.npy,1.35,128.43
img_21721.npy,1.24,187.98
img_21722.npy,1.17,184.23
img_21723.npy,1.24,128.28
img_21724.npy,1.34,132.70
img_21725.npy,1.23,183.72
img_21726.npy,1.22,186.27
img_21727.npy,1.21,178.88
img_21728.npy,1.19,144.95
img_21729.npy,1.31,128.50
img_2173.npy,1.26,185.83
img_21730.npy,1.20,184.79
img_21731.npy,1.25,178.02
img_21732.npy,1.25,185.94
img_21733.npy,1.21,182.02
img_21734.npy,1.27,187.64
img_21735.npy,1.24,182.70
img_21736.npy,1.24,178.67
img_21737.npy,1.17,177.00
img_21738.npy,1.27,137.18
img_21739.npy,1.29,124.63
img_2174.npy,1.23,186.96
img_21740.npy,1.29,184.64
img_21741.npy,1.15,173.66
img_21742.npy,1.25,126.36
img_21743.npy,1.27,122.86
img_21744.npy,1.32,133.90
img_21745.npy,1.26,191.73
img_21746.npy,1.16,183.95
img_21747.npy,1.38,136.74
img_21748.npy,1.22,187.81
img_21749.npy,1.43,148.57
img_2175.npy,1.26,183.73
img_21750.npy,1.25,187.34
img_21751.npy,1.32,179.22
img_21752.npy,1.21,185.01
img_21753.npy,1.34,146.41
img_21754.npy,1.47,179.30
img_21755.npy,1.31,134.09
img_21756.npy,1.27,134.39
img_21757.npy,1.26,128.67
img_21758.npy,1.36,130.07
img_21759.npy,1.31,184.21
img_2176.npy,1.35,185.52
img_21760.npy,1.36,185.13
img_21761.npy,1.34,187.72
img_21762.npy,1.39,187.16
img_21763.npy,1.31,182.86
img_21764.npy,1.34,186.22
img_21765.npy,1.20,181.36
img_21766.npy,1.34,125.42
img_21767.npy,1.31,141.98
img_21768.npy,1.34,121.72
img_21769.npy,1.31,124.33
img_2177.npy,1.29,130.74
img_21770.npy,1.29,124.12
img_21771.npy,1.36,127.22
img_21772.npy,1.43,133.24
img_21773.npy,1.34,183.95
img_21774.npy,1.28,187.84
img_21775.npy,1.30,188.29
img_21776.npy,1.33,185.05
img_21777.npy,1.25,184.00
img_21778.npy,1.27,125.63
img_21779.npy,1.36,124.83
img_2178.npy,1.33,131.59
img_21780.npy,1.36,127.56
img_21781.npy,1.35,124.82
img_21782.npy,1.32,131.74
img_21783.npy,1.35,121.80
img_21784.npy,1.32,123.34
img_21785.npy,1.31,125.17
img_21786.npy,1.37,140.86
img_21787.npy,1.66,134.43
img_21788.npy,1.36,129.75
img_21789.npy,1.38,130.23
img_2179.npy,1.34,120.87
img_21790.npy,1.26,126.61
img_21791.npy,1.27,129.76
img_21792.npy,1.27,144.29
img_21793.npy,1.38,125.57
img_21794.npy,1.35,125.77
img_21795.npy,1.38,124.70
img_21796.npy,1.48,133.00
img_21797.npy,1.34,186.24
img_21798.npy,1.26,184.86
img_21799.npy,1.35,133.61
img_218.npy,1.43,128.58
img_2180.npy,1.30,183.01
img_21800.npy,1.31,181.01
img_21801.npy,1.25,183.56
img_21802.npy,1.33,122.51
img_21803.npy,1.31,122.38
img_21804.npy,1.33,122.26
img_21805.npy,1.33,125.81
img_21806.npy,1.44,148.86
img_21807.npy,1.23,179.40
img_21808.npy,1.33,127.38
img_21809.npy,1.30,129.09
img_2181.npy,1.28,126.64
img_21810.npy,1.38,126.13
img_21811.npy,1.46,131.18
img_21812.npy,1.37,184.55
img_21813.npy,1.39,187.67
img_21814.npy,1.33,185.21
img_21815.npy,1.37,184.84
img_21816.npy,1.36,187.19
img_21817.npy,1.33,187.09
img_21818.npy,1.35,190.71
img_21819.npy,1.33,189.31
img_2182.npy,1.36,183.02
img_21820.npy,1.32,191.98
img_21821.npy,1.36,180.10
img_21822.npy,1.33,185.54
img_21823.npy,1.22,191.39
img_21824.npy,1.33,180.87
img_21825.npy,1.26,181.02
img_21826.npy,1.36,152.75
img_21827.npy,1.38,154.26
img_21828.npy,1.32,181.26
img_21829.npy,1.35,125.88
img_2183.npy,1.33,125.57
img_21830.npy,1.31,133.26
img_21831.npy,1.30,126.13
img_21832.npy,1.31,128.49
img_21833.npy,1.35,128.09
img_21834.npy,1.31,128.65
img_21835.npy,1.33,143.59
img_21836.npy,1.42,140.59
img_21837.npy,1.33,186.08
img_21838.npy,1.34,189.14
img_21839.npy,1.26,178.32
img_2184.npy,1.33,129.69
img_21840.npy,1.43,128.55
img_21841.npy,1.33,177.21
img_21842.npy,1.26,182.91
img_21843.npy,1.38,187.94
img_21844.npy,1.25,181.93
img_21845.npy,1.33,132.23
img_21846.npy,1.29,127.23
img_21847.npy,1.32,133.62
img_21848.npy,1.32,126.84
img_21849.npy,1.32,184.74
img_2185.npy,1.35,184.43
img_21850.npy,1.50,185.31
img_21851.npy,1.23,166.34
img_21852.npy,1.35,142.44
img_21853.npy,1.29,126.44
img_21854.npy,1.36,126.28
img_21855.npy,1.47,129.46
img_21856.npy,1.38,183.95
img_21857.npy,1.25,174.63
img_21858.npy,1.37,124.73
img_21859.npy,1.33,127.32
img_2186.npy,1.47,134.43
img_21860.npy,1.27,184.93
img_21861.npy,1.32,123.26
img_21862.npy,1.36,126.61
img_21863.npy,1.37,123.86
img_21864.npy,1.34,126.38
img_21865.npy,1.40,137.59
img_21866.npy,1.34,183.76
img_21867.npy,1.28,182.60
img_21868.npy,1.35,125.94
img_21869.npy,1.45,127.32
img_2187.npy,1.32,185.95
img_21870.npy,1.20,179.92
img_21871.npy,1.30,120.50
img_21872.npy,1.27,124.71
img_21873.npy,1.33,128.91
img_21874.npy,1.30,132.57
img_21875.npy,1.24,126.86
img_21876.npy,1.39,151.71
img_21877.npy,1.33,179.93
img_21878.npy,1.23,183.66
img_21879.npy,1.32,126.01
img_2188.npy,1.32,125.09
img_21880.npy,1.28,126.01
img_21881.npy,1.42,127.96
img_21882.npy,1.24,177.82
img_21883.npy,1.42,130.52
img_21884.npy,1.31,128.08
img_21885.npy,1.33,131.41
img_21886.npy,1.30,123.07
img_21887.npy,1.42,125.40
img_21888.npy,1.25,180.49
img_21889.npy,1.31,128.83
img_2189.npy,1.37,131.00
img_21890.npy,1.32,179.55
img_21891.npy,1.34,183.57
img_21892.npy,1.31,184.19
img_21893.npy,1.36,181.99
img_21894.npy,1.33,184.62
img_21895.npy,1.32,179.66
img_21896.npy,1.27,183.45
img_21897.npy,1.31,126.54
img_21898.npy,1.38,128.64
img_21899.npy,1.37,184.04
img_219.npy,1.30,185.89
img_2190.npy,1.35,183.16
img_21900.npy,1.37,183.77
img_21901.npy,1.31,181.08
img_21902.npy,1.25,180.79
img_21903.npy,1.31,134.54
img_21904.npy,1.30,127.95
img_21905.npy,1.25,131.65
img_21906.npy,1.45,126.65
img_21907.npy,1.32,185.71
img_21908.npy,1.35,186.84
img_21909.npy,1.36,187.23
img_2191.npy,1.34,183.25
img_21910.npy,1.36,182.71
img_21911.npy,1.27,184.10
img_21912.npy,1.33,181.39
img_21913.npy,1.31,188.12
img_21914.npy,1.32,187.77
img_21915.npy,1.48,185.93
img_21916.npy,1.28,186.58
img_21917.npy,1.29,187.19
img_21918.npy,1.33,176.59
img_21919.npy,1.30,186.93
img_2192.npy,1.33,174.77
img_21920.npy,1.38,183.91
img_21921.npy,1.32,191.99
img_21922.npy,1.24,181.38
img_21923.npy,1.31,122.63
img_21924.npy,1.43,133.10
img_21925.npy,1.28,183.88
img_21926.npy,1.42,128.43
img_21927.npy,1.32,188.82
img_21928.npy,1.26,185.27
img_21929.npy,1.34,127.07
img_2193.npy,1.34,122.97
img_21930.npy,1.34,126.87
img_21931.npy,1.25,127.20
img_21932.npy,1.27,144.88
img_21933.npy,1.30,182.74
img_21934.npy,1.23,180.34
img_21935.npy,1.33,126.25
img_21936.npy,1.34,124.52
img_21937.npy,1.32,128.37
img_21938.npy,1.40,158.04
img_21939.npy,1.34,184.41
img_2194.npy,1.21,183.29
img_21940.npy,1.37,125.24
img_21941.npy,1.34,125.49
img_21942.npy,1.33,122.37
img_21943.npy,1.41,127.17
img_21944.npy,1.30,173.82
img_21945.npy,1.34,122.77
img_21946.npy,1.29,125.71
img_21947.npy,1.42,132.48
img_21948.npy,1.44,179.71
img_21949.npy,1.36,186.99
img_2195.npy,1.35,187.71
img_21950.npy,1.34,183.34
img_21951.npy,1.35,188.25
img_21952.npy,1.27,183.34
img_21953.npy,1.35,185.06
img_21954.npy,1.30,190.92
img_21955.npy,1.32,186.19
img_21956.npy,1.35,184.19
img_21957.npy,1.18,186.59
img_21958.npy,1.29,126.10
img_21959.npy,1.31,120.49
img_2196.npy,1.33,139.49
img_21960.npy,1.35,181.29
img_21961.npy,1.25,184.50
img_21962.npy,1.42,140.72
img_21963.npy,1.37,186.07
img_21964.npy,1.33,182.25
img_21965.npy,1.29,190.31
img_21966.npy,1.34,183.98
img_21967.npy,1.31,187.35
img_21968.npy,1.26,186.42
img_21969.npy,1.43,140.88
img_2197.npy,1.31,185.51
img_21970.npy,1.33,184.07
img_21971.npy,1.34,182.90
img_21972.npy,1.29,186.85
img_21973.npy,1.31,182.88
img_21974.npy,1.31,186.78
img_21975.npy,1.28,185.88
img_21976.npy,1.33,183.54
img_21977.npy,1.33,181.46
img_21978.npy,1.31,184.74
img_21979.npy,1.32,184.04
img_2198.npy,1.44,125.55
img_21980.npy,1.27,181.66
img_21981.npy,1.31,122.99
img_21982.npy,1.30,126.70
img_21983.npy,1.32,125.09
img_21984.npy,1.38,128.11
img_21985.npy,1.43,127.51
img_21986.npy,1.31,184.31
img_21987.npy,1.33,181.89
img_21988.npy,1.34,185.77
img_21989.npy,1.20,174.93
img_2199.npy,1.38,132.79
img_21990.npy,1.21,181.41
img_21991.npy,1.33,127.33
img_21992.npy,1.34,125.32
img_21993.npy,1.31,147.36
img_21994.npy,1.21,188.15
img_21995.npy,1.30,183.70
img_21996.npy,1.33,183.38
img_21997.npy,1.29,176.70
img_21998.npy,1.33,185.42
img_21999.npy,1.30,183.63
img_22.npy,1.32,175.45
img_220.npy,1.34,182.17
img_2200.npy,1.32,187.26
img_22000.npy,1.28,187.83
img_22001.npy,1.20,180.54
img_22002.npy,1.32,125.99
img_22003.npy,1.36,124.25
img_22004.npy,1.32,144.27
img_22005.npy,1.32,125.00
img_22006.npy,1.36,122.91
img_22007.npy,1.38,127.50
img_22008.npy,1.34,183.95
img_22009.npy,1.35,183.96
img_2201.npy,1.35,181.41
img_22010.npy,1.28,186.05
img_22011.npy,1.40,140.04
img_22012.npy,1.22,184.05
img_22013.npy,1.70,160.48
img_22014.npy,1.33,126.71
img_22015.npy,1.26,125.41
img_22016.npy,1.42,130.32
img_22017.npy,1.35,183.79
img_22018.npy,1.30,184.78
img_22019.npy,1.20,180.73
img_2202.npy,1.29,147.18
img_22020.npy,1.35,129.44
img_22021.npy,1.44,132.44
img_22022.npy,1.26,183.15
img_22023.npy,1.45,137.27
img_22024.npy,1.33,191.52
img_22025.npy,1.36,187.05
img_22026.npy,1.23,182.85
img_22027.npy,1.32,123.75
img_22028.npy,1.43,129.94
img_22029.npy,1.23,178.29
img_2203.npy,1.43,129.82
img_22030.npy,1.38,185.86
img_22031.npy,1.38,185.20
img_22032.npy,1.28,187.79
img_22033.npy,1.30,181.92
img_22034.npy,1.29,177.90
img_22035.npy,1.27,191.54
img_22036.npy,1.25,178.12
img_22037.npy,1.41,131.27
img_22038.npy,1.28,187.46
img_22039.npy,1.41,185.92
img_2204.npy,1.33,168.12
img_22040.npy,1.30,189.89
img_22041.npy,1.29,183.48
img_22042.npy,1.10,180.34
img_22043.npy,1.27,131.88
img_22044.npy,1.34,125.10
img_22045.npy,1.44,129.08
img_22046.npy,1.28,187.14
img_22047.npy,1.44,136.95
img_22048.npy,1.20,180.20
img_22049.npy,1.42,129.98
img_2205.npy,1.35,185.68
img_22050.npy,1.28,188.05
img_22051.npy,1.36,176.16
img_22052.npy,1.34,182.91
img_22053.npy,1.27,185.68
img_22054.npy,1.28,184.93
img_22055.npy,1.36,182.11
img_22056.npy,1.31,186.87
img_22057.npy,1.31,185.62
img_22058.npy,1.25,183.29
img_22059.npy,1.41,129.92
img_2206.npy,1.35,188.28
img_22060.npy,1.39,184.37
img_22061.npy,1.30,187.68
img_22062.npy,1.31,190.39
img_22063.npy,1.36,185.73
img_22064.npy,1.23,175.71
img_22065.npy,1.33,127.40
img_22066.npy,1.43,128.27
img_22067.npy,1.29,186.53
img_22068.npy,1.29,188.04
img_22069.npy,1.24,172.74
img_2207.npy,1.35,128.66
img_22070.npy,1.21,183.76
img_22071.npy,1.45,127.98
img_22072.npy,1.36,186.07
img_22073.npy,1.31,192.19
img_22074.npy,1.34,187.04
img_22075.npy,1.35,185.99
img_22076.npy,1.28,190.67
img_22077.npy,1.30,183.88
img_22078.npy,1.32,181.73
img_22079.npy,1.60,188.07
img_2208.npy,1.23,170.96
img_22080.npy,1.25,132.58
img_22081.npy,1.35,138.48
img_22082.npy,1.34,127.64
img_22083.npy,1.40,128.50
img_22084.npy,1.32,189.18
img_22085.npy,1.37,186.80
img_22086.npy,1.28,182.84
img_22087.npy,1.32,187.51
img_22088.npy,1.35,184.12
img_22089.npy,1.30,186.91
img_2209.npy,1.32,183.89
img_22090.npy,1.24,173.18
img_22091.npy,1.45,136.69
img_22092.npy,1.27,184.84
img_22093.npy,1.33,123.30
img_22094.npy,1.35,122.80
img_22095.npy,1.40,126.45
img_22096.npy,1.31,186.08
img_22097.npy,1.26,183.92
img_22098.npy,1.26,188.99
img_22099.npy,1.28,183.80
img_221.npy,1.32,126.91
img_2210.npy,1.37,128.12
img_22100.npy,1.32,186.41
img_22101.npy,1.28,186.93
img_22102.npy,1.40,182.23
img_22103.npy,1.31,187.48
img_22104.npy,1.33,185.71
img_22105.npy,1.39,182.96
img_22106.npy,1.31,185.81
img_22107.npy,1.33,186.81
img_22108.npy,1.31,182.70
img_22109.npy,1.32,187.45
img_2211.npy,1.28,187.68
img_22110.npy,1.26,185.39
img_22111.npy,1.43,181.73
img_22112.npy,1.30,179.55
img_22113.npy,1.36,185.70
img_22114.npy,1.30,184.96
img_22115.npy,1.32,181.97
img_22116.npy,1.35,185.95
img_22117.npy,1.33,187.42
img_22118.npy,1.23,184.22
img_22119.npy,1.37,131.40
img_2212.npy,1.34,168.37
img_22120.npy,1.26,186.91
img_22121.npy,1.25,187.70
img_22122.npy,1.28,179.64
img_22123.npy,1.30,123.41
img_22124.npy,1.23,120.74
img_22125.npy,1.29,126.26
img_22126.npy,1.29,131.66
img_22127.npy,1.31,124.19
img_22128.npy,1.35,130.40
img_22129.npy,1.46,128.85
img_2213.npy,1.23,178.97
img_22130.npy,1.34,123.09
img_22131.npy,1.42,128.73
img_22132.npy,1.32,184.74
img_22133.npy,1.25,183.83
img_22134.npy,1.32,131.47
img_22135.npy,1.40,130.23
img_22136.npy,1.35,181.26
img_22137.npy,1.26,180.86
img_22138.npy,1.44,131.55
img_22139.npy,1.36,186.23
img_2214.npy,1.39,186.89
img_22140.npy,1.30,185.79
img_22141.npy,1.34,185.10
img_22142.npy,1.35,185.27
img_22143.npy,1.34,187.30
img_22144.npy,1.36,191.06
img_22145.npy,1.29,187.34
img_22146.npy,1.45,183.48
img_22147.npy,1.34,185.39
img_22148.npy,1.26,173.93
img_22149.npy,1.34,123.65
img_2215.npy,1.31,121.53
img_22150.npy,1.40,127.47
img_22151.npy,1.44,143.71
img_22152.npy,1.31,189.48
img_22153.npy,1.34,186.44
img_22154.npy,1.17,175.41
img_22155.npy,1.32,123.60
img_22156.npy,1.35,126.43
img_22157.npy,1.32,123.43
img_22158.npy,1.37,127.02
img_22159.npy,1.33,124.18
img_2216.npy,1.45,127.56
img_22160.npy,1.21,187.07
img_22161.npy,1.36,132.30
img_22162.npy,1.33,129.50
img_22163.npy,1.35,128.88
img_22164.npy,1.36,130.83
img_22165.npy,1.42,142.49
img_22166.npy,1.23,185.63
img_22167.npy,1.42,131.26
img_22168.npy,1.35,184.43
img_22169.npy,1.35,192.05
img_2217.npy,1.40,186.46
img_22170.npy,1.24,185.37
img_22171.npy,1.32,126.10
img_22172.npy,1.31,134.21
img_22173.npy,1.36,145.09
img_22174.npy,1.33,130.14
img_22175.npy,1.40,136.57
img_22176.npy,1.28,187.97
img_22177.npy,1.32,190.07
img_22178.npy,1.39,181.61
img_22179.npy,1.66,186.96
img_2218.npy,1.36,187.38
img_22180.npy,1.24,182.41
img_22181.npy,1.24,135.73
img_22182.npy,1.36,135.86
img_22183.npy,1.43,133.15
img_22184.npy,1.23,181.39
img_22185.npy,1.42,128.81
img_22186.npy,1.32,181.28
img_22187.npy,1.31,182.91
img_22188.npy,1.23,185.21
img_22189.npy,1.45,137.06
img_2219.npy,1.32,183.37
img_22190.npy,1.33,184.15
img_22191.npy,1.32,185.07
img_22192.npy,1.32,179.68
img_22193.npy,1.37,188.35
img_22194.npy,1.30,186.25
img_22195.npy,1.30,188.43
img_22196.npy,1.25,186.07
img_22197.npy,1.30,185.03
img_22198.npy,1.29,187.85
img_22199.npy,1.33,185.46
img_222.npy,1.34,186.45
img_2220.npy,1.35,182.45
img_22200.npy,1.26,182.90
img_22201.npy,1.36,128.15
img_22202.npy,1.30,130.80
img_22203.npy,1.36,125.63
img_22204.npy,1.30,134.20
img_22205.npy,1.35,130.82
img_22206.npy,1.32,120.17
img_22207.npy,1.29,124.32
img_22208.npy,1.21,123.57
img_22209.npy,1.35,125.55
img_2221.npy,1.37,123.69
img_22210.npy,1.46,124.73
img_22211.npy,1.34,123.31
img_22212.npy,1.50,128.23
img_22213.npy,1.34,182.89
img_22214.npy,1.33,187.77
img_22215.npy,1.40,185.88
img_22216.npy,1.33,180.01
img_22217.npy,1.34,183.32
img_22218.npy,1.33,185.63
img_22219.npy,1.39,182.61
img_2222.npy,1.33,185.58
img_22220.npy,1.36,185.86
img_22221.npy,1.22,177.59
img_22222.npy,1.33,126.84
img_22223.npy,1.35,129.55
img_22224.npy,1.46,127.49
img_22225.npy,1.37,185.48
img_22226.npy,1.33,187.59
img_22227.npy,1.31,184.59
img_22228.npy,1.36,182.53
img_22229.npy,1.34,178.88
img_2223.npy,1.37,186.70
img_22230.npy,1.34,187.66
img_22231.npy,1.32,183.69
img_22232.npy,1.37,186.22
img_22233.npy,1.32,186.04
img_22234.npy,1.23,183.44
img_22235.npy,1.24,178.41
img_22236.npy,1.31,180.22
img_22237.npy,1.29,186.63
img_22238.npy,1.32,127.50
img_22239.npy,1.33,126.43
img_2224.npy,1.28,187.25
img_22240.npy,1.34,186.44
img_22241.npy,1.34,187.18
img_22242.npy,1.34,187.13
img_22243.npy,1.61,186.98
img_22244.npy,1.36,184.73
img_22245.npy,1.35,185.24
img_22246.npy,1.31,187.35
img_22247.npy,1.28,185.40
img_22248.npy,1.38,177.59
img_22249.npy,1.34,183.74
img_2225.npy,1.35,187.61
img_22250.npy,1.35,182.01
img_22251.npy,1.34,183.22
img_22252.npy,1.30,191.02
img_22253.npy,1.25,179.72
img_22254.npy,1.32,125.95
img_22255.npy,1.37,144.00
img_22256.npy,1.34,136.32
img_22257.npy,1.31,122.38
img_22258.npy,1.27,126.54
img_22259.npy,1.32,126.98
img_2226.npy,1.34,130.98
img_22260.npy,1.25,127.91
img_22261.npy,1.36,136.86
img_22262.npy,1.27,180.66
img_22263.npy,1.30,187.70
img_22264.npy,1.37,185.49
img_22265.npy,1.32,179.97
img_22266.npy,1.34,190.04
img_22267.npy,1.32,183.56
img_22268.npy,1.19,187.75
img_22269.npy,1.40,128.66
img_2227.npy,1.29,180.62
img_22270.npy,1.33,130.90
img_22271.npy,1.31,123.65
img_22272.npy,1.33,122.28
img_22273.npy,1.49,147.84
img_22274.npy,1.32,186.61
img_22275.npy,1.34,184.57
img_22276.npy,1.67,184.20
img_22277.npy,1.33,191.28
img_22278.npy,1.29,182.10
img_22279.npy,1.38,128.07
img_2228.npy,1.34,127.14
img_22280.npy,1.35,126.01
img_22281.npy,1.28,121.87
img_22282.npy,1.30,146.51
img_22283.npy,1.43,137.82
img_22284.npy,1.30,190.03
img_22285.npy,1.25,178.39
img_22286.npy,1.32,123.38
img_22287.npy,1.31,128.64
img_22288.npy,1.33,133.57
img_22289.npy,1.37,125.90
img_2229.npy,1.19,177.80
img_22290.npy,1.34,124.22
img_22291.npy,1.34,128.11
img_22292.npy,1.41,152.64
img_22293.npy,1.30,186.45
img_22294.npy,1.30,183.38
img_22295.npy,1.22,180.11
img_22296.npy,1.32,186.69
img_22297.npy,1.31,187.12
img_22298.npy,1.32,186.53
img_22299.npy,1.27,185.72
img_223.npy,1.35,184.36
img_2230.npy,1.27,186.46
img_22300.npy,1.28,187.12
img_22301.npy,1.40,186.46
img_22302.npy,1.27,181.66
img_22303.npy,1.30,126.41
img_22304.npy,1.31,131.08
img_22305.npy,1.34,125.51
img_22306.npy,1.35,130.03
img_22307.npy,1.43,128.40
img_22308.npy,1.43,181.63
img_22309.npy,1.42,187.62
img_2231.npy,1.34,186.89
img_22310.npy,1.37,188.82
img_22311.npy,1.30,182.37
img_22312.npy,1.35,143.71
img_22313.npy,1.33,124.22
img_22314.npy,1.33,125.86
img_22315.npy,1.44,132.45
img_22316.npy,1.26,184.52
img_22317.npy,1.34,125.46
img_22318.npy,1.29,123.84
img_22319.npy,1.36,144.42
img_2232.npy,1.35,183.05
img_22320.npy,1.35,183.94
img_22321.npy,1.28,184.47
img_22322.npy,1.36,186.58
img_22323.npy,1.36,184.97
img_22324.npy,1.36,183.97
img_22325.npy,1.31,183.23
img_22326.npy,1.24,182.24
img_22327.npy,1.33,126.41
img_22328.npy,1.34,126.64
img_22329.npy,1.37,131.20
img_2233.npy,1.29,186.89
img_22330.npy,1.32,184.62
img_22331.npy,1.30,182.28
img_22332.npy,1.31,187.82
img_22333.npy,1.33,185.77
img_22334.npy,1.27,177.30
img_22335.npy,1.32,123.61
img_22336.npy,1.33,123.34
img_22337.npy,1.41,130.26
img_22338.npy,1.43,185.96
img_22339.npy,1.31,187.18
img_2234.npy,1.27,184.86
img_22340.npy,1.32,187.41
img_22341.npy,1.35,186.89
img_22342.npy,1.34,186.14
img_22343.npy,1.37,187.90
img_22344.npy,1.33,187.35
img_22345.npy,1.31,181.76
img_22346.npy,1.26,186.13
img_22347.npy,1.32,185.96
img_22348.npy,1.29,182.59
img_22349.npy,1.32,183.39
img_2235.npy,1.33,184.17
img_22350.npy,1.20,183.23
img_22351.npy,1.36,125.79
img_22352.npy,1.40,126.48
img_22353.npy,1.34,120.79
img_22354.npy,1.35,120.71
img_22355.npy,1.33,124.25
img_22356.npy,1.38,125.64
img_22357.npy,1.34,131.34
img_22358.npy,1.41,125.70
img_22359.npy,1.32,187.45
img_2236.npy,1.33,185.56
img_22360.npy,1.32,187.72
img_22361.npy,1.33,187.48
img_22362.npy,1.32,179.35
img_22363.npy,1.23,183.85
img_22364.npy,1.29,123.94
img_22365.npy,1.32,125.62
img_22366.npy,1.36,126.49
img_22367.npy,1.28,124.61
img_22368.npy,1.35,125.62
img_22369.npy,1.31,125.07
img_2237.npy,1.25,149.14
img_22370.npy,1.28,127.65
img_22371.npy,1.36,139.32
img_22372.npy,1.36,126.62
img_22373.npy,1.33,139.14
img_22374.npy,1.32,187.70
img_22375.npy,1.49,136.67
img_22376.npy,1.35,186.26
img_22377.npy,1.33,191.91
img_22378.npy,1.29,187.28
img_22379.npy,1.31,185.68
img_2238.npy,1.34,190.16
img_22380.npy,1.35,186.63
img_22381.npy,1.27,181.88
img_22382.npy,1.43,136.84
img_22383.npy,1.31,184.23
img_22384.npy,1.32,184.61
img_22385.npy,1.32,186.16
img_22386.npy,1.38,186.36
img_22387.npy,1.33,185.89
img_22388.npy,1.32,186.99
img_22389.npy,1.39,179.08
img_2239.npy,1.29,187.58
img_22390.npy,1.24,190.28
img_22391.npy,1.44,131.43
img_22392.npy,1.26,184.79
img_22393.npy,1.28,121.83
img_22394.npy,1.45,133.72
img_22395.npy,1.25,181.22
img_22396.npy,1.34,132.48
img_22397.npy,1.45,142.55
img_22398.npy,1.30,185.10
img_22399.npy,1.27,186.08
img_224.npy,1.21,180.74
img_2240.npy,1.31,129.60
img_22400.npy,1.29,131.50
img_22401.npy,1.34,136.77
img_22402.npy,1.33,124.19
img_22403.npy,1.37,124.53
img_22404.npy,1.38,127.93
img_22405.npy,1.36,124.74
img_22406.npy,1.54,129.89
img_22407.npy,1.48,166.71
img_22408.npy,1.35,185.90
img_22409.npy,1.31,190.39
img_2241.npy,1.36,185.09
img_22410.npy,1.36,186.07
img_22411.npy,1.25,186.24
img_22412.npy,1.41,127.06
img_22413.npy,1.33,184.61
img_22414.npy,1.36,188.40
img_22415.npy,1.37,182.36
img_22416.npy,1.36,186.85
img_22417.npy,1.32,187.43
img_22418.npy,1.35,185.64
img_22419.npy,1.30,187.19
img_2242.npy,1.37,188.81
img_22420.npy,1.35,185.33
img_22421.npy,1.29,183.52
img_22422.npy,1.22,183.18
img_22423.npy,1.44,133.05
img_22424.npy,1.33,184.94
img_22425.npy,1.35,186.07
img_22426.npy,1.33,185.42
img_22427.npy,1.36,185.79
img_22428.npy,1.37,189.15
img_22429.npy,1.28,186.28
img_2243.npy,1.14,181.96
img_22430.npy,1.34,150.21
img_22431.npy,1.24,176.50
img_22432.npy,1.29,125.03
img_22433.npy,1.34,127.82
img_22434.npy,1.34,125.20
img_22435.npy,1.36,130.88
img_22436.npy,1.36,177.17
img_22437.npy,1.34,186.79
img_22438.npy,1.31,183.34
img_22439.npy,1.25,184.38
img_2244.npy,1.38,183.23
img_22440.npy,1.29,188.12
img_22441.npy,1.20,179.89
img_22442.npy,1.40,143.20
img_22443.npy,1.22,184.18
img_22444.npy,1.45,130.54
img_22445.npy,1.27,186.98
img_22446.npy,1.30,131.31
img_22447.npy,1.31,123.61
img_22448.npy,1.30,126.18
img_22449.npy,1.36,135.69
img_2245.npy,1.27,181.46
img_22450.npy,1.34,175.34
img_22451.npy,1.30,181.70
img_22452.npy,1.33,186.02
img_22453.npy,1.34,186.52
img_22454.npy,1.29,183.08
img_22455.npy,1.27,185.78
img_22456.npy,1.34,185.48
img_22457.npy,1.19,186.64
img_22458.npy,1.31,185.69
img_22459.npy,1.30,185.13
img_2246.npy,1.32,186.64
img_22460.npy,1.29,185.97
img_22461.npy,1.29,183.59
img_22462.npy,1.20,184.57
img_22463.npy,1.32,124.95
img_22464.npy,1.32,138.23
img_22465.npy,1.32,140.12
img_22466.npy,1.42,124.72
img_22467.npy,1.44,128.54
img_22468.npy,1.34,180.42
img_22469.npy,1.26,180.73
img_2247.npy,1.43,134.10
img_22470.npy,1.35,172.96
img_22471.npy,1.36,182.37
img_22472.npy,1.34,182.50
img_22473.npy,1.30,185.16
img_22474.npy,1.36,185.88
img_22475.npy,1.36,188.01
img_22476.npy,1.28,182.91
img_22477.npy,1.36,124.59
img_22478.npy,1.37,126.53
img_22479.npy,1.33,122.86
img_2248.npy,1.31,128.77
img_22480.npy,1.32,122.92
img_22481.npy,1.30,130.59
img_22482.npy,1.30,122.79
img_22483.npy,1.36,127.23
img_22484.npy,1.28,133.64
img_22485.npy,1.19,184.81
img_22486.npy,1.35,130.80
img_22487.npy,1.48,125.77
img_22488.npy,1.27,188.13
img_22489.npy,1.36,187.08
img_2249.npy,1.32,185.25
img_22490.npy,1.29,185.26
img_22491.npy,1.32,185.05
img_22492.npy,1.22,183.06
img_22493.npy,1.45,134.95
img_22494.npy,1.24,187.06
img_22495.npy,1.33,129.48
img_22496.npy,1.31,126.82
img_22497.npy,1.32,128.07
img_22498.npy,1.42,129.71
img_22499.npy,1.34,182.58
img_225.npy,1.32,191.32
img_2250.npy,1.37,187.74
img_22500.npy,1.33,187.71
img_22501.npy,1.27,190.75
img_22502.npy,1.33,183.88
img_22503.npy,1.29,189.80
img_22504.npy,1.36,185.91
img_22505.npy,1.42,185.62
img_22506.npy,1.22,181.53
img_22507.npy,1.30,132.88
img_22508.npy,1.25,129.08
img_22509.npy,1.32,127.14
img_2251.npy,1.41,146.49
img_22510.npy,1.26,182.31
img_22511.npy,1.37,129.95
img_22512.npy,1.34,127.42
img_22513.npy,1.37,125.88
img_22514.npy,1.32,130.32
img_22515.npy,1.36,140.39
img_22516.npy,1.35,127.50
img_22517.npy,1.15,132.28
img_22518.npy,1.32,133.00
img_22519.npy,1.35,123.86
img_2252.npy,1.29,126.25
img_22520.npy,1.37,134.30
img_22521.npy,1.27,186.21
img_22522.npy,1.31,184.95
img_22523.npy,1.27,182.28
img_22524.npy,1.33,183.78
img_22525.npy,1.32,185.48
img_22526.npy,1.30,176.77
img_22527.npy,1.33,128.59
img_22528.npy,1.38,129.21
img_22529.npy,1.37,183.62
img_2253.npy,1.32,180.55
img_22530.npy,1.33,185.85
img_22531.npy,1.34,183.92
img_22532.npy,1.32,183.49
img_22533.npy,1.32,184.17
img_22534.npy,1.38,188.12
img_22535.npy,1.36,181.79
img_22536.npy,1.37,186.77
img_22537.npy,1.51,177.12
img_22538.npy,1.19,184.36
img_22539.npy,1.34,126.18
img_2254.npy,1.33,126.64
img_22540.npy,1.37,130.68
img_22541.npy,1.26,185.74
img_22542.npy,1.32,187.59
img_22543.npy,1.39,188.11
img_22544.npy,1.19,183.26
img_22545.npy,1.39,138.25
img_22546.npy,1.27,182.63
img_22547.npy,1.33,125.41
img_22548.npy,1.44,129.11
img_22549.npy,1.31,185.52
img_2255.npy,1.35,185.56
img_22550.npy,1.37,182.41
img_22551.npy,1.35,185.71
img_22552.npy,1.34,188.12
img_22553.npy,1.35,185.60
img_22554.npy,1.34,187.00
img_22555.npy,1.34,187.74
img_22556.npy,1.30,187.18
img_22557.npy,1.30,183.57
img_22558.npy,1.16,184.04
img_22559.npy,1.29,123.68
img_2256.npy,1.35,124.44
img_22560.npy,1.32,127.59
img_22561.npy,1.23,121.95
img_22562.npy,1.31,137.56
img_22563.npy,1.30,125.81
img_22564.npy,1.36,125.07
img_22565.npy,1.31,126.15
img_22566.npy,1.32,149.62
img_22567.npy,1.27,129.68
img_22568.npy,1.34,127.64
img_22569.npy,1.42,135.89
img_2257.npy,1.32,184.38
img_22570.npy,1.41,186.55
img_22571.npy,1.42,153.38
img_22572.npy,1.34,187.49
img_22573.npy,1.26,185.94
img_22574.npy,1.30,183.56
img_22575.npy,1.26,187.76
img_22576.npy,1.33,154.34
img_22577.npy,1.42,125.91
img_22578.npy,1.28,189.52
img_22579.npy,1.25,186.23
img_2258.npy,1.37,182.51
img_22580.npy,1.35,188.88
img_22581.npy,1.33,188.86
img_22582.npy,1.32,183.18
img_22583.npy,1.30,189.21
img_22584.npy,1.31,189.27
img_22585.npy,1.24,173.77
img_22586.npy,1.31,124.21
img_22587.npy,1.38,132.17
img_22588.npy,1.32,133.11
img_22589.npy,1.35,134.54
img_2259.npy,1.46,140.08
img_22590.npy,1.32,184.16
img_22591.npy,1.29,188.72
img_22592.npy,1.38,185.35
img_22593.npy,1.35,185.45
img_22594.npy,1.29,188.40
img_22595.npy,1.34,186.48
img_22596.npy,1.27,185.26
img_22597.npy,1.38,190.95
img_22598.npy,1.38,185.94
img_22599.npy,1.31,179.59
img_226.npy,1.33,188.34
img_2260.npy,1.20,185.80
img_22600.npy,1.31,141.28
img_22601.npy,1.36,142.93
img_22602.npy,1.30,188.96
img_22603.npy,1.50,187.34
img_22604.npy,1.28,191.62
img_22605.npy,1.27,181.12
img_22606.npy,1.39,134.38
img_22607.npy,1.44,129.32
img_22608.npy,1.36,182.05
img_22609.npy,1.26,181.80
img_2261.npy,1.37,127.50
img_22610.npy,1.31,185.35
img_22611.npy,1.29,183.00
img_22612.npy,1.32,186.45
img_22613.npy,1.27,186.07
img_22614.npy,1.23,184.80
img_22615.npy,1.31,128.66
img_22616.npy,1.33,126.60
img_22617.npy,1.33,138.27
img_22618.npy,1.33,127.21
img_22619.npy,1.33,125.17
img_2262.npy,1.41,127.62
img_22620.npy,1.29,188.64
img_22621.npy,1.37,184.06
img_22622.npy,1.29,183.36
img_22623.npy,1.29,192.23
img_22624.npy,1.38,185.64
img_22625.npy,1.18,184.51
img_22626.npy,1.30,188.64
img_22627.npy,1.30,181.11
img_22628.npy,1.23,176.89
img_22629.npy,1.44,131.77
img_2263.npy,1.28,177.69
img_22630.npy,1.34,127.22
img_22631.npy,1.33,123.39
img_22632.npy,1.39,143.73
img_22633.npy,1.44,130.45
img_22634.npy,1.33,187.44
img_22635.npy,1.32,183.65
img_22636.npy,1.41,187.26
img_22637.npy,1.34,188.52
img_22638.npy,1.33,182.26
img_22639.npy,1.26,177.18
img_2264.npy,1.51,159.69
img_22640.npy,1.39,183.75
img_22641.npy,1.31,187.18
img_22642.npy,1.24,181.18
img_22643.npy,1.32,123.65
img_22644.npy,1.30,131.00
img_22645.npy,1.34,128.54
img_22646.npy,1.32,121.77
img_22647.npy,1.32,124.08
img_22648.npy,1.35,144.88
img_22649.npy,1.33,127.91
img_2265.npy,1.32,124.45
img_22650.npy,1.46,129.02
img_22651.npy,1.27,180.52
img_22652.npy,1.40,133.93
img_22653.npy,1.25,183.96
img_22654.npy,1.28,128.99
img_22655.npy,1.32,127.86
img_22656.npy,1.33,129.25
img_22657.npy,1.35,129.50
img_22658.npy,1.31,125.57
img_22659.npy,1.32,127.68
img_2266.npy,1.32,136.42
img_22660.npy,1.39,129.70
img_22661.npy,1.32,183.91
img_22662.npy,1.32,183.64
img_22663.npy,1.27,181.98
img_22664.npy,1.34,179.45
img_22665.npy,1.36,184.66
img_22666.npy,1.27,182.55
img_22667.npy,1.47,153.89
img_22668.npy,1.35,186.94
img_22669.npy,1.54,187.68
img_2267.npy,1.24,173.59
img_22670.npy,1.33,124.62
img_22671.npy,1.40,135.91
img_22672.npy,1.44,149.77
img_22673.npy,1.37,179.25
img_22674.npy,1.25,181.45
img_22675.npy,1.35,126.54
img_22676.npy,1.31,130.70
img_22677.npy,1.35,123.22
img_22678.npy,1.35,126.41
img_22679.npy,1.33,125.35
img_2268.npy,1.22,125.67
img_22680.npy,1.36,133.14
img_22681.npy,1.47,130.20
img_22682.npy,1.37,187.25
img_22683.npy,1.19,179.29
img_22684.npy,1.33,129.02
img_22685.npy,1.41,137.15
img_22686.npy,1.26,180.79
img_22687.npy,1.29,125.49
img_22688.npy,1.29,125.76
img_22689.npy,1.32,150.18
img_2269.npy,1.33,124.61
img_22690.npy,1.36,122.92
img_22691.npy,1.37,134.89
img_22692.npy,1.33,131.04
img_22693.npy,1.45,126.96
img_22694.npy,1.37,185.30
img_22695.npy,1.23,184.89
img_22696.npy,1.28,134.51
img_22697.npy,1.33,139.42
img_22698.npy,1.28,126.69
img_22699.npy,1.34,130.96
img_227.npy,1.33,128.80
img_2270.npy,1.30,124.30
img_22700.npy,1.58,121.30
img_22701.npy,1.34,125.11
img_22702.npy,1.31,123.66
img_22703.npy,1.31,123.75
img_22704.npy,1.31,132.66
img_22705.npy,1.37,126.06
img_22706.npy,1.34,151.16
img_22707.npy,1.37,128.70
img_22708.npy,1.29,128.31
img_22709.npy,1.28,133.74
img_2271.npy,1.35,126.50
img_22710.npy,1.41,128.93
img_22711.npy,1.27,185.04
img_22712.npy,1.22,183.79
img_22713.npy,1.30,127.29
img_22714.npy,1.35,124.89
img_22715.npy,1.35,126.22
img_22716.npy,1.34,124.91
img_22717.npy,1.30,127.27
img_22718.npy,1.29,127.39
img_22719.npy,1.30,124.96
img_2272.npy,1.29,130.09
img_22720.npy,1.39,129.55
img_22721.npy,1.32,183.40
img_22722.npy,1.37,185.40
img_22723.npy,1.37,186.98
img_22724.npy,1.32,187.52
img_22725.npy,1.34,186.35
img_22726.npy,1.28,181.55
img_22727.npy,1.35,129.32
img_22728.npy,1.46,133.31
img_22729.npy,1.34,186.02
img_2273.npy,1.25,186.72
img_22730.npy,1.40,150.01
img_22731.npy,1.35,186.78
img_22732.npy,1.32,188.07
img_22733.npy,1.67,187.43
img_22734.npy,1.24,184.45
img_22735.npy,1.28,123.54
img_22736.npy,1.27,125.73
img_22737.npy,1.32,125.29
img_22738.npy,1.35,128.69
img_22739.npy,1.31,186.87
img_2274.npy,1.20,180.99
img_22740.npy,1.35,130.40
img_22741.npy,1.31,126.24
img_22742.npy,1.32,126.23
img_22743.npy,1.30,127.98
img_22744.npy,1.31,130.29
img_22745.npy,1.30,138.15
img_22746.npy,1.28,122.29
img_22747.npy,1.34,127.41
img_22748.npy,1.30,129.98
img_22749.npy,1.31,121.20
img_2275.npy,1.26,121.06
img_22750.npy,1.38,131.88
img_22751.npy,1.33,179.39
img_22752.npy,1.22,181.93
img_22753.npy,1.40,144.71
img_22754.npy,1.31,176.27
img_22755.npy,1.27,183.33
img_22756.npy,1.32,127.39
img_22757.npy,1.29,127.75
img_22758.npy,1.39,134.55
img_22759.npy,1.24,184.70
img_2276.npy,1.44,127.95
img_22760.npy,1.30,185.09
img_22761.npy,1.26,184.29
img_22762.npy,1.42,134.37
img_22763.npy,1.20,187.48
img_22764.npy,1.23,181.44
img_22765.npy,1.34,123.68
img_22766.npy,1.54,134.82
img_22767.npy,1.43,171.88
img_22768.npy,1.37,127.81
img_22769.npy,1.42,149.60
img_2277.npy,1.32,188.79
img_22770.npy,1.35,185.68
img_22771.npy,1.29,181.71
img_22772.npy,1.35,145.23
img_22773.npy,1.33,128.60
img_22774.npy,1.30,125.19
img_22775.npy,1.43,129.82
img_22776.npy,1.27,183.78
img_22777.npy,1.27,183.73
img_22778.npy,1.28,189.73
img_22779.npy,1.30,184.68
img_2278.npy,1.20,187.73
img_22780.npy,1.32,126.30
img_22781.npy,1.34,131.29
img_22782.npy,1.31,124.84
img_22783.npy,1.30,127.06
img_22784.npy,1.29,124.15
img_22785.npy,1.35,129.03
img_22786.npy,1.36,186.05
img_22787.npy,1.36,181.80
img_22788.npy,1.26,183.44
img_22789.npy,1.43,131.08
img_2279.npy,1.32,187.18
img_22790.npy,1.24,178.98
img_22791.npy,1.14,185.79
img_22792.npy,1.40,130.27
img_22793.npy,1.33,123.07
img_22794.npy,1.35,122.72
img_22795.npy,1.46,125.34
img_22796.npy,1.34,181.58
img_22797.npy,1.28,184.23
img_22798.npy,1.27,183.69
img_22799.npy,1.31,182.57
img_228.npy,1.53,161.04
img_2280.npy,1.31,186.67
img_22800.npy,1.33,186.77
img_22801.npy,1.32,190.07
img_22802.npy,1.37,183.57
img_22803.npy,1.37,184.47
img_22804.npy,1.38,187.50
img_22805.npy,1.39,183.75
img_22806.npy,1.33,184.66
img_22807.npy,1.32,184.88
img_22808.npy,1.37,183.45
img_22809.npy,1.32,188.93
img_2281.npy,1.34,186.73
img_22810.npy,1.27,180.59
img_22811.npy,1.30,122.97
img_22812.npy,1.30,125.99
img_22813.npy,1.36,130.79
img_22814.npy,1.32,125.88
img_22815.npy,1.30,139.13
img_22816.npy,1.34,127.45
img_22817.npy,1.44,131.57
img_22818.npy,1.33,184.91
img_22819.npy,1.33,181.69
img_2282.npy,1.19,182.58
img_22820.npy,1.22,185.96
img_22821.npy,1.27,121.69
img_22822.npy,1.31,129.27
img_22823.npy,1.32,123.59
img_22824.npy,1.31,125.89
img_22825.npy,1.39,132.83
img_22826.npy,1.30,182.07
img_22827.npy,1.31,186.57
img_22828.npy,1.31,187.96
img_22829.npy,1.28,187.52
img_2283.npy,1.34,185.04
img_22830.npy,1.32,187.66
img_22831.npy,1.47,174.48
img_22832.npy,1.33,186.55
img_22833.npy,1.33,185.98
img_22834.npy,1.26,186.06
img_22835.npy,1.33,128.86
img_22836.npy,1.33,128.54
img_22837.npy,1.34,127.38
img_22838.npy,1.33,139.45
img_22839.npy,1.29,123.11
img_2284.npy,1.35,125.75
img_22840.npy,1.34,122.41
img_22841.npy,1.28,125.28
img_22842.npy,1.37,127.25
img_22843.npy,1.36,130.21
img_22844.npy,1.33,125.27
img_22845.npy,1.31,124.25
img_22846.npy,1.27,124.82
img_22847.npy,1.28,123.08
img_22848.npy,1.20,140.04
img_22849.npy,1.30,123.71
img_2285.npy,1.41,129.52
img_22850.npy,1.24,184.07
img_22851.npy,1.43,136.19
img_22852.npy,1.33,185.82
img_22853.npy,1.33,188.35
img_22854.npy,1.28,187.12
img_22855.npy,1.20,182.54
img_22856.npy,1.41,128.52
img_22857.npy,1.35,187.51
img_22858.npy,1.33,185.83
img_22859.npy,1.29,185.87
img_2286.npy,1.29,184.93
img_22860.npy,1.34,183.68
img_22861.npy,1.32,186.13
img_22862.npy,1.35,188.12
img_22863.npy,1.34,178.24
img_22864.npy,1.33,187.38
img_22865.npy,1.31,126.44
img_22866.npy,1.32,119.95
img_22867.npy,1.37,129.88
img_22868.npy,1.28,187.43
img_22869.npy,1.35,185.33
img_2287.npy,1.30,191.89
img_22870.npy,1.37,183.19
img_22871.npy,1.31,184.97
img_22872.npy,1.17,189.75
img_22873.npy,1.32,125.82
img_22874.npy,1.34,129.90
img_22875.npy,1.37,125.57
img_22876.npy,1.26,183.71
img_22877.npy,1.28,121.56
img_22878.npy,1.24,125.73
img_22879.npy,1.34,124.96
img_2288.npy,1.39,129.13
img_22880.npy,1.38,186.14
img_22881.npy,1.21,185.13
img_22882.npy,1.35,122.91
img_22883.npy,1.34,126.61
img_22884.npy,1.34,125.45
img_22885.npy,1.32,123.54
img_22886.npy,1.36,126.57
img_22887.npy,1.23,185.23
img_22888.npy,1.24,124.18
img_22889.npy,1.26,124.02
img_2289.npy,1.36,132.33
img_22890.npy,1.31,175.43
img_22891.npy,1.27,190.10
img_22892.npy,1.26,185.67
img_22893.npy,1.27,184.74
img_22894.npy,1.28,191.50
img_22895.npy,1.29,187.16
img_22896.npy,1.27,181.68
img_22897.npy,1.29,189.07
img_22898.npy,1.37,180.45
img_22899.npy,1.28,142.64
img_229.npy,1.27,125.68
img_2290.npy,1.35,127.45
img_22900.npy,1.31,129.12
img_22901.npy,1.38,133.28
img_22902.npy,1.29,179.30
img_22903.npy,1.33,181.37
img_22904.npy,1.29,191.96
img_22905.npy,1.20,183.79
img_22906.npy,1.39,134.87
img_22907.npy,1.27,185.97
img_22908.npy,1.27,186.52
img_22909.npy,1.18,170.74
img_2291.npy,1.34,153.54
img_22910.npy,1.35,185.39
img_22911.npy,1.28,181.01
img_22912.npy,1.45,143.84
img_22913.npy,1.25,177.96
img_22914.npy,1.36,125.80
img_22915.npy,1.38,133.04
img_22916.npy,1.38,130.05
img_22917.npy,1.30,124.93
img_22918.npy,1.31,127.02
img_22919.npy,1.42,128.23
img_2292.npy,1.38,187.68
img_22920.npy,1.24,190.38
img_22921.npy,1.34,127.91
img_22922.npy,1.37,126.85
img_22923.npy,1.43,134.34
img_22924.npy,1.32,186.94
img_22925.npy,1.36,187.59
img_22926.npy,1.36,184.16
img_22927.npy,1.36,183.95
img_22928.npy,1.29,186.43
img_22929.npy,1.49,180.45
img_2293.npy,1.33,184.82
img_22930.npy,1.32,187.05
img_22931.npy,1.29,182.23
img_22932.npy,1.14,183.88
img_22933.npy,1.35,149.66
img_22934.npy,1.44,134.45
img_22935.npy,1.36,185.79
img_22936.npy,1.27,186.95
img_22937.npy,1.40,129.11
img_22938.npy,1.29,186.52
img_22939.npy,1.30,187.79
img_2294.npy,1.34,182.27
img_22940.npy,1.29,188.65
img_22941.npy,1.35,188.01
img_22942.npy,1.35,187.18
img_22943.npy,1.25,185.80
img_22944.npy,1.30,188.78
img_22945.npy,1.34,184.41
img_22946.npy,1.35,185.18
img_22947.npy,1.23,183.83
img_22948.npy,1.26,126.76
img_22949.npy,1.29,123.83
img_2295.npy,1.41,127.00
img_22950.npy,1.35,184.39
img_22951.npy,1.32,190.96
img_22952.npy,1.33,186.11
img_22953.npy,1.33,176.31
img_22954.npy,1.41,132.18
img_22955.npy,1.38,187.60
img_22956.npy,1.36,187.40
img_22957.npy,1.35,188.66
img_22958.npy,1.28,185.34
img_22959.npy,1.34,124.72
img_2296.npy,1.37,125.87
img_22960.npy,1.36,127.57
img_22961.npy,1.33,126.07
img_22962.npy,1.62,129.84
img_22963.npy,1.41,133.67
img_22964.npy,1.41,130.56
img_22965.npy,1.41,131.20
img_22966.npy,1.27,182.83
img_22967.npy,1.34,131.74
img_22968.npy,1.32,121.82
img_22969.npy,1.30,126.07
img_2297.npy,1.33,123.38
img_22970.npy,1.36,131.54
img_22971.npy,1.36,142.26
img_22972.npy,1.34,129.40
img_22973.npy,1.34,125.77
img_22974.npy,1.41,133.55
img_22975.npy,1.34,173.96
img_22976.npy,1.31,184.25
img_22977.npy,1.32,189.30
img_22978.npy,1.37,184.90
img_22979.npy,1.25,186.26
img_2298.npy,1.46,127.24
img_22980.npy,1.25,180.25
img_22981.npy,1.41,129.20
img_22982.npy,1.31,178.72
img_22983.npy,1.26,183.11
img_22984.npy,1.27,188.74
img_22985.npy,1.31,186.68
img_22986.npy,1.38,187.05
img_22987.npy,1.32,184.28
img_22988.npy,1.29,188.91
img_22989.npy,1.22,185.33
img_2299.npy,1.30,180.46
img_22990.npy,1.24,188.20
img_22991.npy,1.29,184.94
img_22992.npy,1.28,184.36
img_22993.npy,1.23,186.65
img_22994.npy,1.20,181.17
img_22995.npy,1.60,129.05
img_22996.npy,1.26,127.25
img_22997.npy,1.29,125.54
img_22998.npy,1.26,126.86
img_22999.npy,1.26,123.20
img_23.npy,1.30,129.56
img_230.npy,1.29,126.32
img_2300.npy,1.30,125.98
img_23000.npy,1.32,124.44
img_23001.npy,1.29,130.63
img_23002.npy,1.39,133.32
img_23003.npy,1.35,181.00
img_23004.npy,1.21,182.26
img_23005.npy,1.27,128.14
img_23006.npy,1.24,124.06
img_23007.npy,1.22,121.75
img_23008.npy,1.27,125.35
img_23009.npy,1.41,151.71
img_2301.npy,1.27,182.82
img_23010.npy,1.33,128.79
img_23011.npy,1.30,143.81
img_23012.npy,1.42,132.35
img_23013.npy,1.31,185.34
img_23014.npy,1.33,182.96
img_23015.npy,1.21,183.39
img_23016.npy,1.46,130.71
img_23017.npy,1.35,174.73
img_23018.npy,1.31,187.75
img_23019.npy,1.34,185.02
img_2302.npy,1.40,182.25
img_23020.npy,1.24,188.02
img_23021.npy,1.18,181.10
img_23022.npy,1.33,125.96
img_23023.npy,1.34,127.70
img_23024.npy,1.43,135.20
img_23025.npy,1.34,181.27
img_23026.npy,1.37,184.16
img_23027.npy,1.34,183.65
img_23028.npy,1.32,187.00
img_23029.npy,1.25,180.48
img_2303.npy,1.41,132.63
img_23030.npy,1.26,186.26
img_23031.npy,1.22,183.44
img_23032.npy,1.43,148.55
img_23033.npy,1.30,185.06
img_23034.npy,1.33,185.11
img_23035.npy,1.22,181.46
img_23036.npy,1.44,132.52
img_23037.npy,1.33,184.23
img_23038.npy,1.32,187.02
img_23039.npy,1.37,183.99
img_2304.npy,1.35,186.37
img_23040.npy,1.36,182.32
img_23041.npy,1.32,188.86
img_23042.npy,1.36,185.60
img_23043.npy,1.34,184.95
img_23044.npy,1.35,185.36
img_23045.npy,1.15,180.11
img_23046.npy,1.31,126.06
img_23047.npy,1.35,133.59
img_23048.npy,1.34,124.20
img_23049.npy,1.30,127.84
img_2305.npy,1.31,127.71
img_23050.npy,1.33,124.43
img_23051.npy,1.33,127.99
img_23052.npy,1.48,131.67
img_23053.npy,1.35,187.07
img_23054.npy,1.32,190.05
img_23055.npy,1.35,188.11
img_23056.npy,1.37,186.13
img_23057.npy,1.34,186.25
img_23058.npy,1.38,177.87
img_23059.npy,1.52,183.24
img_2306.npy,1.27,180.83
img_23060.npy,1.37,134.98
img_23061.npy,1.34,126.09
img_23062.npy,1.33,121.71
img_23063.npy,1.34,126.56
img_23064.npy,1.33,125.78
img_23065.npy,1.30,129.14
img_23066.npy,1.32,127.66
img_23067.npy,1.34,122.91
img_23068.npy,1.39,132.64
img_23069.npy,1.27,184.08
img_2307.npy,1.21,178.78
img_23070.npy,1.29,127.83
img_23071.npy,1.34,124.15
img_23072.npy,1.17,124.02
img_23073.npy,1.31,129.02
img_23074.npy,1.27,187.37
img_23075.npy,1.17,177.78
img_23076.npy,1.32,133.72
img_23077.npy,1.24,190.34
img_23078.npy,1.25,185.76
img_23079.npy,1.22,184.23
img_2308.npy,1.26,187.79
img_23080.npy,1.25,187.16
img_23081.npy,1.17,179.91
img_23082.npy,1.35,134.21
img_23083.npy,1.26,175.53
img_23084.npy,1.15,183.10
img_23085.npy,1.28,130.50
img_23086.npy,1.35,129.60
img_23087.npy,1.16,184.91
img_23088.npy,1.24,133.05
img_23089.npy,1.28,130.04
img_2309.npy,1.35,131.94
img_23090.npy,1.24,190.34
img_23091.npy,1.31,182.76
img_23092.npy,1.27,183.82
img_23093.npy,1.49,185.16
img_23094.npy,1.26,127.49
img_23095.npy,1.30,127.97
img_23096.npy,1.28,128.18
img_23097.npy,1.27,136.83
img_23098.npy,1.27,124.67
img_23099.npy,1.35,131.48
img_231.npy,1.30,185.04
img_2310.npy,1.26,184.64
img_23100.npy,1.21,179.08
img_23101.npy,1.39,140.50
img_23102.npy,1.27,184.94
img_23103.npy,1.27,186.10
img_23104.npy,1.28,187.76
img_23105.npy,1.27,187.44
img_23106.npy,1.19,185.32
img_23107.npy,1.22,184.94
img_23108.npy,1.34,187.39
img_23109.npy,1.33,187.82
img_2311.npy,1.26,181.65
img_23110.npy,1.39,130.32
img_23111.npy,1.25,185.61
img_23112.npy,1.30,183.88
img_23113.npy,1.21,185.49
img_23114.npy,1.33,126.87
img_23115.npy,1.28,183.12
img_23116.npy,1.36,178.59
img_23117.npy,1.36,182.80
img_23118.npy,1.33,186.38
img_23119.npy,1.29,182.16
img_2312.npy,1.26,181.30
img_23120.npy,1.29,184.64
img_23121.npy,1.21,177.28
img_23122.npy,1.30,128.05
img_23123.npy,1.32,127.09
img_23124.npy,1.43,129.26
img_23125.npy,1.26,179.46
img_23126.npy,1.61,134.16
img_23127.npy,1.45,135.82
img_23128.npy,1.41,186.48
img_23129.npy,1.20,182.27
img_2313.npy,1.48,124.54
img_23130.npy,1.14,186.55
img_23131.npy,1.37,134.05
img_23132.npy,1.34,185.80
img_23133.npy,1.35,185.48
img_23134.npy,1.35,191.05
img_23135.npy,1.35,185.48
img_23136.npy,1.35,185.78
img_23137.npy,1.34,190.57
img_23138.npy,1.29,176.58
img_23139.npy,1.26,183.86
img_2314.npy,1.37,152.10
img_23140.npy,1.46,146.51
img_23141.npy,1.37,186.53
img_23142.npy,1.31,189.05
img_23143.npy,1.41,186.49
img_23144.npy,1.27,180.37
img_23145.npy,1.34,129.55
img_23146.npy,1.47,150.91
img_23147.npy,1.34,185.95
img_23148.npy,1.35,191.73
img_23149.npy,1.32,172.29
img_2315.npy,1.35,180.68
img_23150.npy,1.23,188.29
img_23151.npy,1.45,136.18
img_23152.npy,1.25,183.59
img_23153.npy,1.32,125.11
img_23154.npy,1.35,125.56
img_23155.npy,1.36,128.76
img_23156.npy,1.40,128.09
img_23157.npy,1.36,186.28
img_23158.npy,1.30,181.70
img_23159.npy,1.36,188.61
img_2316.npy,1.32,188.58
img_23160.npy,1.38,183.04
img_23161.npy,1.26,184.72
img_23162.npy,1.45,131.97
img_23163.npy,1.38,184.23
img_23164.npy,1.31,185.16
img_23165.npy,1.35,184.88
img_23166.npy,1.25,184.60
img_23167.npy,1.32,124.94
img_23168.npy,1.36,127.10
img_23169.npy,1.35,124.25
img_2317.npy,1.33,149.83
img_23170.npy,1.43,126.21
img_23171.npy,1.34,184.71
img_23172.npy,1.35,181.34
img_23173.npy,1.22,179.70
img_23174.npy,1.35,126.66
img_23175.npy,1.35,122.82
img_23176.npy,1.33,125.46
img_23177.npy,1.35,124.23
img_23178.npy,1.34,124.96
img_23179.npy,1.47,133.32
img_2318.npy,1.35,187.23
img_23180.npy,1.28,181.74
img_23181.npy,1.28,185.14
img_23182.npy,1.37,172.87
img_23183.npy,1.29,183.14
img_23184.npy,1.39,127.75
img_23185.npy,1.36,122.70
img_23186.npy,1.44,123.30
img_23187.npy,1.39,182.98
img_23188.npy,1.15,182.59
img_23189.npy,1.36,129.26
img_2319.npy,1.31,123.75
img_23190.npy,1.70,133.65
img_23191.npy,1.35,186.45
img_23192.npy,1.34,185.95
img_23193.npy,1.31,187.68
img_23194.npy,1.34,184.64
img_23195.npy,1.37,187.57
img_23196.npy,1.26,173.98
img_23197.npy,1.47,134.84
img_23198.npy,1.22,178.84
img_23199.npy,1.32,130.75
img_232.npy,1.30,120.91
img_2320.npy,1.41,133.41
img_23200.npy,1.31,179.80
img_23201.npy,1.35,186.81
img_23202.npy,1.25,181.59
img_23203.npy,1.36,122.87
img_23204.npy,1.48,129.64
img_23205.npy,1.29,184.83
img_23206.npy,1.30,124.27
img_23207.npy,1.33,124.34
img_23208.npy,1.43,127.41
img_23209.npy,1.23,184.08
img_2321.npy,1.48,129.15
img_23210.npy,1.33,185.09
img_23211.npy,1.34,189.14
img_23212.npy,1.27,186.80
img_23213.npy,1.19,186.00
img_23214.npy,1.18,182.47
img_23215.npy,1.45,153.44
img_23216.npy,1.25,183.39
img_23217.npy,1.35,127.92
img_23218.npy,1.31,130.80
img_23219.npy,1.33,126.48
img_2322.npy,1.47,127.59
img_23220.npy,1.33,179.44
img_23221.npy,1.34,178.62
img_23222.npy,1.65,189.69
img_23223.npy,1.32,183.79
img_23224.npy,1.28,180.04
img_23225.npy,1.30,186.70
img_23226.npy,1.30,187.70
img_23227.npy,1.25,170.71
img_23228.npy,1.32,126.20
img_23229.npy,1.39,129.47
img_2323.npy,1.38,180.82
img_23230.npy,1.33,187.63
img_23231.npy,1.30,181.27
img_23232.npy,1.21,183.49
img_23233.npy,1.37,139.39
img_23234.npy,1.32,187.48
img_23235.npy,1.30,184.18
img_23236.npy,1.34,188.24
img_23237.npy,1.37,185.18
img_23238.npy,1.32,188.38
img_23239.npy,1.27,188.15
img_2324.npy,1.43,130.48
img_23240.npy,1.19,183.74
img_23241.npy,1.32,146.73
img_23242.npy,1.38,184.80
img_23243.npy,1.38,187.63
img_23244.npy,1.30,186.33
img_23245.npy,1.28,181.64
img_23246.npy,1.30,132.61
img_23247.npy,1.30,125.73
img_23248.npy,1.35,132.83
img_23249.npy,1.43,128.54
img_2325.npy,1.39,186.90
img_23250.npy,1.32,186.54
img_23251.npy,1.37,184.74
img_23252.npy,1.34,189.61
img_23253.npy,1.38,184.61
img_23254.npy,1.34,187.95
img_23255.npy,1.57,186.21
img_23256.npy,1.26,183.78
img_23257.npy,1.38,139.58
img_23258.npy,1.45,134.35
img_23259.npy,1.35,181.36
img_2326.npy,1.33,184.56
img_23260.npy,1.35,188.71
img_23261.npy,1.29,186.91
img_23262.npy,1.33,183.42
img_23263.npy,1.35,182.66
img_23264.npy,1.30,186.49
img_23265.npy,1.28,188.25
img_23266.npy,1.32,184.79
img_23267.npy,1.21,181.21
img_23268.npy,1.42,146.04
img_23269.npy,1.31,185.43
img_2327.npy,1.37,185.33
img_23270.npy,1.13,181.34
img_23271.npy,1.34,128.61
img_23272.npy,1.40,125.28
img_23273.npy,1.32,124.07
img_23274.npy,1.36,127.46
img_23275.npy,1.36,140.13
img_23276.npy,1.35,128.76
img_23277.npy,1.45,143.43
img_23278.npy,1.36,187.02
img_23279.npy,1.35,183.30
img_2328.npy,1.39,180.43
img_23280.npy,1.35,186.90
img_23281.npy,1.34,183.48
img_23282.npy,1.25,182.92
img_23283.npy,1.39,136.19
img_23284.npy,1.30,121.98
img_23285.npy,1.36,123.95
img_23286.npy,1.45,127.02
img_23287.npy,1.43,184.20
img_23288.npy,1.26,187.43
img_23289.npy,1.20,181.84
img_2329.npy,1.35,126.94
img_23290.npy,1.30,129.40
img_23291.npy,1.33,126.77
img_23292.npy,1.32,124.65
img_23293.npy,1.38,144.82
img_23294.npy,1.24,178.87
img_23295.npy,1.38,134.46
img_23296.npy,1.24,183.75
img_23297.npy,1.32,127.12
img_23298.npy,1.32,129.66
img_23299.npy,1.29,180.86
img_233.npy,1.35,190.67
img_2330.npy,1.27,181.45
img_23300.npy,1.32,124.80
img_23301.npy,1.40,132.85
img_23302.npy,1.26,168.74
img_23303.npy,1.34,129.88
img_23304.npy,1.32,122.41
img_23305.npy,1.31,131.61
img_23306.npy,1.30,132.02
img_23307.npy,1.30,125.80
img_23308.npy,1.44,132.38
img_23309.npy,1.32,187.25
img_2331.npy,1.28,188.63
img_23310.npy,1.31,187.36
img_23311.npy,1.33,182.93
img_23312.npy,1.34,192.13
img_23313.npy,1.30,187.55
img_23314.npy,1.35,185.93
img_23315.npy,1.33,186.76
img_23316.npy,1.38,187.63
img_23317.npy,1.35,184.02
img_23318.npy,1.28,188.11
img_23319.npy,1.32,187.71
img_2332.npy,1.68,173.33
img_23320.npy,1.34,190.82
img_23321.npy,1.34,184.62
img_23322.npy,1.33,177.31
img_23323.npy,1.35,189.04
img_23324.npy,1.35,175.48
img_23325.npy,1.24,177.75
img_23326.npy,1.36,129.64
img_23327.npy,1.31,143.15
img_23328.npy,1.31,124.43
img_23329.npy,1.33,123.91
img_2333.npy,1.45,134.14
img_23330.npy,1.32,180.11
img_23331.npy,1.32,186.08
img_23332.npy,1.37,182.86
img_23333.npy,1.32,184.57
img_23334.npy,1.30,190.38
img_23335.npy,1.22,182.36
img_23336.npy,1.37,139.80
img_23337.npy,1.33,132.04
img_23338.npy,1.34,120.82
img_23339.npy,1.34,124.92
img_2334.npy,1.33,126.58
img_23340.npy,1.36,126.38
img_23341.npy,1.35,129.43
img_23342.npy,1.32,124.28
img_23343.npy,1.34,127.25
img_23344.npy,1.26,128.16
img_23345.npy,1.40,127.29
img_23346.npy,1.32,185.68
img_23347.npy,1.35,182.02
img_23348.npy,1.27,188.07
img_23349.npy,1.21,171.34
img_2335.npy,1.24,126.09
img_23350.npy,1.28,131.02
img_23351.npy,1.42,147.75
img_23352.npy,1.56,177.63
img_23353.npy,1.23,131.35
img_23354.npy,1.20,121.63
img_23355.npy,1.27,123.56
img_23356.npy,1.25,122.74
img_23357.npy,1.25,126.85
img_23358.npy,1.28,121.54
img_23359.npy,1.44,138.02
img_2336.npy,1.22,179.69
img_23360.npy,1.36,123.70
img_23361.npy,1.35,132.00
img_23362.npy,1.30,183.60
img_23363.npy,1.27,183.29
img_23364.npy,1.30,185.10
img_23365.npy,1.33,186.13
img_23366.npy,1.32,187.82
img_23367.npy,1.38,185.05
img_23368.npy,1.23,179.91
img_23369.npy,1.23,124.77
img_2337.npy,1.41,126.42
img_23370.npy,1.36,183.07
img_23371.npy,1.24,180.67
img_23372.npy,1.34,125.09
img_23373.npy,1.39,131.72
img_23374.npy,1.48,135.24
img_23375.npy,1.28,184.74
img_23376.npy,1.33,187.07
img_23377.npy,1.29,186.70
img_23378.npy,1.29,185.26
img_23379.npy,1.37,184.27
img_2338.npy,1.40,185.89
img_23380.npy,1.39,183.33
img_23381.npy,1.34,186.55
img_23382.npy,1.32,187.61
img_23383.npy,1.34,185.00
img_23384.npy,1.37,187.83
img_23385.npy,1.31,184.01
img_23386.npy,1.34,188.02
img_23387.npy,1.39,186.61
img_23388.npy,1.62,186.01
img_23389.npy,1.35,184.60
img_2339.npy,1.27,182.77
img_23390.npy,1.33,126.27
img_23391.npy,1.34,127.70
img_23392.npy,1.36,125.64
img_23393.npy,1.31,128.37
img_23394.npy,1.30,130.21
img_23395.npy,1.35,121.46
img_23396.npy,1.31,120.45
img_23397.npy,1.32,124.39
img_23398.npy,1.27,123.04
img_23399.npy,1.46,128.86
img_234.npy,1.28,183.41
img_2340.npy,1.43,130.45
img_23400.npy,1.28,183.79
img_23401.npy,1.33,125.63
img_23402.npy,1.32,124.88
img_23403.npy,1.35,125.67
img_23404.npy,1.39,128.23
img_23405.npy,1.29,171.05
img_23406.npy,1.45,133.54
img_23407.npy,1.28,185.23
img_23408.npy,1.29,189.03
img_23409.npy,1.35,185.64
img_2341.npy,1.27,186.32
img_23410.npy,1.36,137.53
img_23411.npy,1.38,127.70
img_23412.npy,1.32,125.35
img_23413.npy,1.38,129.62
img_23414.npy,1.34,185.82
img_23415.npy,1.25,186.78
img_23416.npy,1.35,128.60
img_23417.npy,1.45,126.95
img_23418.npy,1.35,181.80
img_23419.npy,1.31,188.74
img_2342.npy,1.29,128.43
img_23420.npy,1.28,140.63
img_23421.npy,1.28,125.09
img_23422.npy,1.42,128.80
img_23423.npy,1.19,186.38
img_23424.npy,1.41,138.92
img_23425.npy,1.32,167.91
img_23426.npy,1.30,187.88
img_23427.npy,1.28,184.47
img_23428.npy,1.37,131.46
img_23429.npy,1.44,132.38
img_2343.npy,1.30,190.70
img_23430.npy,1.23,184.48
img_23431.npy,1.45,135.81
img_23432.npy,1.29,185.17
img_23433.npy,1.46,130.68
img_23434.npy,1.23,170.80
img_23435.npy,1.35,127.64
img_23436.npy,1.25,179.85
img_23437.npy,1.39,143.39
img_23438.npy,1.36,190.05
img_23439.npy,1.35,185.67
img_2344.npy,1.32,185.11
img_23440.npy,1.37,185.38
img_23441.npy,1.36,186.61
img_23442.npy,1.35,186.41
img_23443.npy,1.35,189.05
img_23444.npy,1.39,185.84
img_23445.npy,1.33,188.20
img_23446.npy,1.32,185.30
img_23447.npy,1.25,183.20
img_23448.npy,1.35,124.77
img_23449.npy,1.36,121.21
img_2345.npy,1.49,139.22
img_23450.npy,1.21,181.58
img_23451.npy,1.65,127.83
img_23452.npy,1.27,171.08
img_23453.npy,1.31,130.32
img_23454.npy,1.37,128.98
img_23455.npy,1.42,127.84
img_23456.npy,1.24,180.85
img_23457.npy,1.41,128.61
img_23458.npy,1.28,183.70
img_23459.npy,1.29,126.25
img_2346.npy,1.34,125.51
img_23460.npy,1.33,134.61
img_23461.npy,1.28,122.67
img_23462.npy,1.24,122.79
img_23463.npy,1.38,128.56
img_23464.npy,1.27,183.15
img_23465.npy,1.34,123.36
img_23466.npy,1.45,130.71
img_23467.npy,1.27,186.00
img_23468.npy,1.34,185.81
img_23469.npy,1.31,187.20
img_2347.npy,1.31,177.00
img_23470.npy,1.33,184.64
img_23471.npy,1.29,188.39
img_23472.npy,1.29,186.74
img_23473.npy,1.25,183.31
img_23474.npy,1.35,126.37
img_23475.npy,1.31,131.18
img_23476.npy,1.27,125.05
img_23477.npy,1.34,123.01
img_23478.npy,1.34,124.71
img_23479.npy,1.35,124.96
img_2348.npy,1.33,123.79
img_23480.npy,1.36,133.08
img_23481.npy,1.34,125.79
img_23482.npy,1.34,128.52
img_23483.npy,1.34,125.97
img_23484.npy,1.29,126.86
img_23485.npy,1.33,124.78
img_23486.npy,1.50,125.14
img_23487.npy,1.45,130.79
img_23488.npy,1.32,187.15
img_23489.npy,1.36,184.79
img_2349.npy,1.27,187.95
img_23490.npy,1.32,189.34
img_23491.npy,1.37,187.45
img_23492.npy,1.35,184.82
img_23493.npy,1.33,190.51
img_23494.npy,1.31,187.16
img_23495.npy,1.33,183.83
img_23496.npy,1.19,189.62
img_23497.npy,1.38,130.45
img_23498.npy,1.35,185.40
img_23499.npy,1.37,184.67
img_235.npy,1.34,183.96
img_2350.npy,1.26,170.60
img_23500.npy,1.32,125.34
img_23501.npy,1.33,121.68
img_23502.npy,1.37,126.16
img_23503.npy,1.34,124.09
img_23504.npy,1.37,129.27
img_23505.npy,1.44,132.48
img_23506.npy,1.33,190.86
img_23507.npy,1.21,183.41
img_23508.npy,1.43,131.98
img_23509.npy,1.31,185.91
img_2351.npy,1.27,171.85
img_23510.npy,1.44,126.83
img_23511.npy,1.29,189.03
img_23512.npy,1.36,126.29
img_23513.npy,1.33,130.38
img_23514.npy,1.37,135.70
img_23515.npy,1.32,124.60
img_23516.npy,1.20,129.06
img_23517.npy,1.36,137.52
img_23518.npy,1.29,184.11
img_23519.npy,1.58,121.79
img_2352.npy,1.36,138.50
img_23520.npy,1.34,122.45
img_23521.npy,1.36,123.66
img_23522.npy,1.33,125.12
img_23523.npy,1.30,126.53
img_23524.npy,1.32,129.20
img_23525.npy,1.34,120.80
img_23526.npy,1.31,121.73
img_23527.npy,1.33,134.41
img_23528.npy,1.32,126.77
img_23529.npy,1.42,135.82
img_2353.npy,1.24,169.33
img_23530.npy,1.32,125.97
img_23531.npy,1.30,133.75
img_23532.npy,1.36,128.54
img_23533.npy,1.20,181.81
img_23534.npy,1.38,130.82
img_23535.npy,1.23,174.02
img_23536.npy,1.30,131.79
img_23537.npy,1.37,127.48
img_23538.npy,1.32,129.96
img_23539.npy,1.33,124.84
img_2354.npy,1.40,129.77
img_23540.npy,1.31,179.33
img_23541.npy,1.28,188.10
img_23542.npy,1.24,181.86
img_23543.npy,1.24,135.02
img_23544.npy,1.34,150.73
img_23545.npy,1.28,182.36
img_23546.npy,1.32,124.35
img_23547.npy,1.32,128.14
img_23548.npy,1.31,121.79
img_23549.npy,1.31,126.39
img_2355.npy,1.29,123.41
img_23550.npy,1.33,122.40
img_23551.npy,1.40,122.88
img_23552.npy,1.54,148.78
img_23553.npy,1.45,124.50
img_23554.npy,1.33,182.53
img_23555.npy,1.38,182.03
img_23556.npy,1.32,176.94
img_23557.npy,1.29,183.32
img_23558.npy,1.36,187.33
img_23559.npy,1.32,180.89
img_2356.npy,1.34,184.06
img_23560.npy,1.33,186.26
img_23561.npy,1.30,184.14
img_23562.npy,1.28,183.41
img_23563.npy,1.23,181.85
img_23564.npy,1.42,149.77
img_23565.npy,1.17,184.51
img_23566.npy,1.34,125.70
img_23567.npy,1.44,133.41
img_23568.npy,1.37,182.22
img_23569.npy,1.25,183.47
img_2357.npy,1.36,138.72
img_23570.npy,1.29,125.09
img_23571.npy,1.27,128.51
img_23572.npy,1.29,127.88
img_23573.npy,1.36,124.74
img_23574.npy,1.44,132.72
img_23575.npy,1.33,182.78
img_23576.npy,1.34,187.32
img_23577.npy,1.24,183.00
img_23578.npy,1.34,132.95
img_23579.npy,1.40,129.80
img_2358.npy,1.31,122.51
img_23580.npy,1.32,121.98
img_23581.npy,1.37,126.91
img_23582.npy,1.36,136.23
img_23583.npy,1.45,131.17
img_23584.npy,1.30,179.43
img_23585.npy,1.49,131.07
img_23586.npy,1.48,181.81
img_23587.npy,1.26,185.35
img_23588.npy,1.44,130.03
img_23589.npy,1.30,186.65
img_2359.npy,1.31,182.45
img_23590.npy,1.31,183.29
img_23591.npy,1.28,191.32
img_23592.npy,1.29,185.59
img_23593.npy,1.32,185.59
img_23594.npy,1.16,188.22
img_23595.npy,1.33,125.87
img_23596.npy,1.33,127.96
img_23597.npy,1.48,132.47
img_23598.npy,1.33,185.80
img_23599.npy,1.28,182.99
img_236.npy,1.35,184.65
img_2360.npy,1.33,187.59
img_23600.npy,1.32,185.84
img_23601.npy,1.35,191.82
img_23602.npy,1.22,187.38
img_23603.npy,1.16,171.69
img_23604.npy,1.41,132.54
img_23605.npy,1.27,182.75
img_23606.npy,1.33,124.74
img_23607.npy,1.25,128.18
img_23608.npy,1.34,125.29
img_23609.npy,1.34,131.06
img_2361.npy,1.30,122.02
img_23610.npy,1.38,126.29
img_23611.npy,1.36,126.29
img_23612.npy,1.41,129.36
img_23613.npy,1.25,182.67
img_23614.npy,1.30,151.99
img_23615.npy,1.29,127.17
img_23616.npy,1.33,131.88
img_23617.npy,1.32,122.68
img_23618.npy,1.23,126.83
img_23619.npy,1.44,128.23
img_2362.npy,1.33,121.68
img_23620.npy,1.44,136.75
img_23621.npy,1.41,181.87
img_23622.npy,1.30,188.29
img_23623.npy,1.25,186.13
img_23624.npy,1.43,136.75
img_23625.npy,1.27,179.29
img_23626.npy,1.41,137.17
img_23627.npy,1.26,173.00
img_23628.npy,1.20,182.93
img_23629.npy,1.42,148.09
img_2363.npy,1.34,183.48
img_23630.npy,1.25,187.96
img_23631.npy,1.30,187.25
img_23632.npy,1.27,181.68
img_23633.npy,1.45,129.69
img_23634.npy,1.22,186.97
img_23635.npy,1.41,130.30
img_23636.npy,1.24,182.18
img_23637.npy,1.29,135.36
img_23638.npy,1.31,126.62
img_23639.npy,1.34,129.57
img_2364.npy,1.34,130.70
img_23640.npy,1.33,179.68
img_23641.npy,1.31,188.18
img_23642.npy,1.22,188.95
img_23643.npy,1.50,132.75
img_23644.npy,1.28,187.61
img_23645.npy,1.26,173.47
img_23646.npy,1.29,123.79
img_23647.npy,1.36,123.98
img_23648.npy,1.43,139.32
img_23649.npy,1.25,179.66
img_2365.npy,1.37,129.71
img_23650.npy,1.22,185.66
img_23651.npy,1.36,129.90
img_23652.npy,1.37,158.69
img_23653.npy,1.36,130.61
img_23654.npy,1.28,179.39
img_23655.npy,1.28,186.23
img_23656.npy,1.31,189.06
img_23657.npy,1.27,186.88
img_23658.npy,1.16,180.39
img_23659.npy,1.33,129.32
img_2366.npy,1.25,181.01
img_23660.npy,1.24,185.10
img_23661.npy,1.26,185.63
img_23662.npy,1.30,180.29
img_23663.npy,1.26,186.12
img_23664.npy,1.18,185.88
img_23665.npy,1.38,132.15
img_23666.npy,1.28,185.63
img_23667.npy,1.32,181.04
img_23668.npy,1.31,183.53
img_23669.npy,1.29,180.79
img_2367.npy,1.28,186.25
img_23670.npy,1.28,188.20
img_23671.npy,1.29,183.29
img_23672.npy,1.20,183.55
img_23673.npy,1.28,126.84
img_23674.npy,1.32,128.90
img_23675.npy,1.33,126.35
img_23676.npy,1.45,132.43
img_23677.npy,1.33,181.90
img_23678.npy,1.33,186.02
img_23679.npy,1.22,183.09
img_2368.npy,1.34,124.17
img_23680.npy,1.31,121.03
img_23681.npy,1.29,126.38
img_23682.npy,1.23,132.44
img_23683.npy,1.35,133.60
img_23684.npy,1.26,177.58
img_23685.npy,1.30,129.23
img_23686.npy,1.53,132.73
img_23687.npy,1.31,185.58
img_23688.npy,1.22,181.21
img_23689.npy,1.44,136.19
img_2369.npy,1.20,185.05
img_23690.npy,1.37,149.30
img_23691.npy,1.36,128.76
img_23692.npy,1.34,186.69
img_23693.npy,1.33,187.06
img_23694.npy,1.34,183.88
img_23695.npy,1.29,185.18
img_23696.npy,1.31,182.49
img_23697.npy,1.29,185.68
img_23698.npy,1.22,186.23
img_23699.npy,1.34,130.37
img_237.npy,1.39,144.59
img_2370.npy,1.30,188.87
img_23700.npy,1.34,184.29
img_23701.npy,1.22,179.10
img_23702.npy,1.34,123.78
img_23703.npy,1.32,125.74
img_23704.npy,1.31,120.93
img_23705.npy,1.30,129.76
img_23706.npy,1.29,129.11
img_23707.npy,1.33,123.93
img_23708.npy,1.33,125.40
img_23709.npy,1.30,124.52
img_2371.npy,1.24,146.04
img_23710.npy,1.33,125.80
img_23711.npy,1.32,144.00
img_23712.npy,1.29,124.77
img_23713.npy,1.34,126.36
img_23714.npy,1.27,128.65
img_23715.npy,1.40,128.96
img_23716.npy,1.18,186.70
img_23717.npy,1.32,132.28
img_23718.npy,1.33,122.96
img_23719.npy,1.54,135.48
img_2372.npy,1.37,186.20
img_23720.npy,1.31,187.56
img_23721.npy,1.21,184.84
img_23722.npy,1.33,130.11
img_23723.npy,1.27,123.23
img_23724.npy,1.45,146.14
img_23725.npy,1.26,187.10
img_23726.npy,1.24,182.80
img_23727.npy,1.25,190.92
img_23728.npy,1.32,181.60
img_23729.npy,1.30,184.37
img_2373.npy,1.32,188.44
img_23730.npy,1.26,174.23
img_23731.npy,1.38,138.09
img_23732.npy,1.21,186.34
img_23733.npy,1.30,126.21
img_23734.npy,1.27,128.43
img_23735.npy,1.30,130.25
img_23736.npy,1.31,149.50
img_23737.npy,1.27,124.75
img_23738.npy,1.32,130.33
img_23739.npy,1.20,169.02
img_2374.npy,1.31,125.88
img_23740.npy,1.28,126.07
img_23741.npy,1.43,131.31
img_23742.npy,1.26,186.79
img_23743.npy,1.35,185.83
img_23744.npy,1.26,172.89
img_23745.npy,1.33,134.90
img_23746.npy,1.30,125.73
img_23747.npy,1.28,133.79
img_23748.npy,1.32,125.83
img_23749.npy,1.30,133.34
img_2375.npy,1.34,127.29
img_23750.npy,1.30,127.51
img_23751.npy,1.38,130.19
img_23752.npy,1.32,184.21
img_23753.npy,1.33,182.78
img_23754.npy,1.38,177.84
img_23755.npy,1.30,185.11
img_23756.npy,1.18,184.37
img_23757.npy,1.41,134.60
img_23758.npy,1.27,185.22
img_23759.npy,1.27,187.31
img_2376.npy,1.19,184.45
img_23760.npy,1.46,131.93
img_23761.npy,1.33,186.71
img_23762.npy,1.22,188.54
img_23763.npy,1.28,181.75
img_23764.npy,1.27,179.89
img_23765.npy,1.30,186.92
img_23766.npy,1.33,187.54
img_23767.npy,1.33,185.74
img_23768.npy,1.26,185.83
img_23769.npy,1.33,184.91
img_2377.npy,1.28,183.22
img_23770.npy,1.26,185.92
img_23771.npy,1.32,182.91
img_23772.npy,1.29,183.61
img_23773.npy,1.33,173.30
img_23774.npy,1.33,184.95
img_23775.npy,1.28,188.60
img_23776.npy,1.30,187.66
img_23777.npy,1.31,181.55
img_23778.npy,1.19,179.71
img_23779.npy,1.30,132.10
img_2378.npy,1.40,129.42
img_23780.npy,1.30,186.11
img_23781.npy,1.33,183.59
img_23782.npy,1.29,185.82
img_23783.npy,1.19,188.04
img_23784.npy,1.33,186.80
img_23785.npy,1.33,185.61
img_23786.npy,1.30,182.21
img_23787.npy,1.45,185.31
img_23788.npy,1.27,183.67
img_23789.npy,1.18,174.99
img_2379.npy,1.33,133.90
img_23790.npy,1.43,130.07
img_23791.npy,1.32,188.11
img_23792.npy,1.19,178.57
img_23793.npy,1.37,126.77
img_23794.npy,1.32,185.90
img_23795.npy,1.32,182.73
img_23796.npy,1.26,184.06
img_23797.npy,1.33,186.48
img_23798.npy,1.30,187.48
img_23799.npy,1.14,179.34
img_238.npy,1.38,130.96
img_2380.npy,1.34,181.94
img_23800.npy,1.30,187.75
img_23801.npy,1.32,186.27
img_23802.npy,1.27,187.93
img_23803.npy,1.33,187.67
img_23804.npy,1.20,183.64
img_23805.npy,1.27,127.00
img_23806.npy,1.32,130.21
img_23807.npy,1.31,132.86
img_23808.npy,1.29,126.70
img_23809.npy,1.28,121.55
img_2381.npy,1.30,125.65
img_23810.npy,1.32,125.11
img_23811.npy,1.28,129.14
img_23812.npy,1.30,126.33
img_23813.npy,1.22,126.23
img_23814.npy,1.31,138.07
img_23815.npy,1.27,133.53
img_23816.npy,1.28,129.01
img_23817.npy,1.40,127.36
img_23818.npy,1.41,185.91
img_23819.npy,1.29,191.96
img_2382.npy,1.26,176.39
img_23820.npy,1.30,125.85
img_23821.npy,1.40,147.33
img_23822.npy,1.29,187.03
img_23823.npy,1.23,185.23
img_23824.npy,1.25,189.32
img_23825.npy,1.24,186.02
img_23826.npy,1.31,138.05
img_23827.npy,1.32,124.88
img_23828.npy,1.34,121.62
img_23829.npy,1.23,125.26
img_2383.npy,1.28,126.72
img_23830.npy,1.28,127.08
img_23831.npy,1.33,135.87
img_23832.npy,1.16,189.53
img_23833.npy,1.27,124.76
img_23834.npy,1.27,125.06
img_23835.npy,1.28,129.39
img_23836.npy,1.28,125.00
img_23837.npy,1.28,129.74
img_23838.npy,1.31,126.66
img_23839.npy,1.40,150.29
img_2384.npy,1.30,186.11
img_23840.npy,1.30,190.52
img_23841.npy,1.31,186.06
img_23842.npy,1.24,183.26
img_23843.npy,1.27,190.27
img_23844.npy,1.30,184.35
img_23845.npy,1.26,185.71
img_23846.npy,1.16,188.77
img_23847.npy,1.44,130.97
img_23848.npy,1.29,184.85
img_23849.npy,1.29,192.10
img_2385.npy,1.30,186.94
img_23850.npy,1.31,184.42
img_23851.npy,1.25,187.94
img_23852.npy,1.29,185.91
img_23853.npy,1.29,188.32
img_23854.npy,1.56,190.38
img_23855.npy,1.34,153.14
img_23856.npy,1.41,128.53
img_23857.npy,1.34,190.36
img_23858.npy,1.31,185.32
img_23859.npy,1.27,184.67
img_2386.npy,1.24,184.08
img_23860.npy,1.33,134.43
img_23861.npy,1.29,122.92
img_23862.npy,1.27,126.45
img_23863.npy,1.40,144.43
img_23864.npy,1.26,187.76
img_23865.npy,1.29,187.17
img_23866.npy,1.21,185.12
img_23867.npy,1.31,127.89
img_23868.npy,1.37,131.05
img_23869.npy,1.23,177.80
img_2387.npy,1.31,124.77
img_23870.npy,1.42,130.45
img_23871.npy,1.25,185.26
img_23872.npy,1.15,184.56
img_23873.npy,1.25,130.76
img_23874.npy,1.24,121.33
img_23875.npy,1.25,125.81
img_23876.npy,1.24,131.02
img_23877.npy,1.29,124.38
img_23878.npy,1.31,127.41
img_23879.npy,1.26,131.58
img_2388.npy,1.29,132.39
img_23880.npy,1.42,131.07
img_23881.npy,1.36,186.88
img_23882.npy,1.29,187.80
img_23883.npy,1.29,181.59
img_23884.npy,1.26,185.98
img_23885.npy,1.29,183.55
img_23886.npy,1.22,183.05
img_23887.npy,1.24,128.77
img_23888.npy,1.68,126.68
img_23889.npy,1.28,183.70
img_2389.npy,1.33,182.74
img_23890.npy,1.30,184.23
img_23891.npy,1.34,187.23
img_23892.npy,1.29,186.01
img_23893.npy,1.32,184.67
img_23894.npy,1.30,186.41
img_23895.npy,1.31,187.66
img_23896.npy,1.29,188.02
img_23897.npy,1.28,185.92
img_23898.npy,1.34,184.25
img_23899.npy,1.29,183.24
img_239.npy,1.29,186.36
img_2390.npy,1.29,184.11
img_23900.npy,1.21,180.13
img_23901.npy,1.39,152.65
img_23902.npy,1.23,182.82
img_23903.npy,1.32,127.44
img_23904.npy,1.28,145.78
img_23905.npy,1.31,127.75
img_23906.npy,1.18,121.07
img_23907.npy,1.24,128.27
img_23908.npy,1.24,127.26
img_23909.npy,1.26,128.78
img_2391.npy,1.38,133.85
img_23910.npy,1.25,185.05
img_23911.npy,1.18,174.52
img_23912.npy,1.28,126.44
img_23913.npy,1.30,129.92
img_23914.npy,1.32,126.54
img_23915.npy,1.32,134.68
img_23916.npy,1.31,124.13
img_23917.npy,1.37,134.74
img_23918.npy,1.25,179.89
img_23919.npy,1.29,135.52
img_2392.npy,1.26,130.21
img_23920.npy,1.41,126.56
img_23921.npy,1.29,181.53
img_23922.npy,1.39,170.57
img_23923.npy,1.31,127.61
img_23924.npy,1.32,126.66
img_23925.npy,1.39,142.34
img_23926.npy,1.27,185.19
img_23927.npy,1.26,186.52
img_23928.npy,1.28,186.98
img_23929.npy,1.28,181.29
img_2393.npy,1.32,180.81
img_23930.npy,1.31,190.59
img_23931.npy,1.32,184.02
img_23932.npy,1.31,184.11
img_23933.npy,1.21,188.24
img_23934.npy,1.32,125.16
img_23935.npy,1.24,147.01
img_23936.npy,1.30,128.93
img_23937.npy,1.31,126.91
img_23938.npy,1.44,136.99
img_23939.npy,1.29,188.99
img_2394.npy,1.30,177.59
img_23940.npy,1.21,182.35
img_23941.npy,1.30,129.30
img_23942.npy,1.36,139.88
img_23943.npy,1.38,131.32
img_23944.npy,1.24,184.62
img_23945.npy,1.31,132.32
img_23946.npy,1.33,132.71
img_23947.npy,1.32,136.51
img_23948.npy,1.33,127.28
img_23949.npy,1.25,126.01
img_2395.npy,1.36,149.24
img_23950.npy,1.23,184.70
img_23951.npy,1.28,131.87
img_23952.npy,1.32,130.12
img_23953.npy,1.33,129.88
img_23954.npy,1.28,134.73
img_23955.npy,1.47,126.46
img_23956.npy,1.30,139.32
img_23957.npy,1.29,125.16
img_23958.npy,1.30,135.20
img_23959.npy,1.33,146.73
img_2396.npy,1.41,147.01
img_23960.npy,1.30,187.06
img_23961.npy,1.26,183.77
img_23962.npy,1.30,187.29
img_23963.npy,1.33,187.56
img_23964.npy,1.16,180.27
img_23965.npy,1.30,133.65
img_23966.npy,1.28,184.58
img_23967.npy,1.30,182.66
img_23968.npy,1.27,182.71
img_23969.npy,1.20,186.72
img_2397.npy,1.38,131.14
img_23970.npy,1.28,184.04
img_23971.npy,1.31,186.53
img_23972.npy,1.35,186.95
img_23973.npy,1.32,185.84
img_23974.npy,1.31,187.49
img_23975.npy,1.29,185.73
img_23976.npy,1.31,184.86
img_23977.npy,1.31,184.86
img_23978.npy,1.29,186.79
img_23979.npy,1.30,184.73
img_2398.npy,1.22,183.34
img_23980.npy,1.39,145.59
img_23981.npy,1.36,184.20
img_23982.npy,1.29,186.52
img_23983.npy,1.33,184.53
img_23984.npy,1.29,186.65
img_23985.npy,1.32,187.51
img_23986.npy,1.16,181.29
img_23987.npy,1.30,125.71
img_23988.npy,1.30,126.10
img_23989.npy,1.31,126.97
img_2399.npy,1.53,125.15
img_23990.npy,1.20,183.90
img_23991.npy,1.29,121.76
img_23992.npy,1.18,135.80
img_23993.npy,1.37,133.63
img_23994.npy,1.30,183.05
img_23995.npy,1.25,183.11
img_23996.npy,1.17,183.45
img_23997.npy,1.38,146.29
img_23998.npy,1.28,187.62
img_23999.npy,1.29,185.20
img_24.npy,1.31,181.72
img_240.npy,1.26,178.94
img_2400.npy,1.19,185.20
img_24000.npy,1.37,144.95
img_24001.npy,1.19,180.21
img_24002.npy,1.28,126.74
img_24003.npy,1.29,127.25
img_24004.npy,1.28,122.68
img_24005.npy,1.39,131.37
img_24006.npy,1.21,183.00
img_24007.npy,1.30,132.34
img_24008.npy,1.28,124.52
img_24009.npy,1.30,129.43
img_2401.npy,1.29,125.98
img_24010.npy,1.27,124.33
img_24011.npy,1.31,128.23
img_24012.npy,1.30,127.84
img_24013.npy,1.28,128.45
img_24014.npy,1.33,127.68
img_24015.npy,1.28,130.66
img_24016.npy,1.23,130.19
img_24017.npy,1.30,129.09
img_24018.npy,1.35,127.86
img_24019.npy,1.14,181.19
img_2402.npy,1.25,137.60
img_24020.npy,1.29,128.95
img_24021.npy,1.39,125.37
img_24022.npy,1.37,148.52
img_24023.npy,1.28,130.43
img_24024.npy,1.37,135.96
img_24025.npy,1.21,181.54
img_24026.npy,1.39,133.78
img_24027.npy,1.28,184.04
img_24028.npy,1.30,184.71
img_24029.npy,1.31,186.71
img_2403.npy,1.23,185.04
img_24030.npy,1.21,183.39
img_24031.npy,1.33,139.46
img_24032.npy,1.29,122.51
img_24033.npy,1.29,124.38
img_24034.npy,1.29,121.38
img_24035.npy,1.26,130.91
img_24036.npy,1.28,129.37
img_24037.npy,1.29,129.67
img_24038.npy,1.23,126.38
img_24039.npy,1.35,137.16
img_2404.npy,1.18,172.38
img_24040.npy,1.34,148.88
img_24041.npy,1.27,190.06
img_24042.npy,1.30,187.23
img_24043.npy,1.23,185.82
img_24044.npy,1.19,176.33
img_24045.npy,1.26,124.29
img_24046.npy,1.35,142.99
img_24047.npy,1.28,190.68
img_24048.npy,1.18,183.67
img_24049.npy,1.20,144.17
img_2405.npy,1.26,128.03
img_24050.npy,1.38,144.47
img_24051.npy,1.27,182.21
img_24052.npy,1.23,191.93
img_24053.npy,1.27,182.47
img_24054.npy,1.27,188.16
img_24055.npy,1.18,177.89
img_24056.npy,1.48,128.26
img_24057.npy,1.23,186.60
img_24058.npy,1.28,187.53
img_24059.npy,1.18,178.63
img_2406.npy,1.27,152.21
img_24060.npy,1.24,123.77
img_24061.npy,1.24,127.87
img_24062.npy,1.25,135.00
img_24063.npy,1.25,154.64
img_24064.npy,1.26,138.21
img_24065.npy,1.26,125.09
img_24066.npy,1.26,128.34
img_24067.npy,1.37,129.24
img_24068.npy,1.17,171.67
img_24069.npy,1.26,131.97
img_2407.npy,1.36,129.89
img_24070.npy,1.18,172.94
img_24071.npy,1.27,134.29
img_24072.npy,1.36,128.99
img_24073.npy,1.18,180.33
img_24074.npy,1.32,148.28
img_24075.npy,1.26,183.27
img_24076.npy,1.24,183.57
img_24077.npy,1.23,189.55
img_24078.npy,1.25,186.98
img_24079.npy,1.18,184.04
img_2408.npy,1.22,188.31
img_24080.npy,1.21,182.62
img_24081.npy,1.42,135.56
img_24082.npy,1.27,187.92
img_24083.npy,1.27,178.61
img_24084.npy,1.27,186.04
img_24085.npy,1.28,187.69
img_24086.npy,1.30,183.67
img_24087.npy,1.20,183.54
img_24088.npy,1.29,139.04
img_24089.npy,1.28,127.84
img_2409.npy,1.30,131.89
img_24090.npy,1.35,134.27
img_24091.npy,1.29,148.21
img_24092.npy,1.24,123.54
img_24093.npy,1.24,125.97
img_24094.npy,1.24,134.78
img_24095.npy,1.25,129.63
img_24096.npy,1.34,152.41
img_24097.npy,1.26,181.46
img_24098.npy,1.19,185.22
img_24099.npy,1.27,124.16
img_241.npy,1.36,143.68
img_2410.npy,1.20,180.26
img_24100.npy,1.32,146.68
img_24101.npy,1.24,181.64
img_24102.npy,1.24,184.45
img_24103.npy,1.18,177.68
img_24104.npy,1.34,133.98
img_24105.npy,1.16,181.71
img_24106.npy,1.32,145.52
img_24107.npy,1.06,185.32
img_24108.npy,1.35,131.20
img_24109.npy,1.27,182.93
img_2411.npy,1.27,181.62
img_24110.npy,1.27,170.55
img_24111.npy,1.27,186.09
img_24112.npy,1.24,185.79
img_24113.npy,1.20,182.50
img_24114.npy,1.26,146.26
img_24115.npy,1.27,126.10
img_24116.npy,1.25,124.52
img_24117.npy,1.39,125.62
img_24118.npy,1.17,182.36
img_24119.npy,1.30,152.15
img_2412.npy,1.20,175.76
img_24120.npy,1.27,131.53
img_24121.npy,1.25,130.75
img_24122.npy,1.29,124.18
img_24123.npy,1.26,125.86
img_24124.npy,1.49,128.36
img_24125.npy,1.27,182.61
img_24126.npy,1.19,184.53
img_24127.npy,1.37,142.81
img_24128.npy,1.29,180.56
img_24129.npy,1.25,184.47
img_2413.npy,1.20,186.29
img_24130.npy,1.22,185.50
img_24131.npy,1.27,183.16
img_24132.npy,1.26,188.09
img_24133.npy,1.28,185.15
img_24134.npy,1.18,170.35
img_24135.npy,1.24,130.51
img_24136.npy,1.19,149.82
img_24137.npy,1.29,137.33
img_24138.npy,1.29,142.88
img_24139.npy,1.34,133.73
img_2414.npy,1.16,178.38
img_24140.npy,1.33,128.44
img_24141.npy,1.21,180.84
img_24142.npy,1.35,126.07
img_24143.npy,1.19,182.09
img_24144.npy,1.35,131.12
img_24145.npy,1.27,181.18
img_24146.npy,1.26,188.17
img_24147.npy,1.26,183.53
img_24148.npy,1.27,179.98
img_24149.npy,1.24,190.84
img_2415.npy,1.26,185.32
img_24150.npy,1.19,177.67
img_24151.npy,1.32,130.09
img_24152.npy,1.27,180.96
img_24153.npy,1.16,179.29
img_24154.npy,1.23,130.68
img_24155.npy,1.23,129.09
img_24156.npy,1.25,151.38
img_24157.npy,1.24,125.92
img_24158.npy,1.29,130.76
img_24159.npy,1.43,126.11
img_2416.npy,1.33,154.69
img_24160.npy,1.25,126.76
img_24161.npy,1.25,143.95
img_24162.npy,1.33,151.81
img_24163.npy,1.30,184.78
img_24164.npy,1.22,187.61
img_24165.npy,1.19,187.93
img_24166.npy,1.22,173.11
img_24167.npy,1.21,185.35
img_24168.npy,1.26,185.54
img_24169.npy,1.28,187.21
img_2417.npy,1.21,187.01
img_24170.npy,1.20,176.71
img_24171.npy,1.27,127.69
img_24172.npy,1.34,136.27
img_24173.npy,1.28,190.78
img_24174.npy,1.29,184.91
img_24175.npy,1.25,186.02
img_24176.npy,1.26,186.83
img_24177.npy,1.24,182.71
img_24178.npy,1.21,182.98
img_24179.npy,1.26,185.56
img_2418.npy,1.26,185.31
img_24180.npy,1.28,181.64
img_24181.npy,1.24,185.98
img_24182.npy,1.25,185.53
img_24183.npy,1.22,185.54
img_24184.npy,1.24,187.48
img_24185.npy,1.27,178.57
img_24186.npy,1.26,183.71
img_24187.npy,1.27,187.41
img_24188.npy,1.27,184.27
img_24189.npy,1.24,183.30
img_2419.npy,1.31,173.79
img_24190.npy,1.25,185.45
img_24191.npy,1.32,187.07
img_24192.npy,1.18,183.89
img_24193.npy,1.51,153.20
img_24194.npy,1.39,178.63
img_24195.npy,1.37,130.80
img_24196.npy,1.16,177.36
img_24197.npy,1.28,145.77
img_24198.npy,1.28,124.68
img_24199.npy,1.28,124.20
img_242.npy,1.30,142.69
img_2420.npy,1.19,182.78
img_24200.npy,1.25,128.73
img_24201.npy,1.24,149.24
img_24202.npy,1.25,124.82
img_24203.npy,1.37,124.54
img_24204.npy,1.28,182.86
img_24205.npy,1.21,187.30
img_24206.npy,1.29,138.77
img_24207.npy,1.37,128.76
img_24208.npy,1.29,176.93
img_24209.npy,1.21,181.37
img_2421.npy,1.29,135.43
img_24210.npy,1.35,132.66
img_24211.npy,1.23,180.98
img_24212.npy,1.25,183.21
img_24213.npy,1.26,187.79
img_24214.npy,1.17,177.97
img_24215.npy,1.23,130.34
img_24216.npy,1.33,131.29
img_24217.npy,1.27,179.83
img_24218.npy,1.24,182.36
img_24219.npy,1.18,184.73
img_2422.npy,1.34,131.59
img_24220.npy,1.24,177.94
img_24221.npy,1.27,179.47
img_24222.npy,1.26,187.53
img_24223.npy,1.14,184.81
img_24224.npy,1.26,144.21
img_24225.npy,1.18,173.66
img_24226.npy,1.33,141.65
img_24227.npy,1.38,176.24
img_24228.npy,1.20,178.00
img_24229.npy,1.21,136.77
img_2423.npy,1.26,128.89
img_24230.npy,1.35,135.05
img_24231.npy,1.15,179.89
img_24232.npy,1.29,136.75
img_24233.npy,1.24,173.30
img_24234.npy,1.22,184.99
img_24235.npy,1.22,183.02
img_24236.npy,1.12,178.74
img_24237.npy,1.23,131.69
img_24238.npy,1.23,124.58
img_24239.npy,1.23,124.23
img_2424.npy,1.22,146.77
img_24240.npy,1.31,134.32
img_24241.npy,1.15,178.57
img_24242.npy,1.23,130.27
img_24243.npy,1.33,143.43
img_24244.npy,1.22,184.23
img_24245.npy,1.17,191.64
img_24246.npy,1.21,181.23
img_24247.npy,1.14,184.50
img_24248.npy,1.24,143.02
img_24249.npy,1.22,134.54
img_2425.npy,1.27,143.43
img_24250.npy,1.21,126.82
img_24251.npy,1.32,126.74
img_24252.npy,1.15,179.43
img_24253.npy,1.25,154.12
img_24254.npy,1.25,184.86
img_24255.npy,1.24,185.23
img_24256.npy,1.27,190.78
img_24257.npy,1.25,185.93
img_24258.npy,1.17,180.54
img_24259.npy,1.27,146.67
img_2426.npy,1.27,184.60
img_24260.npy,1.28,185.18
img_24261.npy,1.21,185.89
img_24262.npy,1.39,135.12
img_24263.npy,1.25,185.30
img_24264.npy,1.38,181.12
img_24265.npy,1.29,182.24
img_24266.npy,1.26,185.67
img_24267.npy,1.24,190.72
img_24268.npy,1.26,186.12
img_24269.npy,1.26,186.52
img_2427.npy,1.17,186.07
img_24270.npy,1.28,125.04
img_24271.npy,1.32,126.46
img_24272.npy,1.17,185.03
img_24273.npy,1.36,145.98
img_24274.npy,1.30,181.64
img_24275.npy,1.25,189.73
img_24276.npy,1.29,178.27
img_24277.npy,1.25,183.61
img_24278.npy,1.18,187.19
img_24279.npy,1.26,128.14
img_2428.npy,1.29,128.51
img_24280.npy,1.35,131.13
img_24281.npy,1.27,189.27
img_24282.npy,1.15,183.50
img_24283.npy,1.33,125.07
img_24284.npy,1.19,171.41
img_24285.npy,1.23,140.04
img_24286.npy,1.26,190.12
img_24287.npy,1.25,187.33
img_24288.npy,1.18,178.48
img_24289.npy,1.25,122.83
img_2429.npy,1.26,128.61
img_24290.npy,1.36,134.76
img_24291.npy,1.26,183.69
img_24292.npy,1.25,185.42
img_24293.npy,1.29,183.17
img_24294.npy,1.17,186.01
img_24295.npy,1.35,129.55
img_24296.npy,1.20,175.12
img_24297.npy,1.45,159.40
img_24298.npy,1.28,129.37
img_24299.npy,1.27,121.23
img_243.npy,1.27,124.57
img_2430.npy,1.38,147.41
img_24300.npy,1.26,185.14
img_24301.npy,1.17,178.98
img_24302.npy,1.33,133.67
img_24303.npy,1.28,185.52
img_24304.npy,1.16,179.04
img_24305.npy,1.30,131.24
img_24306.npy,1.34,130.08
img_24307.npy,1.18,178.52
img_24308.npy,1.35,131.21
img_24309.npy,1.26,183.76
img_2431.npy,1.15,184.98
img_24310.npy,1.33,151.82
img_24311.npy,1.20,185.88
img_24312.npy,1.27,135.64
img_24313.npy,1.18,186.36
img_24314.npy,1.33,129.07
img_24315.npy,1.25,185.46
img_24316.npy,1.27,188.62
img_24317.npy,1.18,179.02
img_24318.npy,1.24,130.89
img_24319.npy,1.33,145.21
img_2432.npy,1.22,180.49
img_24320.npy,1.26,129.32
img_24321.npy,1.36,152.77
img_24322.npy,1.29,177.52
img_24323.npy,1.18,184.21
img_24324.npy,1.39,145.64
img_24325.npy,1.30,182.55
img_24326.npy,1.16,182.44
img_24327.npy,1.32,136.45
img_24328.npy,1.18,182.30
img_24329.npy,1.26,127.49
img_2433.npy,1.39,152.09
img_24330.npy,1.25,182.02
img_24331.npy,1.40,186.91
img_24332.npy,1.24,186.89
img_24333.npy,1.26,183.93
img_24334.npy,1.26,184.40
img_24335.npy,1.24,181.63
img_24336.npy,1.30,178.11
img_24337.npy,1.18,180.91
img_24338.npy,1.31,132.96
img_24339.npy,1.26,183.81
img_2434.npy,1.19,184.41
img_24340.npy,1.27,133.73
img_24341.npy,1.23,128.65
img_24342.npy,1.18,181.56
img_24343.npy,1.27,143.58
img_24344.npy,1.28,154.66
img_24345.npy,1.33,132.66
img_24346.npy,1.16,184.22
img_24347.npy,1.25,123.54
img_24348.npy,1.25,133.56
img_24349.npy,1.24,130.38
img_2435.npy,1.26,122.84
img_24350.npy,1.36,128.91
img_24351.npy,1.29,185.84
img_24352.npy,1.27,183.50
img_24353.npy,1.27,182.73
img_24354.npy,1.29,186.69
img_24355.npy,1.28,184.14
img_24356.npy,1.25,184.52
img_24357.npy,1.26,184.16
img_24358.npy,1.19,180.46
img_24359.npy,1.40,144.37
img_2436.npy,1.20,181.29
img_24360.npy,1.36,144.36
img_24361.npy,1.17,188.07
img_24362.npy,1.37,145.09
img_24363.npy,1.28,181.73
img_24364.npy,1.23,130.95
img_24365.npy,1.25,120.95
img_24366.npy,1.31,127.88
img_24367.npy,1.26,190.85
img_24368.npy,1.28,185.58
img_24369.npy,1.18,181.59
img_2437.npy,1.26,126.34
img_24370.npy,1.22,130.54
img_24371.npy,1.35,136.41
img_24372.npy,1.18,184.98
img_24373.npy,1.35,150.66
img_24374.npy,1.26,184.01
img_24375.npy,1.23,188.04
img_24376.npy,1.23,186.00
img_24377.npy,1.23,186.70
img_24378.npy,1.29,189.50
img_24379.npy,1.18,179.19
img_2438.npy,1.27,128.02
img_24380.npy,1.25,128.80
img_24381.npy,1.38,134.86
img_24382.npy,1.28,182.00
img_24383.npy,1.16,186.96
img_24384.npy,1.35,136.76
img_24385.npy,1.29,182.18
img_24386.npy,1.23,191.79
img_24387.npy,1.28,183.03
img_24388.npy,1.27,185.55
img_24389.npy,1.16,185.07
img_2439.npy,1.36,132.91
img_24390.npy,1.24,179.91
img_24391.npy,1.28,190.08
img_24392.npy,1.28,181.29
img_24393.npy,1.20,180.56
img_24394.npy,1.28,130.07
img_24395.npy,1.36,133.04
img_24396.npy,1.28,181.54
img_24397.npy,1.28,186.80
img_24398.npy,1.19,181.02
img_24399.npy,1.36,128.23
img_244.npy,1.19,174.89
img_2440.npy,1.40,133.85
img_24400.npy,1.17,176.03
img_24401.npy,1.22,148.77
img_24402.npy,1.28,126.54
img_24403.npy,1.27,125.33
img_24404.npy,1.28,129.17
img_24405.npy,1.25,131.74
img_24406.npy,1.36,127.85
img_24407.npy,1.31,186.19
img_24408.npy,1.28,183.97
img_24409.npy,1.22,178.11
img_2441.npy,1.35,142.84
img_24410.npy,1.25,185.76
img_24411.npy,1.25,177.31
img_24412.npy,1.30,182.80
img_24413.npy,1.28,187.07
img_24414.npy,1.30,182.85
img_24415.npy,1.27,186.10
img_24416.npy,1.20,184.77
img_24417.npy,1.35,132.98
img_24418.npy,1.16,182.47
img_24419.npy,1.32,132.47
img_2442.npy,1.25,183.00
img_24420.npy,1.23,186.73
img_24421.npy,1.26,186.00
img_24422.npy,1.25,187.39
img_24423.npy,1.20,181.89
img_24424.npy,1.23,137.61
img_24425.npy,1.29,144.33
img_24426.npy,1.28,132.34
img_24427.npy,1.32,124.56
img_24428.npy,1.30,131.43
img_24429.npy,1.32,133.13
img_2443.npy,1.10,173.21
img_24430.npy,1.37,137.16
img_24431.npy,1.19,183.97
img_24432.npy,1.37,125.81
img_24433.npy,1.27,183.93
img_24434.npy,1.21,180.78
img_24435.npy,1.46,129.38
img_24436.npy,1.27,178.30
img_24437.npy,1.18,181.64
img_24438.npy,1.28,128.25
img_24439.npy,1.25,145.13
img_2444.npy,1.29,124.77
img_24440.npy,1.37,130.81
img_24441.npy,1.17,181.52
img_24442.npy,1.29,146.21
img_24443.npy,1.29,131.63
img_24444.npy,1.26,123.73
img_24445.npy,1.26,129.84
img_24446.npy,1.26,124.99
img_24447.npy,1.36,146.93
img_24448.npy,1.27,184.28
img_24449.npy,1.17,172.18
img_2445.npy,1.30,126.58
img_24450.npy,1.24,127.32
img_24451.npy,1.37,141.01
img_24452.npy,1.19,175.82
img_24453.npy,1.37,144.45
img_24454.npy,1.28,182.02
img_24455.npy,1.24,187.29
img_24456.npy,1.18,181.53
img_24457.npy,1.30,153.24
img_24458.npy,1.17,123.13
img_24459.npy,1.22,128.90
img_2446.npy,1.28,125.46
img_24460.npy,1.32,137.17
img_24461.npy,1.21,183.66
img_24462.npy,1.36,126.93
img_24463.npy,1.19,177.59
img_24464.npy,1.26,131.68
img_24465.npy,1.30,129.18
img_24466.npy,1.31,132.61
img_24467.npy,1.18,179.05
img_24468.npy,1.38,130.22
img_24469.npy,1.32,183.57
img_2447.npy,1.34,145.51
img_24470.npy,1.27,187.22
img_24471.npy,1.27,188.77
img_24472.npy,1.19,187.39
img_24473.npy,1.28,125.25
img_24474.npy,1.34,125.34
img_24475.npy,1.24,180.54
img_24476.npy,1.16,178.78
img_24477.npy,1.22,122.43
img_24478.npy,1.36,145.92
img_24479.npy,1.25,184.45
img_2448.npy,1.21,184.52
img_24480.npy,1.27,187.43
img_24481.npy,1.26,179.03
img_24482.npy,1.21,181.44
img_24483.npy,1.20,186.25
img_24484.npy,1.25,135.70
img_24485.npy,1.31,135.84
img_24486.npy,1.16,173.94
img_24487.npy,1.33,139.34
img_24488.npy,1.24,186.70
img_24489.npy,1.25,181.06
img_2449.npy,1.14,180.23
img_24490.npy,1.22,150.66
img_24491.npy,1.24,151.30
img_24492.npy,1.27,130.64
img_24493.npy,1.15,139.64
img_24494.npy,1.25,147.78
img_24495.npy,1.38,128.46
img_24496.npy,1.27,184.63
img_24497.npy,1.20,181.38
img_24498.npy,1.31,129.54
img_24499.npy,1.26,183.84
img_245.npy,1.27,185.67
img_2450.npy,1.19,183.89
img_24500.npy,1.25,130.85
img_24501.npy,1.33,150.12
img_24502.npy,1.17,179.29
img_24503.npy,1.39,128.32
img_24504.npy,1.28,132.32
img_24505.npy,1.26,123.91
img_24506.npy,1.34,142.54
img_24507.npy,1.16,183.60
img_24508.npy,1.32,136.66
img_24509.npy,1.18,182.98
img_2451.npy,1.28,140.74
img_24510.npy,1.26,123.17
img_24511.npy,1.27,127.14
img_24512.npy,1.26,126.25
img_24513.npy,1.22,128.15
img_24514.npy,1.23,126.47
img_24515.npy,1.22,141.20
img_24516.npy,1.23,124.76
img_24517.npy,1.24,128.54
img_24518.npy,1.17,125.50
img_24519.npy,1.26,149.12
img_2452.npy,1.29,135.69
img_24520.npy,1.21,126.42
img_24521.npy,1.23,131.71
img_24522.npy,1.28,131.23
img_24523.npy,1.21,177.77
img_24524.npy,1.31,128.95
img_24525.npy,1.22,181.87
img_24526.npy,1.24,178.29
img_24527.npy,1.25,183.76
img_24528.npy,1.14,188.60
img_24529.npy,1.26,130.84
img_2453.npy,1.25,142.10
img_24530.npy,1.41,136.38
img_24531.npy,1.29,185.67
img_24532.npy,1.18,184.24
img_24533.npy,1.35,133.05
img_24534.npy,1.30,185.36
img_24535.npy,1.26,186.52
img_24536.npy,1.14,185.05
img_24537.npy,1.27,125.98
img_24538.npy,1.29,126.34
img_24539.npy,1.25,143.77
img_2454.npy,1.28,130.05
img_24540.npy,1.26,131.11
img_24541.npy,1.26,129.71
img_24542.npy,1.28,126.44
img_24543.npy,1.27,135.53
img_24544.npy,1.36,132.31
img_24545.npy,1.21,190.75
img_24546.npy,1.19,184.33
img_24547.npy,1.21,127.76
img_24548.npy,1.31,186.65
img_24549.npy,1.26,184.98
img_2455.npy,1.18,185.37
img_24550.npy,1.28,128.94
img_24551.npy,1.26,124.33
img_24552.npy,1.33,126.70
img_24553.npy,1.20,179.19
img_24554.npy,1.26,151.50
img_24555.npy,1.27,126.44
img_24556.npy,1.31,130.68
img_24557.npy,1.18,185.11
img_24558.npy,1.24,127.44
img_24559.npy,1.27,151.71
img_2456.npy,1.35,130.89
img_24560.npy,1.24,182.37
img_24561.npy,1.25,185.74
img_24562.npy,1.28,183.72
img_24563.npy,1.23,181.91
img_24564.npy,1.24,190.05
img_24565.npy,1.17,178.83
img_24566.npy,1.28,151.53
img_24567.npy,1.35,129.80
img_24568.npy,1.30,184.45
img_24569.npy,1.25,186.11
img_2457.npy,1.18,182.91
img_24570.npy,1.24,142.06
img_24571.npy,1.27,126.03
img_24572.npy,1.23,124.95
img_24573.npy,1.57,134.73
img_24574.npy,1.24,126.86
img_24575.npy,1.26,129.10
img_24576.npy,1.18,134.45
img_24577.npy,1.30,134.98
img_24578.npy,1.24,189.28
img_24579.npy,1.15,181.58
img_2458.npy,1.22,125.51
img_24580.npy,1.34,132.21
img_24581.npy,1.17,183.65
img_24582.npy,1.23,131.70
img_24583.npy,1.34,133.08
img_24584.npy,1.24,185.47
img_24585.npy,1.15,181.82
img_24586.npy,1.24,150.46
img_24587.npy,1.35,134.65
img_24588.npy,1.15,181.37
img_24589.npy,1.25,125.46
img_2459.npy,1.25,127.65
img_24590.npy,1.24,128.69
img_24591.npy,1.25,132.32
img_24592.npy,1.28,133.02
img_24593.npy,1.27,135.36
img_24594.npy,1.28,139.95
img_24595.npy,1.28,145.54
img_24596.npy,1.25,126.42
img_24597.npy,1.26,137.87
img_24598.npy,1.27,144.47
img_24599.npy,1.26,125.42
img_246.npy,1.35,138.21
img_2460.npy,1.22,184.12
img_24600.npy,1.24,140.61
img_24601.npy,1.26,126.76
img_24602.npy,1.26,125.88
img_24603.npy,1.33,128.48
img_24604.npy,1.25,189.91
img_24605.npy,1.26,183.87
img_24606.npy,1.16,184.32
img_24607.npy,1.45,153.43
img_24608.npy,1.17,181.80
img_24609.npy,1.31,134.01
img_2461.npy,1.25,186.59
img_24610.npy,1.30,182.84
img_24611.npy,1.24,178.86
img_24612.npy,1.20,181.57
img_24613.npy,1.30,153.52
img_24614.npy,1.17,176.93
img_24615.npy,1.27,136.83
img_24616.npy,1.27,149.92
img_24617.npy,1.34,128.78
img_24618.npy,1.20,181.80
img_24619.npy,1.35,126.75
img_2462.npy,1.23,182.64
img_24620.npy,1.17,185.59
img_24621.npy,1.29,133.89
img_24622.npy,1.33,129.29
img_24623.npy,1.27,186.30
img_24624.npy,1.27,183.27
img_24625.npy,1.17,182.62
img_24626.npy,1.28,132.70
img_24627.npy,1.27,129.23
img_24628.npy,1.29,126.37
img_24629.npy,1.29,127.04
img_2463.npy,1.36,128.93
img_24630.npy,1.21,187.16
img_24631.npy,1.21,177.80
img_24632.npy,1.31,180.80
img_24633.npy,1.19,186.74
img_24634.npy,1.24,125.50
img_24635.npy,1.36,131.88
img_24636.npy,1.23,185.53
img_24637.npy,1.18,181.15
img_24638.npy,1.26,126.75
img_24639.npy,1.35,135.71
img_2464.npy,1.22,181.43
img_24640.npy,1.23,186.87
img_24641.npy,1.52,184.11
img_24642.npy,1.18,174.60
img_24643.npy,1.31,128.70
img_24644.npy,1.18,183.64
img_24645.npy,1.24,134.03
img_24646.npy,1.29,131.90
img_24647.npy,1.35,135.21
img_24648.npy,1.27,186.27
img_24649.npy,1.27,181.02
img_2465.npy,1.25,186.18
img_24650.npy,1.27,182.67
img_24651.npy,1.27,183.78
img_24652.npy,1.22,187.02
img_24653.npy,1.20,168.93
img_24654.npy,1.32,129.25
img_24655.npy,1.19,181.88
img_24656.npy,1.28,133.02
img_24657.npy,1.27,126.41
img_24658.npy,1.28,131.75
img_24659.npy,1.27,129.84
img_2466.npy,1.25,124.70
img_24660.npy,1.27,131.43
img_24661.npy,1.26,120.88
img_24662.npy,1.26,133.05
img_24663.npy,1.36,135.85
img_24664.npy,1.26,181.32
img_24665.npy,1.27,185.39
img_24666.npy,1.19,186.05
img_24667.npy,1.38,154.27
img_24668.npy,1.30,182.91
img_24669.npy,1.27,188.11
img_2467.npy,1.27,184.11
img_24670.npy,1.28,183.45
img_24671.npy,1.19,182.93
img_24672.npy,1.31,141.16
img_24673.npy,1.38,132.45
img_24674.npy,1.27,189.29
img_24675.npy,1.27,188.67
img_24676.npy,1.56,188.48
img_24677.npy,1.27,191.97
img_24678.npy,1.28,182.80
img_24679.npy,1.30,184.57
img_2468.npy,1.27,187.30
img_24680.npy,1.19,179.69
img_24681.npy,1.25,150.06
img_24682.npy,1.25,127.40
img_24683.npy,1.30,129.02
img_24684.npy,1.26,126.11
img_24685.npy,1.25,128.68
img_24686.npy,1.26,129.12
img_24687.npy,1.22,121.82
img_24688.npy,1.23,122.14
img_24689.npy,1.32,143.65
img_2469.npy,1.22,175.60
img_24690.npy,1.24,191.95
img_24691.npy,1.28,186.30
img_24692.npy,1.22,183.38
img_24693.npy,1.15,177.45
img_24694.npy,1.30,126.80
img_24695.npy,1.20,170.68
img_24696.npy,1.18,186.33
img_24697.npy,1.20,185.51
img_24698.npy,1.26,183.53
img_24699.npy,1.22,189.17
img_247.npy,1.19,176.47
img_2470.npy,1.24,126.52
img_24700.npy,1.25,130.15
img_24701.npy,1.21,135.63
img_24702.npy,1.25,129.12
img_24703.npy,1.25,127.59
img_24704.npy,1.33,130.95
img_24705.npy,1.28,182.23
img_24706.npy,1.23,191.36
img_24707.npy,1.25,183.51
img_24708.npy,1.24,182.90
img_24709.npy,1.27,187.04
img_2471.npy,1.53,185.30
img_24710.npy,1.25,185.57
img_24711.npy,1.21,185.61
img_24712.npy,1.39,138.91
img_24713.npy,1.27,185.59
img_24714.npy,1.19,180.43
img_24715.npy,1.39,126.38
img_24716.npy,1.24,182.96
img_24717.npy,1.27,181.57
img_24718.npy,1.18,182.79
img_24719.npy,1.36,136.96
img_2472.npy,1.27,179.46
img_24720.npy,1.27,183.27
img_24721.npy,1.31,181.83
img_24722.npy,1.26,185.01
img_24723.npy,1.16,185.34
img_24724.npy,1.19,185.09
img_24725.npy,1.39,151.76
img_24726.npy,1.27,186.71
img_24727.npy,1.15,180.66
img_24728.npy,1.22,138.58
img_24729.npy,1.31,128.27
img_2473.npy,1.17,169.28
img_24730.npy,1.26,143.99
img_24731.npy,1.36,130.82
img_24732.npy,1.19,183.58
img_24733.npy,1.28,146.59
img_24734.npy,1.35,150.37
img_24735.npy,1.24,187.32
img_24736.npy,1.27,183.57
img_24737.npy,1.21,170.12
img_24738.npy,1.25,123.84
img_24739.npy,1.35,129.56
img_2474.npy,1.19,179.79
img_24740.npy,1.24,129.59
img_24741.npy,1.39,128.21
img_24742.npy,1.28,176.01
img_24743.npy,1.24,191.38
img_24744.npy,1.54,182.12
img_24745.npy,1.22,180.67
img_24746.npy,1.25,183.98
img_24747.npy,1.29,186.14
img_24748.npy,1.30,176.52
img_24749.npy,1.26,189.57
img_2475.npy,1.27,183.52
img_24750.npy,1.22,180.72
img_24751.npy,1.24,189.02
img_24752.npy,1.10,176.43
img_24753.npy,1.27,137.47
img_24754.npy,1.32,154.84
img_24755.npy,1.28,180.31
img_24756.npy,1.16,181.57
img_24757.npy,1.23,125.73
img_24758.npy,1.27,123.08
img_24759.npy,1.35,130.11
img_2476.npy,1.16,186.39
img_24760.npy,1.34,133.79
img_24761.npy,1.16,185.34
img_24762.npy,1.23,133.41
img_24763.npy,1.35,123.48
img_24764.npy,1.27,179.95
img_24765.npy,1.18,186.25
img_24766.npy,1.28,131.63
img_24767.npy,1.35,128.72
img_24768.npy,1.28,191.00
img_24769.npy,1.29,179.86
img_2477.npy,1.20,184.48
img_24770.npy,1.27,128.54
img_24771.npy,1.41,136.55
img_24772.npy,1.22,180.39
img_24773.npy,1.29,182.43
img_24774.npy,1.18,181.48
img_24775.npy,1.33,147.52
img_24776.npy,1.14,184.03
img_24777.npy,1.24,133.98
img_24778.npy,1.26,127.67
img_24779.npy,1.56,149.38
img_2478.npy,1.27,187.00
img_24780.npy,1.25,185.15
img_24781.npy,1.18,183.56
img_24782.npy,1.28,129.93
img_24783.npy,1.40,143.20
img_24784.npy,1.19,179.16
img_24785.npy,1.24,128.30
img_24786.npy,1.20,146.88
img_24787.npy,1.35,130.64
img_24788.npy,1.19,180.26
img_24789.npy,1.28,152.43
img_2479.npy,1.36,128.75
img_24790.npy,1.29,187.39
img_24791.npy,1.26,186.68
img_24792.npy,1.28,184.10
img_24793.npy,1.19,185.24
img_24794.npy,1.27,127.79
img_24795.npy,1.28,128.07
img_24796.npy,1.26,132.07
img_24797.npy,1.29,129.38
img_24798.npy,1.25,128.68
img_24799.npy,1.31,129.30
img_248.npy,1.21,181.81
img_2480.npy,1.22,127.77
img_24800.npy,1.25,129.84
img_24801.npy,1.27,124.86
img_24802.npy,1.31,133.59
img_24803.npy,1.23,186.89
img_24804.npy,1.23,184.00
img_24805.npy,1.22,186.70
img_24806.npy,1.29,179.31
img_24807.npy,1.25,182.74
img_24808.npy,1.26,180.61
img_24809.npy,1.18,177.81
img_2481.npy,1.27,125.93
img_24810.npy,1.28,128.69
img_24811.npy,1.24,132.58
img_24812.npy,1.26,186.77
img_24813.npy,1.33,185.91
img_24814.npy,1.18,180.84
img_24815.npy,1.26,131.73
img_24816.npy,1.26,129.24
img_24817.npy,1.36,129.66
img_24818.npy,1.28,182.79
img_24819.npy,1.26,182.75
img_2482.npy,1.28,186.07
img_24820.npy,1.28,187.11
img_24821.npy,1.26,183.39
img_24822.npy,1.15,183.78
img_24823.npy,1.25,128.60
img_24824.npy,1.26,135.16
img_24825.npy,1.26,124.57
img_24826.npy,1.36,150.98
img_24827.npy,1.19,181.99
img_24828.npy,1.15,180.97
img_24829.npy,1.26,126.69
img_2483.npy,1.26,130.25
img_24830.npy,1.28,130.36
img_24831.npy,1.26,134.57
img_24832.npy,1.26,124.90
img_24833.npy,1.27,123.10
img_24834.npy,1.25,126.20
img_24835.npy,1.35,141.52
img_24836.npy,1.26,187.06
img_24837.npy,1.24,178.39
img_24838.npy,1.26,182.04
img_24839.npy,1.29,187.04
img_2484.npy,1.26,184.23
img_24840.npy,1.25,186.88
img_24841.npy,1.28,180.30
img_24842.npy,1.25,190.59
img_24843.npy,1.19,181.92
img_24844.npy,1.27,131.88
img_24845.npy,1.32,136.64
img_24846.npy,1.21,179.75
img_24847.npy,1.35,126.38
img_24848.npy,1.25,185.93
img_24849.npy,1.37,177.09
img_2485.npy,1.28,182.20
img_24850.npy,1.25,192.18
img_24851.npy,1.20,183.19
img_24852.npy,1.35,130.47
img_24853.npy,1.25,188.36
img_24854.npy,1.24,186.89
img_24855.npy,1.24,182.10
img_24856.npy,1.24,191.27
img_24857.npy,1.23,183.21
img_24858.npy,1.19,177.85
img_24859.npy,1.34,156.77
img_2486.npy,1.28,177.59
img_24860.npy,1.26,181.35
img_24861.npy,1.24,189.07
img_24862.npy,1.24,168.39
img_24863.npy,1.38,130.27
img_24864.npy,1.16,182.12
img_24865.npy,1.35,144.91
img_24866.npy,1.26,177.08
img_24867.npy,1.18,182.93
img_24868.npy,1.24,131.62
img_24869.npy,1.23,122.35
img_2487.npy,1.25,134.54
img_24870.npy,1.23,189.04
img_24871.npy,1.26,183.55
img_24872.npy,1.19,181.59
img_24873.npy,1.18,129.21
img_24874.npy,1.22,128.75
img_24875.npy,1.26,128.80
img_24876.npy,1.24,129.09
img_24877.npy,1.37,138.82
img_24878.npy,1.23,184.66
img_24879.npy,1.16,187.33
img_2488.npy,1.27,141.86
img_24880.npy,1.34,139.12
img_24881.npy,1.21,174.56
img_24882.npy,1.30,128.66
img_24883.npy,1.26,120.89
img_24884.npy,1.64,125.60
img_24885.npy,1.26,126.87
img_24886.npy,1.26,127.98
img_24887.npy,1.36,135.70
img_24888.npy,1.17,181.40
img_24889.npy,1.29,131.66
img_2489.npy,1.31,186.62
img_24890.npy,1.29,184.83
img_24891.npy,1.17,181.31
img_24892.npy,1.36,148.36
img_24893.npy,1.28,186.05
img_24894.npy,1.20,170.99
img_24895.npy,1.39,132.43
img_24896.npy,1.17,180.30
img_24897.npy,1.37,134.64
img_24898.npy,1.19,185.27
img_24899.npy,1.20,181.28
img_249.npy,1.26,134.76
img_2490.npy,1.37,131.28
img_24900.npy,1.21,181.84
img_24901.npy,1.27,127.46
img_24902.npy,1.36,131.93
img_24903.npy,1.26,179.89
img_24904.npy,1.25,185.20
img_24905.npy,1.21,185.38
img_24906.npy,1.36,129.77
img_24907.npy,1.27,184.96
img_24908.npy,1.23,182.14
img_24909.npy,1.25,179.59
img_2491.npy,1.22,185.93
img_24910.npy,1.37,150.34
img_24911.npy,1.27,181.43
img_24912.npy,1.21,181.22
img_24913.npy,1.27,154.82
img_24914.npy,1.32,127.17
img_24915.npy,1.15,176.34
img_24916.npy,1.24,155.17
img_24917.npy,1.38,133.66
img_24918.npy,1.34,181.16
img_24919.npy,1.27,178.27
img_2492.npy,1.28,129.97
img_24920.npy,1.36,132.88
img_24921.npy,1.27,187.09
img_24922.npy,1.19,181.90
img_24923.npy,1.28,145.08
img_24924.npy,1.23,124.06
img_24925.npy,1.33,134.16
img_24926.npy,1.30,185.59
img_24927.npy,1.19,181.60
img_24928.npy,1.30,132.51
img_24929.npy,1.33,129.15
img_2493.npy,1.32,170.14
img_24930.npy,1.21,185.03
img_24931.npy,1.36,144.47
img_24932.npy,1.23,186.00
img_24933.npy,1.28,126.06
img_24934.npy,1.29,156.76
img_24935.npy,1.31,139.30
img_24936.npy,1.37,133.15
img_24937.npy,1.26,188.33
img_24938.npy,1.21,184.50
img_24939.npy,1.27,127.64
img_2494.npy,1.29,130.94
img_24940.npy,1.34,129.04
img_24941.npy,1.29,176.37
img_24942.npy,1.25,188.48
img_24943.npy,1.30,184.45
img_24944.npy,1.25,182.34
img_24945.npy,1.26,190.67
img_24946.npy,1.30,187.77
img_24947.npy,1.24,182.99
img_24948.npy,1.24,188.55
img_24949.npy,1.25,185.72
img_2495.npy,1.18,183.26
img_24950.npy,1.38,150.59
img_24951.npy,1.21,177.77
img_24952.npy,1.27,133.23
img_24953.npy,1.33,126.18
img_24954.npy,1.28,152.89
img_24955.npy,1.27,185.68
img_24956.npy,1.22,188.07
img_24957.npy,1.37,145.61
img_24958.npy,1.29,184.02
img_24959.npy,1.18,186.85
img_2496.npy,1.29,146.68
img_24960.npy,1.40,126.29
img_24961.npy,1.26,188.09
img_24962.npy,1.28,187.17
img_24963.npy,1.27,185.66
img_24964.npy,1.18,188.24
img_24965.npy,1.30,150.62
img_24966.npy,1.27,121.21
img_24967.npy,1.30,133.07
img_24968.npy,1.27,125.59
img_24969.npy,1.38,131.41
img_2497.npy,1.26,181.51
img_24970.npy,1.26,185.58
img_24971.npy,1.26,185.50
img_24972.npy,1.21,180.70
img_24973.npy,1.27,132.95
img_24974.npy,1.30,130.01
img_24975.npy,1.27,129.75
img_24976.npy,1.37,141.11
img_24977.npy,1.29,183.59
img_24978.npy,1.26,185.87
img_24979.npy,1.28,186.92
img_2498.npy,1.20,184.61
img_24980.npy,1.29,132.92
img_24981.npy,1.28,130.23
img_24982.npy,1.20,136.01
img_24983.npy,1.30,143.37
img_24984.npy,1.26,181.56
img_24985.npy,1.27,183.00
img_24986.npy,1.18,186.05
img_24987.npy,1.36,156.80
img_24988.npy,1.34,184.70
img_24989.npy,1.31,150.08
img_2499.npy,1.30,184.99
img_24990.npy,1.31,180.30
img_24991.npy,1.29,185.95
img_24992.npy,1.19,174.96
img_24993.npy,1.32,133.26
img_24994.npy,1.25,185.85
img_24995.npy,1.29,187.89
img_24996.npy,1.26,183.70
img_24997.npy,1.26,183.88
img_24998.npy,1.26,187.71
img_24999.npy,1.19,186.07
img_25.npy,1.32,150.31
img_250.npy,1.29,188.66
img_2500.npy,1.19,171.23
img_25000.npy,1.35,135.09
img_25001.npy,1.26,178.34
img_25002.npy,1.18,183.06
img_25003.npy,1.27,130.74
img_25004.npy,1.28,137.81
img_25005.npy,1.25,125.44
img_25006.npy,1.27,128.45
img_25007.npy,1.24,156.96
img_25008.npy,1.23,126.28
img_25009.npy,1.23,130.04
img_2501.npy,1.24,135.50
img_25010.npy,1.30,185.46
img_25011.npy,1.25,186.15
img_25012.npy,1.23,181.18
img_25013.npy,1.17,183.62
img_25014.npy,1.30,124.64
img_25015.npy,1.35,149.75
img_25016.npy,1.26,182.04
img_25017.npy,1.17,174.98
img_25018.npy,1.27,134.91
img_25019.npy,1.26,141.68
img_2502.npy,1.29,138.84
img_25020.npy,1.40,130.78
img_25021.npy,1.47,179.38
img_25022.npy,1.27,141.62
img_25023.npy,1.35,129.26
img_25024.npy,1.21,181.77
img_25025.npy,1.36,131.60
img_25026.npy,1.24,182.36
img_25027.npy,1.27,183.07
img_25028.npy,1.18,185.62
img_25029.npy,1.29,149.41
img_2503.npy,1.26,125.08
img_25030.npy,1.28,123.76
img_25031.npy,1.36,144.58
img_25032.npy,1.25,180.57
img_25033.npy,1.27,184.99
img_25034.npy,1.24,180.97
img_25035.npy,1.09,182.29
img_25036.npy,1.25,130.23
img_25037.npy,1.36,139.27
img_25038.npy,1.28,187.41
img_25039.npy,1.24,190.62
img_2504.npy,1.18,183.02
img_25040.npy,1.24,123.71
img_25041.npy,1.23,125.32
img_25042.npy,1.29,134.10
img_25043.npy,1.27,124.31
img_25044.npy,1.26,125.38
img_25045.npy,1.30,141.63
img_25046.npy,1.32,128.07
img_25047.npy,1.26,191.06
img_25048.npy,1.29,184.81
img_25049.npy,1.29,179.15
img_2505.npy,1.19,186.52
img_25050.npy,1.31,125.84
img_25051.npy,1.28,125.73
img_25052.npy,1.30,123.59
img_25053.npy,1.29,128.16
img_25054.npy,1.30,119.77
img_25055.npy,1.28,126.08
img_25056.npy,1.41,133.89
img_25057.npy,1.34,154.00
img_25058.npy,1.19,188.86
img_25059.npy,1.36,129.34
img_2506.npy,1.31,187.05
img_25060.npy,1.23,191.56
img_25061.npy,1.25,187.13
img_25062.npy,1.24,185.29
img_25063.npy,1.29,184.77
img_25064.npy,1.30,184.86
img_25065.npy,1.27,185.03
img_25066.npy,1.21,191.85
img_25067.npy,1.32,183.04
img_25068.npy,1.23,187.76
img_25069.npy,1.19,183.59
img_2507.npy,1.37,132.52
img_25070.npy,1.26,183.07
img_25071.npy,1.20,178.67
img_25072.npy,1.38,125.29
img_25073.npy,1.27,181.25
img_25074.npy,1.28,185.17
img_25075.npy,1.26,183.76
img_25076.npy,1.24,186.19
img_25077.npy,1.27,181.51
img_25078.npy,1.30,176.91
img_25079.npy,1.27,187.62
img_2508.npy,1.29,184.64
img_25080.npy,1.28,187.59
img_25081.npy,1.24,188.16
img_25082.npy,1.30,186.33
img_25083.npy,1.27,180.94
img_25084.npy,1.25,184.52
img_25085.npy,1.21,176.94
img_25086.npy,1.31,142.18
img_25087.npy,1.35,128.95
img_25088.npy,1.29,185.02
img_25089.npy,1.30,184.17
img_2509.npy,1.25,188.38
img_25090.npy,1.33,186.66
img_25091.npy,1.32,151.38
img_25092.npy,1.36,132.68
img_25093.npy,1.24,181.09
img_25094.npy,1.18,178.28
img_25095.npy,1.27,149.39
img_25096.npy,1.20,184.14
img_25097.npy,1.28,127.48
img_25098.npy,1.28,125.43
img_25099.npy,1.24,123.77
img_251.npy,1.28,122.37
img_2510.npy,1.25,135.71
img_25100.npy,1.29,126.31
img_25101.npy,1.26,130.50
img_25102.npy,1.37,141.02
img_25103.npy,1.19,182.63
img_25104.npy,1.30,141.21
img_25105.npy,1.32,127.54
img_25106.npy,1.23,188.10
img_25107.npy,1.21,184.47
img_25108.npy,1.22,183.98
img_25109.npy,1.18,188.62
img_2511.npy,1.15,183.84
img_25110.npy,1.28,130.67
img_25111.npy,1.23,185.52
img_25112.npy,1.14,182.16
img_25113.npy,1.21,143.69
img_25114.npy,1.27,126.27
img_25115.npy,1.13,182.77
img_25116.npy,1.26,130.58
img_25117.npy,1.32,129.40
img_25118.npy,1.18,176.09
img_25119.npy,1.21,147.20
img_2512.npy,1.22,125.27
img_25120.npy,1.19,124.16
img_25121.npy,1.22,137.07
img_25122.npy,1.29,131.45
img_25123.npy,1.13,183.64
img_25124.npy,1.13,181.98
img_25125.npy,1.31,126.55
img_25126.npy,1.18,147.58
img_25127.npy,1.19,128.34
img_25128.npy,1.20,126.25
img_25129.npy,1.22,148.29
img_2513.npy,1.19,132.33
img_25130.npy,1.27,146.82
img_25131.npy,1.14,182.78
img_25132.npy,1.30,146.07
img_25133.npy,1.20,180.50
img_25134.npy,1.20,181.85
img_25135.npy,1.19,183.27
img_25136.npy,1.12,183.09
img_25137.npy,1.25,144.38
img_25138.npy,1.15,181.05
img_25139.npy,1.19,128.50
img_2514.npy,1.22,134.72
img_25140.npy,1.21,130.55
img_25141.npy,1.22,130.27
img_25142.npy,1.26,136.87
img_25143.npy,1.19,184.47
img_25144.npy,1.12,180.23
img_25145.npy,1.28,132.52
img_25146.npy,1.19,186.62
img_25147.npy,1.19,185.87
img_25148.npy,1.20,178.13
img_25149.npy,1.18,187.37
img_2515.npy,1.20,185.43
img_25150.npy,1.15,185.52
img_25151.npy,1.21,126.92
img_25152.npy,1.28,141.38
img_25153.npy,1.11,188.98
img_25154.npy,1.20,177.75
img_25155.npy,1.25,180.09
img_25156.npy,1.20,188.32
img_25157.npy,1.20,183.60
img_25158.npy,1.13,179.71
img_25159.npy,1.21,145.87
img_2516.npy,1.20,124.12
img_25160.npy,1.29,134.37
img_25161.npy,1.13,178.25
img_25162.npy,1.33,131.32
img_25163.npy,1.21,132.32
img_25164.npy,1.26,130.23
img_25165.npy,1.21,180.04
img_25166.npy,1.23,183.68
img_25167.npy,1.20,182.56
img_25168.npy,1.20,187.05
img_25169.npy,1.22,185.68
img_2517.npy,1.14,185.29
img_25170.npy,1.29,151.43
img_25171.npy,1.15,175.08
img_25172.npy,1.26,152.78
img_25173.npy,1.13,188.96
img_25174.npy,1.29,139.19
img_25175.npy,1.20,186.35
img_25176.npy,1.23,182.22
img_25177.npy,1.22,185.57
img_25178.npy,1.18,185.68
img_25179.npy,1.22,183.36
img_2518.npy,1.19,185.47
img_25180.npy,1.18,184.77
img_25181.npy,1.22,186.66
img_25182.npy,1.17,183.16
img_25183.npy,1.28,150.22
img_25184.npy,1.12,175.25
img_25185.npy,1.21,130.91
img_25186.npy,1.21,133.24
img_25187.npy,1.27,130.29
img_25188.npy,1.21,184.66
img_25189.npy,1.21,184.80
img_2519.npy,1.11,188.29
img_25190.npy,1.23,145.58
img_25191.npy,1.25,127.80
img_25192.npy,1.33,129.58
img_25193.npy,1.22,183.17
img_25194.npy,1.19,184.40
img_25195.npy,1.16,182.84
img_25196.npy,1.31,160.20
img_25197.npy,1.16,179.84
img_25198.npy,1.29,143.81
img_25199.npy,1.52,187.36
img_252.npy,1.25,185.70
img_2520.npy,1.23,184.33
img_25200.npy,1.14,187.70
img_25201.npy,1.24,136.05
img_25202.npy,1.24,123.67
img_25203.npy,1.22,135.32
img_25204.npy,1.23,130.23
img_25205.npy,1.27,120.32
img_25206.npy,1.29,123.68
img_25207.npy,1.30,131.94
img_25208.npy,1.25,138.80
img_25209.npy,1.36,133.57
img_2521.npy,1.28,182.73
img_25210.npy,1.17,179.35
img_25211.npy,1.20,127.33
img_25212.npy,1.32,141.15
img_25213.npy,1.20,178.54
img_25214.npy,1.26,131.36
img_25215.npy,1.29,128.06
img_25216.npy,1.37,152.77
img_25217.npy,1.17,180.18
img_25218.npy,1.26,123.91
img_25219.npy,1.25,123.63
img_2522.npy,1.38,145.93
img_25220.npy,1.19,176.98
img_25221.npy,1.36,153.06
img_25222.npy,1.18,184.69
img_25223.npy,1.28,125.94
img_25224.npy,1.34,134.16
img_25225.npy,1.22,179.11
img_25226.npy,1.27,125.25
img_25227.npy,1.30,127.23
img_25228.npy,1.37,135.66
img_25229.npy,1.19,183.54
img_2523.npy,1.29,142.67
img_25230.npy,1.27,120.31
img_25231.npy,1.27,128.41
img_25232.npy,1.36,133.78
img_25233.npy,1.46,129.00
img_25234.npy,1.21,176.21
img_25235.npy,1.33,126.52
img_25236.npy,1.27,133.21
img_25237.npy,1.27,128.55
img_25238.npy,1.32,151.26
img_25239.npy,1.36,126.91
img_2524.npy,1.27,187.98
img_25240.npy,1.14,183.94
img_25241.npy,1.26,133.86
img_25242.npy,1.27,124.91
img_25243.npy,1.25,125.27
img_25244.npy,1.28,124.34
img_25245.npy,1.27,130.15
img_25246.npy,1.22,135.04
img_25247.npy,1.25,126.86
img_25248.npy,1.31,129.00
img_25249.npy,1.31,181.47
img_2525.npy,1.26,188.50
img_25250.npy,1.19,186.68
img_25251.npy,1.28,128.03
img_25252.npy,1.38,152.18
img_25253.npy,1.29,189.79
img_25254.npy,1.26,185.87
img_25255.npy,1.27,186.79
img_25256.npy,1.25,190.51
img_25257.npy,1.32,185.99
img_25258.npy,1.26,186.57
img_25259.npy,1.25,188.46
img_2526.npy,1.18,183.81
img_25260.npy,1.28,123.55
img_25261.npy,1.28,128.22
img_25262.npy,1.27,129.26
img_25263.npy,1.33,132.01
img_25264.npy,1.17,184.36
img_25265.npy,1.37,126.14
img_25266.npy,1.28,175.88
img_25267.npy,1.21,188.24
img_25268.npy,1.42,144.66
img_25269.npy,1.27,126.33
img_2527.npy,1.27,125.52
img_25270.npy,1.21,123.28
img_25271.npy,1.26,122.08
img_25272.npy,1.36,127.40
img_25273.npy,1.19,184.50
img_25274.npy,1.29,143.25
img_25275.npy,1.22,126.39
img_25276.npy,1.30,133.86
img_25277.npy,1.25,127.22
img_25278.npy,1.27,123.55
img_25279.npy,1.26,124.67
img_2528.npy,1.37,131.06
img_25280.npy,1.22,189.55
img_25281.npy,1.31,187.52
img_25282.npy,1.17,183.85
img_25283.npy,1.27,125.31
img_25284.npy,1.25,142.72
img_25285.npy,1.27,123.18
img_25286.npy,1.26,129.41
img_25287.npy,1.28,123.97
img_25288.npy,1.27,128.96
img_25289.npy,1.26,126.30
img_2529.npy,1.27,125.06
img_25290.npy,1.28,127.61
img_25291.npy,1.30,148.51
img_25292.npy,1.36,128.84
img_25293.npy,1.18,179.76
img_25294.npy,1.24,141.26
img_25295.npy,1.28,125.68
img_25296.npy,1.32,135.41
img_25297.npy,1.30,179.66
img_25298.npy,1.27,185.56
img_25299.npy,1.26,182.18
img_253.npy,1.26,184.93
img_2530.npy,1.16,183.94
img_25300.npy,1.25,183.89
img_25301.npy,1.41,184.30
img_25302.npy,1.25,185.14
img_25303.npy,1.14,184.72
img_25304.npy,1.25,145.42
img_25305.npy,1.33,130.13
img_25306.npy,1.18,174.31
img_25307.npy,1.30,141.94
img_25308.npy,1.35,128.52
img_25309.npy,1.20,185.43
img_2531.npy,1.26,128.16
img_25310.npy,1.24,122.33
img_25311.npy,1.33,134.31
img_25312.npy,1.29,185.32
img_25313.npy,1.16,179.04
img_25314.npy,1.27,125.52
img_25315.npy,1.30,125.84
img_25316.npy,1.26,132.77
img_25317.npy,1.34,131.74
img_25318.npy,1.29,185.79
img_25319.npy,1.23,187.01
img_2532.npy,1.30,186.39
img_25320.npy,1.26,181.98
img_25321.npy,1.25,186.25
img_25322.npy,1.22,177.78
img_25323.npy,1.26,180.39
img_25324.npy,1.17,181.29
img_25325.npy,1.25,128.75
img_25326.npy,1.28,150.16
img_25327.npy,1.35,150.07
img_25328.npy,1.19,188.23
img_25329.npy,1.15,173.58
img_2533.npy,1.25,138.69
img_25330.npy,1.23,124.96
img_25331.npy,1.38,131.23
img_25332.npy,1.27,182.49
img_25333.npy,1.27,189.26
img_25334.npy,1.24,181.80
img_25335.npy,1.26,188.09
img_25336.npy,1.21,191.01
img_25337.npy,1.44,170.10
img_25338.npy,1.15,182.15
img_25339.npy,1.26,153.45
img_2534.npy,1.30,146.04
img_25340.npy,1.35,130.35
img_25341.npy,1.26,184.25
img_25342.npy,1.25,182.72
img_25343.npy,1.24,169.67
img_25344.npy,1.17,186.57
img_25345.npy,1.24,133.32
img_25346.npy,1.24,127.96
img_25347.npy,1.25,130.90
img_25348.npy,1.36,135.38
img_25349.npy,1.16,180.21
img_2535.npy,1.37,154.26
img_25350.npy,1.27,185.71
img_25351.npy,1.26,179.48
img_25352.npy,1.16,179.61
img_25353.npy,1.27,127.03
img_25354.npy,1.23,128.82
img_25355.npy,1.33,150.86
img_25356.npy,1.18,179.68
img_25357.npy,1.19,132.84
img_25358.npy,1.22,157.04
img_25359.npy,1.23,127.85
img_2536.npy,1.24,126.13
img_25360.npy,1.30,144.47
img_25361.npy,1.36,134.67
img_25362.npy,1.27,184.54
img_25363.npy,1.20,186.32
img_25364.npy,1.34,150.00
img_25365.npy,1.48,125.95
img_25366.npy,1.27,149.95
img_25367.npy,1.31,130.61
img_25368.npy,1.26,134.46
img_25369.npy,1.28,145.31
img_2537.npy,1.29,143.72
img_25370.npy,1.29,128.00
img_25371.npy,1.32,184.67
img_25372.npy,1.26,185.50
img_25373.npy,1.25,185.12
img_25374.npy,1.26,177.54
img_25375.npy,1.30,184.39
img_25376.npy,1.23,186.16
img_25377.npy,1.21,176.69
img_25378.npy,1.37,154.07
img_25379.npy,1.24,184.44
img_2538.npy,1.27,186.00
img_25380.npy,1.29,173.55
img_25381.npy,1.28,181.60
img_25382.npy,1.29,185.63
img_25383.npy,1.18,178.98
img_25384.npy,1.26,125.57
img_25385.npy,1.31,135.59
img_25386.npy,1.15,179.62
img_25387.npy,1.28,125.69
img_25388.npy,1.36,143.07
img_25389.npy,1.20,186.20
img_2539.npy,1.36,131.54
img_25390.npy,1.15,186.21
img_25391.npy,1.39,134.96
img_25392.npy,1.26,187.20
img_25393.npy,1.18,183.54
img_25394.npy,1.31,137.62
img_25395.npy,1.24,189.19
img_25396.npy,1.26,186.56
img_25397.npy,1.24,182.85
img_25398.npy,1.27,182.89
img_25399.npy,1.18,171.61
img_254.npy,1.22,130.37
img_2540.npy,1.21,124.47
img_25400.npy,1.21,130.38
img_25401.npy,1.21,123.52
img_25402.npy,1.24,126.00
img_25403.npy,1.21,144.52
img_25404.npy,1.21,128.50
img_25405.npy,1.45,132.46
img_25406.npy,1.19,185.12
img_25407.npy,1.28,146.44
img_25408.npy,1.21,188.80
img_25409.npy,1.17,181.62
img_2541.npy,1.21,132.49
img_25410.npy,1.19,124.61
img_25411.npy,1.22,125.54
img_25412.npy,1.21,140.54
img_25413.npy,1.22,145.40
img_25414.npy,1.22,132.85
img_25415.npy,1.20,180.61
img_25416.npy,1.23,186.45
img_25417.npy,1.22,183.86
img_25418.npy,1.16,185.18
img_25419.npy,1.21,132.31
img_2542.npy,1.22,131.87
img_25420.npy,1.22,123.08
img_25421.npy,1.21,133.07
img_25422.npy,1.25,145.77
img_25423.npy,1.21,127.08
img_25424.npy,1.31,135.42
img_25425.npy,1.16,184.20
img_25426.npy,1.28,145.42
img_25427.npy,1.22,179.36
img_25428.npy,1.14,181.91
img_25429.npy,1.27,133.20
img_2543.npy,1.27,126.71
img_25430.npy,1.23,123.82
img_25431.npy,1.24,125.50
img_25432.npy,1.24,132.54
img_25433.npy,1.26,123.39
img_25434.npy,1.38,130.25
img_25435.npy,1.18,190.36
img_25436.npy,1.27,128.13
img_25437.npy,1.26,139.31
img_25438.npy,1.26,127.44
img_25439.npy,1.28,144.00
img_2544.npy,1.28,132.62
img_25440.npy,1.59,150.54
img_25441.npy,1.22,162.72
img_25442.npy,1.23,152.23
img_25443.npy,1.27,127.66
img_25444.npy,1.26,123.87
img_25445.npy,1.26,122.84
img_25446.npy,1.25,133.48
img_25447.npy,1.32,124.03
img_25448.npy,1.27,182.34
img_25449.npy,1.20,190.39
img_2545.npy,1.08,181.73
img_25450.npy,1.28,135.28
img_25451.npy,1.26,129.16
img_25452.npy,1.28,134.37
img_25453.npy,1.36,133.55
img_25454.npy,1.25,181.85
img_25455.npy,1.27,178.29
img_25456.npy,1.29,184.73
img_25457.npy,1.21,185.84
img_25458.npy,1.18,180.94
img_25459.npy,1.36,129.40
img_2546.npy,1.16,187.31
img_25460.npy,1.28,150.72
img_25461.npy,1.25,123.30
img_25462.npy,1.24,134.95
img_25463.npy,1.26,126.19
img_25464.npy,1.24,124.50
img_25465.npy,1.31,131.48
img_25466.npy,1.11,181.72
img_25467.npy,1.24,140.25
img_25468.npy,1.23,123.34
img_25469.npy,1.31,129.45
img_2547.npy,1.37,131.85
img_25470.npy,1.26,184.17
img_25471.npy,1.29,182.38
img_25472.npy,1.20,176.64
img_25473.npy,1.27,147.63
img_25474.npy,1.26,127.32
img_25475.npy,1.33,128.01
img_25476.npy,1.47,136.32
img_25477.npy,1.30,179.58
img_25478.npy,1.27,183.20
img_25479.npy,1.16,183.98
img_2548.npy,1.36,127.45
img_25480.npy,1.28,174.88
img_25481.npy,1.27,183.53
img_25482.npy,1.25,182.02
img_25483.npy,1.20,180.17
img_25484.npy,1.25,123.89
img_25485.npy,1.28,129.41
img_25486.npy,1.37,136.47
img_25487.npy,1.16,181.17
img_25488.npy,1.19,130.64
img_25489.npy,1.35,130.70
img_2549.npy,1.28,183.28
img_25490.npy,1.28,182.00
img_25491.npy,1.25,183.80
img_25492.npy,1.28,182.57
img_25493.npy,1.16,185.09
img_25494.npy,1.35,151.22
img_25495.npy,1.26,185.79
img_25496.npy,1.14,185.71
img_25497.npy,1.29,131.97
img_25498.npy,1.22,188.07
img_25499.npy,1.23,186.89
img_255.npy,1.17,178.97
img_2550.npy,1.23,132.88
img_25500.npy,1.27,126.46
img_25501.npy,1.34,126.06
img_25502.npy,1.26,183.97
img_25503.npy,1.18,185.54
img_25504.npy,1.29,134.15
img_25505.npy,1.36,145.37
img_25506.npy,1.26,186.21
img_25507.npy,1.28,183.08
img_25508.npy,1.20,183.78
img_25509.npy,1.27,176.15
img_2551.npy,1.26,184.40
img_25510.npy,1.39,185.63
img_25511.npy,1.19,182.32
img_25512.npy,1.26,126.38
img_25513.npy,1.26,134.05
img_25514.npy,1.34,142.98
img_25515.npy,1.27,182.52
img_25516.npy,1.19,181.67
img_25517.npy,1.25,129.55
img_25518.npy,1.27,127.48
img_25519.npy,1.27,128.71
img_2552.npy,1.26,128.04
img_25520.npy,1.34,135.08
img_25521.npy,1.30,181.28
img_25522.npy,1.25,186.04
img_25523.npy,1.16,189.66
img_25524.npy,1.26,133.05
img_25525.npy,1.36,133.02
img_25526.npy,1.23,190.13
img_25527.npy,1.29,183.62
img_25528.npy,1.28,183.46
img_25529.npy,1.30,188.56
img_2553.npy,1.18,185.30
img_25530.npy,1.42,147.18
img_25531.npy,1.19,186.29
img_25532.npy,1.30,184.91
img_25533.npy,1.23,186.92
img_25534.npy,1.26,189.07
img_25535.npy,1.28,186.25
img_25536.npy,1.26,182.31
img_25537.npy,1.18,185.81
img_25538.npy,1.38,133.30
img_25539.npy,1.18,183.45
img_2554.npy,1.39,150.86
img_25540.npy,1.21,187.04
img_25541.npy,1.28,123.32
img_25542.npy,1.27,132.35
img_25543.npy,1.23,128.64
img_25544.npy,1.33,148.98
img_25545.npy,1.25,149.79
img_25546.npy,1.23,128.64
img_25547.npy,1.23,129.85
img_25548.npy,1.28,131.98
img_25549.npy,1.13,169.18
img_2555.npy,1.20,126.59
img_25550.npy,1.19,126.62
img_25551.npy,1.29,139.25
img_25552.npy,1.14,181.01
img_25553.npy,1.19,129.07
img_25554.npy,1.21,129.13
img_25555.npy,1.22,126.21
img_25556.npy,1.21,125.61
img_25557.npy,1.20,127.91
img_25558.npy,1.22,128.24
img_25559.npy,1.20,134.92
img_2556.npy,1.21,128.15
img_25560.npy,1.26,134.66
img_25561.npy,1.10,176.36
img_25562.npy,1.27,129.88
img_25563.npy,1.13,179.48
img_25564.npy,1.18,136.92
img_25565.npy,1.30,128.16
img_25566.npy,1.20,185.56
img_25567.npy,1.19,182.93
img_25568.npy,1.20,187.09
img_25569.npy,1.20,182.31
img_2557.npy,1.22,185.32
img_25570.npy,1.20,187.40
img_25571.npy,1.20,184.22
img_25572.npy,1.13,179.43
img_25573.npy,1.24,145.27
img_25574.npy,1.25,127.80
img_25575.npy,1.21,125.93
img_25576.npy,1.28,146.84
img_25577.npy,1.23,177.80
img_25578.npy,1.22,174.69
img_25579.npy,1.20,186.03
img_2558.npy,1.14,182.20
img_25580.npy,1.29,129.73
img_25581.npy,1.30,152.89
img_25582.npy,1.23,135.46
img_25583.npy,1.28,129.92
img_25584.npy,1.21,183.92
img_25585.npy,1.22,183.31
img_25586.npy,1.20,183.27
img_25587.npy,1.15,178.53
img_25588.npy,1.21,130.02
img_25589.npy,1.21,126.91
img_2559.npy,1.28,143.83
img_25590.npy,1.24,175.08
img_25591.npy,1.15,178.71
img_25592.npy,1.32,146.83
img_25593.npy,1.28,172.09
img_25594.npy,1.15,185.64
img_25595.npy,1.18,178.85
img_25596.npy,1.35,147.29
img_25597.npy,1.20,185.94
img_25598.npy,1.26,180.75
img_25599.npy,1.25,188.52
img_256.npy,1.26,184.18
img_2560.npy,1.27,182.32
img_25600.npy,1.27,187.61
img_25601.npy,1.24,187.31
img_25602.npy,1.25,186.95
img_25603.npy,1.28,189.71
img_25604.npy,1.27,186.57
img_25605.npy,1.27,184.34
img_25606.npy,1.25,187.88
img_25607.npy,1.19,184.37
img_25608.npy,1.37,141.19
img_25609.npy,1.26,178.89
img_2561.npy,1.25,183.30
img_25610.npy,1.22,172.38
img_25611.npy,1.34,127.54
img_25612.npy,1.19,182.80
img_25613.npy,1.38,148.23
img_25614.npy,1.37,190.10
img_25615.npy,1.25,186.19
img_25616.npy,1.29,184.93
img_25617.npy,1.23,190.46
img_25618.npy,1.27,186.92
img_25619.npy,1.24,186.52
img_2562.npy,1.21,181.51
img_25620.npy,1.21,185.21
img_25621.npy,1.17,184.47
img_25622.npy,1.12,183.01
img_25623.npy,1.21,128.14
img_25624.npy,1.19,127.36
img_25625.npy,1.29,140.39
img_25626.npy,1.21,184.10
img_25627.npy,1.22,169.25
img_25628.npy,1.12,188.39
img_25629.npy,1.21,126.87
img_2563.npy,1.20,124.62
img_25630.npy,1.19,126.79
img_25631.npy,1.22,127.71
img_25632.npy,1.28,135.91
img_25633.npy,1.20,186.55
img_25634.npy,1.20,188.35
img_25635.npy,1.21,181.67
img_25636.npy,1.13,186.50
img_25637.npy,1.29,150.39
img_25638.npy,1.23,185.31
img_25639.npy,1.12,189.43
img_2564.npy,1.29,148.77
img_25640.npy,1.23,181.96
img_25641.npy,1.16,184.14
img_25642.npy,1.35,146.32
img_25643.npy,1.17,184.16
img_25644.npy,1.27,132.03
img_25645.npy,1.22,127.02
img_25646.npy,1.26,127.29
img_25647.npy,1.25,123.58
img_25648.npy,1.36,130.45
img_25649.npy,1.19,185.16
img_2565.npy,1.34,127.91
img_25650.npy,1.21,187.16
img_25651.npy,1.49,186.69
img_25652.npy,1.25,167.71
img_25653.npy,1.28,125.29
img_25654.npy,1.32,131.46
img_25655.npy,1.25,179.38
img_25656.npy,1.18,180.04
img_25657.npy,1.26,133.14
img_25658.npy,1.35,126.92
img_25659.npy,1.28,183.37
img_2566.npy,1.17,182.68
img_25660.npy,1.24,125.50
img_25661.npy,1.26,128.41
img_25662.npy,1.23,127.30
img_25663.npy,1.26,124.11
img_25664.npy,1.27,125.35
img_25665.npy,1.27,137.29
img_25666.npy,1.26,129.72
img_25667.npy,1.24,127.95
img_25668.npy,1.26,127.16
img_25669.npy,1.24,123.09
img_2567.npy,1.36,128.04
img_25670.npy,1.24,182.82
img_25671.npy,1.28,188.10
img_25672.npy,1.28,185.70
img_25673.npy,1.25,179.77
img_25674.npy,1.27,188.22
img_25675.npy,1.25,185.89
img_25676.npy,1.26,186.34
img_25677.npy,1.18,182.92
img_25678.npy,1.28,130.16
img_25679.npy,1.29,124.85
img_2568.npy,1.21,121.03
img_25680.npy,1.30,143.29
img_25681.npy,1.25,185.16
img_25682.npy,1.25,184.45
img_25683.npy,1.30,182.95
img_25684.npy,1.23,187.76
img_25685.npy,1.30,186.90
img_25686.npy,1.59,184.15
img_25687.npy,1.18,182.09
img_25688.npy,1.25,127.75
img_25689.npy,1.29,126.74
img_2569.npy,1.25,126.68
img_25690.npy,1.36,136.62
img_25691.npy,1.28,180.28
img_25692.npy,1.19,180.94
img_25693.npy,1.34,134.81
img_25694.npy,1.29,179.91
img_25695.npy,1.26,184.92
img_25696.npy,1.18,174.41
img_25697.npy,1.33,129.29
img_25698.npy,1.25,183.98
img_25699.npy,1.19,178.86
img_257.npy,1.29,142.67
img_2570.npy,1.23,123.35
img_25700.npy,1.37,127.91
img_25701.npy,1.27,184.63
img_25702.npy,1.28,187.73
img_25703.npy,1.26,180.34
img_25704.npy,1.25,184.02
img_25705.npy,1.26,186.08
img_25706.npy,1.27,183.61
img_25707.npy,1.27,178.79
img_25708.npy,1.20,185.72
img_25709.npy,1.17,178.46
img_2571.npy,1.25,129.33
img_25710.npy,1.29,131.41
img_25711.npy,1.37,133.62
img_25712.npy,1.21,171.18
img_25713.npy,1.34,130.97
img_25714.npy,1.25,186.63
img_25715.npy,1.20,183.88
img_25716.npy,1.25,131.50
img_25717.npy,1.26,126.62
img_25718.npy,1.27,128.77
img_25719.npy,1.25,127.34
img_2572.npy,1.37,122.90
img_25720.npy,1.35,129.23
img_25721.npy,1.26,187.76
img_25722.npy,1.22,174.36
img_25723.npy,1.25,125.78
img_25724.npy,1.20,132.83
img_25725.npy,1.37,142.22
img_25726.npy,1.26,192.16
img_25727.npy,1.24,190.21
img_25728.npy,1.32,186.46
img_25729.npy,1.24,191.16
img_2573.npy,1.32,188.78
img_25730.npy,1.18,175.65
img_25731.npy,1.24,136.39
img_25732.npy,1.28,149.14
img_25733.npy,1.29,123.51
img_25734.npy,1.26,129.35
img_25735.npy,1.38,137.15
img_25736.npy,1.30,183.61
img_25737.npy,1.26,191.87
img_25738.npy,1.28,178.88
img_25739.npy,1.20,186.63
img_2574.npy,1.20,188.78
img_25740.npy,1.32,181.86
img_25741.npy,1.26,186.52
img_25742.npy,1.26,188.57
img_25743.npy,1.18,179.18
img_25744.npy,1.27,125.48
img_25745.npy,1.27,123.98
img_25746.npy,1.26,142.67
img_25747.npy,1.26,124.20
img_25748.npy,1.26,123.29
img_25749.npy,1.27,127.62
img_2575.npy,1.27,145.41
img_25750.npy,1.26,126.92
img_25751.npy,1.26,127.14
img_25752.npy,1.29,126.51
img_25753.npy,1.41,138.72
img_25754.npy,1.38,181.01
img_25755.npy,1.26,126.47
img_25756.npy,1.29,129.16
img_25757.npy,1.19,171.91
img_25758.npy,1.33,125.41
img_25759.npy,1.23,183.40
img_2576.npy,1.25,185.43
img_25760.npy,1.29,187.02
img_25761.npy,1.16,183.34
img_25762.npy,1.28,126.45
img_25763.npy,1.26,126.78
img_25764.npy,1.29,128.39
img_25765.npy,1.27,128.54
img_25766.npy,1.34,134.88
img_25767.npy,1.19,176.40
img_25768.npy,1.18,128.75
img_25769.npy,1.25,131.82
img_2577.npy,1.28,134.79
img_25770.npy,1.33,134.50
img_25771.npy,1.21,175.36
img_25772.npy,1.32,140.65
img_25773.npy,1.26,183.20
img_25774.npy,1.17,182.02
img_25775.npy,1.27,159.98
img_25776.npy,1.26,129.84
img_25777.npy,1.32,135.88
img_25778.npy,1.28,181.27
img_25779.npy,1.19,186.64
img_2578.npy,1.28,145.52
img_25780.npy,1.35,160.00
img_25781.npy,1.29,186.07
img_25782.npy,1.28,180.21
img_25783.npy,1.24,186.30
img_25784.npy,1.28,186.12
img_25785.npy,1.18,181.30
img_25786.npy,1.27,178.87
img_25787.npy,1.31,182.29
img_25788.npy,1.35,187.76
img_25789.npy,1.42,184.43
img_2579.npy,1.28,132.85
img_25790.npy,1.26,122.68
img_25791.npy,1.30,136.98
img_25792.npy,1.25,125.08
img_25793.npy,1.28,131.83
img_25794.npy,1.28,125.88
img_25795.npy,1.26,126.31
img_25796.npy,1.26,138.26
img_25797.npy,1.19,180.55
img_25798.npy,1.23,131.03
img_25799.npy,1.28,123.20
img_258.npy,1.24,154.95
img_2580.npy,1.31,130.71
img_25800.npy,1.27,186.13
img_25801.npy,1.28,182.50
img_25802.npy,1.27,186.57
img_25803.npy,1.29,186.97
img_25804.npy,1.24,184.18
img_25805.npy,1.23,183.98
img_25806.npy,1.22,185.79
img_25807.npy,1.19,182.12
img_25808.npy,1.20,128.31
img_25809.npy,1.30,134.64
img_2581.npy,1.22,122.94
img_25810.npy,1.23,123.37
img_25811.npy,1.26,142.59
img_25812.npy,1.35,132.95
img_25813.npy,1.21,189.07
img_25814.npy,1.21,184.22
img_25815.npy,1.29,132.66
img_25816.npy,1.27,132.82
img_25817.npy,1.41,154.43
img_25818.npy,1.22,151.96
img_25819.npy,1.32,131.41
img_2582.npy,1.26,187.29
img_25820.npy,1.20,166.88
img_25821.npy,1.23,127.50
img_25822.npy,1.28,131.98
img_25823.npy,1.25,123.10
img_25824.npy,1.27,138.84
img_25825.npy,1.28,176.25
img_25826.npy,1.29,182.58
img_25827.npy,1.28,191.90
img_25828.npy,1.21,179.81
img_25829.npy,1.39,130.14
img_2583.npy,1.29,186.60
img_25830.npy,1.28,188.32
img_25831.npy,1.18,181.89
img_25832.npy,1.22,126.29
img_25833.npy,1.27,121.55
img_25834.npy,1.26,137.32
img_25835.npy,1.24,119.31
img_25836.npy,1.26,124.75
img_25837.npy,1.25,123.53
img_25838.npy,1.36,127.73
img_25839.npy,1.28,183.32
img_2584.npy,1.28,181.73
img_25840.npy,1.26,186.84
img_25841.npy,1.26,186.95
img_25842.npy,1.16,182.65
img_25843.npy,1.25,127.02
img_25844.npy,1.27,133.12
img_25845.npy,1.35,129.52
img_25846.npy,1.27,187.58
img_25847.npy,1.29,182.62
img_25848.npy,1.26,183.86
img_25849.npy,1.22,191.12
img_2585.npy,1.34,181.89
img_25850.npy,1.27,184.28
img_25851.npy,1.27,181.66
img_25852.npy,1.26,184.27
img_25853.npy,1.15,176.73
img_25854.npy,1.28,129.34
img_25855.npy,1.28,183.82
img_25856.npy,1.29,180.65
img_25857.npy,1.38,189.12
img_25858.npy,1.29,181.40
img_25859.npy,1.16,181.99
img_2586.npy,1.27,122.41
img_25860.npy,1.28,131.66
img_25861.npy,1.28,130.98
img_25862.npy,1.37,126.78
img_25863.npy,1.28,182.34
img_25864.npy,1.23,185.62
img_25865.npy,1.19,177.36
img_25866.npy,1.36,131.67
img_25867.npy,1.19,180.21
img_25868.npy,1.34,149.97
img_25869.npy,1.18,183.44
img_2587.npy,1.25,125.70
img_25870.npy,1.34,129.29
img_25871.npy,1.27,184.79
img_25872.npy,1.27,180.56
img_25873.npy,1.18,177.29
img_25874.npy,1.33,144.24
img_25875.npy,1.17,170.99
img_25876.npy,1.27,143.46
img_25877.npy,1.27,185.48
img_25878.npy,1.25,187.86
img_25879.npy,1.19,173.48
img_2588.npy,1.35,159.04
img_25880.npy,1.18,185.70
img_25881.npy,1.28,129.66
img_25882.npy,1.29,123.36
img_25883.npy,1.27,125.12
img_25884.npy,1.22,126.37
img_25885.npy,1.24,147.73
img_25886.npy,1.29,145.28
img_25887.npy,1.21,181.54
img_25888.npy,1.26,122.77
img_25889.npy,1.28,128.30
img_2589.npy,1.35,139.51
img_25890.npy,1.20,181.98
img_25891.npy,1.27,148.59
img_25892.npy,1.43,124.23
img_25893.npy,1.19,181.48
img_25894.npy,1.21,124.68
img_25895.npy,1.28,135.46
img_25896.npy,1.24,131.86
img_25897.npy,1.27,127.62
img_25898.npy,1.27,130.09
img_25899.npy,1.33,132.40
img_259.npy,1.28,178.72
img_2590.npy,1.26,182.62
img_25900.npy,1.25,186.31
img_25901.npy,1.23,190.76
img_25902.npy,1.25,182.49
img_25903.npy,1.15,182.47
img_25904.npy,1.26,129.64
img_25905.npy,1.32,132.79
img_25906.npy,1.22,184.07
img_25907.npy,1.24,189.27
img_25908.npy,1.28,171.14
img_25909.npy,1.26,187.39
img_2591.npy,1.23,190.32
img_25910.npy,1.18,178.02
img_25911.npy,1.32,140.18
img_25912.npy,1.19,186.09
img_25913.npy,1.23,186.85
img_25914.npy,1.13,190.00
img_25915.npy,1.24,142.93
img_25916.npy,1.27,125.65
img_25917.npy,1.30,139.09
img_25918.npy,1.26,182.04
img_25919.npy,1.28,179.31
img_2592.npy,1.17,187.68
img_25920.npy,1.31,125.62
img_25921.npy,1.30,129.67
img_25922.npy,1.25,121.80
img_25923.npy,1.25,149.29
img_25924.npy,1.24,127.71
img_25925.npy,1.28,126.45
img_25926.npy,1.39,130.55
img_25927.npy,1.33,130.73
img_25928.npy,1.28,182.86
img_25929.npy,1.30,178.34
img_2593.npy,1.20,177.54
img_25930.npy,1.27,126.19
img_25931.npy,1.25,129.95
img_25932.npy,1.35,132.01
img_25933.npy,1.18,177.46
img_25934.npy,1.27,129.59
img_25935.npy,1.34,133.02
img_25936.npy,1.30,185.96
img_25937.npy,1.25,186.57
img_25938.npy,1.18,177.48
img_25939.npy,1.34,153.85
img_2594.npy,1.18,178.32
img_25940.npy,1.19,139.50
img_25941.npy,1.15,121.98
img_25942.npy,1.29,127.00
img_25943.npy,1.28,120.56
img_25944.npy,1.24,132.61
img_25945.npy,1.29,131.72
img_25946.npy,1.27,123.99
img_25947.npy,1.24,123.78
img_25948.npy,1.42,144.27
img_25949.npy,1.26,184.03
img_2595.npy,1.15,181.05
img_25950.npy,1.30,130.17
img_25951.npy,1.31,132.33
img_25952.npy,1.28,134.65
img_25953.npy,1.39,131.41
img_25954.npy,1.19,180.28
img_25955.npy,1.37,128.39
img_25956.npy,1.30,184.04
img_25957.npy,1.30,185.40
img_25958.npy,1.25,188.34
img_25959.npy,1.31,183.33
img_2596.npy,1.31,186.92
img_25960.npy,1.26,179.79
img_25961.npy,1.67,183.30
img_25962.npy,1.28,174.23
img_25963.npy,1.25,186.39
img_25964.npy,1.26,182.87
img_25965.npy,1.31,177.94
img_25966.npy,1.30,182.58
img_25967.npy,1.29,181.57
img_25968.npy,1.28,185.59
img_25969.npy,1.26,188.11
img_2597.npy,1.25,183.83
img_25970.npy,1.22,181.66
img_25971.npy,1.30,135.09
img_25972.npy,1.13,178.27
img_25973.npy,1.38,137.76
img_25974.npy,1.25,185.80
img_25975.npy,1.19,180.69
img_25976.npy,1.29,152.10
img_25977.npy,1.26,187.99
img_25978.npy,1.28,184.16
img_25979.npy,1.27,186.88
img_2598.npy,1.24,184.42
img_25980.npy,1.27,181.14
img_25981.npy,1.15,179.72
img_25982.npy,1.26,140.68
img_25983.npy,1.29,124.81
img_25984.npy,1.29,134.17
img_25985.npy,1.26,126.65
img_25986.npy,1.28,125.96
img_25987.npy,1.26,126.42
img_25988.npy,1.30,122.04
img_25989.npy,1.22,141.30
img_2599.npy,1.35,127.46
img_25990.npy,1.29,182.04
img_25991.npy,1.30,187.48
img_25992.npy,1.23,186.89
img_25993.npy,1.21,181.57
img_25994.npy,1.25,129.11
img_25995.npy,1.39,131.84
img_25996.npy,1.25,126.12
img_25997.npy,1.26,127.44
img_25998.npy,1.25,127.89
img_25999.npy,1.32,136.70
img_26.npy,1.29,185.79
img_260.npy,1.20,180.97
img_2600.npy,1.27,127.02
img_26000.npy,1.25,125.55
img_26001.npy,1.36,154.70
img_26002.npy,1.18,183.71
img_26003.npy,1.32,129.49
img_26004.npy,1.28,186.45
img_26005.npy,1.28,185.55
img_26006.npy,1.27,184.91
img_26007.npy,1.20,186.43
img_26008.npy,1.28,146.10
img_26009.npy,1.26,125.00
img_2601.npy,1.27,129.34
img_26010.npy,1.29,140.62
img_26011.npy,1.37,143.53
img_26012.npy,1.23,188.64
img_26013.npy,1.27,185.50
img_26014.npy,1.26,187.71
img_26015.npy,1.23,188.14
img_26016.npy,1.18,178.28
img_26017.npy,1.27,126.39
img_26018.npy,1.33,131.56
img_26019.npy,1.29,185.70
img_2602.npy,1.28,186.37
img_26020.npy,1.25,191.84
img_26021.npy,1.24,172.18
img_26022.npy,1.36,139.61
img_26023.npy,1.25,186.45
img_26024.npy,1.28,185.39
img_26025.npy,1.24,181.89
img_26026.npy,1.25,188.02
img_26027.npy,1.31,187.65
img_26028.npy,1.16,186.40
img_26029.npy,1.53,181.80
img_2603.npy,1.29,137.88
img_26030.npy,1.25,119.35
img_26031.npy,1.27,128.86
img_26032.npy,1.28,126.96
img_26033.npy,1.25,122.83
img_26034.npy,1.28,126.14
img_26035.npy,1.29,124.23
img_26036.npy,1.38,135.69
img_26037.npy,1.27,186.79
img_26038.npy,1.31,184.09
img_26039.npy,1.19,181.04
img_2604.npy,1.38,148.06
img_26040.npy,1.27,176.51
img_26041.npy,1.28,185.09
img_26042.npy,1.27,188.26
img_26043.npy,1.29,174.16
img_26044.npy,1.24,184.24
img_26045.npy,1.28,187.23
img_26046.npy,1.16,184.91
img_26047.npy,1.38,148.63
img_26048.npy,1.23,185.12
img_26049.npy,1.27,185.32
img_2605.npy,1.27,183.66
img_26050.npy,1.27,184.55
img_26051.npy,1.17,178.66
img_26052.npy,1.20,125.97
img_26053.npy,1.31,126.98
img_26054.npy,1.15,183.27
img_26055.npy,1.26,129.70
img_26056.npy,1.22,132.79
img_26057.npy,1.23,147.68
img_26058.npy,1.14,180.77
img_26059.npy,1.25,127.21
img_2606.npy,1.20,135.77
img_26060.npy,1.26,131.98
img_26061.npy,1.26,128.64
img_26062.npy,1.39,126.07
img_26063.npy,1.22,137.61
img_26064.npy,1.32,133.16
img_26065.npy,1.27,184.01
img_26066.npy,1.27,178.96
img_26067.npy,1.25,185.63
img_26068.npy,1.28,185.35
img_26069.npy,1.19,170.68
img_2607.npy,1.37,150.19
img_26070.npy,1.21,178.22
img_26071.npy,1.27,127.64
img_26072.npy,1.34,134.15
img_26073.npy,1.17,181.25
img_26074.npy,1.27,129.37
img_26075.npy,1.27,123.63
img_26076.npy,1.27,132.75
img_26077.npy,1.35,130.33
img_26078.npy,1.25,181.23
img_26079.npy,1.31,175.32
img_2608.npy,1.24,184.89
img_26080.npy,1.28,181.71
img_26081.npy,1.16,182.57
img_26082.npy,1.26,129.68
img_26083.npy,1.28,126.43
img_26084.npy,1.26,127.24
img_26085.npy,1.26,126.79
img_26086.npy,1.21,123.11
img_26087.npy,1.27,128.63
img_26088.npy,1.28,135.34
img_26089.npy,1.28,126.00
img_2609.npy,1.40,139.74
img_26090.npy,1.19,189.01
img_26091.npy,1.24,131.13
img_26092.npy,1.18,171.76
img_26093.npy,1.34,129.09
img_26094.npy,1.32,182.60
img_26095.npy,1.28,182.71
img_26096.npy,1.26,185.21
img_26097.npy,1.41,184.31
img_26098.npy,1.27,155.96
img_26099.npy,1.34,132.47
img_261.npy,1.21,177.87
img_2610.npy,1.26,125.83
img_26100.npy,1.27,125.86
img_26101.npy,1.35,130.90
img_26102.npy,1.27,186.50
img_26103.npy,1.25,187.57
img_26104.npy,1.19,181.12
img_26105.npy,1.33,147.09
img_26106.npy,1.16,186.86
img_26107.npy,1.21,141.82
img_26108.npy,1.36,133.93
img_26109.npy,1.13,185.66
img_2611.npy,1.33,137.68
img_26110.npy,1.21,183.12
img_26111.npy,1.25,190.21
img_26112.npy,1.20,182.77
img_26113.npy,1.36,131.30
img_26114.npy,1.17,185.54
img_26115.npy,1.27,125.20
img_26116.npy,1.16,131.02
img_26117.npy,1.31,147.71
img_26118.npy,1.18,182.54
img_26119.npy,1.34,137.41
img_2612.npy,1.16,185.26
img_26120.npy,1.38,129.36
img_26121.npy,1.19,167.76
img_26122.npy,1.38,138.50
img_26123.npy,1.29,179.62
img_26124.npy,1.30,180.18
img_26125.npy,1.28,189.74
img_26126.npy,1.27,187.40
img_26127.npy,1.21,177.91
img_26128.npy,1.27,136.14
img_26129.npy,1.27,128.56
img_2613.npy,1.35,156.07
img_26130.npy,1.47,191.83
img_26131.npy,1.34,143.00
img_26132.npy,1.25,120.38
img_26133.npy,1.30,146.67
img_26134.npy,1.34,129.75
img_26135.npy,1.18,179.27
img_26136.npy,1.25,143.03
img_26137.npy,1.38,151.07
img_26138.npy,1.25,184.91
img_26139.npy,1.27,180.36
img_2614.npy,1.26,183.72
img_26140.npy,1.25,186.87
img_26141.npy,1.26,188.52
img_26142.npy,1.25,183.92
img_26143.npy,1.25,183.76
img_26144.npy,1.17,187.62
img_26145.npy,1.22,175.95
img_26146.npy,1.27,185.36
img_26147.npy,1.29,190.39
img_26148.npy,1.18,179.00
img_26149.npy,1.35,131.89
img_2615.npy,1.26,187.37
img_26150.npy,1.26,186.98
img_26151.npy,1.17,183.37
img_26152.npy,1.27,127.75
img_26153.npy,1.24,126.20
img_26154.npy,1.24,124.72
img_26155.npy,1.26,123.37
img_26156.npy,1.35,127.93
img_26157.npy,1.26,182.33
img_26158.npy,1.27,182.92
img_26159.npy,1.26,182.84
img_2616.npy,1.27,183.95
img_26160.npy,1.19,183.02
img_26161.npy,1.24,123.21
img_26162.npy,1.28,128.88
img_26163.npy,1.27,121.54
img_26164.npy,1.36,125.91
img_26165.npy,1.55,187.61
img_26166.npy,1.18,176.61
img_26167.npy,1.26,131.93
img_26168.npy,1.29,124.78
img_26169.npy,1.40,129.30
img_2617.npy,1.23,184.00
img_26170.npy,1.28,186.17
img_26171.npy,1.26,179.75
img_26172.npy,1.27,183.38
img_26173.npy,1.15,183.90
img_26174.npy,1.16,182.20
img_26175.npy,1.25,148.78
img_26176.npy,1.25,127.62
img_26177.npy,1.35,140.34
img_26178.npy,1.17,183.17
img_26179.npy,1.26,133.71
img_2618.npy,1.35,134.91
img_26180.npy,1.27,184.84
img_26181.npy,1.25,181.57
img_26182.npy,1.26,186.73
img_26183.npy,1.18,183.58
img_26184.npy,1.24,126.95
img_26185.npy,1.25,126.91
img_26186.npy,1.26,125.74
img_26187.npy,1.34,152.68
img_26188.npy,1.28,179.53
img_26189.npy,1.16,182.64
img_2619.npy,1.27,129.34
img_26190.npy,1.36,138.28
img_26191.npy,1.23,191.12
img_26192.npy,1.25,187.72
img_26193.npy,1.29,184.52
img_26194.npy,1.18,177.36
img_26195.npy,1.28,134.85
img_26196.npy,1.27,134.02
img_26197.npy,1.26,129.01
img_26198.npy,1.23,125.31
img_26199.npy,1.37,126.35
img_262.npy,1.37,187.70
img_2620.npy,1.34,150.65
img_26200.npy,1.29,180.51
img_26201.npy,1.19,189.55
img_26202.npy,1.25,187.10
img_26203.npy,1.22,186.32
img_26204.npy,1.24,133.32
img_26205.npy,1.37,127.41
img_26206.npy,1.27,185.60
img_26207.npy,1.10,181.41
img_26208.npy,1.25,128.43
img_26209.npy,1.30,127.52
img_2621.npy,1.26,128.44
img_26210.npy,1.27,131.17
img_26211.npy,1.36,130.73
img_26212.npy,1.26,183.59
img_26213.npy,1.26,188.92
img_26214.npy,1.18,182.24
img_26215.npy,1.25,130.13
img_26216.npy,1.28,147.11
img_26217.npy,1.35,133.45
img_26218.npy,1.22,183.91
img_26219.npy,1.23,176.52
img_2622.npy,1.20,185.35
img_26220.npy,1.29,132.96
img_26221.npy,1.28,129.47
img_26222.npy,1.29,126.79
img_26223.npy,1.25,127.96
img_26224.npy,1.34,136.01
img_26225.npy,1.28,185.37
img_26226.npy,1.25,183.29
img_26227.npy,1.32,188.73
img_26228.npy,1.27,182.24
img_26229.npy,1.28,181.92
img_2623.npy,1.26,189.12
img_26230.npy,1.25,186.95
img_26231.npy,1.19,186.36
img_26232.npy,1.17,187.66
img_26233.npy,1.13,182.25
img_26234.npy,1.34,128.41
img_26235.npy,1.35,134.84
img_26236.npy,1.15,178.27
img_26237.npy,1.22,122.88
img_26238.npy,1.31,127.50
img_26239.npy,1.26,124.08
img_2624.npy,1.26,133.31
img_26240.npy,1.30,122.62
img_26241.npy,1.29,128.97
img_26242.npy,1.25,130.83
img_26243.npy,1.32,131.33
img_26244.npy,1.16,182.27
img_26245.npy,1.35,143.43
img_26246.npy,1.15,183.33
img_26247.npy,1.20,141.82
img_26248.npy,1.29,127.75
img_26249.npy,1.25,187.41
img_2625.npy,1.12,181.51
img_26250.npy,1.23,131.22
img_26251.npy,1.23,143.93
img_26252.npy,1.29,137.11
img_26253.npy,1.24,173.57
img_26254.npy,1.23,185.34
img_26255.npy,1.24,177.55
img_26256.npy,1.22,187.14
img_26257.npy,1.23,186.68
img_26258.npy,1.13,176.99
img_26259.npy,1.22,129.85
img_2626.npy,1.27,128.79
img_26260.npy,1.22,127.51
img_26261.npy,1.23,147.11
img_26262.npy,1.21,134.68
img_26263.npy,1.21,186.16
img_26264.npy,1.21,183.18
img_26265.npy,1.15,178.40
img_26266.npy,1.25,133.62
img_26267.npy,1.29,130.87
img_26268.npy,1.17,170.94
img_26269.npy,1.22,127.14
img_2627.npy,1.32,137.05
img_26270.npy,1.33,176.98
img_26271.npy,1.21,188.23
img_26272.npy,1.26,182.25
img_26273.npy,1.22,182.71
img_26274.npy,1.14,185.38
img_26275.npy,1.23,123.82
img_26276.npy,1.22,124.26
img_26277.npy,1.24,122.95
img_26278.npy,1.25,121.98
img_26279.npy,1.29,147.71
img_2628.npy,1.14,186.29
img_26280.npy,1.24,127.52
img_26281.npy,1.33,135.50
img_26282.npy,1.24,189.28
img_26283.npy,1.23,183.88
img_26284.npy,1.26,177.87
img_26285.npy,1.21,192.08
img_26286.npy,1.26,184.37
img_26287.npy,1.23,183.64
img_26288.npy,1.22,185.55
img_26289.npy,1.25,185.68
img_2629.npy,1.15,182.27
img_26290.npy,1.11,148.54
img_26291.npy,1.25,153.70
img_26292.npy,1.24,147.62
img_26293.npy,1.31,131.55
img_26294.npy,1.25,181.08
img_26295.npy,1.23,180.91
img_26296.npy,1.18,185.05
img_26297.npy,1.23,188.32
img_26298.npy,1.16,180.41
img_26299.npy,1.29,142.79
img_263.npy,1.15,185.17
img_2630.npy,1.22,137.79
img_26300.npy,1.29,132.94
img_26301.npy,1.14,185.64
img_26302.npy,1.21,155.27
img_26303.npy,1.19,128.51
img_26304.npy,1.39,153.52
img_26305.npy,1.24,173.04
img_26306.npy,1.21,173.08
img_26307.npy,1.21,183.25
img_26308.npy,1.22,184.87
img_26309.npy,1.19,180.75
img_2631.npy,1.13,188.88
img_26310.npy,1.22,138.24
img_26311.npy,1.27,133.21
img_26312.npy,1.20,185.42
img_26313.npy,1.14,178.02
img_26314.npy,1.18,130.15
img_26315.npy,1.20,149.32
img_26316.npy,1.24,128.91
img_26317.npy,1.26,133.07
img_26318.npy,1.16,183.73
img_26319.npy,1.13,182.26
img_2632.npy,1.19,152.56
img_26320.npy,1.13,149.75
img_26321.npy,1.24,155.64
img_26322.npy,1.13,182.69
img_26323.npy,1.20,152.99
img_26324.npy,1.28,149.24
img_26325.npy,1.12,183.84
img_26326.npy,1.19,140.60
img_26327.npy,1.19,129.95
img_26328.npy,1.25,133.31
img_26329.npy,1.21,183.25
img_2633.npy,1.19,176.04
img_26330.npy,1.13,183.93
img_26331.npy,1.27,157.48
img_26332.npy,1.12,187.06
img_26333.npy,1.19,150.50
img_26334.npy,1.31,128.50
img_26335.npy,1.13,182.70
img_26336.npy,1.21,143.80
img_26337.npy,1.20,151.29
img_26338.npy,1.28,134.13
img_26339.npy,1.19,185.56
img_2634.npy,1.20,174.39
img_26340.npy,1.24,179.78
img_26341.npy,1.23,184.86
img_26342.npy,1.26,133.93
img_26343.npy,1.12,182.68
img_26344.npy,1.21,130.02
img_26345.npy,1.18,123.54
img_26346.npy,1.26,144.56
img_26347.npy,1.07,172.78
img_26348.npy,1.18,139.86
img_26349.npy,1.20,133.27
img_2635.npy,1.27,142.20
img_26350.npy,1.18,181.04
img_26351.npy,1.10,183.82
img_26352.npy,1.15,149.34
img_26353.npy,1.20,153.12
img_26354.npy,1.21,141.39
img_26355.npy,1.16,185.65
img_26356.npy,1.11,179.55
img_26357.npy,1.16,145.99
img_26358.npy,1.22,140.71
img_26359.npy,1.18,171.32
img_2636.npy,1.11,175.06
img_26360.npy,1.14,133.45
img_26361.npy,1.18,128.22
img_26362.npy,1.16,139.92
img_26363.npy,1.24,130.30
img_26364.npy,1.18,187.36
img_26365.npy,1.16,181.40
img_26366.npy,1.16,187.05
img_26367.npy,1.16,188.48
img_26368.npy,1.10,167.41
img_26369.npy,1.17,152.68
img_2637.npy,1.18,145.93
img_26370.npy,1.16,137.93
img_26371.npy,1.24,152.17
img_26372.npy,1.13,174.27
img_26373.npy,1.24,131.39
img_26374.npy,1.10,179.23
img_26375.npy,1.18,122.84
img_26376.npy,1.17,149.41
img_26377.npy,1.15,155.74
img_26378.npy,1.25,156.51
img_26379.npy,1.28,175.39
img_2638.npy,1.07,175.83
img_26380.npy,1.26,135.55
img_26381.npy,1.16,179.89
img_26382.npy,1.09,186.59
img_26383.npy,1.17,143.00
img_26384.npy,1.23,133.37
img_26385.npy,1.16,188.62
img_26386.npy,1.17,182.23
img_26387.npy,1.09,180.24
img_26388.npy,1.15,142.08
img_26389.npy,1.17,151.99
img_2639.npy,1.25,148.52
img_26390.npy,1.09,182.16
img_26391.npy,1.19,147.87
img_26392.npy,1.16,129.66
img_26393.npy,1.23,134.71
img_26394.npy,1.09,169.73
img_26395.npy,1.16,148.34
img_26396.npy,1.25,145.96
img_26397.npy,1.16,184.87
img_26398.npy,1.16,185.36
img_26399.npy,1.15,177.39
img_264.npy,1.18,182.83
img_2640.npy,1.09,181.92
img_26400.npy,1.24,144.72
img_26401.npy,1.11,182.77
img_26402.npy,1.19,144.27
img_26403.npy,1.23,131.35
img_26404.npy,1.16,185.18
img_26405.npy,1.17,183.22
img_26406.npy,1.16,180.86
img_26407.npy,1.13,187.37
img_26408.npy,1.17,163.40
img_26409.npy,1.10,181.64
img_2641.npy,1.16,141.86
img_26410.npy,1.19,140.27
img_26411.npy,1.24,131.77
img_26412.npy,1.17,183.64
img_26413.npy,1.18,186.48
img_26414.npy,1.08,179.34
img_26415.npy,1.34,150.08
img_26416.npy,1.17,186.54
img_26417.npy,1.10,176.24
img_26418.npy,1.23,144.76
img_26419.npy,1.09,186.88
img_2642.npy,1.15,131.37
img_26420.npy,1.24,133.01
img_26421.npy,1.17,184.02
img_26422.npy,1.16,181.85
img_26423.npy,1.10,182.07
img_26424.npy,1.22,157.71
img_26425.npy,1.08,184.30
img_26426.npy,1.13,145.91
img_26427.npy,1.13,131.80
img_26428.npy,1.12,145.34
img_26429.npy,1.19,154.18
img_2643.npy,1.07,180.35
img_26430.npy,1.20,138.59
img_26431.npy,1.15,180.57
img_26432.npy,1.12,188.14
img_26433.npy,1.06,180.41
img_26434.npy,1.21,137.42
img_26435.npy,1.14,173.02
img_26436.npy,1.07,178.51
img_26437.npy,1.13,143.55
img_26438.npy,1.13,148.83
img_26439.npy,1.18,135.60
img_2644.npy,1.08,174.40
img_26440.npy,1.09,126.47
img_26441.npy,1.10,125.67
img_26442.npy,1.13,137.34
img_26443.npy,1.19,134.89
img_26444.npy,1.08,176.69
img_26445.npy,1.14,139.97
img_26446.npy,1.15,143.12
img_26447.npy,1.21,152.44
img_26448.npy,1.15,170.40
img_26449.npy,1.13,191.88
img_2645.npy,1.14,184.82
img_26450.npy,1.08,181.93
img_26451.npy,1.18,127.81
img_26452.npy,1.08,170.10
img_26453.npy,1.20,140.76
img_26454.npy,1.39,179.76
img_26455.npy,1.14,179.93
img_26456.npy,1.12,185.11
img_26457.npy,1.09,188.84
img_26458.npy,1.14,135.59
img_26459.npy,1.19,136.23
img_2646.npy,1.07,190.39
img_26460.npy,1.14,146.57
img_26461.npy,1.13,132.98
img_26462.npy,1.19,139.42
img_26463.npy,1.13,183.92
img_26464.npy,1.07,182.62
img_26465.npy,1.14,139.46
img_26466.npy,1.22,146.05
img_26467.npy,1.13,177.08
img_26468.npy,1.06,189.73
img_26469.npy,1.11,150.07
img_2647.npy,1.20,137.84
img_26470.npy,1.05,176.44
img_26471.npy,1.15,152.63
img_26472.npy,1.21,155.34
img_26473.npy,1.07,186.79
img_26474.npy,1.21,146.48
img_26475.npy,1.12,175.84
img_26476.npy,1.06,180.81
img_26477.npy,1.20,142.66
img_26478.npy,1.08,170.71
img_26479.npy,1.19,150.93
img_2648.npy,1.07,180.75
img_26480.npy,1.22,148.77
img_26481.npy,1.13,191.56
img_26482.npy,1.15,175.88
img_26483.npy,1.13,184.84
img_26484.npy,1.09,186.67
img_26485.npy,1.12,143.52
img_26486.npy,1.20,145.71
img_26487.npy,1.12,192.21
img_26488.npy,1.11,173.89
img_26489.npy,1.20,136.12
img_2649.npy,1.07,178.96
img_26490.npy,1.13,127.42
img_26491.npy,1.13,126.72
img_26492.npy,1.31,135.88
img_26493.npy,1.20,131.11
img_26494.npy,1.14,176.99
img_26495.npy,1.12,191.51
img_26496.npy,1.09,180.42
img_26497.npy,1.14,141.33
img_26498.npy,1.20,150.76
img_26499.npy,1.15,183.35
img_265.npy,1.09,179.50
img_2650.npy,1.12,132.03
img_26500.npy,1.15,134.27
img_26501.npy,1.13,179.89
img_26502.npy,1.06,185.74
img_26503.npy,1.20,146.01
img_26504.npy,1.07,174.11
img_26505.npy,1.20,140.39
img_26506.npy,1.12,184.27
img_26507.npy,1.14,185.50
img_26508.npy,1.07,168.02
img_26509.npy,1.21,149.25
img_2651.npy,1.08,178.77
img_26510.npy,1.13,152.04
img_26511.npy,1.13,131.02
img_26512.npy,1.10,125.62
img_26513.npy,1.15,132.68
img_26514.npy,1.20,133.00
img_26515.npy,1.07,179.49
img_26516.npy,1.21,167.71
img_26517.npy,1.06,179.95
img_26518.npy,1.14,152.44
img_26519.npy,1.13,143.87
img_2652.npy,1.13,132.74
img_26520.npy,1.22,145.70
img_26521.npy,1.08,174.92
img_26522.npy,1.23,154.78
img_26523.npy,1.05,178.87
img_26524.npy,1.14,145.60
img_26525.npy,1.14,131.91
img_26526.npy,1.13,126.35
img_26527.npy,1.20,153.05
img_26528.npy,1.07,180.60
img_26529.npy,1.20,155.43
img_2653.npy,1.45,165.71
img_26530.npy,1.05,176.55
img_26531.npy,1.14,138.73
img_26532.npy,1.14,144.45
img_26533.npy,1.15,139.39
img_26534.npy,1.13,157.77
img_26535.npy,1.21,150.94
img_26536.npy,1.07,169.82
img_26537.npy,1.13,151.10
img_26538.npy,1.21,146.12
img_26539.npy,1.07,182.41
img_2654.npy,1.20,148.98
img_26540.npy,1.09,174.36
img_26541.npy,1.20,156.39
img_26542.npy,1.07,181.08
img_26543.npy,1.20,161.20
img_26544.npy,1.08,175.17
img_26545.npy,1.19,147.81
img_26546.npy,1.08,182.64
img_26547.npy,1.20,143.23
img_26548.npy,1.06,173.15
img_26549.npy,1.13,146.67
img_2655.npy,1.14,139.29
img_26550.npy,1.19,150.86
img_26551.npy,1.07,185.54
img_26552.npy,1.19,139.91
img_26553.npy,1.11,183.04
img_26554.npy,1.13,187.70
img_26555.npy,1.14,184.39
img_26556.npy,1.12,177.47
img_26557.npy,1.08,186.71
img_26558.npy,1.14,159.29
img_26559.npy,1.12,143.80
img_2656.npy,1.15,145.51
img_26560.npy,1.17,143.61
img_26561.npy,1.18,131.68
img_26562.npy,1.09,180.27
img_26563.npy,1.14,144.34
img_26564.npy,1.07,127.88
img_26565.npy,1.13,129.94
img_26566.npy,1.21,152.67
img_26567.npy,1.06,183.48
img_26568.npy,1.24,124.98
img_26569.npy,1.15,140.45
img_2657.npy,1.33,145.01
img_26570.npy,1.15,169.28
img_26571.npy,1.15,175.60
img_26572.npy,1.07,186.27
img_26573.npy,1.14,145.68
img_26574.npy,1.21,147.38
img_26575.npy,1.14,181.13
img_26576.npy,1.13,187.06
img_26577.npy,1.13,183.78
img_26578.npy,1.12,182.99
img_26579.npy,1.09,168.00
img_2658.npy,1.15,143.32
img_26580.npy,1.20,138.66
img_26581.npy,1.08,177.67
img_26582.npy,1.22,150.00
img_26583.npy,1.14,172.70
img_26584.npy,1.06,177.51
img_26585.npy,1.13,148.18
img_26586.npy,1.19,131.80
img_26587.npy,1.14,174.39
img_26588.npy,1.13,183.10
img_26589.npy,1.15,186.44
img_2659.npy,1.06,168.57
img_26590.npy,1.19,144.41
img_26591.npy,1.14,185.86
img_26592.npy,1.13,180.98
img_26593.npy,1.14,182.64
img_26594.npy,1.13,186.99
img_26595.npy,1.13,186.08
img_26596.npy,1.03,184.77
img_26597.npy,1.11,151.46
img_26598.npy,1.13,147.36
img_26599.npy,1.19,132.16
img_266.npy,1.20,175.37
img_2660.npy,1.14,177.38
img_26600.npy,1.08,172.55
img_26601.npy,1.23,150.70
img_26602.npy,1.07,167.40
img_26603.npy,1.14,153.36
img_26604.npy,1.22,142.41
img_26605.npy,1.16,176.52
img_26606.npy,1.22,187.25
img_26607.npy,1.15,156.58
img_26608.npy,1.21,135.55
img_26609.npy,1.07,173.98
img_2661.npy,1.22,145.98
img_26610.npy,1.06,180.50
img_26611.npy,1.13,124.35
img_26612.npy,1.14,131.98
img_26613.npy,1.20,141.98
img_26614.npy,1.12,182.88
img_26615.npy,1.13,181.80
img_26616.npy,1.15,179.57
img_26617.npy,1.05,180.55
img_26618.npy,1.13,149.50
img_26619.npy,1.19,131.62
img_2662.npy,1.07,169.69
img_26620.npy,1.20,146.63
img_26621.npy,1.14,179.33
img_26622.npy,1.14,172.55
img_26623.npy,1.13,176.15
img_26624.npy,1.08,173.02
img_26625.npy,1.11,144.30
img_26626.npy,1.16,147.24
img_26627.npy,1.15,180.67
img_26628.npy,1.12,187.71
img_26629.npy,1.15,187.11
img_2663.npy,1.13,184.51
img_26630.npy,1.12,185.04
img_26631.npy,1.13,184.84
img_26632.npy,1.14,183.28
img_26633.npy,1.07,181.79
img_26634.npy,1.21,145.29
img_26635.npy,1.09,172.66
img_26636.npy,1.12,150.27
img_26637.npy,1.23,136.44
img_26638.npy,1.16,182.03
img_26639.npy,1.13,179.42
img_2664.npy,1.08,180.71
img_26640.npy,1.14,149.30
img_26641.npy,1.21,136.78
img_26642.npy,1.15,177.22
img_26643.npy,1.07,185.03
img_26644.npy,1.21,149.46
img_26645.npy,1.30,186.76
img_26646.npy,1.13,171.32
img_26647.npy,1.13,190.53
img_26648.npy,1.05,186.29
img_26649.npy,1.15,143.54
img_2665.npy,1.12,125.89
img_26650.npy,1.15,148.82
img_26651.npy,1.13,153.96
img_26652.npy,1.12,155.41
img_26653.npy,1.15,143.16
img_26654.npy,1.20,133.16
img_26655.npy,1.07,181.52
img_26656.npy,1.12,156.11
img_26657.npy,1.16,157.15
img_26658.npy,1.13,155.24
img_26659.npy,1.14,150.36
img_2666.npy,1.06,175.75
img_26660.npy,1.20,158.41
img_26661.npy,1.15,183.52
img_26662.npy,1.14,183.04
img_26663.npy,1.06,180.30
img_26664.npy,1.14,153.36
img_26665.npy,1.14,148.01
img_26666.npy,1.18,136.33
img_26667.npy,1.07,178.01
img_26668.npy,1.13,135.83
img_26669.npy,1.19,135.50
img_2667.npy,1.14,177.45
img_26670.npy,1.14,174.34
img_26671.npy,1.09,166.46
img_26672.npy,1.18,143.36
img_26673.npy,1.15,180.03
img_26674.npy,1.07,176.49
img_26675.npy,1.16,150.71
img_26676.npy,1.21,146.92
img_26677.npy,1.06,179.04
img_26678.npy,1.21,138.74
img_26679.npy,1.08,182.44
img_2668.npy,1.22,139.66
img_26680.npy,1.17,176.13
img_26681.npy,1.18,186.74
img_26682.npy,1.26,152.37
img_26683.npy,1.17,172.32
img_26684.npy,1.16,183.75
img_26685.npy,1.14,184.91
img_26686.npy,1.16,180.29
img_26687.npy,1.08,181.99
img_26688.npy,1.20,144.16
img_26689.npy,1.16,185.12
img_2669.npy,1.07,178.17
img_26690.npy,1.15,142.52
img_26691.npy,1.05,175.41
img_26692.npy,1.23,143.83
img_26693.npy,1.09,172.59
img_26694.npy,1.15,168.31
img_26695.npy,1.14,136.27
img_26696.npy,1.15,125.87
img_26697.npy,1.21,155.00
img_26698.npy,1.09,179.40
img_26699.npy,1.13,131.88
img_267.npy,1.21,147.18
img_2670.npy,1.13,184.91
img_26700.npy,1.14,187.45
img_26701.npy,1.13,179.87
img_26702.npy,1.08,181.66
img_26703.npy,1.20,150.34
img_26704.npy,1.08,175.73
img_26705.npy,1.14,151.97
img_26706.npy,1.19,145.50
img_26707.npy,1.13,167.97
img_26708.npy,1.12,144.03
img_26709.npy,1.14,143.89
img_2671.npy,1.14,146.62
img_26710.npy,1.20,132.03
img_26711.npy,1.13,189.00
img_26712.npy,1.07,180.67
img_26713.npy,1.22,148.17
img_26714.npy,1.13,172.03
img_26715.npy,1.14,181.74
img_26716.npy,1.15,172.99
img_26717.npy,1.06,183.39
img_26718.npy,1.15,148.01
img_26719.npy,1.12,150.80
img_2672.npy,1.19,147.07
img_26720.npy,1.08,175.46
img_26721.npy,1.25,140.36
img_26722.npy,1.10,185.32
img_26723.npy,1.13,186.95
img_26724.npy,1.07,181.67
img_26725.npy,1.20,154.60
img_26726.npy,1.16,177.86
img_26727.npy,1.07,175.43
img_26728.npy,1.13,153.05
img_26729.npy,1.15,154.32
img_2673.npy,1.21,145.28
img_26730.npy,1.07,179.30
img_26731.npy,1.21,142.75
img_26732.npy,1.09,173.24
img_26733.npy,1.18,144.48
img_26734.npy,1.15,166.12
img_26735.npy,1.14,173.64
img_26736.npy,1.14,169.27
img_26737.npy,1.08,178.74
img_26738.npy,1.20,151.36
img_26739.npy,1.13,183.76
img_2674.npy,1.07,187.00
img_26740.npy,1.20,134.80
img_26741.npy,1.13,167.76
img_26742.npy,1.07,176.34
img_26743.npy,1.14,150.05
img_26744.npy,1.13,133.68
img_26745.npy,1.15,151.37
img_26746.npy,1.13,142.18
img_26747.npy,1.14,146.65
img_26748.npy,1.14,134.89
img_26749.npy,1.14,128.12
img_2675.npy,1.13,130.82
img_26750.npy,1.20,146.32
img_26751.npy,1.19,178.34
img_26752.npy,1.11,184.87
img_26753.npy,1.10,182.77
img_26754.npy,1.12,173.04
img_26755.npy,1.10,174.07
img_26756.npy,1.20,154.70
img_26757.npy,1.17,178.02
img_26758.npy,1.08,185.85
img_26759.npy,1.14,158.95
img_2676.npy,1.29,147.67
img_26760.npy,1.19,149.89
img_26761.npy,1.15,169.43
img_26762.npy,1.14,184.28
img_26763.npy,1.13,185.60
img_26764.npy,1.15,174.34
img_26765.npy,1.13,181.87
img_26766.npy,1.08,170.60
img_26767.npy,1.21,153.13
img_26768.npy,1.15,169.71
img_26769.npy,1.12,176.84
img_2677.npy,1.07,178.94
img_26770.npy,1.14,150.77
img_26771.npy,1.20,149.37
img_26772.npy,1.08,183.79
img_26773.npy,1.20,130.77
img_26774.npy,1.08,175.68
img_26775.npy,1.14,148.16
img_26776.npy,1.13,145.05
img_26777.npy,1.20,135.20
img_26778.npy,1.07,173.69
img_26779.npy,1.14,131.25
img_2678.npy,1.15,128.29
img_26780.npy,1.13,124.91
img_26781.npy,1.19,144.84
img_26782.npy,1.16,154.42
img_26783.npy,1.20,140.36
img_26784.npy,1.14,170.79
img_26785.npy,1.09,173.07
img_26786.npy,1.07,166.89
img_26787.npy,1.14,137.68
img_26788.npy,1.19,130.89
img_26789.npy,1.15,170.95
img_2679.npy,1.18,172.62
img_26790.npy,1.07,177.97
img_26791.npy,1.22,147.98
img_26792.npy,1.16,172.29
img_26793.npy,1.05,185.33
img_26794.npy,1.22,155.27
img_26795.npy,1.15,177.80
img_26796.npy,1.13,190.26
img_26797.npy,1.15,185.44
img_26798.npy,1.24,172.58
img_26799.npy,1.13,151.51
img_268.npy,1.13,135.56
img_2680.npy,1.21,131.39
img_26800.npy,1.16,176.32
img_26801.npy,1.16,173.51
img_26802.npy,1.13,178.77
img_26803.npy,1.07,180.77
img_26804.npy,1.16,147.23
img_26805.npy,1.12,131.41
img_26806.npy,1.20,147.11
img_26807.npy,1.15,182.44
img_26808.npy,1.14,184.62
img_26809.npy,1.12,185.27
img_2681.npy,1.08,184.70
img_26810.npy,1.14,134.35
img_26811.npy,1.13,151.16
img_26812.npy,1.16,153.67
img_26813.npy,1.15,157.76
img_26814.npy,1.20,139.07
img_26815.npy,1.15,181.88
img_26816.npy,1.03,181.05
img_26817.npy,1.17,157.52
img_26818.npy,1.15,175.77
img_26819.npy,1.15,184.95
img_2682.npy,1.13,191.42
img_26820.npy,1.15,183.69
img_26821.npy,1.07,170.35
img_26822.npy,1.12,147.71
img_26823.npy,1.22,142.84
img_26824.npy,1.09,166.80
img_26825.npy,1.14,133.92
img_26826.npy,1.13,129.30
img_26827.npy,1.21,132.74
img_26828.npy,1.17,173.74
img_26829.npy,1.16,177.88
img_2683.npy,1.15,171.04
img_26830.npy,1.13,183.38
img_26831.npy,1.14,186.52
img_26832.npy,1.14,185.81
img_26833.npy,1.07,177.68
img_26834.npy,1.21,142.95
img_26835.npy,1.28,176.71
img_26836.npy,1.16,176.04
img_26837.npy,1.13,184.48
img_26838.npy,1.15,178.03
img_26839.npy,1.13,188.06
img_2684.npy,1.08,182.54
img_26840.npy,1.21,145.46
img_26841.npy,1.14,170.48
img_26842.npy,1.14,184.37
img_26843.npy,1.08,178.84
img_26844.npy,1.14,133.04
img_26845.npy,1.20,150.88
img_26846.npy,1.07,166.83
img_26847.npy,1.19,134.00
img_26848.npy,1.04,161.20
img_26849.npy,1.13,138.42
img_2685.npy,1.19,145.84
img_26850.npy,1.07,179.13
img_26851.npy,1.15,156.98
img_26852.npy,1.20,147.89
img_26853.npy,1.09,171.25
img_26854.npy,1.14,136.90
img_26855.npy,1.19,148.24
img_26856.npy,1.06,165.92
img_26857.npy,1.12,133.18
img_26858.npy,1.12,147.73
img_26859.npy,1.12,150.74
img_2686.npy,1.14,145.85
img_26860.npy,1.20,140.34
img_26861.npy,1.08,179.25
img_26862.npy,1.19,150.96
img_26863.npy,1.14,170.46
img_26864.npy,1.13,183.73
img_26865.npy,1.13,186.42
img_26866.npy,1.10,176.30
img_26867.npy,1.13,129.45
img_26868.npy,1.14,125.37
img_26869.npy,1.14,135.87
img_2687.npy,1.16,125.23
img_26870.npy,1.22,133.88
img_26871.npy,1.14,184.80
img_26872.npy,1.07,176.11
img_26873.npy,1.12,140.39
img_26874.npy,1.32,149.02
img_26875.npy,1.20,135.70
img_26876.npy,1.06,182.40
img_26877.npy,1.14,157.35
img_26878.npy,1.13,137.04
img_26879.npy,1.13,128.52
img_2688.npy,1.10,127.43
img_26880.npy,1.13,137.87
img_26881.npy,1.21,140.27
img_26882.npy,1.14,183.35
img_26883.npy,1.09,173.73
img_26884.npy,1.13,145.51
img_26885.npy,1.14,149.57
img_26886.npy,1.20,142.50
img_26887.npy,1.14,174.79
img_26888.npy,1.07,183.40
img_26889.npy,1.19,137.19
img_2689.npy,1.17,171.20
img_26890.npy,1.13,174.84
img_26891.npy,1.15,178.52
img_26892.npy,1.14,187.16
img_26893.npy,1.07,182.78
img_26894.npy,1.21,152.48
img_26895.npy,1.05,179.34
img_26896.npy,1.21,131.23
img_26897.npy,1.09,178.77
img_26898.npy,1.19,144.65
img_26899.npy,1.15,182.98
img_269.npy,1.14,180.76
img_2690.npy,1.06,186.06
img_26900.npy,1.14,154.64
img_26901.npy,1.21,135.86
img_26902.npy,1.13,179.18
img_26903.npy,1.11,181.86
img_26904.npy,1.16,152.17
img_26905.npy,1.15,130.73
img_26906.npy,1.21,153.58
img_26907.npy,1.16,182.32
img_26908.npy,1.12,187.77
img_26909.npy,1.15,181.45
img_2691.npy,1.09,175.03
img_26910.npy,1.19,138.49
img_26911.npy,1.37,180.57
img_26912.npy,1.21,134.14
img_26913.npy,1.05,179.70
img_26914.npy,1.20,146.31
img_26915.npy,1.16,164.94
img_26916.npy,1.13,168.23
img_26917.npy,1.08,182.64
img_26918.npy,1.15,162.09
img_26919.npy,1.13,148.65
img_2692.npy,1.19,155.93
img_26920.npy,1.14,187.19
img_26921.npy,1.07,181.23
img_26922.npy,1.14,144.46
img_26923.npy,1.14,138.66
img_26924.npy,1.18,136.20
img_26925.npy,1.15,179.51
img_26926.npy,1.13,182.71
img_26927.npy,1.13,187.33
img_26928.npy,1.13,187.18
img_26929.npy,1.15,178.59
img_2693.npy,1.14,177.12
img_26930.npy,1.14,185.43
img_26931.npy,1.08,180.69
img_26932.npy,1.19,155.24
img_26933.npy,1.15,189.44
img_26934.npy,1.07,183.30
img_26935.npy,1.19,147.17
img_26936.npy,1.15,180.58
img_26937.npy,1.12,184.35
img_26938.npy,1.08,181.60
img_26939.npy,1.14,152.86
img_2694.npy,1.19,136.93
img_26940.npy,1.08,179.43
img_26941.npy,1.18,155.79
img_26942.npy,1.15,187.57
img_26943.npy,1.06,179.86
img_26944.npy,1.22,146.16
img_26945.npy,1.14,171.96
img_26946.npy,1.07,180.21
img_26947.npy,1.13,145.36
img_26948.npy,1.14,140.75
img_26949.npy,1.21,126.88
img_2695.npy,1.37,176.91
img_26950.npy,1.14,187.40
img_26951.npy,1.15,168.41
img_26952.npy,1.12,184.27
img_26953.npy,1.17,173.08
img_26954.npy,1.12,181.33
img_26955.npy,1.09,170.42
img_26956.npy,1.12,150.80
img_26957.npy,1.13,128.34
img_26958.npy,1.21,143.98
img_26959.npy,1.08,185.22
img_2696.npy,1.21,152.30
img_26960.npy,1.11,160.80
img_26961.npy,1.14,134.64
img_26962.npy,1.14,158.07
img_26963.npy,1.13,128.65
img_26964.npy,1.13,131.96
img_26965.npy,1.14,136.99
img_26966.npy,1.16,151.65
img_26967.npy,1.12,136.71
img_26968.npy,1.20,130.06
img_26969.npy,1.15,168.46
img_2697.npy,1.09,182.38
img_26970.npy,1.19,155.02
img_26971.npy,1.08,168.13
img_26972.npy,1.21,145.68
img_26973.npy,1.13,185.93
img_26974.npy,1.03,185.34
img_26975.npy,1.11,144.40
img_26976.npy,1.21,141.60
img_26977.npy,1.09,176.54
img_26978.npy,1.14,134.86
img_26979.npy,1.20,151.80
img_2698.npy,1.14,187.48
img_26980.npy,1.11,183.29
img_26981.npy,1.11,138.02
img_26982.npy,1.16,151.70
img_26983.npy,1.23,153.43
img_26984.npy,1.13,178.91
img_26985.npy,1.10,183.81
img_26986.npy,1.15,148.91
img_26987.npy,1.22,128.58
img_26988.npy,1.10,179.37
img_26989.npy,1.38,126.99
img_2699.npy,1.05,187.36
img_26990.npy,1.14,144.53
img_26991.npy,1.18,132.99
img_26992.npy,1.20,139.71
img_26993.npy,1.07,187.30
img_26994.npy,1.15,139.82
img_26995.npy,1.19,150.26
img_26996.npy,1.08,183.70
img_26997.npy,1.14,135.43
img_26998.npy,1.15,143.18
img_26999.npy,1.13,151.27
img_27.npy,1.23,133.74
img_270.npy,1.07,166.59
img_2700.npy,1.13,132.63
img_27000.npy,1.21,146.29
img_27001.npy,1.06,182.59
img_27002.npy,1.15,137.14
img_27003.npy,1.21,141.87
img_27004.npy,1.01,174.88
img_27005.npy,1.11,131.50
img_27006.npy,1.14,138.56
img_27007.npy,1.19,129.77
img_27008.npy,1.09,187.36
img_27009.npy,1.15,143.80
img_2701.npy,1.12,139.43
img_27010.npy,1.13,155.16
img_27011.npy,1.14,136.05
img_27012.npy,1.15,137.21
img_27013.npy,1.20,136.86
img_27014.npy,1.15,180.94
img_27015.npy,1.13,173.80
img_27016.npy,1.13,175.77
img_27017.npy,1.13,180.33
img_27018.npy,1.21,141.09
img_27019.npy,1.09,171.28
img_2702.npy,1.21,147.00
img_27020.npy,1.13,171.91
img_27021.npy,1.15,190.33
img_27022.npy,1.15,176.40
img_27023.npy,1.11,167.79
img_27024.npy,1.22,147.92
img_27025.npy,1.24,177.44
img_27026.npy,1.19,154.51
img_27027.npy,1.14,134.23
img_27028.npy,1.15,153.92
img_27029.npy,1.15,133.66
img_2703.npy,1.20,147.91
img_27030.npy,1.08,180.57
img_27031.npy,1.12,142.54
img_27032.npy,1.22,143.29
img_27033.npy,1.07,169.90
img_27034.npy,1.21,147.64
img_27035.npy,1.08,167.24
img_27036.npy,1.10,146.71
img_27037.npy,1.22,144.07
img_27038.npy,1.17,180.03
img_27039.npy,1.16,185.12
img_2704.npy,1.13,186.00
img_27040.npy,1.14,171.14
img_27041.npy,1.15,173.55
img_27042.npy,1.06,178.67
img_27043.npy,1.13,152.73
img_27044.npy,1.12,145.10
img_27045.npy,1.13,144.34
img_27046.npy,1.21,146.43
img_27047.npy,1.12,185.74
img_27048.npy,1.08,180.17
img_27049.npy,1.14,152.56
img_2705.npy,1.14,134.44
img_27050.npy,1.20,142.79
img_27051.npy,1.13,185.54
img_27052.npy,1.07,181.61
img_27053.npy,1.14,157.40
img_27054.npy,1.15,156.30
img_27055.npy,1.18,143.39
img_27056.npy,1.13,128.02
img_27057.npy,1.20,139.09
img_27058.npy,1.09,179.10
img_27059.npy,1.18,145.17
img_2706.npy,1.13,178.98
img_27060.npy,1.14,175.61
img_27061.npy,1.04,189.82
img_27062.npy,1.21,147.68
img_27063.npy,1.18,176.62
img_27064.npy,1.12,179.04
img_27065.npy,1.08,179.89
img_27066.npy,1.19,141.44
img_27067.npy,1.12,188.78
img_27068.npy,1.08,170.93
img_27069.npy,1.12,187.10
img_2707.npy,1.11,179.91
img_27070.npy,1.14,185.02
img_27071.npy,1.08,178.54
img_27072.npy,1.13,140.36
img_27073.npy,1.20,138.65
img_27074.npy,1.07,180.03
img_27075.npy,1.19,151.00
img_27076.npy,1.12,183.47
img_27077.npy,1.14,179.48
img_27078.npy,1.14,180.74
img_27079.npy,1.15,183.37
img_2708.npy,1.14,182.30
img_27080.npy,1.06,185.03
img_27081.npy,1.14,143.48
img_27082.npy,1.13,148.23
img_27083.npy,1.19,136.12
img_27084.npy,1.08,170.87
img_27085.npy,1.14,135.38
img_27086.npy,1.20,146.76
img_27087.npy,1.07,168.72
img_27088.npy,1.14,140.26
img_27089.npy,1.19,157.26
img_2709.npy,1.15,172.26
img_27090.npy,1.15,169.35
img_27091.npy,1.07,182.86
img_27092.npy,1.14,152.65
img_27093.npy,1.14,145.50
img_27094.npy,1.22,139.05
img_27095.npy,1.08,179.54
img_27096.npy,1.16,150.07
img_27097.npy,1.14,143.25
img_27098.npy,1.12,144.64
img_27099.npy,1.21,128.66
img_271.npy,1.07,177.23
img_2710.npy,1.16,172.50
img_27100.npy,1.29,172.46
img_27101.npy,1.08,179.79
img_27102.npy,1.15,135.41
img_27103.npy,1.15,144.79
img_27104.npy,1.14,130.10
img_27105.npy,1.13,155.55
img_27106.npy,1.15,136.94
img_27107.npy,1.22,149.01
img_27108.npy,1.08,188.32
img_27109.npy,1.15,146.52
img_2711.npy,1.15,145.98
img_27110.npy,1.21,146.36
img_27111.npy,1.07,173.29
img_27112.npy,1.21,142.61
img_27113.npy,1.14,175.46
img_27114.npy,1.08,181.88
img_27115.npy,1.20,151.93
img_27116.npy,1.16,178.39
img_27117.npy,1.13,185.63
img_27118.npy,1.07,185.17
img_27119.npy,1.21,157.83
img_2712.npy,1.15,186.00
img_27120.npy,1.08,169.20
img_27121.npy,1.20,140.82
img_27122.npy,1.06,179.74
img_27123.npy,1.20,142.73
img_27124.npy,1.07,184.91
img_27125.npy,1.15,146.45
img_27126.npy,1.13,144.94
img_27127.npy,1.20,144.68
img_27128.npy,1.15,183.14
img_27129.npy,1.15,178.45
img_2713.npy,1.12,180.45
img_27130.npy,1.01,174.59
img_27131.npy,1.16,135.49
img_27132.npy,1.14,132.98
img_27133.npy,1.13,129.42
img_27134.npy,1.20,145.11
img_27135.npy,1.14,170.04
img_27136.npy,1.08,171.51
img_27137.npy,1.22,149.89
img_27138.npy,1.21,128.18
img_27139.npy,1.14,174.82
img_2714.npy,1.13,182.57
img_27140.npy,1.19,178.31
img_27141.npy,1.14,174.13
img_27142.npy,1.09,176.34
img_27143.npy,1.14,133.39
img_27144.npy,1.12,133.55
img_27145.npy,1.14,135.57
img_27146.npy,1.13,137.68
img_27147.npy,1.14,149.56
img_27148.npy,1.19,137.98
img_27149.npy,1.16,179.79
img_2715.npy,1.07,175.27
img_27150.npy,1.12,127.70
img_27151.npy,1.14,151.40
img_27152.npy,1.13,151.46
img_27153.npy,1.17,138.92
img_27154.npy,1.08,178.74
img_27155.npy,1.20,156.37
img_27156.npy,1.12,183.27
img_27157.npy,1.07,182.35
img_27158.npy,1.14,142.05
img_27159.npy,1.12,143.20
img_2716.npy,1.14,136.57
img_27160.npy,1.14,130.79
img_27161.npy,1.13,141.39
img_27162.npy,1.21,156.59
img_27163.npy,1.07,184.69
img_27164.npy,1.13,154.73
img_27165.npy,1.12,143.00
img_27166.npy,1.14,148.82
img_27167.npy,1.12,134.63
img_27168.npy,1.20,130.05
img_27169.npy,1.09,178.90
img_2717.npy,1.23,145.34
img_27170.npy,1.14,180.38
img_27171.npy,1.14,184.16
img_27172.npy,1.07,184.30
img_27173.npy,1.21,139.00
img_27174.npy,1.13,180.99
img_27175.npy,1.14,185.64
img_27176.npy,1.12,182.81
img_27177.npy,1.15,185.73
img_27178.npy,1.24,187.83
img_27179.npy,1.15,153.05
img_2718.npy,1.21,147.95
img_27180.npy,1.06,175.18
img_27181.npy,1.14,132.59
img_27182.npy,1.13,147.29
img_27183.npy,1.22,157.30
img_27184.npy,1.12,179.00
img_27185.npy,1.07,179.57
img_27186.npy,1.18,156.11
img_27187.npy,1.06,169.21
img_27188.npy,1.14,138.36
img_27189.npy,1.13,151.82
img_2719.npy,1.19,139.34
img_27190.npy,1.13,167.37
img_27191.npy,1.13,172.90
img_27192.npy,1.07,181.77
img_27193.npy,1.13,143.23
img_27194.npy,1.12,134.06
img_27195.npy,1.20,145.40
img_27196.npy,1.08,169.50
img_27197.npy,1.13,136.10
img_27198.npy,1.09,147.20
img_27199.npy,1.11,146.58
img_272.npy,1.15,130.50
img_2720.npy,1.13,174.57
img_27200.npy,1.11,180.35
img_27201.npy,1.10,172.39
img_27202.npy,1.08,171.29
img_27203.npy,1.01,176.73
img_27204.npy,1.15,151.63
img_27205.npy,1.09,172.03
img_27206.npy,1.03,165.73
img_27207.npy,1.08,141.97
img_27208.npy,1.15,145.34
img_27209.npy,1.05,173.74
img_2721.npy,1.09,148.66
img_27210.npy,1.13,153.66
img_27211.npy,1.11,176.97
img_27212.npy,1.08,172.84
img_27213.npy,1.03,167.76
img_27214.npy,1.09,172.19
img_27215.npy,1.08,154.89
img_27216.npy,1.28,141.30
img_27217.npy,1.17,167.20
img_27218.npy,1.02,174.55
img_27219.npy,1.16,148.56
img_2722.npy,1.09,182.09
img_27220.npy,1.04,176.05
img_27221.npy,1.14,141.52
img_27222.npy,1.04,181.55
img_27223.npy,1.13,148.62
img_27224.npy,1.03,179.34
img_27225.npy,1.06,143.17
img_27226.npy,1.08,148.89
img_27227.npy,1.11,153.89
img_27228.npy,1.09,149.58
img_27229.npy,1.09,149.97
img_2723.npy,1.14,149.92
img_27230.npy,1.02,167.15
img_27231.npy,1.09,146.46
img_27232.npy,1.14,157.94
img_27233.npy,1.08,169.47
img_27234.npy,1.08,187.77
img_27235.npy,1.03,178.89
img_27236.npy,1.07,143.03
img_27237.npy,1.08,139.28
img_27238.npy,1.16,150.75
img_27239.npy,1.08,178.77
img_2724.npy,1.07,181.39
img_27240.npy,1.03,177.96
img_27241.npy,1.07,149.16
img_27242.npy,1.11,142.95
img_27243.npy,1.05,176.31
img_27244.npy,1.10,157.81
img_27245.npy,1.14,133.81
img_27246.npy,1.09,176.38
img_27247.npy,1.01,178.27
img_27248.npy,1.16,153.68
img_27249.npy,1.11,177.85
img_2725.npy,1.03,180.32
img_27250.npy,1.14,152.48
img_27251.npy,1.03,172.43
img_27252.npy,1.08,148.34
img_27253.npy,1.16,148.07
img_27254.npy,1.03,173.96
img_27255.npy,1.09,150.84
img_27256.npy,1.14,156.84
img_27257.npy,1.25,168.93
img_27258.npy,1.07,172.16
img_27259.npy,1.09,185.50
img_2726.npy,1.05,168.12
img_27260.npy,1.16,158.85
img_27261.npy,1.08,186.75
img_27262.npy,1.03,173.88
img_27263.npy,1.14,152.79
img_27264.npy,1.04,183.16
img_27265.npy,1.09,162.09
img_27266.npy,1.15,149.54
img_27267.npy,1.08,179.77
img_27268.npy,1.08,179.91
img_27269.npy,1.08,172.52
img_2727.npy,1.01,168.67
img_27270.npy,1.24,142.44
img_27271.npy,1.89,128.52
img_27272.npy,3.07,190.58
img_27273.npy,1.70,165.81
img_27274.npy,1.03,178.81
img_27275.npy,1.11,157.05
img_27276.npy,1.15,151.80
img_27277.npy,1.02,166.16
img_27278.npy,1.14,134.17
img_27279.npy,1.03,170.61
img_2728.npy,1.14,151.26
img_27280.npy,1.08,176.60
img_27281.npy,1.02,177.20
img_27282.npy,1.13,152.14
img_27283.npy,1.02,168.23
img_27284.npy,1.09,149.28
img_27285.npy,1.08,131.89
img_27286.npy,1.19,155.47
img_27287.npy,1.09,179.34
img_27288.npy,1.03,175.65
img_27289.npy,1.07,147.81
img_2729.npy,1.11,151.75
img_27290.npy,1.14,153.11
img_27291.npy,1.06,181.25
img_27292.npy,1.12,182.71
img_27293.npy,1.04,170.84
img_27294.npy,1.24,172.11
img_27295.npy,1.09,143.29
img_27296.npy,1.14,149.07
img_27297.npy,1.11,186.53
img_27298.npy,1.10,175.76
img_27299.npy,1.05,167.24
img_273.npy,1.17,155.05
img_2730.npy,1.03,178.19
img_27300.npy,1.16,150.39
img_27301.npy,1.03,170.63
img_27302.npy,1.10,135.59
img_27303.npy,1.15,141.45
img_27304.npy,1.10,169.29
img_27305.npy,1.02,172.21
img_27306.npy,1.10,141.11
img_27307.npy,1.16,166.94
img_27308.npy,1.10,176.76
img_27309.npy,1.09,181.96
img_2731.npy,1.06,175.24
img_27310.npy,1.10,141.63
img_27311.npy,1.09,146.34
img_27312.npy,1.10,157.83
img_27313.npy,1.10,147.05
img_27314.npy,1.13,150.94
img_27315.npy,1.04,171.25
img_27316.npy,1.15,146.61
img_27317.npy,1.02,189.48
img_27318.npy,1.08,152.80
img_27319.npy,1.14,143.33
img_2732.npy,1.03,190.58
img_27320.npy,1.15,144.70
img_27321.npy,1.08,169.43
img_27322.npy,1.01,184.16
img_27323.npy,1.13,140.28
img_27324.npy,1.05,170.51
img_27325.npy,1.15,162.93
img_27326.npy,1.10,181.68
img_27327.npy,1.10,177.94
img_27328.npy,1.03,169.75
img_27329.npy,1.09,166.27
img_2733.npy,1.09,157.93
img_27330.npy,1.14,144.29
img_27331.npy,1.03,174.26
img_27332.npy,1.17,167.01
img_27333.npy,1.32,170.55
img_27334.npy,1.06,160.27
img_27335.npy,1.15,147.23
img_27336.npy,1.03,181.19
img_27337.npy,1.09,155.72
img_27338.npy,1.09,155.18
img_27339.npy,1.12,140.88
img_2734.npy,1.10,175.34
img_27340.npy,1.05,171.09
img_27341.npy,1.13,144.49
img_27342.npy,1.04,172.84
img_27343.npy,1.09,152.41
img_27344.npy,1.15,148.77
img_27345.npy,1.03,181.77
img_27346.npy,1.08,141.54
img_27347.npy,1.08,134.68
img_27348.npy,1.15,158.60
img_27349.npy,1.09,174.33
img_2735.npy,1.03,182.86
img_27350.npy,1.14,155.69
img_27351.npy,1.04,181.08
img_27352.npy,1.08,137.99
img_27353.npy,1.12,155.67
img_27354.npy,1.10,169.45
img_27355.npy,1.07,173.24
img_27356.npy,1.07,183.42
img_27357.npy,1.08,186.79
img_27358.npy,1.07,166.46
img_27359.npy,1.07,176.91
img_2736.npy,1.09,161.51
img_27360.npy,1.02,181.89
img_27361.npy,1.08,150.63
img_27362.npy,1.14,139.54
img_27363.npy,1.08,176.11
img_27364.npy,1.04,175.39
img_27365.npy,1.12,144.43
img_27366.npy,1.08,143.57
img_27367.npy,1.09,134.47
img_27368.npy,1.08,138.59
img_27369.npy,1.08,147.01
img_2737.npy,1.11,152.69
img_27370.npy,1.09,149.71
img_27371.npy,1.08,158.06
img_27372.npy,1.21,139.16
img_27373.npy,1.27,183.38
img_27374.npy,1.01,184.54
img_27375.npy,1.16,171.27
img_27376.npy,1.03,177.20
img_27377.npy,1.14,144.96
img_27378.npy,1.03,173.77
img_27379.npy,1.15,148.72
img_2738.npy,1.09,171.02
img_27380.npy,1.09,176.87
img_27381.npy,1.08,183.98
img_27382.npy,1.08,183.23
img_27383.npy,1.05,163.62
img_27384.npy,1.15,157.53
img_27385.npy,1.09,177.16
img_27386.npy,1.08,172.55
img_27387.npy,1.07,165.29
img_27388.npy,1.02,172.57
img_27389.npy,1.08,145.79
img_2739.npy,1.14,161.88
img_27390.npy,1.03,175.58
img_27391.npy,1.10,140.37
img_27392.npy,1.13,146.18
img_27393.npy,1.01,187.02
img_27394.npy,1.15,146.48
img_27395.npy,1.02,176.81
img_27396.npy,1.07,139.40
img_27397.npy,1.09,139.76
img_27398.npy,1.13,145.07
img_27399.npy,1.02,176.79
img_274.npy,1.10,160.25
img_2740.npy,1.13,157.85
img_27400.npy,1.08,178.89
img_27401.npy,1.09,184.98
img_27402.npy,1.07,186.25
img_27403.npy,1.08,178.20
img_27404.npy,1.07,185.97
img_27405.npy,1.07,151.36
img_27406.npy,1.08,146.03
img_27407.npy,1.14,142.92
img_27408.npy,1.08,180.20
img_27409.npy,1.02,173.98
img_2741.npy,1.17,158.07
img_27410.npy,1.03,179.89
img_27411.npy,1.08,144.20
img_27412.npy,1.45,148.88
img_27413.npy,1.08,141.80
img_27414.npy,1.08,152.59
img_27415.npy,1.10,134.94
img_27416.npy,1.15,150.04
img_27417.npy,1.02,177.03
img_27418.npy,1.14,142.41
img_27419.npy,1.03,169.68
img_2742.npy,1.09,151.12
img_27420.npy,1.09,151.43
img_27421.npy,1.16,152.25
img_27422.npy,1.05,175.67
img_27423.npy,1.10,149.66
img_27424.npy,1.15,147.20
img_27425.npy,1.08,177.85
img_27426.npy,1.08,167.98
img_27427.npy,1.03,172.22
img_27428.npy,1.07,156.89
img_27429.npy,1.14,154.12
img_2743.npy,1.03,163.57
img_27430.npy,1.12,150.49
img_27431.npy,1.04,174.98
img_27432.npy,1.09,148.36
img_27433.npy,1.08,149.00
img_27434.npy,1.09,152.91
img_27435.npy,1.08,142.30
img_27436.npy,1.08,135.84
img_27437.npy,1.15,143.33
img_27438.npy,1.08,174.18
img_27439.npy,1.07,180.04
img_2744.npy,1.10,183.90
img_27440.npy,1.09,177.14
img_27441.npy,1.04,181.47
img_27442.npy,1.13,151.98
img_27443.npy,1.09,182.35
img_27444.npy,1.11,180.43
img_27445.npy,1.08,180.52
img_27446.npy,1.12,172.24
img_27447.npy,1.03,171.25
img_27448.npy,1.08,153.48
img_27449.npy,1.15,158.32
img_2745.npy,1.10,172.78
img_27450.npy,1.03,179.38
img_27451.npy,1.15,141.84
img_27452.npy,1.03,182.44
img_27453.npy,1.27,145.60
img_27454.npy,1.11,167.38
img_27455.npy,1.08,175.63
img_27456.npy,1.04,169.03
img_27457.npy,1.15,154.99
img_27458.npy,1.07,172.49
img_27459.npy,1.03,171.23
img_2746.npy,1.14,142.83
img_27460.npy,1.03,179.03
img_27461.npy,1.14,155.00
img_27462.npy,1.02,181.98
img_27463.npy,1.09,154.31
img_27464.npy,1.09,147.83
img_27465.npy,1.07,134.99
img_27466.npy,1.09,137.11
img_27467.npy,1.09,152.00
img_27468.npy,1.08,146.63
img_27469.npy,1.15,149.80
img_2747.npy,1.10,178.88
img_27470.npy,1.01,170.80
img_27471.npy,1.15,163.59
img_27472.npy,1.02,183.46
img_27473.npy,1.08,151.60
img_27474.npy,1.07,160.78
img_27475.npy,1.14,149.04
img_27476.npy,1.02,160.10
img_27477.npy,1.13,154.11
img_27478.npy,1.09,176.20
img_27479.npy,1.03,165.99
img_2748.npy,1.13,159.18
img_27480.npy,1.03,177.91
img_27481.npy,1.09,145.87
img_27482.npy,1.13,147.11
img_27483.npy,1.12,175.06
img_27484.npy,1.02,176.75
img_27485.npy,1.10,143.18
img_27486.npy,1.09,143.04
img_27487.npy,1.06,134.50
img_27488.npy,1.08,148.01
img_27489.npy,1.16,150.82
img_2749.npy,1.02,183.36
img_27490.npy,1.14,141.69
img_27491.npy,1.10,177.36
img_27492.npy,1.03,168.52
img_27493.npy,1.28,155.79
img_27494.npy,1.09,156.52
img_27495.npy,1.09,142.81
img_27496.npy,1.16,164.18
img_27497.npy,1.10,166.67
img_27498.npy,1.02,173.52
img_27499.npy,1.08,144.88
img_275.npy,1.17,152.63
img_2750.npy,1.09,173.60
img_27500.npy,1.08,179.80
img_27501.npy,1.03,183.25
img_27502.npy,1.15,157.46
img_27503.npy,1.08,189.71
img_27504.npy,1.10,171.73
img_27505.npy,1.09,175.70
img_27506.npy,1.08,186.06
