[Tue Nov  4 22:33:19 CET 2025] Running METHOD=ripser, DATASET=cifar10, DIM=0
Saving to results/ripser/cifar10/dim0.csv
Running ripser on datasets/cifar10_npy (maxdim=0)...
  Running img_0.npy ... done (5.90s, 112.64MB)
  Running img_1.npy ... done (5.72s, 110.72MB)
  Running img_10.npy ... done (5.65s, 118.92MB)
  Running img_100.npy ... done (5.72s, 117.53MB)
  Running img_1000.npy ... done (5.65s, 116.25MB)
  Running img_10000.npy ... done (5.83s, 113.75MB)
  Running img_10001.npy ... done (4.99s, 112.27MB)
  Running img_10002.npy ... done (5.45s, 110.41MB)
  Running img_10003.npy ... done (5.66s, 108.64MB)
  Running img_10004.npy ... done (5.42s, 114.37MB)
  Running img_10005.npy ... done (5.77s, 112.24MB)
  Running img_10006.npy ... done (5.31s, 109.26MB)
  Running img_10007.npy ... done (5.28s, 113.04MB)
  Running img_10008.npy ... done (5.22s, 115.50MB)
  Running img_10009.npy ... done (5.52s, 112.68MB)
  Running img_1001.npy ... done (5.29s, 111.19MB)
  Running img_10010.npy ... done (5.27s, 115.72MB)
  Running img_10011.npy ... done (5.36s, 116.38MB)
  Running img_10012.npy ... done (5.11s, 111.04MB)
  Running img_10013.npy ... done (5.69s, 111.16MB)
  Running img_10014.npy ... done (5.35s, 107.99MB)
  Running img_10015.npy ... done (5.48s, 109.78MB)
  Running img_10016.npy ... done (5.65s, 111.59MB)
  Running img_10017.npy ... done (5.66s, 111.94MB)
  Running img_10018.npy ... done (5.28s, 113.00MB)
  Running img_10019.npy ... done (5.59s, 110.22MB)
  Running img_1002.npy ... done (5.68s, 111.79MB)
  Running img_10020.npy ... done (5.50s, 111.30MB)
  Running img_10021.npy ... done (5.27s, 109.34MB)
  Running img_10022.npy ... done (5.56s, 109.61MB)
  Running img_10023.npy ... done (5.21s, 110.87MB)
  Running img_10024.npy ... done (5.38s, 110.78MB)
  Running img_10025.npy ... done (5.36s, 111.28MB)
  Running img_10026.npy ... done (5.17s, 113.35MB)
  Running img_10027.npy ... done (4.77s, 117.66MB)
  Running img_10028.npy ... done (5.37s, 113.97MB)
  Running img_10029.npy ... done (5.36s, 110.18MB)
  Running img_1003.npy ... done (5.69s, 111.16MB)
  Running img_10030.npy ... done (4.95s, 119.29MB)
  Running img_10031.npy ... done (5.47s, 112.76MB)
  Running img_10032.npy ... done (5.68s, 112.46MB)
  Running img_10033.npy ... done (5.64s, 116.46MB)
  Running img_10034.npy ... done (5.16s, 117.25MB)
  Running img_10035.npy ... done (5.65s, 108.84MB)
  Running img_10036.npy ... done (5.23s, 109.77MB)
  Running img_10037.npy ... done (5.62s, 109.37MB)
  Running img_10038.npy ... done (5.42s, 113.25MB)
  Running img_10039.npy ... done (5.44s, 111.58MB)
  Running img_1004.npy ... done (5.28s, 112.36MB)
  Running img_10040.npy ... done (5.62s, 110.73MB)
  Running img_10041.npy ... done (5.46s, 110.32MB)
  Running img_10042.npy ... done (5.56s, 113.27MB)
  Running img_10043.npy ... done (5.27s, 115.36MB)
  Running img_10044.npy ... done (5.66s, 112.32MB)
  Running img_10045.npy ... done (5.78s, 110.20MB)
  Running img_10046.npy ... done (5.74s, 111.36MB)
  Running img_10047.npy ... done (5.29s, 109.91MB)
  Running img_10048.npy ... done (5.27s, 111.21MB)
  Running img_10049.npy ... done (5.40s, 110.00MB)
  Running img_1005.npy ... done (5.57s, 111.69MB)
  Running img_10050.npy ... done (5.66s, 111.61MB)
  Running img_10051.npy ... done (5.38s, 111.75MB)
  Running img_10052.npy ... done (5.66s, 113.11MB)
  Running img_10053.npy ... done (5.35s, 112.05MB)
  Running img_10054.npy ... done (5.48s, 111.07MB)
  Running img_10055.npy ... done (5.04s, 113.93MB)
  Running img_10056.npy ... done (5.44s, 116.33MB)
  Running img_10057.npy ... done (5.58s, 110.22MB)
  Running img_10058.npy ... done (5.83s, 108.79MB)
  Running img_10059.npy ... done (5.34s, 108.94MB)
  Running img_1006.npy ... done (5.55s, 110.03MB)
  Running img_10060.npy ... done (5.58s, 109.05MB)
  Running img_10061.npy ... done (5.47s, 112.40MB)
  Running img_10062.npy ... done (5.29s, 111.74MB)
  Running img_10063.npy ... done (5.51s, 113.78MB)
  Running img_10064.npy ... done (5.96s, 118.00MB)
  Running img_10065.npy ... done (5.30s, 118.11MB)
  Running img_10066.npy ... done (5.60s, 113.98MB)
  Running img_10067.npy ... done (5.48s, 111.56MB)
  Running img_10068.npy ... done (6.08s, 111.45MB)
  Running img_10069.npy ... done (5.60s, 111.72MB)
  Running img_1007.npy ... done (5.50s, 110.08MB)
  Running img_10070.npy ... done (4.85s, 109.85MB)
  Running img_10071.npy ... done (5.02s, 124.77MB)
  Running img_10072.npy ... done (5.38s, 113.08MB)
  Running img_10073.npy ... done (5.70s, 120.25MB)
  Running img_10074.npy ... done (4.98s, 112.10MB)
  Running img_10075.npy ... done (5.69s, 129.85MB)
  Running img_10076.npy ... done (5.04s, 129.45MB)
  Running img_10077.npy ... done (5.36s, 130.05MB)
  Running img_10078.npy ... done (5.06s, 125.11MB)
  Running img_10079.npy ... done (5.19s, 111.73MB)
  Running img_1008.npy ... done (5.21s, 112.63MB)
  Running img_10080.npy ... done (5.11s, 114.52MB)
  Running img_10081.npy ... done (5.19s, 119.25MB)
  Running img_10082.npy ... done (5.43s, 118.24MB)
  Running img_10083.npy ... done (5.55s, 119.53MB)
  Running img_10084.npy ... done (5.51s, 122.01MB)
  Running img_10085.npy ... done (5.57s, 112.97MB)
  Running img_10086.npy ... done (5.44s, 114.78MB)
  Running img_10087.npy ... done (5.28s, 110.47MB)
  Running img_10088.npy ... done (5.11s, 110.63MB)
  Running img_10089.npy ... done (5.01s, 110.65MB)
  Running img_1009.npy ... done (5.64s, 114.41MB)
  Running img_10090.npy ... done (5.25s, 111.40MB)
  Running img_10091.npy ... done (5.27s, 110.02MB)
  Running img_10092.npy ... done (5.41s, 113.51MB)
  Running img_10093.npy ... done (5.12s, 114.55MB)
  Running img_10094.npy ... done (5.39s, 112.02MB)
  Running img_10095.npy ... done (5.46s, 112.26MB)
  Running img_10096.npy ... done (5.46s, 111.38MB)
  Running img_10097.npy ... done (5.31s, 113.06MB)
  Running img_10098.npy ... done (5.51s, 109.72MB)
  Running img_10099.npy ... done (5.13s, 111.73MB)
  Running img_101.npy ... done (5.82s, 109.89MB)
  Running img_1010.npy ... done (5.02s, 112.93MB)
  Running img_10100.npy ... done (5.20s, 112.77MB)
  Running img_10101.npy ... done (5.49s, 112.33MB)
  Running img_10102.npy ... done (4.91s, 127.34MB)
  Running img_10103.npy ... done (5.05s, 111.58MB)
  Running img_10104.npy ... done (5.34s, 119.23MB)
  Running img_10105.npy ... done (5.72s, 126.54MB)
  Running img_10106.npy ... done (5.37s, 109.70MB)
  Running img_10107.npy ... done (5.15s, 112.22MB)
  Running img_10108.npy ... done (4.83s, 112.69MB)
  Running img_10109.npy ... done (4.96s, 122.57MB)
  Running img_1011.npy ... done (6.09s, 113.32MB)
  Running img_10110.npy ... done (5.58s, 112.84MB)
  Running img_10111.npy ... done (5.33s, 113.42MB)
  Running img_10112.npy ... done (5.32s, 113.39MB)
  Running img_10113.npy ... done (5.00s, 111.39MB)
  Running img_10114.npy ... done (5.22s, 116.07MB)
  Running img_10115.npy ... done (5.48s, 119.89MB)
  Running img_10116.npy ... done (5.46s, 110.57MB)
  Running img_10117.npy ... done (5.24s, 111.60MB)
  Running img_10118.npy ... done (5.02s, 110.81MB)
  Running img_10119.npy ... done (5.48s, 112.88MB)
  Running img_1012.npy ... done (5.51s, 112.32MB)
  Running img_10120.npy ... done (5.44s, 111.70MB)
  Running img_10121.npy ... done (5.15s, 111.69MB)
  Running img_10122.npy ... done (5.56s, 117.20MB)
  Running img_10123.npy ... done (5.55s, 111.00MB)
  Running img_10124.npy ... done (5.58s, 130.20MB)
  Running img_10125.npy ... done (5.24s, 110.44MB)
  Running img_10126.npy ... done (5.40s, 121.58MB)
  Running img_10127.npy ... done (4.88s, 112.01MB)
  Running img_10128.npy ... done (5.46s, 110.49MB)
  Running img_10129.npy ... done (5.20s, 110.91MB)
  Running img_1013.npy ... done (5.05s, 112.85MB)
  Running img_10130.npy ... done (5.31s, 113.63MB)
  Running img_10131.npy ... done (5.78s, 113.58MB)
  Running img_10132.npy ... done (5.14s, 113.49MB)
  Running img_10133.npy ... done (5.69s, 110.01MB)
  Running img_10134.npy ... done (5.62s, 109.36MB)
  Running img_10135.npy ... done (5.24s, 110.66MB)
  Running img_10136.npy ... done (5.76s, 109.83MB)
  Running img_10137.npy ... done (5.13s, 111.73MB)
  Running img_10138.npy ... done (5.50s, 109.89MB)
  Running img_10139.npy ... done (5.26s, 112.46MB)
  Running img_1014.npy ... done (5.57s, 112.62MB)
  Running img_10140.npy ... done (5.47s, 109.24MB)
  Running img_10141.npy ... done (4.99s, 112.07MB)
  Running img_10142.npy ... done (5.31s, 110.59MB)
  Running img_10143.npy ... done (5.18s, 110.97MB)
  Running img_10144.npy ... done (5.42s, 110.02MB)
  Running img_10145.npy ... done (5.06s, 111.27MB)
  Running img_10146.npy ... done (5.44s, 110.10MB)
  Running img_10147.npy ... done (5.49s, 113.87MB)
  Running img_10148.npy ... done (5.04s, 110.04MB)
  Running img_10149.npy ... done (5.76s, 118.58MB)
  Running img_1015.npy ... done (5.36s, 116.97MB)
  Running img_10150.npy ... done (5.18s, 114.27MB)
  Running img_10151.npy ... done (4.95s, 112.80MB)
  Running img_10152.npy ... done (5.30s, 108.82MB)
  Running img_10153.npy ... done (5.19s, 110.98MB)
  Running img_10154.npy ... done (5.02s, 107.95MB)
  Running img_10155.npy ... done (5.18s, 111.84MB)
  Running img_10156.npy ... done (5.34s, 110.77MB)
  Running img_10157.npy ... done (5.03s, 112.13MB)
  Running img_10158.npy ... done (5.08s, 119.36MB)
  Running img_10159.npy ... done (5.01s, 116.86MB)
  Running img_1016.npy ... done (5.04s, 110.09MB)
  Running img_10160.npy ... done (4.38s, 125.31MB)
  Running img_10161.npy ... done (5.23s, 125.70MB)
  Running img_10162.npy ... done (5.25s, 121.95MB)
  Running img_10163.npy ... done (5.00s, 119.37MB)
  Running img_10164.npy ... done (4.92s, 111.95MB)
  Running img_10165.npy ... done (4.98s, 110.96MB)
  Running img_10166.npy ... done (5.56s, 109.66MB)
  Running img_10167.npy ... done (5.38s, 110.29MB)
  Running img_10168.npy ... done (5.27s, 110.12MB)
  Running img_10169.npy ... done (4.88s, 110.76MB)
  Running img_1017.npy ... done (4.92s, 112.07MB)
  Running img_10170.npy ... done (4.82s, 110.89MB)
  Running img_10171.npy ... done (4.86s, 112.53MB)
  Running img_10172.npy ... done (5.21s, 111.45MB)
  Running img_10173.npy ... done (5.48s, 109.84MB)
  Running img_10174.npy ... done (4.98s, 112.21MB)
  Running img_10175.npy ... done (4.74s, 111.68MB)
  Running img_10176.npy ... done (4.59s, 111.02MB)
  Running img_10177.npy ... done (5.07s, 110.53MB)
  Running img_10178.npy ... done (4.77s, 110.78MB)
  Running img_10179.npy ... done (5.15s, 111.73MB)
  Running img_1018.npy ... done (4.90s, 111.31MB)
  Running img_10180.npy ... done (4.79s, 111.44MB)
  Running img_10181.npy ... done (4.62s, 118.16MB)
  Running img_10182.npy ... done (4.99s, 112.38MB)
  Running img_10183.npy ... done (4.66s, 110.45MB)
  Running img_10184.npy ... done (4.40s, 127.20MB)
  Running img_10185.npy ... done (4.63s, 119.42MB)
  Running img_10186.npy ... done (4.58s, 114.16MB)
  Running img_10187.npy ... done (4.62s, 113.95MB)
  Running img_10188.npy ... done (5.15s, 126.44MB)
  Running img_10189.npy ... done (4.60s, 131.87MB)
  Running img_1019.npy ... done (4.41s, 130.31MB)
  Running img_10190.npy ... done (4.58s, 130.46MB)
  Running img_10191.npy ... done (4.39s, 110.51MB)
  Running img_10192.npy ... done (4.58s, 111.14MB)
  Running img_10193.npy ... done (5.09s, 111.68MB)
  Running img_10194.npy ... done (4.68s, 111.27MB)
  Running img_10195.npy ... done (4.38s, 108.88MB)
  Running img_10196.npy ... done (4.38s, 110.99MB)
  Running img_10197.npy ... done (4.78s, 109.03MB)
  Running img_10198.npy ... done (4.61s, 109.05MB)
  Running img_10199.npy ... done (4.73s, 109.25MB)
  Running img_102.npy ... done (4.61s, 109.47MB)
  Running img_1020.npy ... done (4.33s, 112.28MB)
  Running img_10200.npy ... done (4.76s, 113.71MB)
  Running img_10201.npy ... done (4.22s, 115.02MB)
  Running img_10202.npy ... done (4.85s, 117.71MB)
  Running img_10203.npy ... done (4.68s, 115.25MB)
  Running img_10204.npy ... done (4.91s, 110.61MB)
  Running img_10205.npy ... done (4.55s, 112.79MB)
  Running img_10206.npy ... done (4.49s, 110.31MB)
  Running img_10207.npy ... done (4.51s, 112.53MB)
  Running img_10208.npy ... done (4.51s, 112.84MB)
  Running img_10209.npy ... done (4.94s, 109.96MB)
  Running img_1021.npy ... done (4.74s, 108.97MB)
  Running img_10210.npy ... done (4.82s, 110.87MB)
  Running img_10211.npy ... done (4.65s, 110.24MB)
  Running img_10212.npy ... done (4.59s, 110.94MB)
  Running img_10213.npy ... done (4.50s, 123.86MB)
  Running img_10214.npy ... done (4.50s, 124.42MB)
  Running img_10215.npy ... done (4.53s, 126.60MB)
  Running img_10216.npy ... done (5.07s, 126.86MB)
  Running img_10217.npy ... done (4.42s, 120.64MB)
  Running img_10218.npy ... done (4.31s, 129.34MB)
  Running img_10219.npy ... done (4.84s, 111.96MB)
  Running img_1022.npy ... done (4.88s, 112.99MB)
  Running img_10220.npy ... done (4.63s, 113.80MB)
  Running img_10221.npy ... done (4.35s, 115.43MB)
  Running img_10222.npy ... done (4.79s, 118.51MB)
  Running img_10223.npy ... done (4.67s, 113.61MB)
  Running img_10224.npy ... done (4.72s, 114.67MB)
  Running img_10225.npy ... done (4.37s, 112.25MB)
  Running img_10226.npy ... done (4.30s, 112.40MB)
  Running img_10227.npy ... done (4.99s, 112.88MB)
  Running img_10228.npy ... done (4.65s, 114.50MB)
  Running img_10229.npy ... done (4.46s, 113.37MB)
  Running img_1023.npy ... done (4.08s, 118.30MB)
  Running img_10230.npy ... done (4.73s, 109.80MB)
  Running img_10231.npy ... done (4.96s, 108.01MB)
  Running img_10232.npy ... done (4.79s, 110.25MB)
  Running img_10233.npy ... done (4.55s, 111.18MB)
  Running img_10234.npy ... done (4.99s, 110.58MB)
  Running img_10235.npy ... done (4.68s, 110.05MB)
  Running img_10236.npy ... done (4.77s, 110.83MB)
  Running img_10237.npy ... done (4.52s, 110.66MB)
  Running img_10238.npy ... done (4.89s, 112.93MB)
  Running img_10239.npy ... done (4.80s, 111.97MB)
  Running img_1024.npy ... done (4.60s, 114.20MB)
  Running img_10240.npy ... done (4.86s, 108.55MB)
  Running img_10241.npy ... done (4.38s, 112.61MB)
  Running img_10242.npy ... done (4.99s, 111.31MB)
  Running img_10243.npy ... done (4.61s, 109.17MB)
  Running img_10244.npy ... done (4.30s, 112.42MB)
  Running img_10245.npy ... done (4.49s, 110.97MB)
  Running img_10246.npy ... done (4.76s, 112.42MB)
  Running img_10247.npy ... done (4.86s, 113.28MB)
  Running img_10248.npy ... done (4.55s, 122.18MB)
  Running img_10249.npy ... done (4.86s, 113.93MB)
  Running img_1025.npy ... done (4.48s, 120.43MB)
  Running img_10250.npy ... done (4.29s, 120.99MB)
  Running img_10251.npy ... done (4.36s, 127.27MB)
  Running img_10252.npy ... done (4.08s, 128.30MB)
  Running img_10253.npy ... done (4.22s, 112.39MB)
  Running img_10254.npy ... done (4.24s, 113.43MB)
  Running img_10255.npy ... done (4.32s, 113.23MB)
  Running img_10256.npy ... done (4.31s, 110.18MB)
  Running img_10257.npy ... done (4.36s, 112.54MB)
  Running img_10258.npy ... done (4.31s, 114.60MB)
  Running img_10259.npy ... done (3.92s, 117.93MB)
  Running img_1026.npy ... done (4.18s, 117.88MB)
  Running img_10260.npy ... done (4.18s, 114.00MB)
  Running img_10261.npy ... done (4.09s, 110.83MB)
  Running img_10262.npy ... done (4.41s, 116.32MB)
  Running img_10263.npy ... done (4.28s, 115.82MB)
  Running img_10264.npy ... done (4.26s, 112.77MB)
  Running img_10265.npy ... done (3.94s, 114.28MB)
  Running img_10266.npy ... done (4.41s, 111.47MB)
  Running img_10267.npy ... done (4.47s, 112.16MB)
  Running img_10268.npy ... done (4.41s, 112.36MB)
  Running img_10269.npy ... done (4.17s, 112.69MB)
  Running img_1027.npy ... done (3.93s, 112.48MB)
  Running img_10270.npy ... done (4.09s, 113.00MB)
  Running img_10271.npy ... done (4.37s, 113.19MB)
  Running img_10272.npy ... done (4.08s, 110.07MB)
  Running img_10273.npy ... done (4.05s, 109.64MB)
  Running img_10274.npy ... done (4.22s, 112.02MB)
  Running img_10275.npy ... done (4.66s, 112.95MB)
  Running img_10276.npy ... done (4.07s, 117.21MB)
  Running img_10277.npy ... done (4.21s, 114.36MB)
  Running img_10278.npy ... done (4.34s, 110.42MB)
  Running img_10279.npy ... done (4.21s, 112.71MB)
  Running img_1028.npy ... done (4.57s, 112.35MB)
  Running img_10280.npy ... done (4.48s, 117.20MB)
  Running img_10281.npy ... done (4.67s, 117.20MB)
  Running img_10282.npy ... done (4.19s, 118.93MB)
  Running img_10283.npy ... done (4.58s, 108.59MB)
  Running img_10284.npy ... done (4.54s, 110.80MB)
  Running img_10285.npy ... done (4.71s, 111.75MB)
  Running img_10286.npy ... done (4.82s, 111.79MB)
  Running img_10287.npy ... done (4.33s, 111.43MB)
  Running img_10288.npy ... done (4.69s, 117.79MB)
  Running img_10289.npy ... done (4.96s, 111.92MB)
  Running img_1029.npy ... done (4.39s, 113.39MB)
  Running img_10290.npy ... done (4.38s, 114.36MB)
  Running img_10291.npy ... done (4.35s, 108.42MB)
  Running img_10292.npy ... done (4.47s, 111.49MB)
  Running img_10293.npy ... done (4.31s, 111.53MB)
  Running img_10294.npy ... done (4.28s, 114.60MB)
  Running img_10295.npy ... done (4.51s, 115.18MB)
  Running img_10296.npy ... done (4.46s, 113.27MB)
  Running img_10297.npy ... done (4.85s, 113.36MB)
  Running img_10298.npy ... done (3.89s, 114.55MB)
  Running img_10299.npy ... done (4.72s, 112.11MB)
  Running img_103.npy ... done (4.42s, 112.12MB)
  Running img_1030.npy ... done (4.75s, 111.44MB)
  Running img_10300.npy ... done (4.62s, 111.16MB)
  Running img_10301.npy ... done (4.56s, 110.54MB)
  Running img_10302.npy ... done (4.54s, 111.74MB)
  Running img_10303.npy ... done (4.69s, 121.29MB)
  Running img_10304.npy ... done (4.57s, 118.43MB)
  Running img_10305.npy ... done (4.76s, 120.06MB)
  Running img_10306.npy ... done (4.65s, 113.61MB)
  Running img_10307.npy ... done (4.51s, 129.77MB)
  Running img_10308.npy ... done (4.79s, 115.48MB)
  Running img_10309.npy ... done (4.25s, 129.30MB)
  Running img_1031.npy ... done (4.56s, 115.60MB)
  Running img_10310.npy ... done (4.49s, 113.76MB)
  Running img_10311.npy ... done (4.53s, 113.47MB)
  Running img_10312.npy ... done (4.58s, 111.84MB)
  Running img_10313.npy ... done (4.63s, 111.24MB)
  Running img_10314.npy ... done (4.52s, 112.12MB)
  Running img_10315.npy ... done (4.30s, 111.11MB)
  Running img_10316.npy ... done (4.89s, 113.18MB)
  Running img_10317.npy ... done (4.47s, 119.87MB)
  Running img_10318.npy ... done (4.32s, 119.16MB)
  Running img_10319.npy ... done (4.08s, 119.56MB)
  Running img_1032.npy ... done (3.95s, 115.12MB)
  Running img_10320.npy ... done (4.10s, 111.80MB)
  Running img_10321.npy ... done (4.23s, 111.69MB)
  Running img_10322.npy ... done (4.24s, 117.80MB)
  Running img_10323.npy ... done (4.25s, 111.46MB)
  Running img_10324.npy ... done (3.87s, 121.37MB)
  Running img_10325.npy ... done (4.70s, 111.33MB)
  Running img_10326.npy ... done (4.28s, 128.95MB)
  Running img_10327.npy ... done (4.46s, 113.84MB)
  Running img_10328.npy ... done (4.53s, 114.13MB)
  Running img_10329.npy ... done (4.16s, 116.33MB)
  Running img_1033.npy ... done (4.74s, 110.33MB)
  Running img_10330.npy ... done (4.20s, 112.41MB)
  Running img_10331.npy ... done (4.24s, 115.48MB)
  Running img_10332.npy ... done (4.16s, 118.64MB)
  Running img_10333.npy ... done (4.41s, 116.27MB)
  Running img_10334.npy ... done (4.20s, 116.93MB)
  Running img_10335.npy ... done (4.68s, 110.94MB)
  Running img_10336.npy ... done (4.20s, 127.93MB)
  Running img_10337.npy ... done (4.43s, 111.25MB)
  Running img_10338.npy ... done (4.25s, 121.18MB)
  Running img_10339.npy ... done (4.23s, 123.16MB)
  Running img_1034.npy ... done (4.14s, 112.57MB)
  Running img_10340.npy ... done (4.09s, 111.35MB)
  Running img_10341.npy ... done (4.17s, 110.55MB)
  Running img_10342.npy ... done (4.08s, 111.29MB)
  Running img_10343.npy ... done (3.81s, 109.90MB)
  Running img_10344.npy ... done (4.15s, 112.27MB)
  Running img_10345.npy ... done (4.51s, 111.56MB)
  Running img_10346.npy ... done (4.41s, 110.17MB)
  Running img_10347.npy ... done (4.04s, 111.92MB)
  Running img_10348.npy ... done (4.14s, 111.12MB)
  Running img_10349.npy ... done (4.63s, 108.30MB)
  Running img_1035.npy ... done (4.33s, 110.91MB)
  Running img_10350.npy ... done (4.60s, 108.76MB)
  Running img_10351.npy ... done (4.45s, 109.00MB)
  Running img_10352.npy ... done (4.31s, 111.10MB)
  Running img_10353.npy ... done (4.44s, 110.61MB)
  Running img_10354.npy ... done (4.68s, 110.37MB)
  Running img_10355.npy ... done (4.43s, 110.39MB)
  Running img_10356.npy ... done (4.61s, 110.59MB)
  Running img_10357.npy ... done (4.68s, 109.13MB)
  Running img_10358.npy ... done (4.45s, 110.86MB)
  Running img_10359.npy ... done (4.68s, 111.32MB)
  Running img_1036.npy ... done (4.77s, 114.15MB)
  Running img_10360.npy ... done (4.52s, 108.93MB)
  Running img_10361.npy ... done (4.50s, 112.90MB)
  Running img_10362.npy ... done (4.32s, 112.80MB)
  Running img_10363.npy ... done (4.26s, 113.55MB)
  Running img_10364.npy ... done (4.32s, 112.77MB)
  Running img_10365.npy ... done (4.22s, 113.06MB)
  Running img_10366.npy ... done (4.59s, 113.56MB)
  Running img_10367.npy ... done (4.34s, 114.27MB)
  Running img_10368.npy ... done (4.83s, 109.83MB)
  Running img_10369.npy ... done (4.29s, 111.90MB)
  Running img_1037.npy ... done (4.66s, 110.09MB)
  Running img_10370.npy ... done (4.49s, 110.79MB)
  Running img_10371.npy ... done (4.29s, 119.49MB)
  Running img_10372.npy ... done (3.95s, 116.36MB)
  Running img_10373.npy ... done (3.86s, 114.98MB)
  Running img_10374.npy ... done (3.97s, 118.15MB)
  Running img_10375.npy ... done (3.89s, 119.45MB)
  Running img_10376.npy ... done (4.21s, 118.54MB)
  Running img_10377.npy ... done (4.01s, 119.08MB)
  Running img_10378.npy ... done (3.94s, 116.16MB)
  Running img_10379.npy ... done (4.35s, 113.13MB)
  Running img_1038.npy ... done (4.10s, 110.96MB)
  Running img_10380.npy ... done (4.57s, 110.34MB)
  Running img_10381.npy ... done (3.94s, 109.84MB)
  Running img_10382.npy ... done (4.21s, 112.21MB)
  Running img_10383.npy ... done (4.31s, 112.54MB)
  Running img_10384.npy ... done (3.84s, 109.07MB)
  Running img_10385.npy ... done (4.24s, 109.26MB)
  Running img_10386.npy ... done (3.79s, 116.57MB)
  Running img_10387.npy ... done (4.51s, 109.13MB)
  Running img_10388.npy ... done (4.45s, 116.91MB)
  Running img_10389.npy ... done (4.38s, 113.32MB)
  Running img_1039.npy ... done (4.02s, 111.72MB)
  Running img_10390.npy ... done (4.42s, 114.21MB)
  Running img_10391.npy ... done (4.55s, 115.70MB)
  Running img_10392.npy ... done (4.61s, 114.17MB)
  Running img_10393.npy ... done (4.43s, 118.75MB)
  Running img_10394.npy ... done (4.76s, 115.89MB)
  Running img_10395.npy ... done (4.54s, 116.32MB)
  Running img_10396.npy ... done (4.46s, 116.73MB)
  Running img_10397.npy ... done (4.83s, 115.54MB)
  Running img_10398.npy ... done (3.98s, 117.76MB)
  Running img_10399.npy ... done (4.12s, 110.14MB)
  Running img_104.npy ... done (4.58s, 112.60MB)
  Running img_1040.npy ... done (4.50s, 112.23MB)
  Running img_10400.npy ... done (4.61s, 108.40MB)
  Running img_10401.npy ... done (4.70s, 111.02MB)
  Running img_10402.npy ... done (4.39s, 115.36MB)
  Running img_10403.npy ... done (4.29s, 118.67MB)
  Running img_10404.npy ... done (4.68s, 118.62MB)
  Running img_10405.npy ... done (4.02s, 119.60MB)
  Running img_10406.npy ... done (3.86s, 118.12MB)
  Running img_10407.npy ... done (4.60s, 116.01MB)
  Running img_10408.npy ... done (4.45s, 112.30MB)
  Running img_10409.npy ... done (4.31s, 111.61MB)
  Running img_1041.npy ... done (4.76s, 111.10MB)
  Running img_10410.npy ... done (4.38s, 120.10MB)
  Running img_10411.npy ... done (4.83s, 121.48MB)
  Running img_10412.npy ... done (4.46s, 112.21MB)
  Running img_10413.npy ... done (4.28s, 114.08MB)
  Running img_10414.npy ... done (4.30s, 116.20MB)
  Running img_10415.npy ... done (4.63s, 116.09MB)
  Running img_10416.npy ... done (4.32s, 119.22MB)
  Running img_10417.npy ... done (4.49s, 108.59MB)
  Running img_10418.npy ... done (4.56s, 112.56MB)
  Running img_10419.npy ... done (4.59s, 112.06MB)
  Running img_1042.npy ... done (4.32s, 114.54MB)
  Running img_10420.npy ... done (4.29s, 118.30MB)
  Running img_10421.npy ... done (4.54s, 111.05MB)
  Running img_10422.npy ... done (4.64s, 122.96MB)
  Running img_10423.npy ... done (4.81s, 111.29MB)
  Running img_10424.npy ... done (4.19s, 126.11MB)
  Running img_10425.npy ... done (4.77s, 123.55MB)
  Running img_10426.npy ... done (4.44s, 121.46MB)
  Running img_10427.npy ... done (4.36s, 111.18MB)
  Running img_10428.npy ... done (4.30s, 109.10MB)
  Running img_10429.npy ... done (4.52s, 109.83MB)
  Running img_1043.npy ... done (3.87s, 114.07MB)
  Running img_10430.npy ... done (4.02s, 117.39MB)
  Running img_10431.npy ... done (4.04s, 118.17MB)
  Running img_10432.npy ... done (4.14s, 119.52MB)
  Running img_10433.npy ... done (4.40s, 111.78MB)
  Running img_10434.npy ... done (3.87s, 120.89MB)
  Running img_10435.npy ... done (4.21s, 111.62MB)
  Running img_10436.npy ... done (3.89s, 118.99MB)
  Running img_10437.npy ... done (4.17s, 119.80MB)
  Running img_10438.npy ... done (3.99s, 120.44MB)
  Running img_10439.npy ... done (3.84s, 120.07MB)
  Running img_1044.npy ... done (4.18s, 114.11MB)
  Running img_10440.npy ... done (3.67s, 111.56MB)
  Running img_10441.npy ... done (4.14s, 112.29MB)
  Running img_10442.npy ... done (4.29s, 111.91MB)
  Running img_10443.npy ... done (4.79s, 110.55MB)
  Running img_10444.npy ... done (5.21s, 116.77MB)
  Running img_10445.npy ... done (4.32s, 119.87MB)
  Running img_10446.npy ... done (3.82s, 119.39MB)
  Running img_10447.npy ... done (3.66s, 118.45MB)
  Running img_10448.npy ... done (4.05s, 115.89MB)
  Running img_10449.npy ... done (3.96s, 109.79MB)
  Running img_1045.npy ... done (3.88s, 111.63MB)
  Running img_10450.npy ... done (3.93s, 111.71MB)
  Running img_10451.npy ... done (4.10s, 108.96MB)
  Running img_10452.npy ... done (4.27s, 111.97MB)
  Running img_10453.npy ... done (3.90s, 111.63MB)
  Running img_10454.npy ... done (4.10s, 112.06MB)
  Running img_10455.npy ... done (4.16s, 113.16MB)
  Running img_10456.npy ... done (4.07s, 115.16MB)
  Running img_10457.npy ... done (3.96s, 115.53MB)
  Running img_10458.npy ... done (4.05s, 110.95MB)
  Running img_10459.npy ... done (4.22s, 111.23MB)
  Running img_1046.npy ... done (4.58s, 116.16MB)
  Running img_10460.npy ... done (4.57s, 112.88MB)
  Running img_10461.npy ... done (4.21s, 115.98MB)
  Running img_10462.npy ... done (4.13s, 111.70MB)
  Running img_10463.npy ... done (4.77s, 112.45MB)
  Running img_10464.npy ... done (4.58s, 112.07MB)
  Running img_10465.npy ... done (4.39s, 107.68MB)
  Running img_10466.npy ... done (4.60s, 109.66MB)
  Running img_10467.npy ... done (4.77s, 109.18MB)
  Running img_10468.npy ... done (4.51s, 112.75MB)
  Running img_10469.npy ... done (4.70s, 111.57MB)
  Running img_1047.npy ... done (4.30s, 112.64MB)
  Running img_10470.npy ... done (4.23s, 115.20MB)
  Running img_10471.npy ... done (4.43s, 111.60MB)
  Running img_10472.npy ... done (4.27s, 113.51MB)
  Running img_10473.npy ... done (4.34s, 111.29MB)
  Running img_10474.npy ... done (3.94s, 113.44MB)
  Running img_10475.npy ... done (4.76s, 109.37MB)
  Running img_10476.npy ... done (4.26s, 111.56MB)
  Running img_10477.npy ... done (4.79s, 110.28MB)
  Running img_10478.npy ... done (4.52s, 107.94MB)
  Running img_10479.npy ... done (4.44s, 112.04MB)
  Running img_1048.npy ... done (4.40s, 111.68MB)
  Running img_10480.npy ... done (4.09s, 112.27MB)
  Running img_10481.npy ... done (4.45s, 113.05MB)
  Running img_10482.npy ... done (4.53s, 112.15MB)
  Running img_10483.npy ... done (4.33s, 113.41MB)
  Running img_10484.npy ... done (4.15s, 113.00MB)
  Running img_10485.npy ... done (4.34s, 112.65MB)
  Running img_10486.npy ... done (4.49s, 111.18MB)
  Running img_10487.npy ... done (4.67s, 110.31MB)
  Running img_10488.npy ... done (4.69s, 111.73MB)
  Running img_10489.npy ... done (4.59s, 112.26MB)
  Running img_1049.npy ... done (4.56s, 113.41MB)
  Running img_10490.npy ... done (4.11s, 112.78MB)
  Running img_10491.npy ... done (4.34s, 111.07MB)
  Running img_10492.npy ... done (5.06s, 109.01MB)
  Running img_10493.npy ... done (4.27s, 108.80MB)
  Running img_10494.npy ... done (4.28s, 113.96MB)
  Running img_10495.npy ... done (4.51s, 109.83MB)
  Running img_10496.npy ... done (4.53s, 113.08MB)
  Running img_10497.npy ... done (4.54s, 113.21MB)
  Running img_10498.npy ... done (4.72s, 112.27MB)
  Running img_10499.npy ... done (4.49s, 112.77MB)
  Running img_105.npy ... done (4.46s, 111.57MB)
  Running img_1050.npy ... done (4.30s, 112.47MB)
  Running img_10500.npy ... done (4.47s, 110.19MB)
  Running img_10501.npy ... done (4.45s, 112.24MB)
  Running img_10502.npy ... done (4.12s, 112.75MB)
  Running img_10503.npy ... done (4.49s, 109.68MB)
  Running img_10504.npy ... done (4.50s, 110.48MB)
  Running img_10505.npy ... done (4.54s, 110.56MB)
  Running img_10506.npy ... done (4.02s, 110.68MB)
  Running img_10507.npy ... done (4.49s, 109.68MB)
  Running img_10508.npy ... done (4.31s, 110.30MB)
  Running img_10509.npy ... done (4.60s, 111.58MB)
  Running img_1051.npy ... done (4.34s, 121.82MB)
  Running img_10510.npy ... done (4.35s, 119.26MB)
  Running img_10511.npy ... done (4.53s, 118.85MB)
  Running img_10512.npy ... done (4.51s, 115.44MB)
  Running img_10513.npy ... done (4.43s, 111.24MB)
  Running img_10514.npy ... done (4.33s, 114.86MB)
  Running img_10515.npy ... done (4.76s, 111.55MB)
  Running img_10516.npy ... done (4.56s, 110.97MB)
  Running img_10517.npy ... done (4.24s, 112.86MB)
  Running img_10518.npy ... done (4.58s, 113.29MB)
  Running img_10519.npy ... done (4.26s, 112.43MB)
  Running img_1052.npy ... done (4.46s, 110.27MB)
  Running img_10520.npy ... done (4.76s, 111.18MB)
  Running img_10521.npy ... done (4.59s, 110.33MB)
  Running img_10522.npy ... done (4.51s, 112.03MB)
  Running img_10523.npy ... done (4.56s, 110.59MB)
  Running img_10524.npy ... done (4.68s, 112.43MB)
  Running img_10525.npy ... done (4.41s, 111.05MB)
  Running img_10526.npy ... done (4.43s, 114.53MB)
  Running img_10527.npy ... done (4.37s, 112.34MB)
  Running img_10528.npy ... done (4.32s, 112.04MB)
  Running img_10529.npy ... done (4.18s, 111.21MB)
  Running img_1053.npy ... done (4.55s, 110.36MB)
  Running img_10530.npy ... done (4.32s, 112.29MB)
  Running img_10531.npy ... done (4.37s, 111.00MB)
  Running img_10532.npy ... done (4.36s, 113.57MB)
  Running img_10533.npy ... done (4.45s, 108.43MB)
  Running img_10534.npy ... done (4.41s, 114.34MB)
  Running img_10535.npy ... done (4.30s, 118.13MB)
  Running img_10536.npy ... done (4.12s, 116.89MB)
  Running img_10537.npy ... done (4.30s, 117.82MB)
  Running img_10538.npy ... done (4.44s, 108.65MB)
  Running img_10539.npy ... done (4.59s, 117.12MB)
  Running img_1054.npy ... done (4.50s, 117.01MB)
  Running img_10540.npy ... done (4.16s, 115.01MB)
  Running img_10541.npy ... done (4.45s, 113.66MB)
  Running img_10542.npy ... done (4.08s, 112.12MB)
  Running img_10543.npy ... done (4.46s, 119.21MB)
  Running img_10544.npy ... done (4.37s, 118.78MB)
  Running img_10545.npy ... done (4.38s, 111.22MB)
  Running img_10546.npy ... done (4.14s, 112.93MB)
  Running img_10547.npy ... done (4.27s, 108.83MB)
  Running img_10548.npy ... done (4.39s, 111.98MB)
  Running img_10549.npy ... done (4.28s, 111.51MB)
  Running img_1055.npy ... done (4.64s, 110.83MB)
  Running img_10550.npy ... done (4.21s, 111.64MB)
  Running img_10551.npy ... done (4.40s, 109.58MB)
  Running img_10552.npy ... done (4.37s, 110.70MB)
  Running img_10553.npy ... done (4.03s, 111.23MB)
  Running img_10554.npy ... done (4.40s, 111.01MB)
  Running img_10555.npy ... done (4.14s, 112.75MB)
  Running img_10556.npy ... done (4.26s, 111.91MB)
  Running img_10557.npy ... done (4.48s, 110.91MB)
  Running img_10558.npy ... done (4.85s, 111.14MB)
  Running img_10559.npy ... done (4.40s, 111.24MB)
  Running img_1056.npy ... done (4.49s, 114.36MB)
  Running img_10560.npy ... done (4.43s, 112.41MB)
  Running img_10561.npy ... done (4.00s, 115.50MB)
  Running img_10562.npy ... done (4.26s, 110.33MB)
  Running img_10563.npy ... done (4.07s, 110.23MB)
  Running img_10564.npy ... done (4.52s, 109.72MB)
  Running img_10565.npy ... done (4.53s, 109.66MB)
  Running img_10566.npy ... done (4.18s, 110.61MB)
  Running img_10567.npy ... done (4.21s, 114.17MB)
  Running img_10568.npy ... done (4.66s, 110.83MB)
  Running img_10569.npy ... done (4.35s, 109.04MB)
  Running img_1057.npy ... done (4.52s, 115.18MB)
  Running img_10570.npy ... done (4.48s, 112.97MB)
  Running img_10571.npy ... done (4.32s, 114.13MB)
  Running img_10572.npy ... done (4.37s, 112.22MB)
  Running img_10573.npy ... done (4.82s, 117.79MB)
  Running img_10574.npy ... done (4.70s, 119.26MB)
  Running img_10575.npy ... done (4.64s, 120.77MB)
  Running img_10576.npy ... done (4.55s, 113.41MB)
  Running img_10577.npy ... done (4.49s, 125.98MB)
  Running img_10578.npy ... done (4.47s, 125.14MB)
  Running img_10579.npy ... done (4.47s, 114.71MB)
  Running img_1058.npy ... done (4.41s, 122.87MB)
  Running img_10580.npy ... done (4.35s, 111.77MB)
  Running img_10581.npy ... done (4.26s, 120.63MB)
  Running img_10582.npy ... done (4.45s, 115.15MB)
  Running img_10583.npy ... done (4.44s, 111.08MB)
  Running img_10584.npy ... done (4.20s, 109.29MB)
  Running img_10585.npy ... done (4.40s, 109.98MB)
  Running img_10586.npy ... done (3.89s, 112.30MB)
  Running img_10587.npy ... done (4.27s, 112.60MB)
  Running img_10588.npy ... done (4.24s, 110.16MB)
  Running img_10589.npy ... done (4.23s, 118.13MB)
  Running img_1059.npy ... done (4.09s, 110.95MB)
  Running img_10590.npy ... done (4.21s, 114.66MB)
  Running img_10591.npy ... done (4.00s, 125.43MB)
  Running img_10592.npy ... done (4.13s, 122.57MB)
  Running img_10593.npy ... done (3.77s, 129.34MB)
  Running img_10594.npy ... done (4.25s, 117.61MB)
  Running img_10595.npy ... done (3.98s, 131.40MB)
  Running img_10596.npy ... done (4.12s, 113.39MB)
  Running img_10597.npy ... done (4.12s, 131.98MB)
  Running img_10598.npy ... done (4.37s, 115.07MB)
  Running img_10599.npy ... done (4.05s, 110.89MB)
  Running img_106.npy ... done (4.26s, 114.34MB)
  Running img_1060.npy ... done (4.42s, 114.24MB)
  Running img_10600.npy ... done (3.99s, 113.45MB)
  Running img_10601.npy ... done (3.92s, 117.16MB)
  Running img_10602.npy ... done (4.37s, 110.07MB)
  Running img_10603.npy ... done (3.86s, 109.92MB)
  Running img_10604.npy ... done (4.04s, 110.12MB)
  Running img_10605.npy ... done (4.53s, 113.07MB)
  Running img_10606.npy ... done (4.10s, 113.02MB)
  Running img_10607.npy ... done (4.32s, 113.33MB)
  Running img_10608.npy ... done (3.72s, 113.29MB)
  Running img_10609.npy ... done (4.22s, 112.41MB)
  Running img_1061.npy ... done (4.06s, 112.83MB)
  Running img_10610.npy ... done (3.77s, 111.56MB)
  Running img_10611.npy ... done (3.86s, 113.39MB)
  Running img_10612.npy ... done (3.87s, 112.71MB)
  Running img_10613.npy ... done (4.03s, 113.59MB)
  Running img_10614.npy ... done (4.32s, 110.11MB)
  Running img_10615.npy ... done (4.33s, 110.65MB)
  Running img_10616.npy ... done (3.97s, 111.04MB)
  Running img_10617.npy ... done (4.04s, 112.98MB)
  Running img_10618.npy ... done (3.95s, 112.72MB)
  Running img_10619.npy ... done (3.83s, 111.80MB)
  Running img_1062.npy ... done (3.84s, 111.53MB)
  Running img_10620.npy ... done (4.20s, 110.68MB)
  Running img_10621.npy ... done (4.08s, 110.57MB)
  Running img_10622.npy ... done (4.04s, 111.31MB)
  Running img_10623.npy ... done (3.98s, 111.73MB)
  Running img_10624.npy ... done (3.63s, 110.46MB)
  Running img_10625.npy ... done (4.15s, 112.00MB)
  Running img_10626.npy ... done (4.17s, 111.31MB)
  Running img_10627.npy ... done (4.26s, 111.34MB)
  Running img_10628.npy ... done (3.78s, 111.61MB)
  Running img_10629.npy ... done (4.25s, 108.88MB)
  Running img_1063.npy ... done (4.07s, 113.94MB)
  Running img_10630.npy ... done (3.69s, 110.32MB)
  Running img_10631.npy ... done (4.07s, 112.21MB)
  Running img_10632.npy ... done (4.63s, 112.11MB)
  Running img_10633.npy ... done (3.86s, 111.80MB)
  Running img_10634.npy ... done (3.95s, 114.30MB)
  Running img_10635.npy ... done (3.71s, 111.99MB)
  Running img_10636.npy ... done (3.73s, 113.95MB)
  Running img_10637.npy ... done (4.11s, 114.55MB)
  Running img_10638.npy ... done (3.94s, 110.22MB)
  Running img_10639.npy ... done (4.20s, 114.22MB)
  Running img_1064.npy ... done (3.82s, 112.72MB)
  Running img_10640.npy ... done (3.93s, 112.63MB)
  Running img_10641.npy ... done (4.51s, 112.88MB)
  Running img_10642.npy ... done (4.31s, 110.20MB)
  Running img_10643.npy ... done (3.97s, 110.90MB)
  Running img_10644.npy ... done (3.98s, 109.77MB)
  Running img_10645.npy ... done (3.97s, 111.52MB)
  Running img_10646.npy ... done (4.01s, 113.07MB)
  Running img_10647.npy ... done (4.06s, 111.33MB)
  Running img_10648.npy ... done (3.99s, 110.52MB)
  Running img_10649.npy ... done (4.10s, 113.31MB)
  Running img_1065.npy ... done (4.06s, 114.05MB)
  Running img_10650.npy ... done (3.50s, 112.05MB)
  Running img_10651.npy ... done (4.19s, 112.09MB)
  Running img_10652.npy ... done (4.02s, 113.45MB)
  Running img_10653.npy ... done (4.01s, 110.93MB)
  Running img_10654.npy ... done (3.99s, 114.43MB)
  Running img_10655.npy ... done (3.59s, 110.93MB)
  Running img_10656.npy ... done (3.57s, 112.23MB)
  Running img_10657.npy ... done (4.00s, 109.52MB)
  Running img_10658.npy ... done (4.05s, 109.33MB)
  Running img_10659.npy ... done (4.40s, 110.59MB)
  Running img_1066.npy ... done (4.17s, 111.89MB)
  Running img_10660.npy ... done (4.15s, 111.71MB)
  Running img_10661.npy ... done (4.24s, 111.29MB)
  Running img_10662.npy ... done (4.18s, 111.86MB)
  Running img_10663.npy ... done (4.19s, 111.44MB)
  Running img_10664.npy ... done (4.10s, 118.54MB)
  Running img_10665.npy ... done (4.46s, 113.07MB)
  Running img_10666.npy ... done (3.87s, 114.58MB)
  Running img_10667.npy ... done (4.03s, 115.08MB)
  Running img_10668.npy ... done (4.05s, 111.02MB)
  Running img_10669.npy ... done (4.19s, 115.60MB)
  Running img_1067.npy ... done (3.95s, 110.38MB)
  Running img_10670.npy ... done (4.43s, 113.45MB)
  Running img_10671.npy ... done (4.26s, 111.57MB)
  Running img_10672.npy ... done (4.17s, 110.34MB)
  Running img_10673.npy ... done (4.08s, 111.77MB)
  Running img_10674.npy ... done (4.45s, 111.00MB)
  Running img_10675.npy ... done (4.18s, 112.77MB)
  Running img_10676.npy ... done (4.12s, 112.12MB)
  Running img_10677.npy ... done (4.24s, 115.55MB)
  Running img_10678.npy ... done (4.31s, 113.14MB)
  Running img_10679.npy ... done (4.50s, 111.98MB)
  Running img_1068.npy ... done (4.49s, 113.05MB)
  Running img_10680.npy ... done (4.13s, 115.63MB)
  Running img_10681.npy ... done (4.21s, 118.00MB)
  Running img_10682.npy ... done (4.40s, 113.07MB)
  Running img_10683.npy ... done (4.47s, 112.12MB)
  Running img_10684.npy ... done (4.18s, 113.21MB)
  Running img_10685.npy ... done (4.42s, 119.26MB)
  Running img_10686.npy ... done (3.85s, 112.28MB)
  Running img_10687.npy ... done (4.15s, 114.70MB)
  Running img_10688.npy ... done (3.98s, 112.85MB)
  Running img_10689.npy ... done (4.40s, 113.82MB)
  Running img_1069.npy ... done (3.94s, 112.12MB)
  Running img_10690.npy ... done (4.16s, 114.98MB)
  Running img_10691.npy ... done (3.69s, 112.53MB)
  Running img_10692.npy ... done (3.66s, 112.72MB)
  Running img_10693.npy ... done (3.60s, 113.22MB)
  Running img_10694.npy ... done (3.69s, 111.10MB)
  Running img_10695.npy ... done (3.67s, 112.64MB)
  Running img_10696.npy ... done (3.39s, 112.14MB)
  Running img_10697.npy ... done (3.64s, 112.08MB)
  Running img_10698.npy ... done (3.78s, 109.70MB)
  Running img_10699.npy ... done (3.75s, 111.00MB)
  Running img_107.npy ... done (4.06s, 111.09MB)
  Running img_1070.npy ... done (3.66s, 112.86MB)
  Running img_10700.npy ... done (3.89s, 112.61MB)
  Running img_10701.npy ... done (3.62s, 112.39MB)
  Running img_10702.npy ... done (4.09s, 111.68MB)
  Running img_10703.npy ... done (3.92s, 111.95MB)
  Running img_10704.npy ... done (3.88s, 112.23MB)
  Running img_10705.npy ... done (3.96s, 112.37MB)
  Running img_10706.npy ... done (4.16s, 112.35MB)
  Running img_10707.npy ... done (3.73s, 113.93MB)
  Running img_10708.npy ... done (3.83s, 115.09MB)
  Running img_10709.npy ... done (4.14s, 119.74MB)
  Running img_1071.npy ... done (3.77s, 117.14MB)
  Running img_10710.npy ... done (4.03s, 118.68MB)
  Running img_10711.npy ... done (4.15s, 112.07MB)
  Running img_10712.npy ... done (4.13s, 117.57MB)
  Running img_10713.npy ... done (4.17s, 116.78MB)
  Running img_10714.npy ... done (4.23s, 119.88MB)
  Running img_10715.npy ... done (4.24s, 119.41MB)
  Running img_10716.npy ... done (4.13s, 116.80MB)
  Running img_10717.npy ... done (4.09s, 109.93MB)
  Running img_10718.npy ... done (4.30s, 108.70MB)
  Running img_10719.npy ... done (3.88s, 118.50MB)
  Running img_1072.npy ... done (4.17s, 117.20MB)
  Running img_10720.npy ... done (3.91s, 118.77MB)
  Running img_10721.npy ... done (3.90s, 120.03MB)
  Running img_10722.npy ... done (4.18s, 112.52MB)
  Running img_10723.npy ... done (4.11s, 121.30MB)
  Running img_10724.npy ... done (4.14s, 124.00MB)
  Running img_10725.npy ... done (4.34s, 125.69MB)
  Running img_10726.npy ... done (4.35s, 124.34MB)
  Running img_10727.npy ... done (4.43s, 116.72MB)
  Running img_10728.npy ... done (4.55s, 127.95MB)
  Running img_10729.npy ... done (3.79s, 115.38MB)
  Running img_1073.npy ... done (4.41s, 113.77MB)
  Running img_10730.npy ... done (3.73s, 113.81MB)
  Running img_10731.npy ... done (4.30s, 113.32MB)
  Running img_10732.npy ... done (4.18s, 114.54MB)
  Running img_10733.npy ... done (4.08s, 114.89MB)
  Running img_10734.npy ... done (4.32s, 118.13MB)
  Running img_10735.npy ... done (4.11s, 112.07MB)
  Running img_10736.npy ... done (4.05s, 117.35MB)
  Running img_10737.npy ... done (4.08s, 119.74MB)
  Running img_10738.npy ... done (4.21s, 129.88MB)
  Running img_10739.npy ... done (4.20s, 131.14MB)
  Running img_1074.npy ... done (3.98s, 114.98MB)
  Running img_10740.npy ... done (4.19s, 120.80MB)
  Running img_10741.npy ... done (4.40s, 114.99MB)
  Running img_10742.npy ... done (3.91s, 115.12MB)
  Running img_10743.npy ... done (4.06s, 123.91MB)
  Running img_10744.npy ... done (4.18s, 109.56MB)
  Running img_10745.npy ... done (4.38s, 112.46MB)
  Running img_10746.npy ... done (4.03s, 111.91MB)
  Running img_10747.npy ... done (4.20s, 112.31MB)
  Running img_10748.npy ... done (4.52s, 113.15MB)
  Running img_10749.npy ... done (4.25s, 111.85MB)
  Running img_1075.npy ... done (4.22s, 113.23MB)
  Running img_10750.npy ... done (4.41s, 111.86MB)
  Running img_10751.npy ... done (4.02s, 120.61MB)
  Running img_10752.npy ... done (4.05s, 110.02MB)
  Running img_10753.npy ... done (3.87s, 119.80MB)
  Running img_10754.npy ... done (4.16s, 119.50MB)
  Running img_10755.npy ... done (3.97s, 121.30MB)
  Running img_10756.npy ... done (3.78s, 119.36MB)
  Running img_10757.npy ... done (3.98s, 118.62MB)
  Running img_10758.npy ... done (4.20s, 112.00MB)
  Running img_10759.npy ... done (4.00s, 110.88MB)
  Running img_1076.npy ... done (3.56s, 117.64MB)
  Running img_10760.npy ... done (3.55s, 114.99MB)
  Running img_10761.npy ... done (3.94s, 119.25MB)
  Running img_10762.npy ... done (3.83s, 116.60MB)
  Running img_10763.npy ... done (4.37s, 115.59MB)
  Running img_10764.npy ... done (4.01s, 116.68MB)
  Running img_10765.npy ... done (4.14s, 117.72MB)
  Running img_10766.npy ... done (4.08s, 111.87MB)
  Running img_10767.npy ... done (3.75s, 115.31MB)
  Running img_10768.npy ... done (3.90s, 112.55MB)
  Running img_10769.npy ... done (3.74s, 112.99MB)
  Running img_1077.npy ... done (3.65s, 109.77MB)
  Running img_10770.npy ... done (3.45s, 113.07MB)
  Running img_10771.npy ... done (3.49s, 113.41MB)
  Running img_10772.npy ... done (3.36s, 113.76MB)
  Running img_10773.npy ... done (3.73s, 111.67MB)
  Running img_10774.npy ... done (3.43s, 113.21MB)
  Running img_10775.npy ... done (3.54s, 110.51MB)
  Running img_10776.npy ... done (3.60s, 112.53MB)
  Running img_10777.npy ... done (3.61s, 110.88MB)
  Running img_10778.npy ... done (3.79s, 105.70MB)
  Running img_10779.npy ... done (4.00s, 112.54MB)
  Running img_1078.npy ... done (3.87s, 110.51MB)
  Running img_10780.npy ... done (3.50s, 111.97MB)
  Running img_10781.npy ... done (3.63s, 110.87MB)
  Running img_10782.npy ... done (3.53s, 113.77MB)
  Running img_10783.npy ... done (3.81s, 114.11MB)
  Running img_10784.npy ... done (3.84s, 113.22MB)
  Running img_10785.npy ... done (3.64s, 112.55MB)
  Running img_10786.npy ... done (3.90s, 112.89MB)
  Running img_10787.npy ... done (3.85s, 112.30MB)
  Running img_10788.npy ... done (3.66s, 109.99MB)
  Running img_10789.npy ... done (3.75s, 112.91MB)
  Running img_1079.npy ... done (3.72s, 111.52MB)
  Running img_10790.npy ... done (3.94s, 117.94MB)
  Running img_10791.npy ... done (3.74s, 109.89MB)
  Running img_10792.npy ... done (3.83s, 129.42MB)
  Running img_10793.npy ... done (4.08s, 122.57MB)
  Running img_10794.npy ... done (3.84s, 114.06MB)
  Running img_10795.npy ... done (3.92s, 114.73MB)
  Running img_10796.npy ... done (4.02s, 111.55MB)
  Running img_10797.npy ... done (4.12s, 114.94MB)
  Running img_10798.npy ... done (3.83s, 114.10MB)
  Running img_10799.npy ... done (4.07s, 111.00MB)
  Running img_108.npy ... done (4.00s, 115.02MB)
  Running img_1080.npy ... done (4.35s, 110.11MB)
  Running img_10800.npy ... done (3.91s, 115.11MB)
  Running img_10801.npy ... done (4.21s, 113.24MB)
  Running img_10802.npy ... done (3.89s, 112.90MB)
  Running img_10803.npy ... done (3.90s, 115.73MB)
  Running img_10804.npy ... done (4.27s, 115.46MB)
  Running img_10805.npy ... done (4.13s, 120.33MB)
  Running img_10806.npy ... done (3.94s, 112.71MB)
  Running img_10807.npy ... done (3.96s, 113.67MB)
  Running img_10808.npy ... done (4.01s, 114.13MB)
  Running img_10809.npy ... done (3.78s, 125.74MB)
  Running img_1081.npy ... done (4.44s, 113.34MB)
  Running img_10810.npy ... done (3.91s, 114.49MB)
  Running img_10811.npy ... done (3.95s, 123.66MB)
  Running img_10812.npy ... done (4.16s, 112.52MB)
  Running img_10813.npy ... done (4.00s, 114.55MB)
  Running img_10814.npy ... done (4.00s, 114.67MB)
  Running img_10815.npy ... done (3.84s, 110.37MB)
  Running img_10816.npy ... done (4.17s, 114.49MB)
  Running img_10817.npy ... done (3.96s, 112.15MB)
  Running img_10818.npy ... done (3.97s, 115.45MB)
  Running img_10819.npy ... done (3.96s, 113.34MB)
  Running img_1082.npy ... done (3.80s, 112.54MB)
  Running img_10820.npy ... done (4.13s, 112.90MB)
  Running img_10821.npy ... done (3.95s, 121.32MB)
  Running img_10822.npy ... done (3.80s, 127.60MB)
  Running img_10823.npy ... done (3.92s, 112.87MB)
  Running img_10824.npy ... done (3.67s, 112.35MB)
  Running img_10825.npy ... done (3.87s, 111.95MB)
  Running img_10826.npy ... done (3.89s, 115.53MB)
  Running img_10827.npy ... done (4.13s, 113.26MB)
  Running img_10828.npy ... done (4.02s, 113.21MB)
  Running img_10829.npy ... done (3.72s, 107.80MB)
  Running img_1083.npy ... done (4.00s, 109.00MB)
  Running img_10830.npy ... done (4.63s, 113.17MB)
  Running img_10831.npy ... done (4.24s, 113.23MB)
  Running img_10832.npy ... done (3.99s, 113.16MB)
  Running img_10833.npy ... done (4.05s, 112.25MB)
  Running img_10834.npy ... done (3.83s, 113.32MB)
  Running img_10835.npy ... done (4.01s, 114.94MB)
  Running img_10836.npy ... done (3.78s, 113.53MB)
  Running img_10837.npy ... done (4.05s, 112.15MB)
  Running img_10838.npy ... done (3.91s, 110.01MB)
  Running img_10839.npy ... done (3.99s, 113.48MB)
  Running img_1084.npy ... done (3.99s, 113.56MB)
  Running img_10840.npy ... done (3.99s, 113.85MB)
  Running img_10841.npy ... done (4.24s, 109.26MB)
  Running img_10842.npy ... done (4.29s, 113.05MB)
  Running img_10843.npy ... done (4.09s, 110.57MB)
  Running img_10844.npy ... done (3.96s, 110.42MB)
  Running img_10845.npy ... done (4.05s, 110.94MB)
  Running img_10846.npy ... done (3.94s, 111.51MB)
  Running img_10847.npy ... done (3.96s, 119.39MB)
  Running img_10848.npy ... done (3.76s, 122.61MB)
  Running img_10849.npy ... done (4.01s, 111.29MB)
  Running img_1085.npy ... done (3.82s, 112.27MB)
  Running img_10850.npy ... done (3.90s, 112.46MB)
  Running img_10851.npy ... done (4.24s, 109.32MB)
  Running img_10852.npy ... done (3.95s, 111.61MB)
  Running img_10853.npy ... done (3.83s, 111.85MB)
  Running img_10854.npy ... done (3.72s, 110.52MB)
  Running img_10855.npy ... done (3.88s, 112.90MB)
  Running img_10856.npy ... done (3.75s, 110.57MB)
  Running img_10857.npy ... done (3.98s, 113.95MB)
  Running img_10858.npy ... done (3.78s, 114.49MB)
  Running img_10859.npy ... done (4.14s, 112.16MB)
  Running img_1086.npy ... done (3.81s, 108.71MB)
  Running img_10860.npy ... done (3.97s, 110.18MB)
  Running img_10861.npy ... done (3.76s, 111.08MB)
  Running img_10862.npy ... done (4.36s, 112.50MB)
  Running img_10863.npy ... done (3.92s, 112.87MB)
  Running img_10864.npy ... done (4.02s, 114.34MB)
  Running img_10865.npy ... done (3.93s, 112.19MB)
  Running img_10866.npy ... done (3.96s, 114.96MB)
  Running img_10867.npy ... done (4.30s, 109.77MB)
  Running img_10868.npy ... done (4.05s, 111.61MB)
  Running img_10869.npy ... done (3.99s, 113.77MB)
  Running img_1087.npy ... done (3.92s, 112.92MB)
  Running img_10870.npy ... done (3.75s, 115.57MB)
  Running img_10871.npy ... done (3.87s, 115.39MB)
  Running img_10872.npy ... done (3.80s, 113.90MB)
  Running img_10873.npy ... done (3.69s, 110.95MB)
  Running img_10874.npy ... done (3.80s, 109.68MB)
  Running img_10875.npy ... done (4.02s, 109.20MB)
  Running img_10876.npy ... done (3.92s, 109.07MB)
  Running img_10877.npy ... done (3.83s, 111.35MB)
  Running img_10878.npy ... done (3.87s, 113.04MB)
  Running img_10879.npy ... done (4.01s, 114.03MB)
  Running img_1088.npy ... done (3.73s, 117.55MB)
  Running img_10880.npy ... done (3.78s, 110.05MB)
  Running img_10881.npy ... done (4.02s, 110.84MB)
  Running img_10882.npy ... done (3.75s, 111.81MB)
  Running img_10883.npy ... done (3.66s, 115.01MB)
  Running img_10884.npy ... done (4.09s, 118.94MB)
  Running img_10885.npy ... done (3.77s, 119.94MB)
  Running img_10886.npy ... done (3.93s, 109.72MB)
  Running img_10887.npy ... done (3.97s, 113.49MB)
  Running img_10888.npy ... done (4.04s, 118.33MB)
  Running img_10889.npy ... done (4.08s, 110.08MB)
  Running img_1089.npy ... done (4.26s, 118.29MB)
  Running img_10890.npy ... done (3.93s, 111.80MB)
  Running img_10891.npy ... done (3.89s, 116.82MB)
  Running img_10892.npy ... done (3.94s, 112.23MB)
  Running img_10893.npy ... done (3.89s, 118.66MB)
  Running img_10894.npy ... done (4.47s, 118.19MB)
  Running img_10895.npy ... done (4.23s, 112.36MB)
  Running img_10896.npy ... done (4.01s, 111.60MB)
  Running img_10897.npy ... done (4.05s, 112.82MB)
  Running img_10898.npy ... done (3.68s, 116.39MB)
  Running img_10899.npy ... done (3.68s, 114.68MB)
  Running img_109.npy ... done (3.69s, 117.23MB)
  Running img_1090.npy ... done (3.94s, 110.47MB)
  Running img_10900.npy ... done (3.92s, 115.71MB)
  Running img_10901.npy ... done (3.99s, 110.76MB)
  Running img_10902.npy ... done (4.09s, 120.38MB)
  Running img_10903.npy ... done (4.01s, 123.33MB)
  Running img_10904.npy ... done (4.20s, 120.30MB)
  Running img_10905.npy ... done (4.01s, 120.68MB)
  Running img_10906.npy ... done (3.99s, 111.52MB)
  Running img_10907.npy ... done (3.73s, 111.65MB)
  Running img_10908.npy ... done (4.06s, 111.27MB)
  Running img_10909.npy ... done (3.98s, 112.73MB)
  Running img_1091.npy ... done (4.15s, 111.04MB)
  Running img_10910.npy ... done (3.96s, 112.91MB)
  Running img_10911.npy ... done (3.83s, 114.61MB)
  Running img_10912.npy ... done (3.98s, 108.79MB)
  Running img_10913.npy ... done (4.10s, 117.70MB)
  Running img_10914.npy ... done (4.10s, 122.29MB)
  Running img_10915.npy ... done (4.07s, 129.25MB)
  Running img_10916.npy ... done (3.72s, 131.34MB)
  Running img_10917.npy ... done (3.85s, 120.11MB)
  Running img_10918.npy ... done (3.90s, 132.97MB)
  Running img_10919.npy ... done (4.06s, 120.05MB)
  Running img_1092.npy ... done (3.74s, 114.78MB)
  Running img_10920.npy ... done (4.12s, 114.04MB)
  Running img_10921.npy ... done (3.82s, 113.32MB)
  Running img_10922.npy ... done (4.26s, 117.65MB)
  Running img_10923.npy ... done (4.20s, 111.62MB)
  Running img_10924.npy ... done (3.81s, 112.23MB)
  Running img_10925.npy ... done (4.42s, 112.21MB)
  Running img_10926.npy ... done (4.30s, 114.42MB)
  Running img_10927.npy ... done (4.09s, 113.27MB)
  Running img_10928.npy ... done (3.96s, 112.42MB)
  Running img_10929.npy ... done (3.66s, 112.68MB)
  Running img_1093.npy ... done (4.11s, 112.04MB)
  Running img_10930.npy ... done (4.01s, 114.59MB)
  Running img_10931.npy ... done (3.85s, 111.87MB)
  Running img_10932.npy ... done (4.22s, 113.81MB)
  Running img_10933.npy ... done (4.28s, 114.45MB)
  Running img_10934.npy ... done (3.99s, 110.50MB)
  Running img_10935.npy ... done (4.27s, 113.77MB)
  Running img_10936.npy ... done (4.12s, 109.83MB)
  Running img_10937.npy ... done (4.23s, 111.79MB)
  Running img_10938.npy ... done (4.23s, 111.40MB)
  Running img_10939.npy ... done (4.18s, 111.49MB)
  Running img_1094.npy ... done (4.27s, 115.42MB)
  Running img_10940.npy ... done (4.41s, 109.57MB)
  Running img_10941.npy ... done (4.17s, 116.45MB)
  Running img_10942.npy ... done (4.14s, 113.35MB)
  Running img_10943.npy ... done (3.97s, 112.63MB)
  Running img_10944.npy ... done (4.11s, 117.61MB)
  Running img_10945.npy ... done (4.02s, 118.46MB)
  Running img_10946.npy ... done (4.05s, 115.69MB)
  Running img_10947.npy ... done (4.48s, 112.14MB)
  Running img_10948.npy ... done (3.92s, 127.79MB)
  Running img_10949.npy ... done (3.94s, 130.14MB)
  Running img_1095.npy ... done (4.09s, 125.21MB)
  Running img_10950.npy ... done (3.88s, 113.75MB)
  Running img_10951.npy ... done (4.10s, 109.48MB)
  Running img_10952.npy ... done (3.91s, 114.59MB)
  Running img_10953.npy ... done (3.85s, 112.80MB)
  Running img_10954.npy ... done (4.18s, 112.63MB)
  Running img_10955.npy ... done (4.20s, 113.13MB)
  Running img_10956.npy ... done (4.08s, 111.76MB)
  Running img_10957.npy ... done (3.78s, 112.41MB)
  Running img_10958.npy ... done (3.96s, 112.98MB)
  Running img_10959.npy ... done (4.48s, 113.50MB)
  Running img_1096.npy ... done (4.20s, 111.57MB)
  Running img_10960.npy ... done (4.04s, 117.95MB)
  Running img_10961.npy ... done (4.19s, 113.36MB)
  Running img_10962.npy ... done (4.11s, 120.22MB)
  Running img_10963.npy ... done (4.12s, 117.60MB)
  Running img_10964.npy ... done (3.98s, 118.07MB)
  Running img_10965.npy ... done (3.77s, 109.48MB)
  Running img_10966.npy ... done (4.24s, 111.84MB)
  Running img_10967.npy ... done (4.01s, 110.89MB)
  Running img_10968.npy ... done (4.09s, 113.04MB)
  Running img_10969.npy ... done (3.92s, 111.66MB)
  Running img_1097.npy ... done (4.14s, 114.73MB)
  Running img_10970.npy ... done (4.08s, 118.82MB)
  Running img_10971.npy ... done (4.13s, 119.80MB)
  Running img_10972.npy ... done (4.10s, 117.91MB)
  Running img_10973.npy ... done (3.91s, 118.60MB)
  Running img_10974.npy ... done (4.34s, 109.36MB)
  Running img_10975.npy ... done (3.97s, 113.01MB)
  Running img_10976.npy ... done (3.76s, 119.98MB)
  Running img_10977.npy ... done (4.00s, 118.81MB)
  Running img_10978.npy ... done (3.74s, 121.76MB)
  Running img_10979.npy ... done (4.07s, 112.05MB)
  Running img_1098.npy ... done (4.22s, 111.37MB)
  Running img_10980.npy ... done (4.20s, 112.44MB)
  Running img_10981.npy ... done (3.80s, 109.95MB)
  Running img_10982.npy ... done (4.35s, 110.31MB)
  Running img_10983.npy ... done (3.82s, 111.08MB)
  Running img_10984.npy ... done (3.76s, 113.80MB)
  Running img_10985.npy ... done (4.10s, 115.69MB)
  Running img_10986.npy ... done (3.83s, 118.52MB)
  Running img_10987.npy ... done (4.15s, 117.71MB)
  Running img_10988.npy ... done (3.81s, 120.67MB)
  Running img_10989.npy ... done (4.29s, 118.70MB)
  Running img_1099.npy ... done (3.92s, 118.61MB)
  Running img_10990.npy ... done (3.92s, 119.54MB)
  Running img_10991.npy ... done (3.83s, 119.05MB)
  Running img_10992.npy ... done (4.07s, 125.39MB)
  Running img_10993.npy ... done (4.17s, 112.86MB)
  Running img_10994.npy ... done (4.16s, 121.45MB)
  Running img_10995.npy ... done (4.12s, 109.85MB)
  Running img_10996.npy ... done (3.90s, 111.42MB)
  Running img_10997.npy ... done (3.84s, 111.69MB)
  Running img_10998.npy ... done (3.92s, 113.03MB)
  Running img_10999.npy ... done (3.98s, 116.34MB)
  Running img_11.npy ... done (4.11s, 119.11MB)
  Running img_110.npy ... done (4.06s, 116.34MB)
  Running img_1100.npy ... done (4.09s, 111.18MB)
  Running img_11000.npy ... done (4.17s, 124.45MB)
  Running img_11001.npy ... done (4.13s, 122.59MB)
  Running img_11002.npy ... done (4.19s, 112.12MB)
  Running img_11003.npy ... done (4.16s, 119.88MB)
  Running img_11004.npy ... done (4.63s, 110.52MB)
  Running img_11005.npy ... done (4.06s, 109.97MB)
  Running img_11006.npy ... done (3.79s, 112.73MB)
  Running img_11007.npy ... done (4.01s, 122.68MB)
  Running img_11008.npy ... done (3.79s, 111.70MB)
  Running img_11009.npy ... done (3.99s, 109.40MB)
  Running img_1101.npy ... done (4.19s, 113.89MB)
  Running img_11010.npy ... done (4.46s, 109.90MB)
  Running img_11011.npy ... done (4.00s, 113.45MB)
  Running img_11012.npy ... done (3.99s, 116.80MB)
  Running img_11013.npy ... done (4.21s, 117.43MB)
  Running img_11014.npy ... done (4.04s, 113.49MB)
  Running img_11015.npy ... done (4.07s, 111.66MB)
  Running img_11016.npy ... done (4.26s, 116.48MB)
  Running img_11017.npy ... done (4.20s, 110.62MB)
  Running img_11018.npy ... done (4.07s, 120.75MB)
  Running img_11019.npy ... done (3.80s, 128.44MB)
  Running img_1102.npy ... done (4.23s, 123.43MB)
  Running img_11020.npy ... done (3.94s, 129.85MB)
  Running img_11021.npy ... done (4.18s, 111.68MB)
  Running img_11022.npy ... done (4.35s, 113.53MB)
  Running img_11023.npy ... done (4.06s, 114.90MB)
  Running img_11024.npy ... done (4.00s, 112.24MB)
  Running img_11025.npy ... done (4.11s, 114.54MB)
  Running img_11026.npy ... done (4.09s, 118.26MB)
  Running img_11027.npy ... done (4.65s, 113.46MB)
  Running img_11028.npy ... done (4.11s, 111.72MB)
  Running img_11029.npy ... done (3.84s, 111.10MB)
  Running img_1103.npy ... done (4.09s, 113.46MB)
  Running img_11030.npy ... done (3.90s, 130.55MB)
  Running img_11031.npy ... done (4.13s, 130.33MB)
  Running img_11032.npy ... done (3.74s, 123.05MB)
  Running img_11033.npy ... done (4.24s, 130.77MB)
  Running img_11034.npy ... done (4.21s, 113.07MB)
  Running img_11035.npy ... done (3.95s, 131.75MB)
  Running img_11036.npy ... done (4.20s, 113.44MB)
  Running img_11037.npy ... done (4.16s, 112.79MB)
  Running img_11038.npy ... done (4.02s, 116.81MB)
  Running img_11039.npy ... done (4.34s, 112.56MB)
  Running img_1104.npy ... done (3.96s, 119.09MB)
  Running img_11040.npy ... done (4.12s, 112.83MB)
  Running img_11041.npy ... done (4.11s, 112.65MB)
  Running img_11042.npy ... done (4.12s, 112.04MB)
  Running img_11043.npy ... done (3.97s, 115.94MB)
  Running img_11044.npy ... done (4.11s, 115.53MB)
  Running img_11045.npy ... done (4.14s, 113.98MB)
  Running img_11046.npy ... done (4.03s, 116.04MB)
  Running img_11047.npy ... done (4.16s, 113.29MB)
  Running img_11048.npy ... done (4.08s, 112.98MB)
  Running img_11049.npy ... done (3.75s, 113.93MB)
  Running img_1105.npy ... done (4.09s, 113.64MB)
  Running img_11050.npy ... done (3.74s, 111.61MB)
  Running img_11051.npy ... done (3.99s, 111.02MB)
  Running img_11052.npy ... done (3.89s, 115.29MB)
  Running img_11053.npy ... done (3.97s, 113.09MB)
  Running img_11054.npy ... done (4.07s, 114.23MB)
  Running img_11055.npy ... done (3.94s, 111.84MB)
  Running img_11056.npy ... done (3.99s, 114.46MB)
  Running img_11057.npy ... done (3.86s, 110.90MB)
  Running img_11058.npy ... done (3.86s, 109.11MB)
  Running img_11059.npy ... done (4.05s, 110.42MB)
  Running img_1106.npy ... done (4.96s, 114.51MB)
  Running img_11060.npy ... done (4.92s, 114.78MB)
  Running img_11061.npy ... done (4.82s, 113.78MB)
  Running img_11062.npy ... done (4.57s, 112.63MB)
  Running img_11063.npy ... done (3.81s, 113.51MB)
  Running img_11064.npy ... done (3.84s, 109.91MB)
  Running img_11065.npy ... done (3.66s, 112.41MB)
  Running img_11066.npy ... done (4.02s, 114.93MB)
  Running img_11067.npy ... done (3.92s, 112.82MB)
  Running img_11068.npy ... done (4.03s, 114.32MB)
  Running img_11069.npy ... done (3.98s, 109.78MB)
  Running img_1107.npy ... done (3.76s, 113.64MB)
  Running img_11070.npy ... done (4.03s, 109.68MB)
  Running img_11071.npy ... done (4.52s, 119.65MB)
  Running img_11072.npy ... done (3.83s, 111.64MB)
  Running img_11073.npy ... done (3.89s, 110.73MB)
  Running img_11074.npy ... done (3.97s, 112.83MB)
  Running img_11075.npy ... done (4.14s, 116.75MB)
  Running img_11076.npy ... done (3.97s, 114.85MB)
  Running img_11077.npy ... done (3.77s, 111.45MB)
  Running img_11078.npy ... done (3.85s, 113.53MB)
  Running img_11079.npy ... done (3.94s, 112.76MB)
  Running img_1108.npy ... done (3.62s, 112.89MB)
  Running img_11080.npy ... done (3.90s, 116.04MB)
  Running img_11081.npy ... done (3.92s, 111.13MB)
  Running img_11082.npy ... done (3.52s, 111.72MB)
  Running img_11083.npy ... done (4.47s, 112.31MB)
  Running img_11084.npy ... done (3.71s, 120.30MB)
  Running img_11085.npy ... done (3.75s, 112.62MB)
  Running img_11086.npy ... done (3.54s, 116.30MB)
  Running img_11087.npy ... done (3.57s, 120.79MB)
  Running img_11088.npy ... done (3.44s, 117.54MB)
  Running img_11089.npy ... done (3.21s, 115.79MB)
  Running img_1109.npy ... done (3.25s, 113.68MB)
  Running img_11090.npy ... done (3.39s, 113.24MB)
  Running img_11091.npy ... done (3.47s, 111.59MB)
  Running img_11092.npy ... done (3.36s, 113.27MB)
  Running img_11093.npy ... done (3.30s, 115.04MB)
  Running img_11094.npy ... done (3.14s, 116.00MB)
  Running img_11095.npy ... done (3.49s, 112.82MB)
  Running img_11096.npy ... done (3.99s, 114.82MB)
  Running img_11097.npy ... done (3.23s, 118.03MB)
  Running img_11098.npy ... done (3.33s, 119.50MB)
  Running img_11099.npy ... done (3.52s, 112.40MB)
  Running img_111.npy ... done (3.43s, 113.64MB)
  Running img_1110.npy ... done (3.47s, 112.14MB)
  Running img_11100.npy ... done (3.38s, 112.04MB)
  Running img_11101.npy ... done (3.24s, 110.16MB)
  Running img_11102.npy ... done (3.37s, 118.07MB)
  Running img_11103.npy ... done (3.39s, 118.61MB)
  Running img_11104.npy ... done (3.27s, 120.49MB)
  Running img_11105.npy ... done (3.32s, 118.68MB)
  Running img_11106.npy ... done (3.52s, 114.13MB)
  Running img_11107.npy ... done (3.29s, 122.00MB)
  Running img_11108.npy ... done (3.35s, 113.33MB)
  Running img_11109.npy ... done (3.63s, 113.18MB)
  Running img_1111.npy ... done (3.43s, 114.55MB)
  Running img_11110.npy ... done (3.08s, 111.62MB)
  Running img_11111.npy ... done (3.45s, 111.96MB)
  Running img_11112.npy ... done (2.96s, 120.58MB)
  Running img_11113.npy ... done (3.29s, 112.07MB)
  Running img_11114.npy ... done (2.97s, 128.78MB)
  Running img_11115.npy ... done (3.02s, 134.12MB)
  Running img_11116.npy ... done (3.05s, 131.67MB)
  Running img_11117.npy ... done (3.38s, 132.64MB)
  Running img_11118.npy ... done (3.17s, 112.73MB)
  Running img_11119.npy ... done (3.26s, 116.52MB)
  Running img_1112.npy ... done (3.12s, 115.25MB)
  Running img_11120.npy ... done (3.18s, 118.43MB)
  Running img_11121.npy ... done (3.14s, 118.92MB)
  Running img_11122.npy ... done (3.27s, 122.27MB)
  Running img_11123.npy ... done (3.16s, 127.50MB)
  Running img_11124.npy ... done (3.29s, 132.36MB)
  Running img_11125.npy ... done (3.34s, 121.66MB)
  Running img_11126.npy ... done (3.16s, 132.28MB)
  Running img_11127.npy ... done (3.15s, 116.51MB)
  Running img_11128.npy ... done (3.12s, 113.37MB)
  Running img_11129.npy ... done (3.30s, 112.69MB)
  Running img_1113.npy ... done (3.28s, 114.00MB)
  Running img_11130.npy ... done (3.14s, 114.77MB)
  Running img_11131.npy ... done (3.01s, 118.94MB)
  Running img_11132.npy ... done (3.14s, 112.92MB)
  Running img_11133.npy ... done (3.08s, 112.23MB)
  Running img_11134.npy ... done (3.31s, 113.24MB)
  Running img_11135.npy ... done (3.21s, 110.62MB)
  Running img_11136.npy ... done (3.58s, 114.27MB)
  Running img_11137.npy ... done (2.92s, 109.57MB)
  Running img_11138.npy ... done (3.28s, 112.86MB)
  Running img_11139.npy ... done (3.01s, 111.92MB)
  Running img_1114.npy ... done (3.15s, 112.41MB)
  Running img_11140.npy ... done (3.21s, 112.47MB)
  Running img_11141.npy ... done (3.36s, 112.80MB)
  Running img_11142.npy ... done (3.33s, 112.50MB)
  Running img_11143.npy ... done (3.13s, 114.39MB)
  Running img_11144.npy ... done (3.21s, 112.79MB)
  Running img_11145.npy ... done (3.09s, 114.54MB)
  Running img_11146.npy ... done (3.20s, 113.16MB)
  Running img_11147.npy ... done (3.04s, 114.10MB)
  Running img_11148.npy ... done (3.26s, 114.48MB)
  Running img_11149.npy ... done (3.05s, 115.83MB)
  Running img_1115.npy ... done (3.38s, 110.20MB)
  Running img_11150.npy ... done (3.57s, 114.56MB)
  Running img_11151.npy ... done (3.32s, 113.57MB)
  Running img_11152.npy ... done (3.20s, 114.98MB)
  Running img_11153.npy ... done (3.28s, 111.04MB)
  Running img_11154.npy ... done (3.26s, 111.95MB)
  Running img_11155.npy ... done (2.98s, 112.88MB)
  Running img_11156.npy ... done (3.13s, 113.08MB)
  Running img_11157.npy ... done (3.23s, 113.65MB)
  Running img_11158.npy ... done (3.13s, 113.80MB)
  Running img_11159.npy ... done (3.14s, 115.29MB)
  Running img_1116.npy ... done (3.10s, 111.93MB)
  Running img_11160.npy ... done (3.28s, 113.70MB)
  Running img_11161.npy ... done (3.10s, 112.41MB)
  Running img_11162.npy ... done (3.32s, 114.16MB)
  Running img_11163.npy ... done (3.32s, 110.25MB)
  Running img_11164.npy ... done (3.48s, 109.95MB)
  Running img_11165.npy ... done (3.17s, 111.36MB)
  Running img_11166.npy ... done (3.02s, 112.18MB)
  Running img_11167.npy ... done (3.29s, 110.36MB)
  Running img_11168.npy ... done (3.23s, 111.38MB)
  Running img_11169.npy ... done (3.17s, 111.62MB)
  Running img_1117.npy ... done (3.14s, 114.08MB)
  Running img_11170.npy ... done (3.37s, 112.14MB)
  Running img_11171.npy ... done (3.00s, 112.30MB)
  Running img_11172.npy ... done (3.13s, 114.20MB)
  Running img_11173.npy ... done (3.41s, 114.72MB)
  Running img_11174.npy ... done (3.09s, 112.62MB)
  Running img_11175.npy ... done (3.08s, 111.91MB)
  Running img_11176.npy ... done (3.11s, 111.35MB)
  Running img_11177.npy ... done (3.14s, 110.05MB)
  Running img_11178.npy ... done (3.64s, 113.02MB)
  Running img_11179.npy ... done (2.95s, 112.20MB)
  Running img_1118.npy ... done (3.23s, 112.27MB)
  Running img_11180.npy ... done (3.21s, 113.20MB)
  Running img_11181.npy ... done (3.22s, 115.21MB)
  Running img_11182.npy ... done (3.13s, 113.06MB)
  Running img_11183.npy ... done (3.29s, 112.50MB)
  Running img_11184.npy ... done (3.35s, 113.16MB)
  Running img_11185.npy ... done (3.31s, 113.25MB)
  Running img_11186.npy ... done (3.24s, 112.99MB)
  Running img_11187.npy ... done (2.98s, 115.68MB)
  Running img_11188.npy ... done (3.27s, 115.80MB)
  Running img_11189.npy ... done (3.14s, 114.86MB)
  Running img_1119.npy ... done (3.34s, 116.12MB)
  Running img_11190.npy ... done (3.07s, 111.73MB)
  Running img_11191.npy ... done (3.85s, 113.89MB)
  Running img_11192.npy ... done (3.21s, 115.16MB)
  Running img_11193.npy ... done (3.26s, 110.95MB)
  Running img_11194.npy ... done (3.33s, 112.40MB)
  Running img_11195.npy ... done (3.06s, 113.31MB)
  Running img_11196.npy ... done (3.07s, 115.76MB)
  Running img_11197.npy ... done (3.30s, 117.27MB)
  Running img_11198.npy ... done (3.21s, 114.54MB)
  Running img_11199.npy ... done (3.22s, 115.24MB)
  Running img_112.npy ... done (2.97s, 117.77MB)
  Running img_1120.npy ... done (3.02s, 119.93MB)
  Running img_11200.npy ... done (3.12s, 117.77MB)
  Running img_11201.npy ... done (3.18s, 114.92MB)
  Running img_11202.npy ... done (3.17s, 112.12MB)
  Running img_11203.npy ... done (3.11s, 112.37MB)
  Running img_11204.npy ... done (3.60s, 118.70MB)
  Running img_11205.npy ... done (3.06s, 112.76MB)
  Running img_11206.npy ... done (3.31s, 111.21MB)
  Running img_11207.npy ... done (3.20s, 118.88MB)
  Running img_11208.npy ... done (3.40s, 108.89MB)
  Running img_11209.npy ... done (3.19s, 113.87MB)
  Running img_1121.npy ... done (3.14s, 117.38MB)
  Running img_11210.npy ... done (3.00s, 119.27MB)
  Running img_11211.npy ... done (3.16s, 121.01MB)
  Running img_11212.npy ... done (3.16s, 111.04MB)
  Running img_11213.npy ... done (3.34s, 109.36MB)
  Running img_11214.npy ... done (3.10s, 113.07MB)
  Running img_11215.npy ... done (3.13s, 110.43MB)
  Running img_11216.npy ... done (3.20s, 116.84MB)
  Running img_11217.npy ... done (3.14s, 112.95MB)
  Running img_11218.npy ... done (3.82s, 114.38MB)
  Running img_11219.npy ... done (3.26s, 112.83MB)
  Running img_1122.npy ... done (3.29s, 111.23MB)
  Running img_11220.npy ... done (3.20s, 111.89MB)
  Running img_11221.npy ... done (3.23s, 112.28MB)
  Running img_11222.npy ... done (3.20s, 113.22MB)
  Running img_11223.npy ... done (3.35s, 110.08MB)
  Running img_11224.npy ... done (3.01s, 111.25MB)
  Running img_11225.npy ... done (3.32s, 112.77MB)
  Running img_11226.npy ... done (3.33s, 112.18MB)
  Running img_11227.npy ... done (2.97s, 115.30MB)
  Running img_11228.npy ... done (3.31s, 111.44MB)
  Running img_11229.npy ... done (3.20s, 118.87MB)
  Running img_1123.npy ... done (3.41s, 122.68MB)
  Running img_11230.npy ... done (3.07s, 127.27MB)
  Running img_11231.npy ... done (3.80s, 113.35MB)
  Running img_11232.npy ... done (3.03s, 115.33MB)
  Running img_11233.npy ... done (3.21s, 113.51MB)
  Running img_11234.npy ... done (3.14s, 112.60MB)
  Running img_11235.npy ... done (3.29s, 112.10MB)
  Running img_11236.npy ... done (3.03s, 112.44MB)
  Running img_11237.npy ... done (3.19s, 112.82MB)
  Running img_11238.npy ... done (2.96s, 114.57MB)
  Running img_11239.npy ... done (3.16s, 110.66MB)
  Running img_1124.npy ... done (2.94s, 113.66MB)
  Running img_11240.npy ... done (3.26s, 111.16MB)
  Running img_11241.npy ... done (3.14s, 113.66MB)
  Running img_11242.npy ... done (3.52s, 113.80MB)
  Running img_11243.npy ... done (3.07s, 111.41MB)
  Running img_11244.npy ... done (3.36s, 115.20MB)
  Running img_11245.npy ... done (3.47s, 112.06MB)
  Running img_11246.npy ... done (3.26s, 113.39MB)
  Running img_11247.npy ... done (2.95s, 114.50MB)
  Running img_11248.npy ... done (3.28s, 111.79MB)
  Running img_11249.npy ... done (3.21s, 113.49MB)
  Running img_1125.npy ... done (3.16s, 114.97MB)
  Running img_11250.npy ... done (3.24s, 114.12MB)
  Running img_11251.npy ... done (3.12s, 117.71MB)
  Running img_11252.npy ... done (3.22s, 119.19MB)
  Running img_11253.npy ... done (3.09s, 119.73MB)
  Running img_11254.npy ... done (2.92s, 117.95MB)
  Running img_11255.npy ... done (3.14s, 112.95MB)
  Running img_11256.npy ... done (3.29s, 110.39MB)
  Running img_11257.npy ... done (3.01s, 111.62MB)
  Running img_11258.npy ... done (3.15s, 109.62MB)
  Running img_11259.npy ... done (3.49s, 115.39MB)
  Running img_1126.npy ... done (3.25s, 119.91MB)
  Running img_11260.npy ... done (2.99s, 122.32MB)
  Running img_11261.npy ... done (3.56s, 116.97MB)
  Running img_11262.npy ... done (3.21s, 112.51MB)
  Running img_11263.npy ... done (3.27s, 112.66MB)
  Running img_11264.npy ... done (2.99s, 122.71MB)
  Running img_11265.npy ... done (3.29s, 111.49MB)
  Running img_11266.npy ... done (3.22s, 121.69MB)
  Running img_11267.npy ... done (3.10s, 113.11MB)
  Running img_11268.npy ... done (3.23s, 112.14MB)
  Running img_11269.npy ... done (3.29s, 111.39MB)
  Running img_1127.npy ... done (3.25s, 111.99MB)
  Running img_11270.npy ... done (3.24s, 114.32MB)
  Running img_11271.npy ... done (2.98s, 119.42MB)
  Running img_11272.npy ... done (3.14s, 119.83MB)
  Running img_11273.npy ... done (3.54s, 112.67MB)
  Running img_11274.npy ... done (3.14s, 114.21MB)
  Running img_11275.npy ... done (3.19s, 112.49MB)
  Running img_11276.npy ... done (3.14s, 114.88MB)
  Running img_11277.npy ... done (3.17s, 111.20MB)
  Running img_11278.npy ... done (3.02s, 113.45MB)
  Running img_11279.npy ... done (3.33s, 111.58MB)
  Running img_1128.npy ... done (3.21s, 114.21MB)
  Running img_11280.npy ... done (3.06s, 117.13MB)
  Running img_11281.npy ... done (3.13s, 120.13MB)
  Running img_11282.npy ... done (3.14s, 120.08MB)
  Running img_11283.npy ... done (3.09s, 124.03MB)
  Running img_11284.npy ... done (3.11s, 128.30MB)
  Running img_11285.npy ... done (3.16s, 130.94MB)
  Running img_11286.npy ... done (3.03s, 133.05MB)
  Running img_11287.npy ... done (3.17s, 114.81MB)
  Running img_11288.npy ... done (3.15s, 115.99MB)
  Running img_11289.npy ... done (3.19s, 117.26MB)
  Running img_1129.npy ... done (3.07s, 112.88MB)
  Running img_11290.npy ... done (3.27s, 115.59MB)
  Running img_11291.npy ... done (3.22s, 114.98MB)
  Running img_11292.npy ... done (3.23s, 118.83MB)
  Running img_11293.npy ... done (2.99s, 113.76MB)
  Running img_11294.npy ... done (3.14s, 112.93MB)
  Running img_11295.npy ... done (3.21s, 111.88MB)
  Running img_11296.npy ... done (2.99s, 114.57MB)
  Running img_11297.npy ... done (3.24s, 113.89MB)
  Running img_11298.npy ... done (3.13s, 113.54MB)
  Running img_11299.npy ... done (3.16s, 114.35MB)
  Running img_113.npy ... done (3.25s, 110.14MB)
  Running img_1130.npy ... done (3.47s, 114.52MB)
  Running img_11300.npy ... done (3.17s, 113.98MB)
  Running img_11301.npy ... done (3.07s, 115.23MB)
  Running img_11302.npy ... done (2.99s, 111.75MB)
  Running img_11303.npy ... done (3.00s, 114.22MB)
  Running img_11304.npy ... done (3.18s, 109.85MB)
  Running img_11305.npy ... done (3.03s, 113.16MB)
  Running img_11306.npy ... done (3.10s, 114.36MB)
  Running img_11307.npy ... done (3.12s, 116.02MB)
  Running img_11308.npy ... done (3.11s, 114.55MB)
  Running img_11309.npy ... done (3.02s, 111.35MB)
  Running img_1131.npy ... done (3.11s, 111.77MB)
  Running img_11310.npy ... done (3.28s, 113.85MB)
  Running img_11311.npy ... done (3.17s, 112.19MB)
  Running img_11312.npy ... done (3.10s, 111.61MB)
  Running img_11313.npy ... done (3.44s, 113.14MB)
  Running img_11314.npy ... done (3.44s, 114.37MB)
  Running img_11315.npy ... done (3.23s, 114.00MB)
  Running img_11316.npy ... done (3.22s, 114.04MB)
  Running img_11317.npy ... done (3.21s, 112.59MB)
  Running img_11318.npy ... done (3.30s, 117.32MB)
  Running img_11319.npy ... done (3.07s, 119.41MB)
  Running img_1132.npy ... done (3.19s, 119.45MB)
  Running img_11320.npy ... done (3.19s, 119.04MB)
  Running img_11321.npy ... done (3.14s, 111.88MB)
  Running img_11322.npy ... done (3.13s, 111.92MB)
  Running img_11323.npy ... done (3.20s, 114.27MB)
  Running img_11324.npy ... done (3.09s, 114.75MB)
  Running img_11325.npy ... done (3.15s, 119.89MB)
  Running img_11326.npy ... done (3.23s, 120.38MB)
  Running img_11327.npy ... done (3.45s, 118.49MB)
  Running img_11328.npy ... done (3.15s, 111.35MB)
  Running img_11329.npy ... done (3.08s, 113.14MB)
  Running img_1133.npy ... done (3.24s, 111.06MB)
  Running img_11330.npy ... done (3.32s, 113.70MB)
  Running img_11331.npy ... done (3.14s, 126.89MB)
  Running img_11332.npy ... done (3.20s, 113.37MB)
  Running img_11333.npy ... done (3.11s, 114.58MB)
  Running img_11334.npy ... done (2.95s, 115.30MB)
  Running img_11335.npy ... done (3.07s, 119.36MB)
  Running img_11336.npy ... done (3.02s, 121.46MB)
  Running img_11337.npy ... done (3.15s, 117.85MB)
  Running img_11338.npy ... done (3.17s, 118.38MB)
  Running img_11339.npy ... done (3.19s, 132.32MB)
  Running img_1134.npy ... done (3.20s, 132.47MB)
  Running img_11340.npy ... done (3.21s, 131.04MB)
  Running img_11341.npy ... done (3.43s, 131.85MB)
  Running img_11342.npy ... done (2.99s, 134.01MB)
  Running img_11343.npy ... done (3.14s, 114.45MB)
  Running img_11344.npy ... done (3.09s, 115.25MB)
  Running img_11345.npy ... done (2.89s, 119.09MB)
  Running img_11346.npy ... done (3.27s, 118.94MB)
  Running img_11347.npy ... done (3.00s, 122.73MB)
  Running img_11348.npy ... done (2.97s, 130.32MB)
  Running img_11349.npy ... done (3.11s, 132.09MB)
  Running img_1135.npy ... done (3.19s, 132.14MB)
  Running img_11350.npy ... done (2.98s, 132.96MB)
  Running img_11351.npy ... done (3.16s, 132.67MB)
  Running img_11352.npy ... done (3.04s, 113.76MB)
  Running img_11353.npy ... done (3.22s, 114.83MB)
  Running img_11354.npy ... done (3.25s, 115.07MB)
  Running img_11355.npy ... done (3.56s, 113.93MB)
  Running img_11356.npy ... done (2.98s, 111.88MB)
  Running img_11357.npy ... done (3.15s, 111.02MB)
  Running img_11358.npy ... done (3.28s, 110.71MB)
  Running img_11359.npy ... done (3.11s, 111.42MB)
  Running img_1136.npy ... done (3.15s, 114.93MB)
  Running img_11360.npy ... done (2.99s, 116.21MB)
  Running img_11361.npy ... done (3.20s, 115.02MB)
  Running img_11362.npy ... done (3.13s, 114.82MB)
  Running img_11363.npy ... done (3.08s, 112.96MB)
  Running img_11364.npy ... done (2.75s, 115.86MB)
  Running img_11365.npy ... done (3.16s, 113.81MB)
  Running img_11366.npy ... done (3.10s, 111.93MB)
  Running img_11367.npy ... done (3.21s, 113.79MB)
  Running img_11368.npy ... done (3.13s, 113.22MB)
  Running img_11369.npy ... done (3.56s, 118.08MB)
  Running img_1137.npy ... done (2.97s, 119.83MB)
  Running img_11370.npy ... done (3.24s, 120.57MB)
  Running img_11371.npy ... done (2.97s, 118.40MB)
  Running img_11372.npy ... done (3.03s, 119.92MB)
  Running img_11373.npy ... done (2.89s, 112.31MB)
  Running img_11374.npy ... done (3.21s, 113.55MB)
  Running img_11375.npy ... done (3.02s, 116.20MB)
  Running img_11376.npy ... done (3.23s, 119.07MB)
  Running img_11377.npy ... done (2.95s, 119.25MB)
  Running img_11378.npy ... done (3.02s, 121.73MB)
  Running img_11379.npy ... done (3.18s, 122.80MB)
  Running img_1138.npy ... done (3.13s, 122.85MB)
  Running img_11380.npy ... done (3.19s, 127.57MB)
  Running img_11381.npy ... done (3.23s, 127.35MB)
  Running img_11382.npy ... done (3.16s, 128.27MB)
  Running img_11383.npy ... done (3.51s, 111.97MB)
  Running img_11384.npy ... done (3.01s, 113.49MB)
  Running img_11385.npy ... done (2.96s, 116.60MB)
  Running img_11386.npy ... done (3.10s, 119.89MB)
  Running img_11387.npy ... done (2.92s, 122.32MB)
  Running img_11388.npy ... done (3.21s, 127.31MB)
  Running img_11389.npy ... done (3.12s, 132.41MB)
  Running img_1139.npy ... done (3.13s, 133.39MB)
  Running img_11390.npy ... done (3.21s, 133.70MB)
  Running img_11391.npy ... done (3.06s, 132.94MB)
  Running img_11392.npy ... done (3.00s, 114.43MB)
  Running img_11393.npy ... done (3.17s, 112.88MB)
  Running img_11394.npy ... done (3.12s, 114.91MB)
  Running img_11395.npy ... done (3.17s, 112.53MB)
  Running img_11396.npy ... done (3.23s, 116.99MB)
  Running img_11397.npy ... done (3.80s, 118.50MB)
  Running img_11398.npy ... done (3.27s, 126.86MB)
  Running img_11399.npy ... done (3.16s, 112.17MB)
  Running img_114.npy ... done (3.12s, 114.78MB)
  Running img_1140.npy ... done (3.01s, 114.26MB)
  Running img_11400.npy ... done (3.21s, 115.10MB)
  Running img_11401.npy ... done (3.10s, 115.12MB)
  Running img_11402.npy ... done (3.06s, 113.92MB)
  Running img_11403.npy ... done (2.96s, 115.17MB)
  Running img_11404.npy ... done (3.22s, 114.53MB)
  Running img_11405.npy ... done (3.08s, 112.84MB)
  Running img_11406.npy ... done (2.91s, 113.09MB)
  Running img_11407.npy ... done (2.91s, 114.29MB)
  Running img_11408.npy ... done (2.78s, 111.31MB)
  Running img_11409.npy ... done (2.91s, 113.97MB)
  Running img_1141.npy ... done (2.89s, 113.38MB)
  Running img_11410.npy ... done (3.20s, 111.68MB)
  Running img_11411.npy ... done (2.86s, 112.22MB)
  Running img_11412.npy ... done (3.00s, 112.15MB)
  Running img_11413.npy ... done (2.92s, 115.39MB)
  Running img_11414.npy ... done (2.88s, 117.48MB)
  Running img_11415.npy ... done (2.78s, 119.98MB)
  Running img_11416.npy ... done (2.87s, 119.16MB)
  Running img_11417.npy ... done (2.85s, 119.40MB)
  Running img_11418.npy ... done (2.72s, 120.80MB)
  Running img_11419.npy ... done (2.78s, 122.75MB)
  Running img_1142.npy ... done (2.92s, 112.14MB)
  Running img_11420.npy ... done (2.83s, 111.95MB)
  Running img_11421.npy ... done (2.73s, 113.50MB)
  Running img_11422.npy ... done (2.76s, 117.71MB)
  Running img_11423.npy ... done (2.87s, 120.17MB)
  Running img_11424.npy ... done (2.90s, 125.84MB)
  Running img_11425.npy ... done (3.22s, 124.55MB)
  Running img_11426.npy ... done (3.06s, 126.71MB)
  Running img_11427.npy ... done (2.87s, 127.96MB)
  Running img_11428.npy ... done (2.91s, 132.69MB)
  Running img_11429.npy ... done (2.97s, 130.60MB)
  Running img_1143.npy ... done (2.95s, 128.14MB)
  Running img_11430.npy ... done (2.90s, 120.97MB)
  Running img_11431.npy ... done (2.80s, 115.39MB)
  Running img_11432.npy ... done (2.77s, 113.82MB)
  Running img_11433.npy ... done (2.90s, 114.94MB)
  Running img_11434.npy ... done (2.89s, 118.08MB)
  Running img_11435.npy ... done (2.89s, 121.59MB)
  Running img_11436.npy ... done (2.68s, 123.50MB)
  Running img_11437.npy ... done (2.72s, 126.71MB)
  Running img_11438.npy ... done (2.87s, 125.19MB)
  Running img_11439.npy ... done (3.03s, 126.72MB)
  Running img_1144.npy ... done (2.78s, 125.01MB)
  Running img_11440.npy ... done (3.27s, 127.62MB)
  Running img_11441.npy ... done (2.71s, 113.76MB)
  Running img_11442.npy ... done (2.93s, 113.46MB)
  Running img_11443.npy ... done (2.92s, 112.75MB)
  Running img_11444.npy ... done (3.00s, 120.95MB)
  Running img_11445.npy ... done (2.92s, 120.96MB)
  Running img_11446.npy ... done (2.84s, 126.73MB)
  Running img_11447.npy ... done (2.93s, 124.36MB)
  Running img_11448.npy ... done (3.01s, 122.87MB)
  Running img_11449.npy ... done (2.85s, 123.04MB)
  Running img_1145.npy ... done (2.75s, 121.94MB)
  Running img_11450.npy ... done (2.71s, 121.85MB)
  Running img_11451.npy ... done (2.73s, 119.39MB)
  Running img_11452.npy ... done (2.85s, 113.14MB)
  Running img_11453.npy ... done (2.98s, 112.03MB)
  Running img_11454.npy ... done (2.94s, 115.95MB)
  Running img_11455.npy ... done (3.09s, 120.27MB)
  Running img_11456.npy ... done (3.03s, 119.17MB)
  Running img_11457.npy ... done (2.96s, 124.21MB)
  Running img_11458.npy ... done (2.79s, 125.13MB)
  Running img_11459.npy ... done (2.96s, 124.09MB)
  Running img_1146.npy ... done (2.87s, 121.63MB)
  Running img_11460.npy ... done (2.91s, 120.45MB)
  Running img_11461.npy ... done (2.89s, 117.68MB)
  Running img_11462.npy ... done (2.95s, 118.90MB)
  Running img_11463.npy ... done (2.80s, 112.07MB)
  Running img_11464.npy ... done (3.01s, 113.72MB)
  Running img_11465.npy ... done (2.80s, 114.84MB)
  Running img_11466.npy ... done (2.80s, 119.47MB)
  Running img_11467.npy ... done (2.77s, 118.23MB)
  Running img_11468.npy ... done (2.89s, 119.97MB)
  Running img_11469.npy ... done (2.84s, 118.66MB)
  Running img_1147.npy ... done (3.04s, 120.15MB)
  Running img_11470.npy ... done (3.43s, 119.31MB)
  Running img_11471.npy ... done (2.89s, 119.35MB)
  Running img_11472.npy ... done (2.74s, 119.48MB)
  Running img_11473.npy ... done (2.94s, 121.10MB)
  Running img_11474.npy ... done (2.95s, 111.80MB)
  Running img_11475.npy ... done (2.92s, 113.68MB)
  Running img_11476.npy ... done (2.71s, 114.18MB)
  Running img_11477.npy ... done (2.88s, 120.48MB)
  Running img_11478.npy ... done (2.63s, 118.59MB)
  Running img_11479.npy ... done (2.86s, 118.63MB)
  Running img_1148.npy ... done (2.88s, 117.40MB)
  Running img_11480.npy ... done (2.83s, 120.06MB)
  Running img_11481.npy ... done (2.69s, 120.26MB)
  Running img_11482.npy ... done (2.88s, 120.97MB)
  Running img_11483.npy ... done (2.87s, 112.74MB)
  Running img_11484.npy ... done (2.82s, 111.61MB)
  Running img_11485.npy ... done (2.93s, 113.68MB)
  Running img_11486.npy ... done (3.37s, 117.84MB)
  Running img_11487.npy ... done (2.87s, 118.20MB)
  Running img_11488.npy ... done (2.74s, 109.45MB)
  Running img_11489.npy ... done (2.81s, 110.61MB)
  Running img_1149.npy ... done (2.95s, 113.96MB)
  Running img_11490.npy ... done (2.88s, 113.21MB)
  Running img_11491.npy ... done (2.92s, 114.74MB)
  Running img_11492.npy ... done (2.89s, 113.12MB)
  Running img_11493.npy ... done (2.87s, 115.34MB)
  Running img_11494.npy ... done (2.82s, 113.70MB)
  Running img_11495.npy ... done (2.92s, 115.25MB)
  Running img_11496.npy ... done (2.85s, 110.54MB)
  Running img_11497.npy ... done (2.75s, 113.50MB)
  Running img_11498.npy ... done (2.80s, 111.17MB)
  Running img_11499.npy ... done (2.89s, 112.15MB)
  Running img_115.npy ... done (2.85s, 112.49MB)
  Running img_1150.npy ... done (2.84s, 114.66MB)
  Running img_11500.npy ... done (2.87s, 114.29MB)
  Running img_11501.npy ... done (2.73s, 115.17MB)
  Running img_11502.npy ... done (2.65s, 113.18MB)
  Running img_11503.npy ... done (2.91s, 114.26MB)
  Running img_11504.npy ... done (3.57s, 113.44MB)
  Running img_11505.npy ... done (2.95s, 115.14MB)
  Running img_11506.npy ... done (2.72s, 112.79MB)
  Running img_11507.npy ... done (2.89s, 113.73MB)
  Running img_11508.npy ... done (2.86s, 113.30MB)
  Running img_11509.npy ... done (2.89s, 112.29MB)
  Running img_1151.npy ... done (2.88s, 113.19MB)
  Running img_11510.npy ... done (2.81s, 114.59MB)
  Running img_11511.npy ... done (2.89s, 115.21MB)
  Running img_11512.npy ... done (2.72s, 114.31MB)
  Running img_11513.npy ... done (2.91s, 111.93MB)
  Running img_11514.npy ... done (2.90s, 112.99MB)
  Running img_11515.npy ... done (2.91s, 114.52MB)
  Running img_11516.npy ... done (2.91s, 115.18MB)
  Running img_11517.npy ... done (2.91s, 115.69MB)
  Running img_11518.npy ... done (2.92s, 113.96MB)
  Running img_11519.npy ... done (2.93s, 114.38MB)
  Running img_1152.npy ... done (2.81s, 117.59MB)
  Running img_11520.npy ... done (2.83s, 117.32MB)
  Running img_11521.npy ... done (2.88s, 115.63MB)
  Running img_11522.npy ... done (3.39s, 118.99MB)
  Running img_11523.npy ... done (2.96s, 114.52MB)
  Running img_11524.npy ... done (2.83s, 110.80MB)
  Running img_11525.npy ... done (2.82s, 115.22MB)
  Running img_11526.npy ... done (2.72s, 119.85MB)
  Running img_11527.npy ... done (2.72s, 120.90MB)
  Running img_11528.npy ... done (2.93s, 120.55MB)
  Running img_11529.npy ... done (2.76s, 120.33MB)
  Running img_1153.npy ... done (2.78s, 119.54MB)
  Running img_11530.npy ... done (2.84s, 119.37MB)
  Running img_11531.npy ... done (2.88s, 120.59MB)
  Running img_11532.npy ... done (2.69s, 120.89MB)
  Running img_11533.npy ... done (2.82s, 121.91MB)
  Running img_11534.npy ... done (2.79s, 117.41MB)
  Running img_11535.npy ... done (2.91s, 112.54MB)
  Running img_11536.npy ... done (2.96s, 114.50MB)
  Running img_11537.npy ... done (2.85s, 116.75MB)
  Running img_11538.npy ... done (2.90s, 119.88MB)
  Running img_11539.npy ... done (2.93s, 120.22MB)
  Running img_1154.npy ... done (2.70s, 123.39MB)
  Running img_11540.npy ... done (2.97s, 123.80MB)
  Running img_11541.npy ... done (3.44s, 127.06MB)
  Running img_11542.npy ... done (2.96s, 126.16MB)
  Running img_11543.npy ... done (2.85s, 121.42MB)
  Running img_11544.npy ... done (2.88s, 123.33MB)
  Running img_11545.npy ... done (2.84s, 124.12MB)
  Running img_11546.npy ... done (2.92s, 112.84MB)
  Running img_11547.npy ... done (2.91s, 114.04MB)
  Running img_11548.npy ... done (2.99s, 113.79MB)
  Running img_11549.npy ... done (2.88s, 119.87MB)
  Running img_1155.npy ... done (2.95s, 120.46MB)
  Running img_11550.npy ... done (2.74s, 121.22MB)
  Running img_11551.npy ... done (2.90s, 120.73MB)
  Running img_11552.npy ... done (2.87s, 120.42MB)
  Running img_11553.npy ... done (2.74s, 119.41MB)
  Running img_11554.npy ... done (2.87s, 120.58MB)
  Running img_11555.npy ... done (2.94s, 119.45MB)
  Running img_11556.npy ... done (2.89s, 121.29MB)
  Running img_11557.npy ... done (3.01s, 114.88MB)
  Running img_11558.npy ... done (2.88s, 113.37MB)
  Running img_11559.npy ... done (3.32s, 112.29MB)
  Running img_1156.npy ... done (3.00s, 116.35MB)
  Running img_11560.npy ... done (2.93s, 113.46MB)
  Running img_11561.npy ... done (2.91s, 113.35MB)
  Running img_11562.npy ... done (3.03s, 114.49MB)
  Running img_11563.npy ... done (2.77s, 112.96MB)
  Running img_11564.npy ... done (2.95s, 112.21MB)
  Running img_11565.npy ... done (2.86s, 112.83MB)
  Running img_11566.npy ... done (2.83s, 112.80MB)
  Running img_11567.npy ... done (2.75s, 112.02MB)
  Running img_11568.npy ... done (2.78s, 110.54MB)
  Running img_11569.npy ... done (2.72s, 110.54MB)
  Running img_1157.npy ... done (2.88s, 111.67MB)
  Running img_11570.npy ... done (2.91s, 110.97MB)
  Running img_11571.npy ... done (3.00s, 111.55MB)
  Running img_11572.npy ... done (2.81s, 117.33MB)
  Running img_11573.npy ... done (2.94s, 120.18MB)
  Running img_11574.npy ... done (2.79s, 119.17MB)
  Running img_11575.npy ... done (2.90s, 124.29MB)
  Running img_11576.npy ... done (2.86s, 127.55MB)
  Running img_11577.npy ... done (3.45s, 124.11MB)
  Running img_11578.npy ... done (2.71s, 114.44MB)
  Running img_11579.npy ... done (2.81s, 115.47MB)
  Running img_1158.npy ... done (2.91s, 111.79MB)
  Running img_11580.npy ... done (2.83s, 113.18MB)
  Running img_11581.npy ... done (2.78s, 115.27MB)
  Running img_11582.npy ... done (2.84s, 113.76MB)
  Running img_11583.npy ... done (2.75s, 112.39MB)
  Running img_11584.npy ... done (2.73s, 111.62MB)
  Running img_11585.npy ... done (2.82s, 112.03MB)
  Running img_11586.npy ... done (2.98s, 116.90MB)
  Running img_11587.npy ... done (2.88s, 132.15MB)
  Running img_11588.npy ... done (2.81s, 134.21MB)
  Running img_11589.npy ... done (2.79s, 131.71MB)
  Running img_1159.npy ... done (2.80s, 119.09MB)
  Running img_11590.npy ... done (2.57s, 115.11MB)
  Running img_11591.npy ... done (2.71s, 115.56MB)
  Running img_11592.npy ... done (2.88s, 118.61MB)
  Running img_11593.npy ... done (2.88s, 114.57MB)
  Running img_11594.npy ... done (3.27s, 112.06MB)
  Running img_11595.npy ... done (2.95s, 111.94MB)
  Running img_11596.npy ... done (2.74s, 116.27MB)
  Running img_11597.npy ... done (2.97s, 117.06MB)
  Running img_11598.npy ... done (2.86s, 118.36MB)
  Running img_11599.npy ... done (2.91s, 114.05MB)
  Running img_116.npy ... done (2.83s, 115.22MB)
  Running img_1160.npy ... done (2.92s, 113.68MB)
  Running img_11600.npy ... done (2.81s, 113.19MB)
  Running img_11601.npy ... done (2.91s, 113.68MB)
  Running img_11602.npy ... done (2.76s, 114.13MB)
  Running img_11603.npy ... done (2.67s, 112.53MB)
  Running img_11604.npy ... done (2.88s, 113.58MB)
  Running img_11605.npy ... done (2.86s, 113.50MB)
  Running img_11606.npy ... done (2.79s, 115.18MB)
  Running img_11607.npy ... done (2.88s, 113.20MB)
  Running img_11608.npy ... done (2.96s, 114.03MB)
  Running img_11609.npy ... done (2.86s, 114.57MB)
  Running img_1161.npy ... done (2.84s, 115.00MB)
  Running img_11610.npy ... done (3.24s, 112.87MB)
  Running img_11611.npy ... done (3.02s, 114.73MB)
  Running img_11612.npy ... done (2.69s, 112.52MB)
  Running img_11613.npy ... done (2.77s, 112.60MB)
  Running img_11614.npy ... done (2.86s, 111.79MB)
  Running img_11615.npy ... done (2.98s, 115.89MB)
  Running img_11616.npy ... done (2.84s, 115.57MB)
  Running img_11617.npy ... done (2.64s, 116.13MB)
  Running img_11618.npy ... done (2.85s, 117.07MB)
  Running img_11619.npy ... done (2.97s, 112.92MB)
  Running img_1162.npy ... done (2.77s, 113.79MB)
  Running img_11620.npy ... done (2.94s, 113.82MB)
  Running img_11621.npy ... done (2.78s, 117.30MB)
  Running img_11622.npy ... done (2.85s, 119.20MB)
  Running img_11623.npy ... done (2.92s, 120.41MB)
  Running img_11624.npy ... done (2.89s, 120.26MB)
  Running img_11625.npy ... done (2.82s, 120.55MB)
  Running img_11626.npy ... done (2.90s, 120.96MB)
  Running img_11627.npy ... done (2.77s, 121.57MB)
  Running img_11628.npy ... done (3.61s, 120.89MB)
  Running img_11629.npy ... done (2.72s, 113.30MB)
  Running img_1163.npy ... done (2.89s, 113.38MB)
  Running img_11630.npy ... done (2.79s, 115.44MB)
  Running img_11631.npy ... done (2.85s, 119.60MB)
  Running img_11632.npy ... done (2.86s, 121.57MB)
  Running img_11633.npy ... done (2.86s, 122.52MB)
  Running img_11634.npy ... done (2.83s, 124.28MB)
  Running img_11635.npy ... done (2.84s, 124.51MB)
  Running img_11636.npy ... done (2.81s, 126.11MB)
  Running img_11637.npy ... done (2.90s, 125.66MB)
  Running img_11638.npy ... done (2.80s, 125.27MB)
  Running img_11639.npy ... done (2.86s, 127.32MB)
  Running img_1164.npy ... done (2.89s, 113.17MB)
  Running img_11640.npy ... done (2.94s, 110.58MB)
  Running img_11641.npy ... done (2.90s, 113.08MB)
  Running img_11642.npy ... done (2.96s, 115.63MB)
  Running img_11643.npy ... done (2.77s, 120.11MB)
  Running img_11644.npy ... done (2.62s, 121.50MB)
  Running img_11645.npy ... done (3.45s, 127.36MB)
  Running img_11646.npy ... done (2.64s, 128.49MB)
  Running img_11647.npy ... done (2.58s, 132.14MB)
  Running img_11648.npy ... done (2.66s, 129.80MB)
  Running img_11649.npy ... done (2.65s, 127.64MB)
  Running img_1165.npy ... done (2.68s, 125.68MB)
  Running img_11650.npy ... done (2.61s, 111.74MB)
  Running img_11651.npy ... done (2.60s, 113.95MB)
  Running img_11652.npy ... done (2.58s, 115.58MB)
  Running img_11653.npy ... done (2.72s, 119.12MB)
  Running img_11654.npy ... done (2.66s, 119.79MB)
  Running img_11655.npy ... done (2.73s, 119.89MB)
  Running img_11656.npy ... done (2.66s, 120.52MB)
  Running img_11657.npy ... done (2.81s, 120.39MB)
  Running img_11658.npy ... done (2.70s, 118.41MB)
  Running img_11659.npy ... done (2.67s, 118.56MB)
  Running img_1166.npy ... done (2.67s, 118.54MB)
  Running img_11660.npy ... done (3.30s, 120.72MB)
  Running img_11661.npy ... done (2.76s, 112.79MB)
  Running img_11662.npy ... done (2.92s, 112.79MB)
  Running img_11663.npy ... done (2.88s, 111.72MB)
  Running img_11664.npy ... done (2.93s, 114.00MB)
  Running img_11665.npy ... done (2.85s, 118.91MB)
  Running img_11666.npy ... done (2.94s, 119.27MB)
  Running img_11667.npy ... done (2.81s, 120.45MB)
  Running img_11668.npy ... done (2.73s, 118.41MB)
  Running img_11669.npy ... done (2.95s, 118.21MB)
  Running img_1167.npy ... done (2.82s, 115.46MB)
  Running img_11670.npy ... done (2.89s, 114.83MB)
  Running img_11671.npy ... done (2.87s, 115.32MB)
  Running img_11672.npy ... done (2.77s, 115.32MB)
  Running img_11673.npy ... done (2.83s, 112.18MB)
  Running img_11674.npy ... done (2.83s, 114.95MB)
  Running img_11675.npy ... done (2.90s, 113.12MB)
  Running img_11676.npy ... done (2.94s, 114.45MB)
  Running img_11677.npy ... done (2.69s, 112.05MB)
  Running img_11678.npy ... done (2.89s, 113.95MB)
  Running img_11679.npy ... done (2.89s, 114.16MB)
  Running img_1168.npy ... done (3.55s, 117.79MB)
  Running img_11680.npy ... done (2.70s, 113.01MB)
  Running img_11681.npy ... done (2.85s, 112.21MB)
  Running img_11682.npy ... done (2.73s, 114.46MB)
  Running img_11683.npy ... done (2.87s, 114.76MB)
  Running img_11684.npy ... done (2.88s, 114.51MB)
  Running img_11685.npy ... done (2.89s, 113.62MB)
  Running img_11686.npy ... done (2.84s, 114.42MB)
  Running img_11687.npy ... done (2.88s, 112.89MB)
  Running img_11688.npy ... done (2.95s, 112.10MB)
  Running img_11689.npy ... done (2.99s, 113.62MB)
  Running img_1169.npy ... done (2.88s, 115.46MB)
  Running img_11690.npy ... done (2.91s, 115.78MB)
  Running img_11691.npy ... done (2.92s, 114.77MB)
  Running img_11692.npy ... done (2.98s, 112.13MB)
  Running img_11693.npy ... done (2.78s, 113.59MB)
  Running img_11694.npy ... done (2.72s, 113.04MB)
  Running img_11695.npy ... done (2.98s, 114.54MB)
  Running img_11696.npy ... done (2.98s, 114.20MB)
  Running img_11697.npy ... done (2.90s, 112.20MB)
  Running img_11698.npy ... done (2.93s, 112.64MB)
  Running img_11699.npy ... done (2.88s, 114.65MB)
  Running img_117.npy ... done (2.89s, 113.27MB)
  Running img_1170.npy ... done (2.91s, 115.58MB)
  Running img_11700.npy ... done (2.91s, 115.28MB)
  Running img_11701.npy ... done (2.84s, 116.49MB)
  Running img_11702.npy ... done (2.92s, 114.71MB)
  Running img_11703.npy ... done (2.81s, 113.16MB)
  Running img_11704.npy ... done (2.86s, 117.24MB)
  Running img_11705.npy ... done (2.70s, 119.43MB)
  Running img_11706.npy ... done (2.77s, 117.63MB)
  Running img_11707.npy ... done (2.90s, 120.33MB)
  Running img_11708.npy ... done (2.92s, 118.62MB)
  Running img_11709.npy ... done (2.72s, 119.89MB)
  Running img_1171.npy ... done (2.72s, 116.68MB)
  Running img_11710.npy ... done (2.79s, 119.31MB)
  Running img_11711.npy ... done (3.45s, 119.23MB)
  Running img_11712.npy ... done (2.75s, 110.57MB)
  Running img_11713.npy ... done (2.79s, 112.03MB)
  Running img_11714.npy ... done (2.90s, 114.08MB)
  Running img_11715.npy ... done (2.88s, 118.27MB)
  Running img_11716.npy ... done (2.95s, 120.66MB)
  Running img_11717.npy ... done (2.92s, 119.98MB)
  Running img_11718.npy ... done (2.94s, 120.78MB)
  Running img_11719.npy ... done (3.00s, 121.36MB)
  Running img_1172.npy ... done (2.78s, 119.63MB)
  Running img_11720.npy ... done (2.70s, 120.03MB)
  Running img_11721.npy ... done (2.91s, 121.23MB)
  Running img_11722.npy ... done (2.88s, 121.19MB)
  Running img_11723.npy ... done (2.84s, 122.14MB)
  Running img_11724.npy ... done (2.91s, 109.17MB)
  Running img_11725.npy ... done (2.87s, 114.30MB)
  Running img_11726.npy ... done (2.78s, 116.19MB)
  Running img_11727.npy ... done (3.13s, 119.74MB)
  Running img_11728.npy ... done (3.09s, 118.89MB)
  Running img_11729.npy ... done (2.65s, 120.68MB)
  Running img_1173.npy ... done (2.85s, 120.49MB)
  Running img_11730.npy ... done (2.63s, 119.18MB)
  Running img_11731.npy ... done (2.91s, 119.39MB)
  Running img_11732.npy ... done (2.75s, 120.62MB)
  Running img_11733.npy ... done (2.78s, 118.59MB)
  Running img_11734.npy ... done (2.89s, 115.80MB)
  Running img_11735.npy ... done (2.73s, 112.39MB)
  Running img_11736.npy ... done (2.79s, 112.80MB)
  Running img_11737.npy ... done (2.79s, 116.34MB)
  Running img_11738.npy ... done (2.98s, 115.72MB)
  Running img_11739.npy ... done (3.01s, 113.05MB)
  Running img_1174.npy ... done (2.88s, 112.52MB)
  Running img_11740.npy ... done (2.69s, 113.94MB)
  Running img_11741.npy ... done (2.83s, 114.09MB)
  Running img_11742.npy ... done (2.85s, 114.72MB)
  Running img_11743.npy ... done (2.81s, 114.99MB)
  Running img_11744.npy ... done (3.22s, 114.28MB)
  Running img_11745.npy ... done (2.94s, 114.86MB)
  Running img_11746.npy ... done (2.68s, 112.19MB)
  Running img_11747.npy ... done (2.79s, 114.76MB)
  Running img_11748.npy ... done (2.85s, 109.76MB)
  Running img_11749.npy ... done (2.89s, 110.83MB)
  Running img_1175.npy ... done (2.81s, 109.08MB)
  Running img_11750.npy ... done (2.93s, 113.57MB)
  Running img_11751.npy ... done (2.77s, 113.58MB)
  Running img_11752.npy ... done (2.73s, 115.20MB)
  Running img_11753.npy ... done (2.93s, 113.63MB)
  Running img_11754.npy ... done (2.80s, 115.47MB)
  Running img_11755.npy ... done (2.83s, 115.56MB)
  Running img_11756.npy ... done (2.74s, 112.82MB)
  Running img_11757.npy ... done (2.82s, 112.03MB)
  Running img_11758.npy ... done (2.93s, 112.50MB)
  Running img_11759.npy ... done (2.90s, 120.99MB)
  Running img_1176.npy ... done (3.26s, 122.59MB)
  Running img_11760.npy ... done (2.63s, 130.40MB)
  Running img_11761.npy ... done (2.86s, 131.50MB)
  Running img_11762.npy ... done (2.89s, 132.21MB)
  Running img_11763.npy ... done (2.73s, 133.11MB)
  Running img_11764.npy ... done (2.83s, 132.58MB)
  Running img_11765.npy ... done (2.96s, 113.74MB)
  Running img_11766.npy ... done (2.71s, 111.79MB)
  Running img_11767.npy ... done (2.82s, 116.11MB)
  Running img_11768.npy ... done (2.83s, 118.60MB)
  Running img_11769.npy ... done (2.89s, 122.84MB)
  Running img_1177.npy ... done (2.92s, 112.56MB)
  Running img_11770.npy ... done (2.87s, 114.15MB)
  Running img_11771.npy ... done (2.88s, 113.62MB)
  Running img_11772.npy ... done (2.97s, 115.07MB)
  Running img_11773.npy ... done (2.77s, 114.55MB)
  Running img_11774.npy ... done (2.82s, 115.43MB)
  Running img_11775.npy ... done (2.84s, 115.40MB)
  Running img_11776.npy ... done (2.81s, 115.72MB)
  Running img_11777.npy ... done (3.14s, 118.94MB)
  Running img_11778.npy ... done (3.15s, 117.08MB)
  Running img_11779.npy ... done (2.85s, 119.59MB)
  Running img_1178.npy ... done (2.80s, 118.18MB)
  Running img_11780.npy ... done (2.85s, 119.68MB)
  Running img_11781.npy ... done (2.93s, 121.26MB)
  Running img_11782.npy ... done (2.81s, 120.82MB)
  Running img_11783.npy ... done (2.81s, 120.16MB)
  Running img_11784.npy ... done (2.87s, 119.44MB)
  Running img_11785.npy ... done (2.93s, 112.14MB)
  Running img_11786.npy ... done (2.82s, 114.13MB)
  Running img_11787.npy ... done (2.74s, 115.36MB)
  Running img_11788.npy ... done (2.91s, 119.73MB)
  Running img_11789.npy ... done (2.89s, 120.19MB)
  Running img_1179.npy ... done (2.83s, 122.01MB)
  Running img_11790.npy ... done (2.84s, 121.34MB)
  Running img_11791.npy ... done (2.77s, 121.34MB)
  Running img_11792.npy ... done (2.95s, 120.52MB)
  Running img_11793.npy ... done (3.57s, 121.15MB)
  Running img_11794.npy ... done (2.69s, 119.20MB)
  Running img_11795.npy ... done (2.71s, 117.24MB)
  Running img_11796.npy ... done (2.74s, 112.87MB)
  Running img_11797.npy ... done (2.92s, 115.08MB)
  Running img_11798.npy ... done (2.93s, 115.79MB)
  Running img_11799.npy ... done (2.73s, 119.54MB)
  Running img_118.npy ... done (2.65s, 117.09MB)
  Running img_1180.npy ... done (2.82s, 114.05MB)
  Running img_11800.npy ... done (2.90s, 115.51MB)
  Running img_11801.npy ... done (2.89s, 114.61MB)
  Running img_11802.npy ... done (2.90s, 111.81MB)
  Running img_11803.npy ... done (2.83s, 112.02MB)
  Running img_11804.npy ... done (2.76s, 112.83MB)
  Running img_11805.npy ... done (2.69s, 113.28MB)
  Running img_11806.npy ... done (2.90s, 112.72MB)
  Running img_11807.npy ... done (2.71s, 112.13MB)
  Running img_11808.npy ... done (2.69s, 111.36MB)
  Running img_11809.npy ... done (3.49s, 113.05MB)
  Running img_1181.npy ... done (2.97s, 119.29MB)
  Running img_11810.npy ... done (2.95s, 120.60MB)
  Running img_11811.npy ... done (2.81s, 120.94MB)
  Running img_11812.npy ... done (2.89s, 122.69MB)
  Running img_11813.npy ... done (2.83s, 123.73MB)
  Running img_11814.npy ... done (2.82s, 121.95MB)
  Running img_11815.npy ... done (2.84s, 124.14MB)
  Running img_11816.npy ... done (2.91s, 125.12MB)
  Running img_11817.npy ... done (2.81s, 125.99MB)
  Running img_11818.npy ... done (2.86s, 113.04MB)
  Running img_11819.npy ... done (2.80s, 113.59MB)
  Running img_1182.npy ... done (2.82s, 115.29MB)
  Running img_11820.npy ... done (2.73s, 117.25MB)
  Running img_11821.npy ... done (2.90s, 120.71MB)
  Running img_11822.npy ... done (2.99s, 122.96MB)
  Running img_11823.npy ... done (2.94s, 125.10MB)
  Running img_11824.npy ... done (2.93s, 125.79MB)
  Running img_11825.npy ... done (3.52s, 132.53MB)
  Running img_11826.npy ... done (2.87s, 132.13MB)
  Running img_11827.npy ... done (2.86s, 132.74MB)
  Running img_11828.npy ... done (2.99s, 131.68MB)
  Running img_11829.npy ... done (2.89s, 127.91MB)
  Running img_1183.npy ... done (2.86s, 112.57MB)
  Running img_11830.npy ... done (2.91s, 113.78MB)
  Running img_11831.npy ... done (3.00s, 113.32MB)
  Running img_11832.npy ... done (2.92s, 115.22MB)
  Running img_11833.npy ... done (2.91s, 120.53MB)
  Running img_11834.npy ... done (2.83s, 120.88MB)
  Running img_11835.npy ... done (2.74s, 121.71MB)
  Running img_11836.npy ... done (2.79s, 118.89MB)
  Running img_11837.npy ... done (2.83s, 121.34MB)
  Running img_11838.npy ... done (2.92s, 118.02MB)
  Running img_11839.npy ... done (3.38s, 118.86MB)
  Running img_1184.npy ... done (2.82s, 118.41MB)
  Running img_11840.npy ... done (2.87s, 115.84MB)
  Running img_11841.npy ... done (2.79s, 113.30MB)
  Running img_11842.npy ... done (2.95s, 116.07MB)
  Running img_11843.npy ... done (2.86s, 115.66MB)
  Running img_11844.npy ... done (2.84s, 116.18MB)
  Running img_11845.npy ... done (2.69s, 114.06MB)
  Running img_11846.npy ... done (2.83s, 115.51MB)
  Running img_11847.npy ... done (2.86s, 113.19MB)
  Running img_11848.npy ... done (2.89s, 114.96MB)
  Running img_11849.npy ... done (2.80s, 115.12MB)
  Running img_1185.npy ... done (2.90s, 113.18MB)
  Running img_11850.npy ... done (2.83s, 114.87MB)
  Running img_11851.npy ... done (2.76s, 113.44MB)
  Running img_11852.npy ... done (2.87s, 114.21MB)
  Running img_11853.npy ... done (2.91s, 114.33MB)
  Running img_11854.npy ... done (2.85s, 110.99MB)
  Running img_11855.npy ... done (2.89s, 111.23MB)
  Running img_11856.npy ... done (2.85s, 116.79MB)
  Running img_11857.npy ... done (3.06s, 124.08MB)
  Running img_11858.npy ... done (2.86s, 116.46MB)
  Running img_11859.npy ... done (2.92s, 112.63MB)
  Running img_1186.npy ... done (2.81s, 114.76MB)
  Running img_11860.npy ... done (2.90s, 114.08MB)
  Running img_11861.npy ... done (2.80s, 116.24MB)
  Running img_11862.npy ... done (2.82s, 115.07MB)
  Running img_11863.npy ... done (2.80s, 113.96MB)
  Running img_11864.npy ... done (2.83s, 113.04MB)
  Running img_11865.npy ... done (2.72s, 113.13MB)
  Running img_11866.npy ... done (2.89s, 114.45MB)
  Running img_11867.npy ... done (2.63s, 115.43MB)
  Running img_11868.npy ... done (2.89s, 117.36MB)
  Running img_11869.npy ... done (2.80s, 118.36MB)
  Running img_1187.npy ... done (2.83s, 116.03MB)
  Running img_11870.npy ... done (2.85s, 114.24MB)
  Running img_11871.npy ... done (2.85s, 114.18MB)
  Running img_11872.npy ... done (2.85s, 119.58MB)
  Running img_11873.npy ... done (3.26s, 120.41MB)
  Running img_11874.npy ... done (2.86s, 122.36MB)
  Running img_11875.npy ... done (2.81s, 123.47MB)
  Running img_11876.npy ... done (2.87s, 124.76MB)
  Running img_11877.npy ... done (2.79s, 122.57MB)
  Running img_11878.npy ... done (2.76s, 125.14MB)
  Running img_11879.npy ... done (2.82s, 125.08MB)
  Running img_1188.npy ... done (2.98s, 116.64MB)
  Running img_11880.npy ... done (2.85s, 110.87MB)
  Running img_11881.npy ... done (2.93s, 113.07MB)
  Running img_11882.npy ... done (2.67s, 115.40MB)
  Running img_11883.npy ... done (2.71s, 119.72MB)
  Running img_11884.npy ... done (2.82s, 120.71MB)
  Running img_11885.npy ... done (2.89s, 122.43MB)
  Running img_11886.npy ... done (2.88s, 125.54MB)
  Running img_11887.npy ... done (2.89s, 125.85MB)
  Running img_11888.npy ... done (2.77s, 120.25MB)
  Running img_11889.npy ... done (3.65s, 121.33MB)
  Running img_1189.npy ... done (2.93s, 120.93MB)
  Running img_11890.npy ... done (2.77s, 120.80MB)
  Running img_11891.npy ... done (2.67s, 111.59MB)
  Running img_11892.npy ... done (2.93s, 114.29MB)
  Running img_11893.npy ... done (2.65s, 113.46MB)
  Running img_11894.npy ... done (2.87s, 119.53MB)
  Running img_11895.npy ... done (2.95s, 118.46MB)
  Running img_11896.npy ... done (2.94s, 116.61MB)
  Running img_11897.npy ... done (2.90s, 114.06MB)
  Running img_11898.npy ... done (2.77s, 112.86MB)
  Running img_11899.npy ... done (2.80s, 112.48MB)
  Running img_119.npy ... done (2.89s, 114.14MB)
  Running img_1190.npy ... done (2.88s, 111.30MB)
  Running img_11900.npy ... done (2.93s, 113.19MB)
  Running img_11901.npy ... done (2.78s, 111.97MB)
  Running img_11902.npy ... done (2.80s, 111.50MB)
  Running img_11903.npy ... done (3.31s, 110.52MB)
  Running img_11904.npy ... done (3.01s, 112.62MB)
  Running img_11905.npy ... done (2.87s, 118.21MB)
  Running img_11906.npy ... done (2.80s, 119.32MB)
  Running img_11907.npy ... done (2.71s, 126.51MB)
  Running img_11908.npy ... done (2.78s, 128.49MB)
  Running img_11909.npy ... done (2.80s, 127.84MB)
  Running img_1191.npy ... done (3.00s, 127.33MB)
  Running img_11910.npy ... done (2.89s, 127.86MB)
  Running img_11911.npy ... done (2.62s, 127.06MB)
  Running img_11912.npy ... done (2.88s, 113.82MB)
  Running img_11913.npy ... done (2.84s, 111.09MB)
  Running img_11914.npy ... done (2.82s, 112.93MB)
  Running img_11915.npy ... done (2.74s, 114.54MB)
  Running img_11916.npy ... done (2.81s, 119.66MB)
  Running img_11917.npy ... done (2.92s, 119.96MB)
  Running img_11918.npy ... done (2.89s, 122.74MB)
  Running img_11919.npy ... done (2.96s, 126.54MB)
  Running img_1192.npy ... done (3.53s, 121.80MB)
  Running img_11920.npy ... done (2.97s, 121.10MB)
  Running img_11921.npy ... done (2.94s, 119.16MB)
  Running img_11922.npy ... done (2.97s, 120.38MB)
  Running img_11923.npy ... done (2.88s, 117.32MB)
  Running img_11924.npy ... done (3.00s, 118.50MB)
  Running img_11925.npy ... done (2.90s, 110.97MB)
  Running img_11926.npy ... done (2.95s, 113.80MB)
  Running img_11927.npy ... done (2.78s, 113.19MB)
  Running img_11928.npy ... done (2.83s, 114.33MB)
  Running img_11929.npy ... done (2.89s, 113.36MB)
  Running img_1193.npy ... done (2.72s, 113.77MB)
  Running img_11930.npy ... done (2.91s, 112.21MB)
  Running img_11931.npy ... done (2.91s, 112.71MB)
  Running img_11932.npy ... done (2.77s, 113.20MB)
  Running img_11933.npy ... done (2.94s, 111.82MB)
  Running img_11934.npy ... done (2.87s, 111.43MB)
  Running img_11935.npy ... done (3.45s, 113.26MB)
  Running img_11936.npy ... done (2.95s, 113.28MB)
  Running img_11937.npy ... done (2.87s, 112.59MB)
  Running img_11938.npy ... done (2.89s, 109.36MB)
  Running img_11939.npy ... done (2.82s, 116.01MB)
  Running img_1194.npy ... done (2.85s, 119.97MB)
  Running img_11940.npy ... done (2.92s, 123.14MB)
  Running img_11941.npy ... done (2.78s, 124.22MB)
  Running img_11942.npy ... done (2.95s, 125.73MB)
  Running img_11943.npy ... done (2.83s, 126.89MB)
  Running img_11944.npy ... done (2.95s, 127.44MB)
  Running img_11945.npy ... done (2.87s, 127.45MB)
  Running img_11946.npy ... done (2.97s, 131.66MB)
  Running img_11947.npy ... done (2.60s, 131.10MB)
  Running img_11948.npy ... done (2.89s, 114.83MB)
  Running img_11949.npy ... done (2.75s, 116.10MB)
  Running img_1195.npy ... done (2.71s, 120.35MB)
  Running img_11950.npy ... done (2.69s, 121.50MB)
  Running img_11951.npy ... done (3.44s, 129.16MB)
  Running img_11952.npy ... done (2.89s, 132.08MB)
  Running img_11953.npy ... done (2.86s, 132.62MB)
  Running img_11954.npy ... done (2.76s, 132.94MB)
  Running img_11955.npy ... done (3.03s, 132.02MB)
  Running img_11956.npy ... done (2.83s, 133.29MB)
  Running img_11957.npy ... done (2.97s, 113.94MB)
  Running img_11958.npy ... done (2.69s, 114.40MB)
  Running img_11959.npy ... done (2.70s, 119.66MB)
  Running img_1196.npy ... done (2.89s, 120.48MB)
  Running img_11960.npy ... done (2.93s, 122.93MB)
  Running img_11961.npy ... done (2.94s, 127.16MB)
  Running img_11962.npy ... done (2.87s, 127.20MB)
  Running img_11963.npy ... done (2.80s, 128.78MB)
  Running img_11964.npy ... done (2.94s, 126.96MB)
  Running img_11965.npy ... done (2.89s, 127.28MB)
  Running img_11966.npy ... done (2.87s, 126.88MB)
  Running img_11967.npy ... done (3.60s, 112.28MB)
  Running img_11968.npy ... done (2.79s, 111.55MB)
  Running img_11969.npy ... done (2.90s, 110.30MB)
  Running img_1197.npy ... done (2.85s, 113.15MB)
  Running img_11970.npy ... done (2.97s, 118.84MB)
  Running img_11971.npy ... done (2.91s, 122.15MB)
  Running img_11972.npy ... done (2.81s, 112.32MB)
  Running img_11973.npy ... done (2.71s, 111.75MB)
  Running img_11974.npy ... done (2.86s, 113.08MB)
  Running img_11975.npy ... done (2.87s, 111.14MB)
  Running img_11976.npy ... done (2.87s, 113.35MB)
  Running img_11977.npy ... done (2.61s, 112.76MB)
  Running img_11978.npy ... done (2.71s, 110.46MB)
  Running img_11979.npy ... done (2.93s, 109.48MB)
  Running img_1198.npy ... done (2.93s, 113.15MB)
  Running img_11980.npy ... done (2.88s, 112.81MB)
  Running img_11981.npy ... done (2.59s, 111.42MB)
  Running img_11982.npy ... done (2.70s, 110.28MB)
  Running img_11983.npy ... done (3.15s, 113.54MB)
  Running img_11984.npy ... done (2.69s, 111.20MB)
  Running img_11985.npy ... done (2.66s, 112.55MB)
  Running img_11986.npy ... done (2.65s, 109.64MB)
  Running img_11987.npy ... done (2.70s, 112.03MB)
  Running img_11988.npy ... done (2.86s, 108.96MB)
  Running img_11989.npy ... done (2.62s, 113.03MB)
  Running img_1199.npy ... done (2.73s, 109.16MB)
  Running img_11990.npy ... done (2.67s, 112.54MB)
  Running img_11991.npy ... done (2.68s, 111.21MB)
  Running img_11992.npy ... done (2.79s, 112.16MB)
  Running img_11993.npy ... done (3.02s, 114.91MB)
  Running img_11994.npy ... done (2.85s, 112.21MB)
  Running img_11995.npy ... done (2.65s, 112.65MB)
  Running img_11996.npy ... done (2.66s, 114.32MB)
  Running img_11997.npy ... done (2.74s, 113.65MB)
  Running img_11998.npy ... done (2.84s, 114.18MB)
  Running img_11999.npy ... done (2.78s, 113.31MB)
  Running img_12.npy ... done (3.44s, 112.91MB)
  Running img_120.npy ... done (2.85s, 113.49MB)
  Running img_1200.npy ... done (3.00s, 110.82MB)
  Running img_12000.npy ... done (2.88s, 110.70MB)
  Running img_12001.npy ... done (2.92s, 112.19MB)
  Running img_12002.npy ... done (2.76s, 114.64MB)
  Running img_12003.npy ... done (2.65s, 115.24MB)
  Running img_12004.npy ... done (2.85s, 116.09MB)
  Running img_12005.npy ... done (2.64s, 113.82MB)
  Running img_12006.npy ... done (2.84s, 115.37MB)
  Running img_12007.npy ... done (2.82s, 112.43MB)
  Running img_12008.npy ... done (2.86s, 111.48MB)
  Running img_12009.npy ... done (2.90s, 111.75MB)
  Running img_1201.npy ... done (2.74s, 113.62MB)
  Running img_12010.npy ... done (2.84s, 112.60MB)
  Running img_12011.npy ... done (2.91s, 113.12MB)
  Running img_12012.npy ... done (2.87s, 113.32MB)
  Running img_12013.npy ... done (3.42s, 114.12MB)
  Running img_12014.npy ... done (2.89s, 114.32MB)
  Running img_12015.npy ... done (2.94s, 112.39MB)
  Running img_12016.npy ... done (2.92s, 111.43MB)
  Running img_12017.npy ... done (2.89s, 115.33MB)
  Running img_12018.npy ... done (2.49s, 117.75MB)
  Running img_12019.npy ... done (2.88s, 116.02MB)
  Running img_1202.npy ... done (2.75s, 117.21MB)
  Running img_12020.npy ... done (2.91s, 117.32MB)
  Running img_12021.npy ... done (2.92s, 118.48MB)
  Running img_12022.npy ... done (2.90s, 121.29MB)
  Running img_12023.npy ... done (2.74s, 121.43MB)
  Running img_12024.npy ... done (2.82s, 116.83MB)
  Running img_12025.npy ... done (2.81s, 120.09MB)
  Running img_12026.npy ... done (3.36s, 113.12MB)
  Running img_12027.npy ... done (2.77s, 113.97MB)
  Running img_12028.npy ... done (2.87s, 114.56MB)
  Running img_12029.npy ... done (2.94s, 114.51MB)
  Running img_1203.npy ... done (2.86s, 120.97MB)
  Running img_12030.npy ... done (2.88s, 120.61MB)
  Running img_12031.npy ... done (2.93s, 122.56MB)
  Running img_12032.npy ... done (2.72s, 123.93MB)
  Running img_12033.npy ... done (2.79s, 126.60MB)
  Running img_12034.npy ... done (2.89s, 122.39MB)
  Running img_12035.npy ... done (2.94s, 123.26MB)
  Running img_12036.npy ... done (2.88s, 125.70MB)
  Running img_12037.npy ... done (2.89s, 119.55MB)
  Running img_12038.npy ... done (2.80s, 112.61MB)
  Running img_12039.npy ... done (2.85s, 112.88MB)
  Running img_1204.npy ... done (2.82s, 114.11MB)
  Running img_12040.npy ... done (2.85s, 120.23MB)
  Running img_12041.npy ... done (2.71s, 121.19MB)
  Running img_12042.npy ... done (2.87s, 119.47MB)
  Running img_12043.npy ... done (2.91s, 118.88MB)
  Running img_12044.npy ... done (3.12s, 120.60MB)
  Running img_12045.npy ... done (2.89s, 119.93MB)
  Running img_12046.npy ... done (2.89s, 118.59MB)
  Running img_12047.npy ... done (2.88s, 119.30MB)
  Running img_12048.npy ... done (2.73s, 120.76MB)
  Running img_12049.npy ... done (2.87s, 114.28MB)
  Running img_1205.npy ... done (2.86s, 112.00MB)
  Running img_12050.npy ... done (2.83s, 112.91MB)
  Running img_12051.npy ... done (2.96s, 115.02MB)
  Running img_12052.npy ... done (2.83s, 115.52MB)
  Running img_12053.npy ... done (2.76s, 114.88MB)
  Running img_12054.npy ... done (2.79s, 113.41MB)
  Running img_12055.npy ... done (2.88s, 112.56MB)
  Running img_12056.npy ... done (2.95s, 113.72MB)
  Running img_12057.npy ... done (2.85s, 113.82MB)
  Running img_12058.npy ... done (2.89s, 112.72MB)
  Running img_12059.npy ... done (2.92s, 110.67MB)
  Running img_1206.npy ... done (2.86s, 112.83MB)
  Running img_12060.npy ... done (3.69s, 119.47MB)
  Running img_12061.npy ... done (2.72s, 112.78MB)
  Running img_12062.npy ... done (2.93s, 114.04MB)
  Running img_12063.npy ... done (2.75s, 113.96MB)
  Running img_12064.npy ... done (2.85s, 117.49MB)
  Running img_12065.npy ... done (2.73s, 119.90MB)
  Running img_12066.npy ... done (2.81s, 125.55MB)
  Running img_12067.npy ... done (2.85s, 126.62MB)
  Running img_12068.npy ... done (2.92s, 127.25MB)
  Running img_12069.npy ... done (2.83s, 128.26MB)
  Running img_1207.npy ... done (2.95s, 130.57MB)
  Running img_12070.npy ... done (2.83s, 132.54MB)
  Running img_12071.npy ... done (2.84s, 113.96MB)
  Running img_12072.npy ... done (2.78s, 114.18MB)
  Running img_12073.npy ... done (2.96s, 114.02MB)
  Running img_12074.npy ... done (2.87s, 119.16MB)
  Running img_12075.npy ... done (2.89s, 117.27MB)
  Running img_12076.npy ... done (3.31s, 122.72MB)
  Running img_12077.npy ... done (2.92s, 123.72MB)
  Running img_12078.npy ... done (2.93s, 127.84MB)
  Running img_12079.npy ... done (2.93s, 132.77MB)
  Running img_1208.npy ... done (2.66s, 132.85MB)
  Running img_12080.npy ... done (2.75s, 131.73MB)
  Running img_12081.npy ... done (2.68s, 130.43MB)
  Running img_12082.npy ... done (2.89s, 127.81MB)
  Running img_12083.npy ... done (2.90s, 113.99MB)
  Running img_12084.npy ... done (2.82s, 113.90MB)
  Running img_12085.npy ... done (2.90s, 113.18MB)
  Running img_12086.npy ... done (2.75s, 117.83MB)
  Running img_12087.npy ... done (2.76s, 121.07MB)
  Running img_12088.npy ... done (2.91s, 122.86MB)
  Running img_12089.npy ... done (2.86s, 123.40MB)
  Running img_1209.npy ... done (2.77s, 122.79MB)
  Running img_12090.npy ... done (2.90s, 123.94MB)
  Running img_12091.npy ... done (2.85s, 124.11MB)
  Running img_12092.npy ... done (3.37s, 123.00MB)
  Running img_12093.npy ... done (2.84s, 122.60MB)
  Running img_12094.npy ... done (2.77s, 113.36MB)
  Running img_12095.npy ... done (2.72s, 112.43MB)
  Running img_12096.npy ... done (2.90s, 115.45MB)
  Running img_12097.npy ... done (2.90s, 118.14MB)
  Running img_12098.npy ... done (2.85s, 120.02MB)
  Running img_12099.npy ... done (2.84s, 119.98MB)
  Running img_121.npy ... done (2.77s, 119.11MB)
  Running img_1210.npy ... done (2.85s, 120.50MB)
  Running img_12100.npy ... done (2.86s, 120.46MB)
  Running img_12101.npy ... done (2.81s, 119.51MB)
  Running img_12102.npy ... done (2.96s, 116.80MB)
  Running img_12103.npy ... done (2.76s, 120.31MB)
  Running img_12104.npy ... done (2.97s, 112.14MB)
  Running img_12105.npy ... done (2.98s, 112.29MB)
  Running img_12106.npy ... done (2.97s, 114.86MB)
  Running img_12107.npy ... done (3.59s, 114.26MB)
  Running img_12108.npy ... done (2.71s, 115.27MB)
  Running img_12109.npy ... done (2.74s, 112.68MB)
  Running img_1211.npy ... done (2.89s, 113.54MB)
  Running img_12110.npy ... done (2.97s, 111.77MB)
  Running img_12111.npy ... done (2.98s, 113.62MB)
  Running img_12112.npy ... done (2.88s, 113.30MB)
  Running img_12113.npy ... done (2.87s, 115.68MB)
  Running img_12114.npy ... done (2.83s, 114.30MB)
  Running img_12115.npy ... done (2.84s, 113.97MB)
  Running img_12116.npy ... done (2.95s, 114.05MB)
  Running img_12117.npy ... done (2.97s, 114.94MB)
  Running img_12118.npy ... done (2.73s, 111.23MB)
  Running img_12119.npy ... done (2.77s, 112.15MB)
  Running img_1212.npy ... done (2.72s, 111.60MB)
  Running img_12120.npy ... done (2.92s, 113.25MB)
  Running img_12121.npy ... done (2.86s, 116.37MB)
  Running img_12122.npy ... done (3.44s, 116.01MB)
  Running img_12123.npy ... done (2.79s, 115.91MB)
  Running img_12124.npy ... done (2.73s, 120.02MB)
  Running img_12125.npy ... done (2.93s, 115.29MB)
  Running img_12126.npy ... done (2.89s, 114.31MB)
  Running img_12127.npy ... done (2.78s, 116.94MB)
  Running img_12128.npy ... done (2.92s, 120.75MB)
  Running img_12129.npy ... done (2.89s, 120.12MB)
  Running img_1213.npy ... done (2.94s, 120.53MB)
  Running img_12130.npy ... done (2.87s, 121.20MB)
  Running img_12131.npy ... done (2.86s, 121.03MB)
  Running img_12132.npy ... done (2.93s, 121.65MB)
  Running img_12133.npy ... done (2.80s, 121.04MB)
  Running img_12134.npy ... done (2.87s, 123.64MB)
  Running img_12135.npy ... done (2.89s, 112.71MB)
  Running img_12136.npy ... done (2.83s, 110.87MB)
  Running img_12137.npy ... done (3.33s, 112.18MB)
  Running img_12138.npy ... done (2.94s, 115.57MB)
  Running img_12139.npy ... done (2.62s, 117.48MB)
  Running img_1214.npy ... done (2.83s, 121.70MB)
  Running img_12140.npy ... done (3.00s, 121.50MB)
  Running img_12141.npy ... done (2.76s, 121.80MB)
  Running img_12142.npy ... done (2.78s, 120.33MB)
  Running img_12143.npy ... done (2.97s, 122.37MB)
  Running img_12144.npy ... done (2.97s, 122.77MB)
  Running img_12145.npy ... done (2.78s, 121.77MB)
  Running img_12146.npy ... done (2.80s, 118.55MB)
  Running img_12147.npy ... done (2.86s, 115.00MB)
  Running img_12148.npy ... done (2.93s, 113.96MB)
  Running img_12149.npy ... done (2.82s, 114.42MB)
  Running img_1215.npy ... done (2.96s, 115.31MB)
  Running img_12150.npy ... done (3.26s, 119.14MB)
  Running img_12151.npy ... done (2.96s, 120.23MB)
  Running img_12152.npy ... done (2.91s, 120.45MB)
  Running img_12153.npy ... done (2.97s, 118.17MB)
  Running img_12154.npy ... done (2.91s, 118.46MB)
  Running img_12155.npy ... done (2.86s, 118.52MB)
  Running img_12156.npy ... done (2.73s, 118.43MB)
  Running img_12157.npy ... done (2.93s, 119.78MB)
  Running img_12158.npy ... done (2.90s, 109.81MB)
  Running img_12159.npy ... done (2.86s, 111.71MB)
  Running img_1216.npy ... done (2.93s, 114.02MB)
  Running img_12160.npy ... done (2.98s, 115.53MB)
  Running img_12161.npy ... done (2.84s, 111.60MB)
  Running img_12162.npy ... done (2.83s, 112.06MB)
  Running img_12163.npy ... done (2.78s, 112.12MB)
  Running img_12164.npy ... done (2.75s, 113.61MB)
  Running img_12165.npy ... done (3.23s, 115.58MB)
  Running img_12166.npy ... done (2.87s, 116.41MB)
  Running img_12167.npy ... done (2.76s, 115.79MB)
  Running img_12168.npy ... done (2.83s, 115.79MB)
  Running img_12169.npy ... done (2.84s, 113.61MB)
  Running img_1217.npy ... done (2.70s, 112.52MB)
  Running img_12170.npy ... done (2.84s, 113.69MB)
  Running img_12171.npy ... done (3.03s, 115.91MB)
  Running img_12172.npy ... done (2.90s, 117.40MB)
  Running img_12173.npy ... done (2.78s, 112.24MB)
  Running img_12174.npy ... done (2.98s, 126.43MB)
  Running img_12175.npy ... done (2.94s, 126.34MB)
  Running img_12176.npy ... done (2.77s, 117.86MB)
  Running img_12177.npy ... done (2.95s, 115.84MB)
  Running img_12178.npy ... done (2.86s, 115.82MB)
  Running img_12179.npy ... done (3.16s, 113.20MB)
  Running img_1218.npy ... done (2.87s, 114.82MB)
  Running img_12180.npy ... done (3.00s, 112.89MB)
  Running img_12181.npy ... done (2.96s, 114.24MB)
  Running img_12182.npy ... done (2.99s, 116.31MB)
  Running img_12183.npy ... done (2.91s, 114.78MB)
  Running img_12184.npy ... done (2.92s, 127.35MB)
  Running img_12185.npy ... done (2.81s, 131.34MB)
  Running img_12186.npy ... done (2.95s, 131.55MB)
  Running img_12187.npy ... done (2.86s, 113.77MB)
  Running img_12188.npy ... done (2.91s, 116.15MB)
  Running img_12189.npy ... done (2.92s, 113.07MB)
  Running img_1219.npy ... done (2.90s, 112.93MB)
  Running img_12190.npy ... done (2.86s, 113.78MB)
  Running img_12191.npy ... done (2.91s, 113.12MB)
  Running img_12192.npy ... done (2.94s, 113.84MB)
  Running img_12193.npy ... done (3.28s, 111.95MB)
  Running img_12194.npy ... done (2.79s, 113.23MB)
  Running img_12195.npy ... done (2.94s, 114.37MB)
  Running img_12196.npy ... done (2.78s, 114.70MB)
  Running img_12197.npy ... done (2.91s, 114.84MB)
  Running img_12198.npy ... done (2.86s, 114.45MB)
  Running img_12199.npy ... done (2.83s, 114.33MB)
  Running img_122.npy ... done (2.90s, 115.20MB)
  Running img_1220.npy ... done (2.82s, 114.18MB)
  Running img_12200.npy ... done (2.76s, 116.86MB)
  Running img_12201.npy ... done (2.82s, 119.69MB)
  Running img_12202.npy ... done (2.78s, 120.42MB)
  Running img_12203.npy ... done (2.91s, 120.01MB)
  Running img_12204.npy ... done (2.93s, 118.71MB)
  Running img_12205.npy ... done (2.94s, 119.44MB)
  Running img_12206.npy ... done (3.00s, 118.36MB)
  Running img_12207.npy ... done (3.27s, 122.88MB)
  Running img_12208.npy ... done (2.96s, 113.82MB)
  Running img_12209.npy ... done (2.88s, 114.28MB)
  Running img_1221.npy ... done (2.97s, 117.32MB)
  Running img_12210.npy ... done (2.74s, 119.24MB)
  Running img_12211.npy ... done (2.89s, 123.95MB)
  Running img_12212.npy ... done (2.80s, 121.96MB)
  Running img_12213.npy ... done (2.94s, 124.68MB)
  Running img_12214.npy ... done (2.94s, 121.76MB)
  Running img_12215.npy ... done (2.89s, 124.64MB)
  Running img_12216.npy ... done (2.79s, 123.32MB)
  Running img_12217.npy ... done (2.80s, 121.77MB)
  Running img_12218.npy ... done (2.96s, 111.86MB)
  Running img_12219.npy ... done (2.83s, 113.40MB)
  Running img_1222.npy ... done (2.88s, 113.27MB)
  Running img_12220.npy ... done (3.07s, 116.54MB)
  Running img_12221.npy ... done (2.95s, 117.65MB)
  Running img_12222.npy ... done (2.67s, 119.01MB)
  Running img_12223.npy ... done (2.80s, 120.33MB)
  Running img_12224.npy ... done (2.77s, 119.69MB)
  Running img_12225.npy ... done (2.85s, 119.87MB)
  Running img_12226.npy ... done (2.97s, 114.90MB)
  Running img_12227.npy ... done (2.96s, 113.84MB)
  Running img_12228.npy ... done (2.82s, 114.64MB)
  Running img_12229.npy ... done (2.88s, 112.98MB)
  Running img_1223.npy ... done (2.64s, 113.80MB)
  Running img_12230.npy ... done (2.60s, 110.45MB)
  Running img_12231.npy ... done (2.55s, 111.61MB)
  Running img_12232.npy ... done (2.62s, 112.87MB)
  Running img_12233.npy ... done (2.62s, 111.79MB)
  Running img_12234.npy ... done (2.58s, 114.82MB)
  Running img_12235.npy ... done (2.60s, 111.51MB)
  Running img_12236.npy ... done (2.95s, 113.50MB)
  Running img_12237.npy ... done (2.82s, 113.30MB)
  Running img_12238.npy ... done (2.65s, 118.33MB)
  Running img_12239.npy ... done (2.65s, 113.23MB)
  Running img_1224.npy ... done (2.56s, 113.64MB)
  Running img_12240.npy ... done (2.64s, 119.18MB)
  Running img_12241.npy ... done (2.70s, 122.48MB)
  Running img_12242.npy ... done (2.64s, 124.51MB)
  Running img_12243.npy ... done (2.70s, 132.27MB)
  Running img_12244.npy ... done (2.56s, 132.05MB)
  Running img_12245.npy ... done (2.68s, 131.45MB)
  Running img_12246.npy ... done (2.66s, 129.98MB)
  Running img_12247.npy ... done (2.68s, 134.20MB)
  Running img_12248.npy ... done (2.66s, 112.55MB)
  Running img_12249.npy ... done (2.57s, 116.02MB)
  Running img_1225.npy ... done (2.84s, 118.55MB)
  Running img_12250.npy ... done (2.94s, 120.97MB)
  Running img_12251.npy ... done (2.87s, 126.23MB)
  Running img_12252.npy ... done (3.38s, 132.90MB)
  Running img_12253.npy ... done (2.86s, 131.64MB)
  Running img_12254.npy ... done (2.88s, 132.37MB)
  Running img_12255.npy ... done (2.73s, 130.83MB)
  Running img_12256.npy ... done (2.89s, 131.66MB)
  Running img_12257.npy ... done (2.85s, 114.09MB)
  Running img_12258.npy ... done (2.94s, 116.10MB)
  Running img_12259.npy ... done (2.74s, 119.33MB)
  Running img_1226.npy ... done (2.91s, 120.34MB)
  Running img_12260.npy ... done (2.84s, 126.63MB)
  Running img_12261.npy ... done (2.84s, 130.62MB)
  Running img_12262.npy ... done (2.90s, 131.19MB)
  Running img_12263.npy ... done (2.86s, 131.07MB)
  Running img_12264.npy ... done (2.92s, 128.75MB)
  Running img_12265.npy ... done (2.77s, 127.19MB)
  Running img_12266.npy ... done (3.03s, 112.82MB)
  Running img_12267.npy ... done (3.20s, 112.61MB)
  Running img_12268.npy ... done (2.94s, 116.09MB)
  Running img_12269.npy ... done (2.80s, 112.09MB)
  Running img_1227.npy ... done (2.98s, 115.67MB)
  Running img_12270.npy ... done (2.86s, 121.84MB)
  Running img_12271.npy ... done (2.79s, 114.19MB)
  Running img_12272.npy ... done (2.93s, 111.97MB)
  Running img_12273.npy ... done (2.80s, 113.51MB)
  Running img_12274.npy ... done (2.94s, 112.94MB)
  Running img_12275.npy ... done (2.92s, 111.21MB)
  Running img_12276.npy ... done (2.96s, 113.61MB)
  Running img_12277.npy ... done (3.01s, 112.60MB)
  Running img_12278.npy ... done (2.93s, 113.76MB)
  Running img_12279.npy ... done (2.85s, 112.30MB)
  Running img_1228.npy ... done (3.14s, 119.02MB)
  Running img_12280.npy ... done (3.02s, 114.10MB)
  Running img_12281.npy ... done (2.92s, 112.49MB)
  Running img_12282.npy ... done (3.00s, 111.73MB)
  Running img_12283.npy ... done (2.97s, 111.65MB)
  Running img_12284.npy ... done (2.88s, 113.24MB)
  Running img_12285.npy ... done (2.89s, 112.14MB)
  Running img_12286.npy ... done (2.83s, 112.43MB)
  Running img_12287.npy ... done (2.81s, 115.86MB)
  Running img_12288.npy ... done (2.84s, 112.67MB)
  Running img_12289.npy ... done (2.91s, 114.86MB)
  Running img_1229.npy ... done (2.78s, 112.47MB)
  Running img_12290.npy ... done (2.91s, 113.13MB)
  Running img_12291.npy ... done (2.88s, 112.06MB)
  Running img_12292.npy ... done (2.83s, 111.95MB)
  Running img_12293.npy ... done (2.88s, 112.74MB)
  Running img_12294.npy ... done (2.79s, 115.33MB)
  Running img_12295.npy ... done (2.93s, 114.21MB)
  Running img_12296.npy ... done (3.28s, 114.30MB)
  Running img_12297.npy ... done (2.80s, 113.54MB)
  Running img_12298.npy ... done (2.98s, 114.52MB)
  Running img_12299.npy ... done (2.83s, 115.36MB)
  Running img_123.npy ... done (2.78s, 113.35MB)
  Running img_1230.npy ... done (2.87s, 112.78MB)
  Running img_12300.npy ... done (2.88s, 114.59MB)
  Running img_12301.npy ... done (2.79s, 113.75MB)
  Running img_12302.npy ... done (2.74s, 112.39MB)
  Running img_12303.npy ... done (2.84s, 113.68MB)
  Running img_12304.npy ... done (2.93s, 116.73MB)
  Running img_12305.npy ... done (2.79s, 115.55MB)
  Running img_12306.npy ... done (2.70s, 116.55MB)
  Running img_12307.npy ... done (2.78s, 113.89MB)
  Running img_12308.npy ... done (2.99s, 113.50MB)
  Running img_12309.npy ... done (2.66s, 114.14MB)
  Running img_1231.npy ... done (3.34s, 121.61MB)
  Running img_12310.npy ... done (2.78s, 120.15MB)
  Running img_12311.npy ... done (2.83s, 118.94MB)
  Running img_12312.npy ... done (3.06s, 119.93MB)
  Running img_12313.npy ... done (2.96s, 120.38MB)
  Running img_12314.npy ... done (2.68s, 119.99MB)
  Running img_12315.npy ... done (2.89s, 120.39MB)
  Running img_12316.npy ... done (2.89s, 120.47MB)
  Running img_12317.npy ... done (2.90s, 122.43MB)
  Running img_12318.npy ... done (2.88s, 112.26MB)
  Running img_12319.npy ... done (2.70s, 112.26MB)
  Running img_1232.npy ... done (2.91s, 115.77MB)
  Running img_12320.npy ... done (2.91s, 117.95MB)
  Running img_12321.npy ... done (2.92s, 119.88MB)
  Running img_12322.npy ... done (2.97s, 122.59MB)
  Running img_12323.npy ... done (2.95s, 127.00MB)
  Running img_12324.npy ... done (3.12s, 127.55MB)
  Running img_12325.npy ... done (3.08s, 127.08MB)
  Running img_12326.npy ... done (2.99s, 125.92MB)
  Running img_12327.npy ... done (2.81s, 127.19MB)
  Running img_12328.npy ... done (2.96s, 127.02MB)
  Running img_12329.npy ... done (2.96s, 113.28MB)
  Running img_1233.npy ... done (2.97s, 113.53MB)
  Running img_12330.npy ... done (2.73s, 113.93MB)
  Running img_12331.npy ... done (2.95s, 116.88MB)
  Running img_12332.npy ... done (2.90s, 120.48MB)
  Running img_12333.npy ... done (2.79s, 121.97MB)
  Running img_12334.npy ... done (2.71s, 120.23MB)
  Running img_12335.npy ... done (2.81s, 121.34MB)
  Running img_12336.npy ... done (2.85s, 121.33MB)
  Running img_12337.npy ... done (2.93s, 120.93MB)
  Running img_12338.npy ... done (2.76s, 120.54MB)
  Running img_12339.npy ... done (3.03s, 116.67MB)
  Running img_1234.npy ... done (2.69s, 114.50MB)
  Running img_12340.npy ... done (2.73s, 111.92MB)
  Running img_12341.npy ... done (2.90s, 113.20MB)
  Running img_12342.npy ... done (2.87s, 114.75MB)
  Running img_12343.npy ... done (2.70s, 114.90MB)
  Running img_12344.npy ... done (2.97s, 114.74MB)
  Running img_12345.npy ... done (2.93s, 113.32MB)
  Running img_12346.npy ... done (3.01s, 112.00MB)
  Running img_12347.npy ... done (2.84s, 113.71MB)
  Running img_12348.npy ... done (2.87s, 113.33MB)
  Running img_12349.npy ... done (2.79s, 112.89MB)
  Running img_1235.npy ... done (2.99s, 111.61MB)
  Running img_12350.npy ... done (2.85s, 128.82MB)
  Running img_12351.npy ... done (2.87s, 115.33MB)
  Running img_12352.npy ... done (2.74s, 113.27MB)
  Running img_12353.npy ... done (3.20s, 113.65MB)
  Running img_12354.npy ... done (2.97s, 119.28MB)
  Running img_12355.npy ... done (2.91s, 121.71MB)
  Running img_12356.npy ... done (2.88s, 124.13MB)
  Running img_12357.npy ... done (2.88s, 127.65MB)
  Running img_12358.npy ... done (2.94s, 129.00MB)
  Running img_12359.npy ... done (2.97s, 132.21MB)
  Running img_1236.npy ... done (2.80s, 133.02MB)
  Running img_12360.npy ... done (2.97s, 130.99MB)
  Running img_12361.npy ... done (2.89s, 131.18MB)
  Running img_12362.npy ... done (2.58s, 116.36MB)
  Running img_12363.npy ... done (2.88s, 114.26MB)
  Running img_12364.npy ... done (2.80s, 113.73MB)
  Running img_12365.npy ... done (2.88s, 115.07MB)
  Running img_12366.npy ... done (2.90s, 118.14MB)
  Running img_12367.npy ... done (2.81s, 119.50MB)
  Running img_12368.npy ... done (2.99s, 122.28MB)
  Running img_12369.npy ... done (2.90s, 123.64MB)
  Running img_1237.npy ... done (3.64s, 120.72MB)
  Running img_12370.npy ... done (2.76s, 119.50MB)
  Running img_12371.npy ... done (2.85s, 118.92MB)
  Running img_12372.npy ... done (2.94s, 120.06MB)
  Running img_12373.npy ... done (2.87s, 120.57MB)
  Running img_12374.npy ... done (2.93s, 113.38MB)
  Running img_12375.npy ... done (2.88s, 113.02MB)
  Running img_12376.npy ... done (2.77s, 114.36MB)
  Running img_12377.npy ... done (2.97s, 119.97MB)
  Running img_12378.npy ... done (2.91s, 116.64MB)
  Running img_12379.npy ... done (3.00s, 114.94MB)
  Running img_1238.npy ... done (2.92s, 112.89MB)
  Running img_12380.npy ... done (2.92s, 113.02MB)
  Running img_12381.npy ... done (2.78s, 113.77MB)
  Running img_12382.npy ... done (2.86s, 114.11MB)
  Running img_12383.npy ... done (2.90s, 113.37MB)
  Running img_12384.npy ... done (3.26s, 111.46MB)
  Running img_12385.npy ... done (2.97s, 114.33MB)
  Running img_12386.npy ... done (2.93s, 112.94MB)
  Running img_12387.npy ... done (2.94s, 113.80MB)
  Running img_12388.npy ... done (2.88s, 118.84MB)
  Running img_12389.npy ... done (2.89s, 119.54MB)
  Running img_1239.npy ... done (2.72s, 123.55MB)
  Running img_12390.npy ... done (2.76s, 126.62MB)
  Running img_12391.npy ... done (3.09s, 127.48MB)
  Running img_12392.npy ... done (3.00s, 127.59MB)
  Running img_12393.npy ... done (2.90s, 131.59MB)
  Running img_12394.npy ... done (2.80s, 132.36MB)
  Running img_12395.npy ... done (2.94s, 131.60MB)
  Running img_12396.npy ... done (2.68s, 133.09MB)
  Running img_12397.npy ... done (2.94s, 115.73MB)
  Running img_12398.npy ... done (2.70s, 115.84MB)
  Running img_12399.npy ... done (2.87s, 115.67MB)
  Running img_124.npy ... done (3.09s, 121.84MB)
  Running img_1240.npy ... done (2.92s, 125.34MB)
  Running img_12400.npy ... done (2.80s, 128.10MB)
  Running img_12401.npy ... done (2.79s, 132.67MB)
  Running img_12402.npy ... done (2.87s, 132.15MB)
  Running img_12403.npy ... done (2.87s, 128.59MB)
  Running img_12404.npy ... done (2.89s, 126.89MB)
  Running img_12405.npy ... done (2.90s, 126.92MB)
  Running img_12406.npy ... done (2.88s, 112.93MB)
  Running img_12407.npy ... done (2.80s, 113.09MB)
  Running img_12408.npy ... done (2.93s, 115.88MB)
  Running img_12409.npy ... done (2.84s, 118.83MB)
  Running img_1241.npy ... done (2.96s, 121.08MB)
  Running img_12410.npy ... done (3.16s, 122.48MB)
  Running img_12411.npy ... done (2.93s, 122.32MB)
  Running img_12412.npy ... done (2.80s, 119.24MB)
  Running img_12413.npy ... done (2.99s, 114.57MB)
  Running img_12414.npy ... done (2.85s, 112.62MB)
  Running img_12415.npy ... done (2.81s, 112.22MB)
  Running img_12416.npy ... done (2.75s, 112.66MB)
  Running img_12417.npy ... done (2.90s, 113.26MB)
  Running img_12418.npy ... done (2.89s, 112.54MB)
  Running img_12419.npy ... done (2.92s, 111.75MB)
  Running img_1242.npy ... done (2.88s, 113.14MB)
  Running img_12420.npy ... done (2.90s, 119.15MB)
  Running img_12421.npy ... done (2.93s, 117.98MB)
  Running img_12422.npy ... done (2.84s, 111.44MB)
  Running img_12423.npy ... done (2.75s, 110.46MB)
  Running img_12424.npy ... done (2.98s, 112.54MB)
  Running img_12425.npy ... done (2.83s, 111.96MB)
  Running img_12426.npy ... done (2.91s, 112.70MB)
  Running img_12427.npy ... done (2.80s, 112.28MB)
  Running img_12428.npy ... done (2.98s, 114.93MB)
  Running img_12429.npy ... done (3.61s, 113.39MB)
  Running img_1243.npy ... done (2.92s, 114.84MB)
  Running img_12430.npy ... done (2.75s, 111.87MB)
  Running img_12431.npy ... done (2.87s, 113.47MB)
  Running img_12432.npy ... done (2.89s, 111.71MB)
  Running img_12433.npy ... done (2.74s, 111.62MB)
  Running img_12434.npy ... done (2.86s, 110.69MB)
  Running img_12435.npy ... done (2.92s, 113.04MB)
  Running img_12436.npy ... done (2.93s, 113.07MB)
  Running img_12437.npy ... done (2.85s, 114.75MB)
  Running img_12438.npy ... done (2.84s, 114.34MB)
  Running img_12439.npy ... done (2.81s, 116.19MB)
  Running img_1244.npy ... done (2.73s, 114.72MB)
  Running img_12440.npy ... done (2.74s, 114.20MB)
  Running img_12441.npy ... done (2.62s, 112.23MB)
  Running img_12442.npy ... done (2.75s, 112.56MB)
  Running img_12443.npy ... done (2.58s, 113.29MB)
  Running img_12444.npy ... done (3.54s, 115.16MB)
  Running img_12445.npy ... done (2.87s, 113.75MB)
  Running img_12446.npy ... done (2.80s, 114.77MB)
  Running img_12447.npy ... done (2.66s, 114.48MB)
  Running img_12448.npy ... done (2.76s, 114.87MB)
  Running img_12449.npy ... done (2.80s, 116.02MB)
  Running img_1245.npy ... done (2.87s, 115.67MB)
  Running img_12450.npy ... done (2.85s, 116.23MB)
  Running img_12451.npy ... done (2.87s, 112.55MB)
  Running img_12452.npy ... done (2.82s, 117.95MB)
  Running img_12453.npy ... done (2.74s, 119.80MB)
  Running img_12454.npy ... done (2.79s, 117.93MB)
  Running img_12455.npy ... done (2.69s, 117.36MB)
  Running img_12456.npy ... done (2.92s, 120.90MB)
  Running img_12457.npy ... done (2.87s, 119.78MB)
  Running img_12458.npy ... done (2.65s, 121.76MB)
  Running img_12459.npy ... done (2.90s, 113.32MB)
  Running img_1246.npy ... done (3.48s, 113.61MB)
  Running img_12460.npy ... done (2.94s, 114.23MB)
  Running img_12461.npy ... done (2.83s, 120.40MB)
  Running img_12462.npy ... done (2.88s, 121.12MB)
  Running img_12463.npy ... done (2.88s, 125.40MB)
  Running img_12464.npy ... done (2.81s, 125.16MB)
  Running img_12465.npy ... done (2.93s, 126.84MB)
  Running img_12466.npy ... done (2.93s, 126.82MB)
  Running img_12467.npy ... done (2.83s, 127.13MB)
  Running img_12468.npy ... done (2.85s, 127.64MB)
  Running img_12469.npy ... done (2.78s, 129.15MB)
  Running img_1247.npy ... done (2.87s, 112.19MB)
  Running img_12470.npy ... done (2.93s, 115.29MB)
  Running img_12471.npy ... done (2.96s, 111.82MB)
  Running img_12472.npy ... done (2.79s, 117.95MB)
  Running img_12473.npy ... done (2.86s, 119.05MB)
  Running img_12474.npy ... done (3.13s, 124.55MB)
  Running img_12475.npy ... done (3.18s, 127.51MB)
  Running img_12476.npy ... done (2.84s, 125.91MB)
  Running img_12477.npy ... done (2.90s, 125.39MB)
  Running img_12478.npy ... done (2.95s, 127.02MB)
  Running img_12479.npy ... done (2.94s, 123.62MB)
  Running img_1248.npy ... done (2.67s, 124.71MB)
  Running img_12480.npy ... done (2.71s, 110.82MB)
  Running img_12481.npy ... done (2.83s, 113.79MB)
  Running img_12482.npy ... done (2.73s, 112.51MB)
  Running img_12483.npy ... done (2.80s, 117.60MB)
  Running img_12484.npy ... done (2.93s, 117.75MB)
  Running img_12485.npy ... done (2.85s, 120.83MB)
  Running img_12486.npy ... done (2.86s, 118.49MB)
  Running img_12487.npy ... done (2.80s, 119.28MB)
  Running img_12488.npy ... done (2.92s, 119.17MB)
  Running img_12489.npy ... done (2.96s, 119.93MB)
  Running img_1249.npy ... done (3.43s, 117.84MB)
  Running img_12490.npy ... done (2.99s, 120.05MB)
  Running img_12491.npy ... done (2.89s, 111.91MB)
  Running img_12492.npy ... done (2.81s, 113.51MB)
  Running img_12493.npy ... done (2.83s, 112.86MB)
  Running img_12494.npy ... done (2.90s, 118.97MB)
  Running img_12495.npy ... done (2.95s, 113.42MB)
  Running img_12496.npy ... done (2.89s, 115.17MB)
  Running img_12497.npy ... done (2.85s, 114.34MB)
  Running img_12498.npy ... done (2.98s, 115.45MB)
  Running img_12499.npy ... done (2.83s, 114.39MB)
  Running img_125.npy ... done (2.84s, 113.25MB)
  Running img_1250.npy ... done (2.75s, 115.51MB)
  Running img_12500.npy ... done (2.89s, 116.70MB)
  Running img_12501.npy ... done (2.76s, 115.60MB)
  Running img_12502.npy ... done (2.75s, 116.71MB)
  Running img_12503.npy ... done (2.76s, 111.73MB)
  Running img_12504.npy ... done (3.50s, 113.43MB)
  Running img_12505.npy ... done (2.82s, 112.56MB)
  Running img_12506.npy ... done (2.83s, 114.13MB)
  Running img_12507.npy ... done (2.92s, 113.33MB)
  Running img_12508.npy ... done (2.91s, 114.70MB)
  Running img_12509.npy ... done (2.70s, 126.42MB)
  Running img_1251.npy ... done (2.75s, 117.02MB)
  Running img_12510.npy ... done (2.73s, 116.07MB)
  Running img_12511.npy ... done (2.91s, 116.73MB)
  Running img_12512.npy ... done (2.85s, 114.68MB)
  Running img_12513.npy ... done (2.89s, 112.29MB)
  Running img_12514.npy ... done (2.83s, 111.66MB)
  Running img_12515.npy ... done (2.95s, 111.97MB)
  Running img_12516.npy ... done (2.77s, 112.65MB)
  Running img_12517.npy ... done (2.95s, 114.18MB)
  Running img_12518.npy ... done (2.85s, 114.42MB)
  Running img_12519.npy ... done (2.91s, 115.21MB)
  Running img_1252.npy ... done (3.31s, 112.67MB)
  Running img_12520.npy ... done (2.80s, 112.53MB)
  Running img_12521.npy ... done (2.83s, 114.29MB)
  Running img_12522.npy ... done (2.68s, 115.02MB)
  Running img_12523.npy ... done (2.92s, 117.39MB)
  Running img_12524.npy ... done (2.91s, 115.16MB)
  Running img_12525.npy ... done (2.90s, 119.82MB)
  Running img_12526.npy ... done (2.70s, 119.38MB)
  Running img_12527.npy ... done (2.99s, 119.20MB)
  Running img_12528.npy ... done (2.78s, 118.36MB)
  Running img_12529.npy ... done (2.75s, 119.33MB)
  Running img_1253.npy ... done (2.88s, 118.36MB)
  Running img_12530.npy ... done (2.74s, 121.55MB)
  Running img_12531.npy ... done (2.74s, 113.25MB)
  Running img_12532.npy ... done (2.81s, 113.15MB)
  Running img_12533.npy ... done (2.96s, 113.44MB)
  Running img_12534.npy ... done (2.82s, 120.99MB)
  Running img_12535.npy ... done (3.32s, 123.95MB)
  Running img_12536.npy ... done (3.00s, 123.46MB)
  Running img_12537.npy ... done (2.91s, 123.04MB)
  Running img_12538.npy ... done (3.00s, 124.11MB)
  Running img_12539.npy ... done (2.97s, 126.87MB)
  Running img_1254.npy ... done (3.08s, 122.07MB)
  Running img_12540.npy ... done (2.71s, 126.78MB)
  Running img_12541.npy ... done (2.84s, 110.67MB)
  Running img_12542.npy ... done (2.79s, 111.91MB)
  Running img_12543.npy ... done (3.00s, 114.67MB)
  Running img_12544.npy ... done (2.90s, 115.66MB)
  Running img_12545.npy ... done (2.99s, 119.58MB)
  Running img_12546.npy ... done (2.87s, 118.85MB)
  Running img_12547.npy ... done (2.88s, 120.54MB)
  Running img_12548.npy ... done (2.86s, 116.01MB)
  Running img_12549.npy ... done (2.85s, 117.92MB)
  Running img_1255.npy ... done (3.43s, 118.55MB)
  Running img_12550.npy ... done (3.06s, 119.47MB)
  Running img_12551.npy ... done (2.75s, 120.12MB)
  Running img_12552.npy ... done (3.02s, 112.56MB)
  Running img_12553.npy ... done (2.89s, 112.56MB)
  Running img_12554.npy ... done (2.75s, 114.25MB)
  Running img_12555.npy ... done (2.79s, 111.33MB)
  Running img_12556.npy ... done (2.66s, 111.74MB)
  Running img_12557.npy ... done (2.92s, 112.61MB)
  Running img_12558.npy ... done (2.82s, 113.66MB)
  Running img_12559.npy ... done (2.95s, 113.70MB)
  Running img_1256.npy ... done (2.98s, 112.86MB)
  Running img_12560.npy ... done (2.84s, 112.35MB)
  Running img_12561.npy ... done (2.95s, 111.43MB)
  Running img_12562.npy ... done (2.71s, 113.06MB)
  Running img_12563.npy ... done (2.96s, 125.96MB)
  Running img_12564.npy ... done (2.85s, 111.72MB)
  Running img_12565.npy ... done (3.50s, 112.75MB)
  Running img_12566.npy ... done (2.90s, 114.86MB)
  Running img_12567.npy ... done (2.83s, 118.11MB)
  Running img_12568.npy ... done (2.71s, 118.64MB)
  Running img_12569.npy ... done (2.85s, 123.41MB)
  Running img_1257.npy ... done (2.89s, 128.42MB)
  Running img_12570.npy ... done (3.01s, 129.75MB)
  Running img_12571.npy ... done (2.88s, 127.25MB)
  Running img_12572.npy ... done (2.96s, 129.32MB)
  Running img_12573.npy ... done (2.80s, 127.82MB)
  Running img_12574.npy ... done (3.02s, 124.86MB)
  Running img_12575.npy ... done (2.91s, 118.21MB)
  Running img_12576.npy ... done (2.91s, 113.39MB)
  Running img_12577.npy ... done (2.74s, 109.56MB)
  Running img_12578.npy ... done (2.74s, 112.54MB)
  Running img_12579.npy ... done (2.82s, 118.21MB)
  Running img_1258.npy ... done (2.68s, 120.41MB)
  Running img_12580.npy ... done (3.48s, 120.04MB)
  Running img_12581.npy ... done (2.91s, 118.64MB)
  Running img_12582.npy ... done (2.77s, 119.79MB)
  Running img_12583.npy ... done (2.77s, 121.06MB)
  Running img_12584.npy ... done (2.85s, 119.55MB)
  Running img_12585.npy ... done (2.87s, 121.21MB)
  Running img_12586.npy ... done (2.81s, 111.16MB)
  Running img_12587.npy ... done (2.84s, 111.89MB)
  Running img_12588.npy ... done (2.79s, 118.39MB)
  Running img_12589.npy ... done (2.83s, 120.59MB)
  Running img_1259.npy ... done (2.97s, 117.07MB)
  Running img_12590.npy ... done (2.88s, 120.46MB)
  Running img_12591.npy ... done (2.83s, 118.79MB)
  Running img_12592.npy ... done (2.75s, 120.01MB)
  Running img_12593.npy ... done (2.89s, 119.43MB)
  Running img_12594.npy ... done (2.96s, 119.15MB)
  Running img_12595.npy ... done (2.79s, 120.53MB)
  Running img_12596.npy ... done (3.09s, 113.28MB)
  Running img_12597.npy ... done (2.87s, 111.77MB)
  Running img_12598.npy ... done (2.97s, 113.69MB)
  Running img_12599.npy ... done (2.84s, 118.02MB)
  Running img_126.npy ... done (2.78s, 119.30MB)
  Running img_1260.npy ... done (2.78s, 118.88MB)
  Running img_12600.npy ... done (2.94s, 117.05MB)
  Running img_12601.npy ... done (2.85s, 119.59MB)
  Running img_12602.npy ... done (2.92s, 116.15MB)
  Running img_12603.npy ... done (2.87s, 120.32MB)
  Running img_12604.npy ... done (2.86s, 121.20MB)
  Running img_12605.npy ... done (2.68s, 118.90MB)
  Running img_12606.npy ... done (2.85s, 113.20MB)
  Running img_12607.npy ... done (2.88s, 112.46MB)
  Running img_12608.npy ... done (2.86s, 113.95MB)
  Running img_12609.npy ... done (2.85s, 113.04MB)
  Running img_1261.npy ... done (3.04s, 111.98MB)
  Running img_12610.npy ... done (3.03s, 111.31MB)
  Running img_12611.npy ... done (2.94s, 113.58MB)
  Running img_12612.npy ... done (2.88s, 115.44MB)
  Running img_12613.npy ... done (2.88s, 114.30MB)
  Running img_12614.npy ... done (2.93s, 114.82MB)
  Running img_12615.npy ... done (2.98s, 113.94MB)
  Running img_12616.npy ... done (2.87s, 112.36MB)
  Running img_12617.npy ... done (2.86s, 112.13MB)
  Running img_12618.npy ... done (2.72s, 111.33MB)
  Running img_12619.npy ... done (2.90s, 113.02MB)
  Running img_1262.npy ... done (2.83s, 113.04MB)
  Running img_12620.npy ... done (2.87s, 113.43MB)
  Running img_12621.npy ... done (2.82s, 115.39MB)
  Running img_12622.npy ... done (2.81s, 114.69MB)
  Running img_12623.npy ... done (2.74s, 114.48MB)
  Running img_12624.npy ... done (2.76s, 114.36MB)
  Running img_12625.npy ... done (2.93s, 113.51MB)
  Running img_12626.npy ... done (3.34s, 114.50MB)
  Running img_12627.npy ... done (2.99s, 113.71MB)
  Running img_12628.npy ... done (2.85s, 113.72MB)
  Running img_12629.npy ... done (2.84s, 114.37MB)
  Running img_1263.npy ... done (2.93s, 113.60MB)
  Running img_12630.npy ... done (2.89s, 117.17MB)
  Running img_12631.npy ... done (2.52s, 119.88MB)
  Running img_12632.npy ... done (2.52s, 121.25MB)
  Running img_12633.npy ... done (2.53s, 115.05MB)
  Running img_12634.npy ... done (2.72s, 114.28MB)
  Running img_12635.npy ... done (2.68s, 114.98MB)
  Running img_12636.npy ... done (2.73s, 119.50MB)
  Running img_12637.npy ... done (2.64s, 120.27MB)
  Running img_12638.npy ... done (2.60s, 121.18MB)
  Running img_12639.npy ... done (2.80s, 123.95MB)
  Running img_1264.npy ... done (2.84s, 123.64MB)
  Running img_12640.npy ... done (2.82s, 125.75MB)
  Running img_12641.npy ... done (3.50s, 124.18MB)
  Running img_12642.npy ... done (2.74s, 125.22MB)
  Running img_12643.npy ... done (2.76s, 112.39MB)
  Running img_12644.npy ... done (2.75s, 114.05MB)
  Running img_12645.npy ... done (2.80s, 114.75MB)
  Running img_12646.npy ... done (2.81s, 119.52MB)
  Running img_12647.npy ... done (2.91s, 123.66MB)
  Running img_12648.npy ... done (2.89s, 126.88MB)
  Running img_12649.npy ... done (2.92s, 128.90MB)
  Running img_1265.npy ... done (2.88s, 127.65MB)
  Running img_12650.npy ... done (2.87s, 128.00MB)
  Running img_12651.npy ... done (2.95s, 124.45MB)
  Running img_12652.npy ... done (2.75s, 126.43MB)
  Running img_12653.npy ... done (2.88s, 125.76MB)
  Running img_12654.npy ... done (2.90s, 113.16MB)
  Running img_12655.npy ... done (2.91s, 114.03MB)
  Running img_12656.npy ... done (2.94s, 114.50MB)
  Running img_12657.npy ... done (3.40s, 116.77MB)
  Running img_12658.npy ... done (2.89s, 120.71MB)
  Running img_12659.npy ... done (2.95s, 120.00MB)
  Running img_1266.npy ... done (3.02s, 119.09MB)
  Running img_12660.npy ... done (2.86s, 118.25MB)
  Running img_12661.npy ... done (2.75s, 120.05MB)
  Running img_12662.npy ... done (2.86s, 117.05MB)
  Running img_12663.npy ... done (3.01s, 114.70MB)
  Running img_12664.npy ... done (2.91s, 111.87MB)
  Running img_12665.npy ... done (2.94s, 111.70MB)
  Running img_12666.npy ... done (2.87s, 108.05MB)
  Running img_12667.npy ... done (2.92s, 112.19MB)
  Running img_12668.npy ... done (2.85s, 115.06MB)
  Running img_12669.npy ... done (2.94s, 113.97MB)
  Running img_1267.npy ... done (2.91s, 108.32MB)
  Running img_12670.npy ... done (2.88s, 112.29MB)
  Running img_12671.npy ... done (2.80s, 113.35MB)
  Running img_12672.npy ... done (3.31s, 115.64MB)
  Running img_12673.npy ... done (2.90s, 115.70MB)
  Running img_12674.npy ... done (2.92s, 115.65MB)
  Running img_12675.npy ... done (2.89s, 113.68MB)
  Running img_12676.npy ... done (2.72s, 114.08MB)
  Running img_12677.npy ... done (2.75s, 115.77MB)
  Running img_12678.npy ... done (2.84s, 112.96MB)
  Running img_12679.npy ... done (2.75s, 112.68MB)
  Running img_1268.npy ... done (2.79s, 112.81MB)
  Running img_12680.npy ... done (2.70s, 112.69MB)
  Running img_12681.npy ... done (2.89s, 117.68MB)
  Running img_12682.npy ... done (2.88s, 115.46MB)
  Running img_12683.npy ... done (2.87s, 115.03MB)
  Running img_12684.npy ... done (2.69s, 115.32MB)
  Running img_12685.npy ... done (2.89s, 114.87MB)
  Running img_12686.npy ... done (2.77s, 114.62MB)
  Running img_12687.npy ... done (2.88s, 115.39MB)
  Running img_12688.npy ... done (3.27s, 112.45MB)
  Running img_12689.npy ... done (2.78s, 112.04MB)
  Running img_1269.npy ... done (2.82s, 111.96MB)
  Running img_12690.npy ... done (2.81s, 114.86MB)
  Running img_12691.npy ... done (2.96s, 114.61MB)
  Running img_12692.npy ... done (2.78s, 114.86MB)
  Running img_12693.npy ... done (2.91s, 115.75MB)
  Running img_12694.npy ... done (2.87s, 112.08MB)
  Running img_12695.npy ... done (2.87s, 115.05MB)
  Running img_12696.npy ... done (2.73s, 115.55MB)
  Running img_12697.npy ... done (2.96s, 120.55MB)
  Running img_12698.npy ... done (2.76s, 121.15MB)
  Running img_12699.npy ... done (2.95s, 119.79MB)
  Running img_127.npy ... done (2.76s, 120.12MB)
  Running img_1270.npy ... done (2.87s, 118.92MB)
  Running img_12700.npy ... done (2.84s, 121.06MB)
  Running img_12701.npy ... done (2.95s, 123.04MB)
  Running img_12702.npy ... done (3.32s, 126.38MB)
  Running img_12703.npy ... done (2.93s, 127.34MB)
  Running img_12704.npy ... done (2.85s, 114.02MB)
  Running img_12705.npy ... done (2.93s, 113.45MB)
  Running img_12706.npy ... done (2.91s, 114.81MB)
  Running img_12707.npy ... done (2.82s, 119.93MB)
  Running img_12708.npy ... done (2.93s, 122.56MB)
  Running img_12709.npy ... done (2.92s, 125.18MB)
  Running img_1271.npy ... done (2.86s, 127.80MB)
  Running img_12710.npy ... done (2.95s, 128.70MB)
  Running img_12711.npy ... done (2.94s, 124.49MB)
  Running img_12712.npy ... done (2.88s, 123.69MB)
  Running img_12713.npy ... done (2.90s, 124.65MB)
  Running img_12714.npy ... done (2.71s, 125.14MB)
  Running img_12715.npy ... done (2.81s, 112.94MB)
  Running img_12716.npy ... done (2.92s, 113.46MB)
  Running img_12717.npy ... done (3.29s, 114.80MB)
  Running img_12718.npy ... done (3.05s, 119.97MB)
  Running img_12719.npy ... done (2.93s, 121.43MB)
  Running img_1272.npy ... done (2.78s, 119.84MB)
  Running img_12720.npy ... done (2.72s, 119.15MB)
  Running img_12721.npy ... done (2.77s, 120.29MB)
  Running img_12722.npy ... done (2.82s, 120.46MB)
  Running img_12723.npy ... done (2.83s, 118.22MB)
  Running img_12724.npy ... done (2.86s, 118.02MB)
  Running img_12725.npy ... done (2.90s, 120.81MB)
  Running img_12726.npy ... done (2.83s, 113.91MB)
  Running img_12727.npy ... done (2.81s, 114.01MB)
  Running img_12728.npy ... done (2.93s, 112.85MB)
  Running img_12729.npy ... done (2.95s, 113.90MB)
  Running img_1273.npy ... done (2.94s, 113.88MB)
  Running img_12730.npy ... done (2.82s, 113.97MB)
  Running img_12731.npy ... done (2.87s, 113.96MB)
  Running img_12732.npy ... done (3.28s, 111.38MB)
  Running img_12733.npy ... done (2.95s, 112.16MB)
  Running img_12734.npy ... done (2.95s, 114.42MB)
  Running img_12735.npy ... done (2.94s, 124.58MB)
  Running img_12736.npy ... done (2.85s, 131.99MB)
  Running img_12737.npy ... done (2.82s, 121.36MB)
  Running img_12738.npy ... done (2.92s, 115.34MB)
  Running img_12739.npy ... done (2.75s, 114.68MB)
  Running img_1274.npy ... done (2.95s, 119.53MB)
  Running img_12740.npy ... done (2.78s, 119.89MB)
  Running img_12741.npy ... done (2.79s, 122.08MB)
  Running img_12742.npy ... done (2.82s, 127.50MB)
  Running img_12743.npy ... done (2.98s, 132.48MB)
  Running img_12744.npy ... done (2.71s, 132.84MB)
  Running img_12745.npy ... done (2.91s, 131.76MB)
  Running img_12746.npy ... done (2.82s, 132.20MB)
  Running img_12747.npy ... done (2.94s, 127.59MB)
  Running img_12748.npy ... done (3.50s, 116.14MB)
  Running img_12749.npy ... done (2.86s, 114.91MB)
  Running img_1275.npy ... done (2.76s, 120.50MB)
  Running img_12750.npy ... done (2.98s, 123.55MB)
  Running img_12751.npy ... done (2.94s, 125.70MB)
  Running img_12752.npy ... done (2.81s, 131.32MB)
  Running img_12753.npy ... done (2.88s, 130.71MB)
  Running img_12754.npy ... done (2.66s, 132.77MB)
  Running img_12755.npy ... done (2.89s, 131.00MB)
  Running img_12756.npy ... done (2.83s, 114.17MB)
  Running img_12757.npy ... done (2.90s, 115.42MB)
  Running img_12758.npy ... done (2.79s, 113.75MB)
  Running img_12759.npy ... done (3.04s, 119.82MB)
  Running img_1276.npy ... done (2.80s, 113.23MB)
  Running img_12760.npy ... done (2.76s, 116.78MB)
  Running img_12761.npy ... done (2.79s, 123.86MB)
  Running img_12762.npy ... done (2.90s, 128.92MB)
  Running img_12763.npy ... done (3.43s, 118.16MB)
  Running img_12764.npy ... done (2.80s, 125.98MB)
  Running img_12765.npy ... done (2.81s, 122.64MB)
  Running img_12766.npy ... done (3.05s, 117.50MB)
  Running img_12767.npy ... done (2.95s, 110.87MB)
  Running img_12768.npy ... done (2.99s, 112.04MB)
  Running img_12769.npy ... done (2.85s, 111.45MB)
  Running img_1277.npy ... done (2.84s, 114.57MB)
  Running img_12770.npy ... done (2.92s, 116.31MB)
  Running img_12771.npy ... done (2.90s, 112.01MB)
  Running img_12772.npy ... done (2.72s, 112.71MB)
  Running img_12773.npy ... done (2.95s, 111.93MB)
  Running img_12774.npy ... done (2.88s, 111.43MB)
  Running img_12775.npy ... done (2.87s, 113.38MB)
  Running img_12776.npy ... done (2.85s, 110.42MB)
  Running img_12777.npy ... done (3.11s, 113.35MB)
  Running img_12778.npy ... done (2.89s, 112.01MB)
  Running img_12779.npy ... done (2.93s, 113.30MB)
  Running img_1278.npy ... done (2.92s, 112.87MB)
  Running img_12780.npy ... done (2.95s, 112.75MB)
  Running img_12781.npy ... done (2.95s, 111.00MB)
  Running img_12782.npy ... done (2.89s, 112.81MB)
  Running img_12783.npy ... done (2.91s, 111.05MB)
  Running img_12784.npy ... done (2.97s, 112.04MB)
  Running img_12785.npy ... done (2.85s, 112.95MB)
  Running img_12786.npy ... done (3.09s, 113.23MB)
  Running img_12787.npy ... done (2.84s, 110.60MB)
  Running img_12788.npy ... done (2.80s, 115.41MB)
  Running img_12789.npy ... done (2.91s, 111.29MB)
  Running img_1279.npy ... done (2.99s, 114.01MB)
  Running img_12790.npy ... done (2.88s, 112.56MB)
  Running img_12791.npy ... done (2.80s, 113.26MB)
  Running img_12792.npy ... done (2.86s, 112.56MB)
  Running img_12793.npy ... done (2.72s, 110.94MB)
  Running img_12794.npy ... done (2.86s, 112.22MB)
  Running img_12795.npy ... done (2.87s, 114.09MB)
  Running img_12796.npy ... done (2.84s, 115.32MB)
  Running img_12797.npy ... done (2.93s, 116.67MB)
  Running img_12798.npy ... done (2.75s, 116.69MB)
  Running img_12799.npy ... done (2.71s, 115.75MB)
  Running img_128.npy ... done (2.88s, 114.81MB)
  Running img_1280.npy ... done (2.89s, 113.05MB)
  Running img_12800.npy ... done (2.84s, 110.73MB)
  Running img_12801.npy ... done (3.13s, 112.36MB)
  Running img_12802.npy ... done (2.78s, 115.76MB)
  Running img_12803.npy ... done (2.91s, 114.85MB)
  Running img_12804.npy ... done (2.98s, 117.44MB)
  Running img_12805.npy ... done (2.96s, 113.15MB)
  Running img_12806.npy ... done (2.84s, 115.55MB)
  Running img_12807.npy ... done (2.87s, 112.50MB)
  Running img_12808.npy ... done (2.80s, 115.10MB)
  Running img_12809.npy ... done (2.91s, 117.74MB)
  Running img_1281.npy ... done (2.98s, 118.35MB)
  Running img_12810.npy ... done (2.80s, 115.82MB)
  Running img_12811.npy ... done (2.88s, 118.57MB)
  Running img_12812.npy ... done (2.88s, 118.00MB)
  Running img_12813.npy ... done (2.95s, 119.01MB)
  Running img_12814.npy ... done (3.37s, 117.25MB)
  Running img_12815.npy ... done (2.80s, 119.38MB)
  Running img_12816.npy ... done (2.78s, 120.43MB)
  Running img_12817.npy ... done (2.84s, 110.05MB)
  Running img_12818.npy ... done (2.86s, 111.72MB)
  Running img_12819.npy ... done (2.94s, 114.01MB)
  Running img_1282.npy ... done (2.88s, 118.42MB)
  Running img_12820.npy ... done (2.61s, 120.53MB)
  Running img_12821.npy ... done (2.84s, 119.22MB)
  Running img_12822.npy ... done (2.97s, 121.04MB)
  Running img_12823.npy ... done (2.85s, 121.62MB)
  Running img_12824.npy ... done (2.90s, 122.25MB)
  Running img_12825.npy ... done (2.94s, 121.02MB)
  Running img_12826.npy ... done (2.94s, 119.46MB)
  Running img_12827.npy ... done (2.91s, 118.00MB)
  Running img_12828.npy ... done (3.12s, 112.25MB)
  Running img_12829.npy ... done (2.86s, 115.77MB)
  Running img_1283.npy ... done (2.81s, 117.41MB)
  Running img_12830.npy ... done (2.93s, 118.56MB)
  Running img_12831.npy ... done (2.84s, 117.95MB)
  Running img_12832.npy ... done (2.78s, 120.05MB)
  Running img_12833.npy ... done (2.93s, 120.76MB)
  Running img_12834.npy ... done (2.78s, 117.57MB)
  Running img_12835.npy ... done (2.91s, 118.98MB)
  Running img_12836.npy ... done (2.99s, 116.49MB)
  Running img_12837.npy ... done (2.85s, 114.28MB)
  Running img_12838.npy ... done (2.94s, 110.44MB)
  Running img_12839.npy ... done (2.93s, 110.70MB)
  Running img_1284.npy ... done (2.94s, 113.09MB)
  Running img_12840.npy ... done (2.90s, 114.71MB)
  Running img_12841.npy ... done (2.91s, 112.42MB)
  Running img_12842.npy ... done (2.87s, 113.41MB)
  Running img_12843.npy ... done (2.94s, 113.32MB)
  Running img_12844.npy ... done (2.73s, 111.85MB)
  Running img_12845.npy ... done (2.80s, 113.32MB)
  Running img_12846.npy ... done (2.99s, 126.32MB)
  Running img_12847.npy ... done (2.89s, 126.92MB)
  Running img_12848.npy ... done (2.91s, 127.74MB)
  Running img_12849.npy ... done (2.80s, 129.46MB)
  Running img_1285.npy ... done (3.00s, 112.84MB)
  Running img_12850.npy ... done (2.90s, 112.65MB)
  Running img_12851.npy ... done (2.77s, 116.18MB)
  Running img_12852.npy ... done (2.82s, 117.64MB)
  Running img_12853.npy ... done (2.85s, 122.70MB)
  Running img_12854.npy ... done (3.19s, 130.29MB)
  Running img_12855.npy ... done (2.92s, 131.70MB)
  Running img_12856.npy ... done (2.83s, 131.36MB)
  Running img_12857.npy ... done (2.99s, 133.16MB)
  Running img_12858.npy ... done (2.58s, 133.38MB)
  Running img_12859.npy ... done (2.77s, 115.71MB)
  Running img_1286.npy ... done (2.98s, 116.43MB)
  Running img_12860.npy ... done (2.93s, 116.55MB)
  Running img_12861.npy ... done (2.80s, 118.57MB)
  Running img_12862.npy ... done (2.90s, 120.36MB)
  Running img_12863.npy ... done (2.76s, 124.53MB)
  Running img_12864.npy ... done (3.00s, 125.62MB)
  Running img_12865.npy ... done (2.81s, 125.59MB)
  Running img_12866.npy ... done (2.71s, 126.82MB)
  Running img_12867.npy ... done (2.76s, 125.06MB)
  Running img_12868.npy ... done (3.36s, 126.21MB)
  Running img_12869.npy ... done (2.82s, 123.87MB)
  Running img_1287.npy ... done (2.76s, 113.11MB)
  Running img_12870.npy ... done (2.74s, 112.50MB)
  Running img_12871.npy ... done (2.86s, 114.62MB)
  Running img_12872.npy ... done (2.85s, 118.91MB)
  Running img_12873.npy ... done (2.63s, 120.91MB)
  Running img_12874.npy ... done (2.78s, 120.21MB)
  Running img_12875.npy ... done (2.88s, 122.19MB)
  Running img_12876.npy ... done (2.74s, 120.96MB)
  Running img_12877.npy ... done (2.79s, 121.95MB)
  Running img_12878.npy ... done (2.85s, 120.02MB)
  Running img_12879.npy ... done (2.93s, 114.87MB)
  Running img_1288.npy ... done (2.95s, 112.63MB)
  Running img_12880.npy ... done (2.86s, 113.48MB)
  Running img_12881.npy ... done (3.40s, 112.07MB)
  Running img_12882.npy ... done (2.77s, 114.40MB)
  Running img_12883.npy ... done (2.94s, 117.41MB)
  Running img_12884.npy ... done (2.93s, 116.07MB)
  Running img_12885.npy ... done (2.90s, 119.77MB)
  Running img_12886.npy ... done (2.68s, 113.49MB)
  Running img_12887.npy ... done (2.88s, 113.29MB)
  Running img_12888.npy ... done (2.85s, 112.18MB)
  Running img_12889.npy ... done (2.78s, 114.05MB)
  Running img_1289.npy ... done (2.90s, 114.27MB)
  Running img_12890.npy ... done (2.83s, 112.11MB)
  Running img_12891.npy ... done (2.62s, 113.50MB)
  Running img_12892.npy ... done (2.81s, 114.86MB)
  Running img_12893.npy ... done (2.90s, 113.19MB)
  Running img_12894.npy ... done (3.00s, 113.40MB)
  Running img_12895.npy ... done (3.24s, 113.30MB)
  Running img_12896.npy ... done (2.76s, 119.08MB)
  Running img_12897.npy ... done (2.70s, 125.31MB)
  Running img_12898.npy ... done (2.90s, 130.53MB)
  Running img_12899.npy ... done (2.92s, 118.85MB)
  Running img_129.npy ... done (2.82s, 133.01MB)
  Running img_1290.npy ... done (2.88s, 116.61MB)
  Running img_12900.npy ... done (2.97s, 113.11MB)
  Running img_12901.npy ... done (2.92s, 111.86MB)
  Running img_12902.npy ... done (2.86s, 112.93MB)
  Running img_12903.npy ... done (2.88s, 111.84MB)
  Running img_12904.npy ... done (2.87s, 111.98MB)
  Running img_12905.npy ... done (2.62s, 112.43MB)
  Running img_12906.npy ... done (2.83s, 113.43MB)
  Running img_12907.npy ... done (2.87s, 112.70MB)
  Running img_12908.npy ... done (3.00s, 112.66MB)
  Running img_12909.npy ... done (3.15s, 113.82MB)
  Running img_1291.npy ... done (2.79s, 113.05MB)
  Running img_12910.npy ... done (2.90s, 113.33MB)
  Running img_12911.npy ... done (2.92s, 113.19MB)
  Running img_12912.npy ... done (2.89s, 112.52MB)
  Running img_12913.npy ... done (2.94s, 113.37MB)
  Running img_12914.npy ... done (2.86s, 113.60MB)
  Running img_12915.npy ... done (3.01s, 112.38MB)
  Running img_12916.npy ... done (2.94s, 113.29MB)
  Running img_12917.npy ... done (2.95s, 113.55MB)
  Running img_12918.npy ... done (2.89s, 113.32MB)
  Running img_12919.npy ... done (2.85s, 111.74MB)
  Running img_1292.npy ... done (2.80s, 113.53MB)
  Running img_12920.npy ... done (2.83s, 113.73MB)
  Running img_12921.npy ... done (2.83s, 112.95MB)
  Running img_12922.npy ... done (3.31s, 111.39MB)
  Running img_12923.npy ... done (2.66s, 113.11MB)
  Running img_12924.npy ... done (2.94s, 113.14MB)
  Running img_12925.npy ... done (2.98s, 114.09MB)
  Running img_12926.npy ... done (3.02s, 118.14MB)
  Running img_12927.npy ... done (2.92s, 118.36MB)
  Running img_12928.npy ... done (2.98s, 113.18MB)
  Running img_12929.npy ... done (2.91s, 113.97MB)
  Running img_1293.npy ... done (3.00s, 114.62MB)
  Running img_12930.npy ... done (2.85s, 115.04MB)
  Running img_12931.npy ... done (2.92s, 112.85MB)
  Running img_12932.npy ... done (2.80s, 112.29MB)
  Running img_12933.npy ... done (2.88s, 114.76MB)
  Running img_12934.npy ... done (2.95s, 113.09MB)
  Running img_12935.npy ... done (2.91s, 113.37MB)
  Running img_12936.npy ... done (3.19s, 113.26MB)
  Running img_12937.npy ... done (2.73s, 114.55MB)
  Running img_12938.npy ... done (2.89s, 111.89MB)
  Running img_12939.npy ... done (2.93s, 114.81MB)
  Running img_1294.npy ... done (2.95s, 123.91MB)
  Running img_12940.npy ... done (2.87s, 117.03MB)
  Running img_12941.npy ... done (2.80s, 117.04MB)
  Running img_12942.npy ... done (2.67s, 126.07MB)
  Running img_12943.npy ... done (2.89s, 115.43MB)
  Running img_12944.npy ... done (2.84s, 116.21MB)
  Running img_12945.npy ... done (2.89s, 114.50MB)
  Running img_12946.npy ... done (2.91s, 112.70MB)
  Running img_12947.npy ... done (2.97s, 112.96MB)
  Running img_12948.npy ... done (2.92s, 112.02MB)
  Running img_12949.npy ... done (2.90s, 112.31MB)
  Running img_1295.npy ... done (3.16s, 113.95MB)
  Running img_12950.npy ... done (3.09s, 113.80MB)
  Running img_12951.npy ... done (2.76s, 113.25MB)
  Running img_12952.npy ... done (2.87s, 114.13MB)
  Running img_12953.npy ... done (2.89s, 115.71MB)
  Running img_12954.npy ... done (2.92s, 115.20MB)
  Running img_12955.npy ... done (2.89s, 114.30MB)
  Running img_12956.npy ... done (2.74s, 110.72MB)
  Running img_12957.npy ... done (2.81s, 115.60MB)
  Running img_12958.npy ... done (2.91s, 113.48MB)
  Running img_12959.npy ... done (2.91s, 115.81MB)
  Running img_1296.npy ... done (2.80s, 116.07MB)
  Running img_12960.npy ... done (2.87s, 118.06MB)
  Running img_12961.npy ... done (2.78s, 117.09MB)
  Running img_12962.npy ... done (2.91s, 117.28MB)
  Running img_12963.npy ... done (2.76s, 116.76MB)
  Running img_12964.npy ... done (3.10s, 119.69MB)
  Running img_12965.npy ... done (2.93s, 115.75MB)
  Running img_12966.npy ... done (2.90s, 112.86MB)
  Running img_12967.npy ... done (2.62s, 113.32MB)
  Running img_12968.npy ... done (2.81s, 118.35MB)
  Running img_12969.npy ... done (2.77s, 119.32MB)
  Running img_1297.npy ... done (2.84s, 114.30MB)
  Running img_12970.npy ... done (2.81s, 114.12MB)
  Running img_12971.npy ... done (2.77s, 115.60MB)
  Running img_12972.npy ... done (2.79s, 113.16MB)
  Running img_12973.npy ... done (3.05s, 116.71MB)
  Running img_12974.npy ... done (2.91s, 115.25MB)
  Running img_12975.npy ... done (2.73s, 117.34MB)
  Running img_12976.npy ... done (2.84s, 113.94MB)
  Running img_12977.npy ... done (2.63s, 113.71MB)
  Running img_12978.npy ... done (2.95s, 113.95MB)
  Running img_12979.npy ... done (3.00s, 114.83MB)
  Running img_1298.npy ... done (2.70s, 112.60MB)
  Running img_12980.npy ... done (2.91s, 111.63MB)
  Running img_12981.npy ... done (2.99s, 112.23MB)
  Running img_12982.npy ... done (2.86s, 114.83MB)
  Running img_12983.npy ... done (2.94s, 115.00MB)
  Running img_12984.npy ... done (2.94s, 115.49MB)
  Running img_12985.npy ... done (2.85s, 113.68MB)
  Running img_12986.npy ... done (2.88s, 116.19MB)
  Running img_12987.npy ... done (2.72s, 116.11MB)
  Running img_12988.npy ... done (2.70s, 117.37MB)
  Running img_12989.npy ... done (2.76s, 115.75MB)
  Running img_1299.npy ... done (2.83s, 116.04MB)
  Running img_12990.npy ... done (2.77s, 117.48MB)
  Running img_12991.npy ... done (2.82s, 120.02MB)
  Running img_12992.npy ... done (2.89s, 119.48MB)
  Running img_12993.npy ... done (3.32s, 119.84MB)
  Running img_12994.npy ... done (2.80s, 118.41MB)
  Running img_12995.npy ... done (2.88s, 119.80MB)
  Running img_12996.npy ... done (2.94s, 120.46MB)
  Running img_12997.npy ... done (2.68s, 114.07MB)
  Running img_12998.npy ... done (2.70s, 113.62MB)
  Running img_12999.npy ... done (2.98s, 115.44MB)
  Running img_13.npy ... done (2.72s, 120.96MB)
  Running img_130.npy ... done (2.96s, 121.33MB)
  Running img_1300.npy ... done (2.86s, 122.41MB)
  Running img_13000.npy ... done (2.90s, 120.63MB)
  Running img_13001.npy ... done (2.80s, 122.19MB)
  Running img_13002.npy ... done (2.93s, 124.30MB)
  Running img_13003.npy ... done (2.69s, 120.92MB)
  Running img_13004.npy ... done (2.80s, 125.77MB)
  Running img_13005.npy ... done (2.91s, 111.09MB)
  Running img_13006.npy ... done (3.36s, 113.28MB)
  Running img_13007.npy ... done (2.72s, 114.52MB)
  Running img_13008.npy ... done (2.96s, 115.82MB)
  Running img_13009.npy ... done (2.85s, 119.62MB)
  Running img_1301.npy ... done (2.88s, 119.84MB)
  Running img_13010.npy ... done (2.96s, 123.34MB)
  Running img_13011.npy ... done (2.86s, 123.98MB)
  Running img_13012.npy ... done (2.93s, 122.84MB)
  Running img_13013.npy ... done (2.99s, 120.64MB)
  Running img_13014.npy ... done (2.86s, 120.44MB)
  Running img_13015.npy ... done (2.81s, 121.86MB)
  Running img_13016.npy ... done (2.76s, 113.20MB)
  Running img_13017.npy ... done (2.99s, 113.64MB)
  Running img_13018.npy ... done (2.86s, 113.98MB)
  Running img_13019.npy ... done (2.80s, 119.66MB)
  Running img_1302.npy ... done (2.98s, 120.93MB)
  Running img_13020.npy ... done (3.32s, 121.44MB)
  Running img_13021.npy ... done (2.89s, 119.99MB)
  Running img_13022.npy ... done (2.95s, 120.98MB)
  Running img_13023.npy ... done (2.85s, 120.80MB)
  Running img_13024.npy ... done (2.78s, 119.52MB)
  Running img_13025.npy ... done (2.79s, 118.12MB)
  Running img_13026.npy ... done (2.88s, 110.90MB)
  Running img_13027.npy ... done (2.94s, 112.57MB)
  Running img_13028.npy ... done (2.86s, 114.41MB)
  Running img_13029.npy ... done (2.81s, 119.91MB)
  Running img_1303.npy ... done (2.92s, 116.38MB)
  Running img_13030.npy ... done (2.83s, 114.84MB)
  Running img_13031.npy ... done (2.93s, 114.12MB)
  Running img_13032.npy ... done (2.83s, 114.28MB)
  Running img_13033.npy ... done (2.82s, 112.61MB)
  Running img_13034.npy ... done (3.31s, 112.76MB)
  Running img_13035.npy ... done (3.04s, 112.52MB)
  Running img_13036.npy ... done (2.90s, 113.36MB)
  Running img_13037.npy ... done (2.99s, 113.64MB)
  Running img_13038.npy ... done (2.76s, 112.48MB)
  Running img_13039.npy ... done (2.95s, 110.65MB)
  Running img_1304.npy ... done (2.83s, 117.51MB)
  Running img_13040.npy ... done (2.68s, 118.73MB)
  Running img_13041.npy ... done (2.84s, 124.91MB)
  Running img_13042.npy ... done (2.75s, 129.52MB)
  Running img_13043.npy ... done (3.01s, 131.27MB)
  Running img_13044.npy ... done (2.91s, 131.46MB)
  Running img_13045.npy ... done (2.89s, 132.89MB)
  Running img_13046.npy ... done (2.98s, 129.47MB)
  Running img_13047.npy ... done (2.79s, 130.29MB)
  Running img_13048.npy ... done (3.27s, 112.27MB)
  Running img_13049.npy ... done (2.91s, 115.83MB)
  Running img_1305.npy ... done (2.84s, 116.29MB)
  Running img_13050.npy ... done (2.95s, 118.06MB)
  Running img_13051.npy ... done (2.97s, 119.77MB)
  Running img_13052.npy ... done (2.93s, 127.31MB)
  Running img_13053.npy ... done (2.91s, 128.91MB)
  Running img_13054.npy ... done (2.87s, 127.88MB)
  Running img_13055.npy ... done (2.88s, 127.04MB)
  Running img_13056.npy ... done (2.87s, 126.39MB)
  Running img_13057.npy ... done (2.93s, 123.62MB)
  Running img_13058.npy ... done (2.88s, 124.95MB)
  Running img_13059.npy ... done (2.76s, 111.30MB)
  Running img_1306.npy ... done (2.82s, 113.34MB)
  Running img_13060.npy ... done (2.80s, 114.06MB)
  Running img_13061.npy ... done (2.99s, 119.31MB)
  Running img_13062.npy ... done (2.88s, 117.18MB)
  Running img_13063.npy ... done (3.37s, 120.52MB)
  Running img_13064.npy ... done (2.89s, 118.25MB)
  Running img_13065.npy ... done (2.89s, 118.28MB)
  Running img_13066.npy ... done (2.95s, 118.63MB)
  Running img_13067.npy ... done (2.88s, 116.08MB)
  Running img_13068.npy ... done (2.71s, 115.69MB)
  Running img_13069.npy ... done (2.84s, 115.73MB)
  Running img_1307.npy ... done (2.98s, 108.56MB)
  Running img_13070.npy ... done (2.80s, 113.13MB)
  Running img_13071.npy ... done (2.88s, 112.81MB)
  Running img_13072.npy ... done (2.73s, 115.55MB)
  Running img_13073.npy ... done (2.87s, 112.63MB)
  Running img_13074.npy ... done (2.94s, 113.00MB)
  Running img_13075.npy ... done (2.85s, 110.50MB)
  Running img_13076.npy ... done (2.70s, 112.21MB)
  Running img_13077.npy ... done (2.84s, 111.29MB)
  Running img_13078.npy ... done (3.45s, 109.52MB)
  Running img_13079.npy ... done (2.89s, 110.88MB)
  Running img_1308.npy ... done (2.90s, 111.61MB)
  Running img_13080.npy ... done (2.95s, 110.27MB)
  Running img_13081.npy ... done (2.69s, 113.56MB)
  Running img_13082.npy ... done (2.77s, 116.70MB)
  Running img_13083.npy ... done (2.99s, 117.79MB)
  Running img_13084.npy ... done (2.89s, 120.43MB)
  Running img_13085.npy ... done (2.97s, 126.85MB)
  Running img_13086.npy ... done (2.76s, 126.47MB)
  Running img_13087.npy ... done (2.99s, 126.86MB)
  Running img_13088.npy ... done (2.89s, 126.99MB)
  Running img_13089.npy ... done (2.92s, 126.91MB)
  Running img_1309.npy ... done (2.85s, 127.50MB)
  Running img_13090.npy ... done (2.90s, 127.32MB)
  Running img_13091.npy ... done (2.69s, 111.49MB)
  Running img_13092.npy ... done (3.34s, 115.36MB)
  Running img_13093.npy ... done (2.89s, 118.19MB)
  Running img_13094.npy ... done (2.93s, 120.78MB)
  Running img_13095.npy ... done (2.94s, 121.92MB)
  Running img_13096.npy ... done (2.86s, 123.09MB)
  Running img_13097.npy ... done (2.92s, 123.02MB)
  Running img_13098.npy ... done (2.95s, 122.11MB)
  Running img_13099.npy ... done (3.01s, 120.77MB)
  Running img_131.npy ... done (2.89s, 120.55MB)
  Running img_1310.npy ... done (2.84s, 118.93MB)
  Running img_13100.npy ... done (2.96s, 112.79MB)
  Running img_13101.npy ... done (2.80s, 111.97MB)
  Running img_13102.npy ... done (2.96s, 113.89MB)
  Running img_13103.npy ... done (2.92s, 118.11MB)
  Running img_13104.npy ... done (2.94s, 118.59MB)
  Running img_13105.npy ... done (2.75s, 118.73MB)
  Running img_13106.npy ... done (3.41s, 115.08MB)
  Running img_13107.npy ... done (2.95s, 113.00MB)
  Running img_13108.npy ... done (2.91s, 114.25MB)
  Running img_13109.npy ... done (2.88s, 112.51MB)
  Running img_1311.npy ... done (2.96s, 113.14MB)
  Running img_13110.npy ... done (2.90s, 112.27MB)
  Running img_13111.npy ... done (2.76s, 113.43MB)
  Running img_13112.npy ... done (2.90s, 111.51MB)
  Running img_13113.npy ... done (2.84s, 112.56MB)
  Running img_13114.npy ... done (2.82s, 111.85MB)
  Running img_13115.npy ... done (2.89s, 119.93MB)
  Running img_13116.npy ... done (2.75s, 120.81MB)
  Running img_13117.npy ... done (2.86s, 127.59MB)
  Running img_13118.npy ... done (3.01s, 127.42MB)
  Running img_13119.npy ... done (2.91s, 127.66MB)
  Running img_1312.npy ... done (2.92s, 128.04MB)
  Running img_13120.npy ... done (3.36s, 124.70MB)
  Running img_13121.npy ... done (2.92s, 124.79MB)
  Running img_13122.npy ... done (2.84s, 113.16MB)
  Running img_13123.npy ... done (3.03s, 113.50MB)
  Running img_13124.npy ... done (2.89s, 114.51MB)
  Running img_13125.npy ... done (2.92s, 114.19MB)
  Running img_13126.npy ... done (2.88s, 117.86MB)
  Running img_13127.npy ... done (2.99s, 122.31MB)
  Running img_13128.npy ... done (2.93s, 124.09MB)
  Running img_13129.npy ... done (2.92s, 123.62MB)
  Running img_1313.npy ... done (2.94s, 123.26MB)
  Running img_13130.npy ... done (2.85s, 123.87MB)
  Running img_13131.npy ... done (2.90s, 122.83MB)
  Running img_13132.npy ... done (2.90s, 125.77MB)
  Running img_13133.npy ... done (2.89s, 112.36MB)
  Running img_13134.npy ... done (2.90s, 113.85MB)
  Running img_13135.npy ... done (3.44s, 114.60MB)
  Running img_13136.npy ... done (2.77s, 118.68MB)
  Running img_13137.npy ... done (2.78s, 119.19MB)
  Running img_13138.npy ... done (2.93s, 120.41MB)
  Running img_13139.npy ... done (2.76s, 120.38MB)
  Running img_1314.npy ... done (2.98s, 118.71MB)
  Running img_13140.npy ... done (2.91s, 119.30MB)
  Running img_13141.npy ... done (2.89s, 120.00MB)
  Running img_13142.npy ... done (2.88s, 118.37MB)
  Running img_13143.npy ... done (2.94s, 119.84MB)
  Running img_13144.npy ... done (2.90s, 112.35MB)
  Running img_13145.npy ... done (2.83s, 112.43MB)
  Running img_13146.npy ... done (2.84s, 115.59MB)
  Running img_13147.npy ... done (2.93s, 114.57MB)
  Running img_13148.npy ... done (2.93s, 113.64MB)
  Running img_13149.npy ... done (2.90s, 112.26MB)
  Running img_1315.npy ... done (3.21s, 114.27MB)
  Running img_13150.npy ... done (2.81s, 114.14MB)
  Running img_13151.npy ... done (2.71s, 115.91MB)
  Running img_13152.npy ... done (2.74s, 114.95MB)
  Running img_13153.npy ... done (2.90s, 113.21MB)
  Running img_13154.npy ... done (2.72s, 114.90MB)
  Running img_13155.npy ... done (2.79s, 114.16MB)
  Running img_13156.npy ... done (2.77s, 117.86MB)
  Running img_13157.npy ... done (2.78s, 121.73MB)
  Running img_13158.npy ... done (2.89s, 127.00MB)
  Running img_13159.npy ... done (3.12s, 130.84MB)
  Running img_1316.npy ... done (2.76s, 130.95MB)
  Running img_13160.npy ... done (2.79s, 133.50MB)
  Running img_13161.npy ... done (2.90s, 133.70MB)
  Running img_13162.npy ... done (2.83s, 134.90MB)
  Running img_13163.npy ... done (2.92s, 119.14MB)
  Running img_13164.npy ... done (2.94s, 116.38MB)
  Running img_13165.npy ... done (2.87s, 116.72MB)
  Running img_13166.npy ... done (2.89s, 118.84MB)
  Running img_13167.npy ... done (2.89s, 122.14MB)
  Running img_13168.npy ... done (2.76s, 127.19MB)
  Running img_13169.npy ... done (2.93s, 130.93MB)
  Running img_1317.npy ... done (2.86s, 130.32MB)
  Running img_13170.npy ... done (2.69s, 129.81MB)
  Running img_13171.npy ... done (2.89s, 130.14MB)
  Running img_13172.npy ... done (2.95s, 130.36MB)
  Running img_13173.npy ... done (2.76s, 114.25MB)
  Running img_13174.npy ... done (2.67s, 114.45MB)
  Running img_13175.npy ... done (2.74s, 118.50MB)
  Running img_13176.npy ... done (2.85s, 118.46MB)
  Running img_13177.npy ... done (2.90s, 122.33MB)
  Running img_13178.npy ... done (2.87s, 126.49MB)
  Running img_13179.npy ... done (2.84s, 126.46MB)
  Running img_1318.npy ... done (3.41s, 123.11MB)
  Running img_13180.npy ... done (2.90s, 117.13MB)
  Running img_13181.npy ... done (2.98s, 122.26MB)
  Running img_13182.npy ... done (2.87s, 114.45MB)
  Running img_13183.npy ... done (2.97s, 111.75MB)
  Running img_13184.npy ... done (2.95s, 112.04MB)
  Running img_13185.npy ... done (2.91s, 112.62MB)
  Running img_13186.npy ... done (2.81s, 120.66MB)
  Running img_13187.npy ... done (2.97s, 119.74MB)
  Running img_13188.npy ... done (2.84s, 116.00MB)
  Running img_13189.npy ... done (2.95s, 118.00MB)
  Running img_1319.npy ... done (2.78s, 117.65MB)
  Running img_13190.npy ... done (2.98s, 112.68MB)
  Running img_13191.npy ... done (2.93s, 113.52MB)
  Running img_13192.npy ... done (2.98s, 115.80MB)
  Running img_13193.npy ... done (3.28s, 111.06MB)
  Running img_13194.npy ... done (3.06s, 112.15MB)
  Running img_13195.npy ... done (2.92s, 115.65MB)
  Running img_13196.npy ... done (2.78s, 115.82MB)
  Running img_13197.npy ... done (2.96s, 113.15MB)
  Running img_13198.npy ... done (2.91s, 111.96MB)
  Running img_13199.npy ... done (2.93s, 113.09MB)
  Running img_132.npy ... done (2.99s, 114.04MB)
  Running img_1320.npy ... done (2.94s, 132.09MB)
  Running img_13200.npy ... done (2.92s, 133.40MB)
  Running img_13201.npy ... done (2.81s, 129.91MB)
  Running img_13202.npy ... done (2.78s, 132.57MB)
  Running img_13203.npy ... done (2.86s, 115.14MB)
  Running img_13204.npy ... done (2.88s, 113.58MB)
  Running img_13205.npy ... done (2.84s, 117.04MB)
  Running img_13206.npy ... done (2.93s, 118.00MB)
  Running img_13207.npy ... done (2.87s, 112.64MB)
  Running img_13208.npy ... done (3.38s, 112.09MB)
  Running img_13209.npy ... done (2.89s, 112.23MB)
  Running img_1321.npy ... done (2.91s, 114.09MB)
  Running img_13210.npy ... done (2.62s, 114.50MB)
  Running img_13211.npy ... done (2.73s, 112.31MB)
  Running img_13212.npy ... done (2.64s, 113.59MB)
  Running img_13213.npy ... done (2.76s, 114.70MB)
  Running img_13214.npy ... done (2.90s, 111.77MB)
  Running img_13215.npy ... done (2.95s, 111.96MB)
  Running img_13216.npy ... done (2.91s, 111.25MB)
  Running img_13217.npy ... done (2.95s, 112.59MB)
  Running img_13218.npy ... done (2.92s, 111.07MB)
  Running img_13219.npy ... done (3.02s, 123.05MB)
  Running img_1322.npy ... done (2.92s, 118.00MB)
  Running img_13220.npy ... done (2.97s, 117.75MB)
  Running img_13221.npy ... done (2.79s, 114.84MB)
  Running img_13222.npy ... done (3.39s, 113.22MB)
  Running img_13223.npy ... done (2.82s, 110.98MB)
  Running img_13224.npy ... done (2.98s, 113.46MB)
  Running img_13225.npy ... done (3.01s, 110.96MB)
  Running img_13226.npy ... done (2.80s, 113.78MB)
  Running img_13227.npy ... done (2.90s, 114.89MB)
  Running img_13228.npy ... done (2.76s, 117.25MB)
  Running img_13229.npy ... done (2.98s, 113.64MB)
  Running img_1323.npy ... done (2.88s, 113.75MB)
  Running img_13230.npy ... done (2.89s, 111.99MB)
  Running img_13231.npy ... done (2.99s, 111.86MB)
  Running img_13232.npy ... done (2.91s, 114.99MB)
  Running img_13233.npy ... done (2.86s, 116.07MB)
  Running img_13234.npy ... done (2.93s, 111.52MB)
  Running img_13235.npy ... done (2.91s, 114.85MB)
  Running img_13236.npy ... done (2.92s, 114.73MB)
  Running img_13237.npy ... done (2.97s, 114.00MB)
  Running img_13238.npy ... done (3.32s, 114.27MB)
  Running img_13239.npy ... done (2.81s, 112.59MB)
  Running img_1324.npy ... done (2.86s, 110.81MB)
  Running img_13240.npy ... done (2.80s, 110.84MB)
  Running img_13241.npy ... done (2.93s, 114.02MB)
  Running img_13242.npy ... done (2.73s, 114.30MB)
  Running img_13243.npy ... done (2.78s, 115.19MB)
  Running img_13244.npy ... done (2.84s, 114.95MB)
  Running img_13245.npy ... done (2.79s, 114.27MB)
  Running img_13246.npy ... done (2.90s, 114.18MB)
  Running img_13247.npy ... done (2.89s, 113.45MB)
  Running img_13248.npy ... done (2.92s, 112.80MB)
  Running img_13249.npy ... done (2.89s, 110.99MB)
  Running img_1325.npy ... done (2.76s, 112.48MB)
  Running img_13250.npy ... done (2.81s, 112.04MB)
  Running img_13251.npy ... done (2.81s, 115.04MB)
  Running img_13252.npy ... done (3.49s, 114.36MB)
  Running img_13253.npy ... done (2.90s, 115.12MB)
  Running img_13254.npy ... done (2.68s, 114.34MB)
  Running img_13255.npy ... done (2.93s, 113.98MB)
  Running img_13256.npy ... done (2.79s, 113.96MB)
  Running img_13257.npy ... done (2.88s, 115.02MB)
  Running img_13258.npy ... done (2.77s, 114.04MB)
  Running img_13259.npy ... done (2.90s, 115.96MB)
  Running img_1326.npy ... done (2.80s, 118.44MB)
  Running img_13260.npy ... done (2.87s, 120.44MB)
  Running img_13261.npy ... done (2.79s, 120.92MB)
  Running img_13262.npy ... done (2.80s, 119.14MB)
  Running img_13263.npy ... done (2.72s, 118.88MB)
  Running img_13264.npy ... done (2.88s, 118.53MB)
  Running img_13265.npy ... done (2.68s, 114.54MB)
  Running img_13266.npy ... done (2.88s, 115.20MB)
  Running img_13267.npy ... done (2.90s, 119.82MB)
  Running img_13268.npy ... done (3.31s, 121.45MB)
  Running img_13269.npy ... done (2.88s, 125.40MB)
  Running img_1327.npy ... done (2.68s, 125.32MB)
  Running img_13270.npy ... done (2.81s, 123.59MB)
  Running img_13271.npy ... done (2.87s, 125.84MB)
  Running img_13272.npy ... done (2.87s, 126.96MB)
  Running img_13273.npy ... done (2.68s, 126.61MB)
  Running img_13274.npy ... done (2.83s, 127.95MB)
  Running img_13275.npy ... done (2.93s, 112.90MB)
  Running img_13276.npy ... done (2.87s, 111.57MB)
  Running img_13277.npy ... done (2.95s, 114.57MB)
  Running img_13278.npy ... done (2.88s, 119.68MB)
  Running img_13279.npy ... done (3.00s, 120.65MB)
  Running img_1328.npy ... done (3.00s, 122.71MB)
  Running img_13280.npy ... done (2.86s, 125.35MB)
  Running img_13281.npy ... done (3.11s, 125.55MB)
  Running img_13282.npy ... done (3.05s, 128.02MB)
  Running img_13283.npy ... done (2.99s, 125.73MB)
  Running img_13284.npy ... done (2.88s, 125.67MB)
  Running img_13285.npy ... done (2.80s, 121.65MB)
  Running img_13286.npy ... done (2.84s, 123.12MB)
  Running img_13287.npy ... done (2.89s, 113.41MB)
  Running img_13288.npy ... done (2.96s, 112.79MB)
  Running img_13289.npy ... done (2.77s, 115.74MB)
  Running img_1329.npy ... done (2.85s, 118.73MB)
  Running img_13290.npy ... done (2.89s, 119.50MB)
  Running img_13291.npy ... done (2.82s, 120.61MB)
  Running img_13292.npy ... done (2.91s, 119.28MB)
  Running img_13293.npy ... done (2.98s, 119.84MB)
  Running img_13294.npy ... done (2.85s, 119.88MB)
  Running img_13295.npy ... done (2.95s, 119.24MB)
  Running img_13296.npy ... done (2.87s, 114.75MB)
  Running img_13297.npy ... done (3.55s, 115.28MB)
  Running img_13298.npy ... done (2.98s, 109.57MB)
  Running img_13299.npy ... done (2.80s, 113.82MB)
  Running img_133.npy ... done (2.97s, 111.67MB)
  Running img_1330.npy ... done (2.97s, 112.61MB)
  Running img_13300.npy ... done (2.90s, 110.56MB)
  Running img_13301.npy ... done (2.80s, 113.71MB)
  Running img_13302.npy ... done (2.81s, 114.01MB)
  Running img_13303.npy ... done (2.90s, 114.86MB)
  Running img_13304.npy ... done (2.93s, 118.57MB)
  Running img_13305.npy ... done (2.82s, 120.15MB)
  Running img_13306.npy ... done (2.80s, 121.39MB)
  Running img_13307.npy ... done (2.92s, 122.28MB)
  Running img_13308.npy ... done (2.84s, 110.80MB)
  Running img_13309.npy ... done (2.85s, 112.68MB)
  Running img_1331.npy ... done (2.87s, 114.28MB)
  Running img_13310.npy ... done (3.35s, 120.16MB)
  Running img_13311.npy ... done (3.00s, 119.55MB)
  Running img_13312.npy ... done (2.92s, 125.60MB)
  Running img_13313.npy ... done (2.91s, 125.75MB)
  Running img_13314.npy ... done (2.80s, 125.89MB)
  Running img_13315.npy ... done (2.95s, 126.41MB)
  Running img_13316.npy ... done (2.94s, 125.76MB)
  Running img_13317.npy ... done (2.82s, 126.02MB)
  Running img_13318.npy ... done (2.83s, 127.45MB)
  Running img_13319.npy ... done (2.77s, 111.54MB)
  Running img_1332.npy ... done (2.62s, 114.63MB)
  Running img_13320.npy ... done (2.91s, 114.21MB)
  Running img_13321.npy ... done (2.95s, 120.48MB)
  Running img_13322.npy ... done (2.89s, 122.00MB)
  Running img_13323.npy ... done (2.99s, 123.87MB)
  Running img_13324.npy ... done (2.90s, 128.82MB)
  Running img_13325.npy ... done (2.93s, 131.97MB)
  Running img_13326.npy ... done (3.27s, 133.04MB)
  Running img_13327.npy ... done (2.99s, 130.57MB)
  Running img_13328.npy ... done (2.80s, 132.49MB)
  Running img_13329.npy ... done (2.96s, 113.50MB)
  Running img_1333.npy ... done (2.94s, 114.07MB)
  Running img_13330.npy ... done (2.91s, 114.66MB)
  Running img_13331.npy ... done (2.96s, 114.42MB)
  Running img_13332.npy ... done (2.59s, 118.98MB)
  Running img_13333.npy ... done (2.74s, 123.05MB)
  Running img_13334.npy ... done (2.75s, 123.99MB)
  Running img_13335.npy ... done (2.70s, 124.17MB)
  Running img_13336.npy ... done (3.02s, 123.51MB)
  Running img_13337.npy ... done (2.87s, 123.74MB)
  Running img_13338.npy ... done (2.87s, 122.90MB)
  Running img_13339.npy ... done (2.78s, 120.29MB)
  Running img_1334.npy ... done (2.74s, 113.43MB)
  Running img_13340.npy ... done (2.91s, 115.32MB)
  Running img_13341.npy ... done (2.97s, 118.07MB)
  Running img_13342.npy ... done (2.80s, 120.07MB)
  Running img_13343.npy ... done (2.86s, 120.77MB)
  Running img_13344.npy ... done (2.92s, 120.60MB)
  Running img_13345.npy ... done (2.95s, 120.45MB)
  Running img_13346.npy ... done (2.91s, 121.00MB)
  Running img_13347.npy ... done (2.95s, 119.00MB)
  Running img_13348.npy ... done (2.67s, 118.90MB)
  Running img_13349.npy ... done (2.92s, 112.07MB)
  Running img_1335.npy ... done (2.91s, 114.07MB)
  Running img_13350.npy ... done (2.89s, 113.11MB)
  Running img_13351.npy ... done (2.96s, 116.34MB)
  Running img_13352.npy ... done (2.72s, 115.45MB)
  Running img_13353.npy ... done (2.81s, 114.53MB)
  Running img_13354.npy ... done (2.79s, 115.00MB)
  Running img_13355.npy ... done (2.94s, 115.13MB)
  Running img_13356.npy ... done (3.19s, 116.45MB)
  Running img_13357.npy ... done (2.84s, 114.44MB)
  Running img_13358.npy ... done (2.83s, 115.04MB)
  Running img_13359.npy ... done (2.89s, 114.70MB)
  Running img_1336.npy ... done (2.84s, 115.52MB)
  Running img_13360.npy ... done (2.83s, 115.80MB)
  Running img_13361.npy ... done (2.82s, 114.21MB)
  Running img_13362.npy ... done (2.84s, 113.52MB)
  Running img_13363.npy ... done (2.61s, 112.13MB)
  Running img_13364.npy ... done (2.85s, 114.45MB)
  Running img_13365.npy ... done (2.91s, 129.76MB)
  Running img_13366.npy ... done (2.88s, 133.38MB)
  Running img_13367.npy ... done (2.91s, 132.86MB)
  Running img_13368.npy ... done (2.91s, 131.78MB)
  Running img_13369.npy ... done (2.84s, 132.76MB)
  Running img_1337.npy ... done (3.19s, 115.41MB)
  Running img_13370.npy ... done (2.94s, 115.05MB)
  Running img_13371.npy ... done (2.87s, 116.49MB)
  Running img_13372.npy ... done (2.90s, 119.81MB)
  Running img_13373.npy ... done (2.94s, 120.94MB)
  Running img_13374.npy ... done (2.89s, 127.07MB)
  Running img_13375.npy ... done (2.96s, 132.33MB)
  Running img_13376.npy ... done (2.95s, 131.96MB)
  Running img_13377.npy ... done (2.78s, 132.86MB)
  Running img_13378.npy ... done (2.73s, 132.73MB)
  Running img_13379.npy ... done (2.88s, 132.87MB)
  Running img_1338.npy ... done (2.86s, 115.67MB)
  Running img_13380.npy ... done (2.71s, 116.38MB)
  Running img_13381.npy ... done (2.95s, 119.19MB)
  Running img_13382.npy ... done (2.99s, 119.10MB)
  Running img_13383.npy ... done (2.82s, 124.23MB)
  Running img_13384.npy ... done (2.94s, 128.88MB)
  Running img_13385.npy ... done (3.24s, 128.14MB)
  Running img_13386.npy ... done (2.96s, 113.73MB)
  Running img_13387.npy ... done (2.90s, 120.31MB)
  Running img_13388.npy ... done (2.95s, 114.46MB)
  Running img_13389.npy ... done (2.83s, 113.06MB)
  Running img_1339.npy ... done (2.83s, 111.69MB)
  Running img_13390.npy ... done (2.93s, 110.57MB)
  Running img_13391.npy ... done (2.99s, 115.34MB)
  Running img_13392.npy ... done (2.76s, 116.84MB)
  Running img_13393.npy ... done (2.98s, 115.98MB)
  Running img_13394.npy ... done (2.85s, 115.63MB)
  Running img_13395.npy ... done (2.86s, 117.61MB)
  Running img_13396.npy ... done (2.94s, 114.50MB)
  Running img_13397.npy ... done (2.98s, 111.70MB)
  Running img_13398.npy ... done (2.89s, 111.32MB)
  Running img_13399.npy ... done (2.81s, 113.16MB)
  Running img_134.npy ... done (2.70s, 110.58MB)
  Running img_1340.npy ... done (3.55s, 114.91MB)
  Running img_13400.npy ... done (2.91s, 114.02MB)
  Running img_13401.npy ... done (3.01s, 114.66MB)
  Running img_13402.npy ... done (3.02s, 112.59MB)
  Running img_13403.npy ... done (2.92s, 114.02MB)
  Running img_13404.npy ... done (2.86s, 112.82MB)
  Running img_13405.npy ... done (2.91s, 123.52MB)
  Running img_13406.npy ... done (3.03s, 113.67MB)
  Running img_13407.npy ... done (2.95s, 114.50MB)
  Running img_13408.npy ... done (2.79s, 114.57MB)
  Running img_13409.npy ... done (2.85s, 114.68MB)
  Running img_1341.npy ... done (2.94s, 114.47MB)
  Running img_13410.npy ... done (2.85s, 114.98MB)
  Running img_13411.npy ... done (2.87s, 114.04MB)
  Running img_13412.npy ... done (2.79s, 112.57MB)
  Running img_13413.npy ... done (2.79s, 112.86MB)
  Running img_13414.npy ... done (3.01s, 114.02MB)
  Running img_13415.npy ... done (2.78s, 112.28MB)
  Running img_13416.npy ... done (2.67s, 114.52MB)
  Running img_13417.npy ... done (2.84s, 115.58MB)
  Running img_13418.npy ... done (2.73s, 115.43MB)
  Running img_13419.npy ... done (2.87s, 114.36MB)
  Running img_1342.npy ... done (2.88s, 115.12MB)
  Running img_13420.npy ... done (2.85s, 115.27MB)
  Running img_13421.npy ... done (2.89s, 113.74MB)
  Running img_13422.npy ... done (2.79s, 112.48MB)
  Running img_13423.npy ... done (2.84s, 112.09MB)
  Running img_13424.npy ... done (2.90s, 111.56MB)
  Running img_13425.npy ... done (2.90s, 115.28MB)
  Running img_13426.npy ... done (2.73s, 111.57MB)
  Running img_13427.npy ... done (2.73s, 113.55MB)
  Running img_13428.npy ... done (2.85s, 112.90MB)
  Running img_13429.npy ... done (3.25s, 114.92MB)
  Running img_1343.npy ... done (2.87s, 114.82MB)
  Running img_13430.npy ... done (2.75s, 115.93MB)
  Running img_13431.npy ... done (2.82s, 115.88MB)
  Running img_13432.npy ... done (2.93s, 112.87MB)
  Running img_13433.npy ... done (2.87s, 113.98MB)
  Running img_13434.npy ... done (2.88s, 113.12MB)
  Running img_13435.npy ... done (2.84s, 115.19MB)
  Running img_13436.npy ... done (2.72s, 114.46MB)
  Running img_13437.npy ... done (2.74s, 113.30MB)
  Running img_13438.npy ... done (2.89s, 112.39MB)
  Running img_13439.npy ... done (2.93s, 114.64MB)
  Running img_1344.npy ... done (2.94s, 112.21MB)
  Running img_13440.npy ... done (2.86s, 112.97MB)
  Running img_13441.npy ... done (2.96s, 112.59MB)
  Running img_13442.npy ... done (2.74s, 111.26MB)
  Running img_13443.npy ... done (3.28s, 114.21MB)
  Running img_13444.npy ... done (2.97s, 111.72MB)
  Running img_13445.npy ... done (2.91s, 111.71MB)
  Running img_13446.npy ... done (2.65s, 111.93MB)
  Running img_13447.npy ... done (2.78s, 113.71MB)
  Running img_13448.npy ... done (2.86s, 110.63MB)
  Running img_13449.npy ... done (2.89s, 111.53MB)
  Running img_1345.npy ... done (2.83s, 113.09MB)
  Running img_13450.npy ... done (2.72s, 113.32MB)
  Running img_13451.npy ... done (2.64s, 112.63MB)
  Running img_13452.npy ... done (2.91s, 111.53MB)
  Running img_13453.npy ... done (2.67s, 109.92MB)
  Running img_13454.npy ... done (2.83s, 114.15MB)
  Running img_13455.npy ... done (2.73s, 111.07MB)
  Running img_13456.npy ... done (2.86s, 113.70MB)
  Running img_13457.npy ... done (2.78s, 112.55MB)
  Running img_13458.npy ... done (3.16s, 114.31MB)
  Running img_13459.npy ... done (2.85s, 110.65MB)
  Running img_1346.npy ... done (2.99s, 113.71MB)
  Running img_13460.npy ... done (2.91s, 110.39MB)
  Running img_13461.npy ... done (2.80s, 112.37MB)
  Running img_13462.npy ... done (2.80s, 112.04MB)
  Running img_13463.npy ... done (2.91s, 113.75MB)
  Running img_13464.npy ... done (2.91s, 110.64MB)
  Running img_13465.npy ... done (2.84s, 111.39MB)
  Running img_13466.npy ... done (2.83s, 112.80MB)
  Running img_13467.npy ... done (2.96s, 114.02MB)
  Running img_13468.npy ... done (2.94s, 123.83MB)
  Running img_13469.npy ... done (2.78s, 132.86MB)
  Running img_1347.npy ... done (2.71s, 133.04MB)
  Running img_13470.npy ... done (2.76s, 126.04MB)
  Running img_13471.npy ... done (2.71s, 115.46MB)
  Running img_13472.npy ... done (3.23s, 113.25MB)
  Running img_13473.npy ... done (2.91s, 113.14MB)
  Running img_13474.npy ... done (2.76s, 111.97MB)
  Running img_13475.npy ... done (2.72s, 112.54MB)
  Running img_13476.npy ... done (2.74s, 114.26MB)
  Running img_13477.npy ... done (2.73s, 115.04MB)
  Running img_13478.npy ... done (2.91s, 114.07MB)
  Running img_13479.npy ... done (2.74s, 113.85MB)
  Running img_1348.npy ... done (2.69s, 114.55MB)
  Running img_13480.npy ... done (2.82s, 113.53MB)
  Running img_13481.npy ... done (2.94s, 113.61MB)
  Running img_13482.npy ... done (2.81s, 112.88MB)
  Running img_13483.npy ... done (2.72s, 112.49MB)
  Running img_13484.npy ... done (2.79s, 112.23MB)
  Running img_13485.npy ... done (2.95s, 115.16MB)
  Running img_13486.npy ... done (2.81s, 114.84MB)
  Running img_13487.npy ... done (3.38s, 114.86MB)
  Running img_13488.npy ... done (2.86s, 114.66MB)
  Running img_13489.npy ... done (2.97s, 113.67MB)
  Running img_1349.npy ... done (2.83s, 114.41MB)
  Running img_13490.npy ... done (2.89s, 115.90MB)
  Running img_13491.npy ... done (2.88s, 113.97MB)
  Running img_13492.npy ... done (2.88s, 113.46MB)
  Running img_13493.npy ... done (2.76s, 111.58MB)
  Running img_13494.npy ... done (2.95s, 115.74MB)
  Running img_13495.npy ... done (2.88s, 114.49MB)
  Running img_13496.npy ... done (2.89s, 116.32MB)
  Running img_13497.npy ... done (2.92s, 113.27MB)
  Running img_13498.npy ... done (2.86s, 112.71MB)
  Running img_13499.npy ... done (2.61s, 112.35MB)
  Running img_135.npy ... done (2.88s, 113.43MB)
  Running img_1350.npy ... done (3.32s, 113.46MB)
  Running img_13500.npy ... done (2.92s, 114.86MB)
  Running img_13501.npy ... done (2.92s, 111.00MB)
  Running img_13502.npy ... done (2.94s, 112.73MB)
  Running img_13503.npy ... done (2.95s, 112.32MB)
  Running img_13504.npy ... done (2.96s, 116.14MB)
  Running img_13505.npy ... done (2.90s, 114.05MB)
  Running img_13506.npy ... done (2.78s, 114.81MB)
  Running img_13507.npy ... done (2.71s, 113.02MB)
  Running img_13508.npy ... done (2.97s, 111.99MB)
  Running img_13509.npy ... done (2.93s, 113.32MB)
  Running img_1351.npy ... done (2.78s, 113.89MB)
  Running img_13510.npy ... done (2.89s, 111.10MB)
  Running img_13511.npy ... done (2.89s, 111.97MB)
  Running img_13512.npy ... done (2.96s, 110.07MB)
  Running img_13513.npy ... done (2.97s, 113.56MB)
  Running img_13514.npy ... done (2.89s, 111.83MB)
  Running img_13515.npy ... done (3.20s, 112.98MB)
  Running img_13516.npy ... done (2.85s, 112.16MB)
  Running img_13517.npy ... done (2.99s, 114.09MB)
  Running img_13518.npy ... done (2.87s, 113.50MB)
  Running img_13519.npy ... done (2.94s, 111.97MB)
  Running img_1352.npy ... done (2.91s, 111.62MB)
  Running img_13520.npy ... done (2.86s, 113.43MB)
  Running img_13521.npy ... done (2.87s, 111.16MB)
  Running img_13522.npy ... done (2.89s, 111.95MB)
  Running img_13523.npy ... done (3.29s, 112.19MB)
  Running img_13524.npy ... done (2.91s, 113.94MB)
  Running img_13525.npy ... done (2.85s, 111.75MB)
  Running img_13526.npy ... done (2.94s, 112.35MB)
  Running img_13527.npy ... done (2.96s, 112.34MB)
  Running img_13528.npy ... done (2.90s, 112.69MB)
  Running img_13529.npy ... done (2.89s, 109.84MB)
  Running img_1353.npy ... done (2.75s, 113.78MB)
  Running img_13530.npy ... done (2.97s, 113.41MB)
  Running img_13531.npy ... done (2.81s, 112.29MB)
  Running img_13532.npy ... done (2.95s, 114.54MB)
  Running img_13533.npy ... done (2.89s, 114.66MB)
  Running img_13534.npy ... done (3.02s, 112.50MB)
  Running img_13535.npy ... done (2.90s, 113.49MB)
  Running img_13536.npy ... done (3.00s, 113.79MB)
  Running img_13537.npy ... done (2.91s, 113.86MB)
  Running img_13538.npy ... done (2.96s, 129.95MB)
  Running img_13539.npy ... done (2.91s, 134.09MB)
  Running img_1354.npy ... done (2.81s, 133.25MB)
  Running img_13540.npy ... done (2.94s, 132.70MB)
  Running img_13541.npy ... done (2.81s, 121.77MB)
  Running img_13542.npy ... done (2.91s, 114.87MB)
  Running img_13543.npy ... done (3.32s, 113.95MB)
  Running img_13544.npy ... done (2.88s, 114.36MB)
  Running img_13545.npy ... done (2.87s, 112.56MB)
  Running img_13546.npy ... done (2.92s, 113.00MB)
  Running img_13547.npy ... done (2.83s, 111.03MB)
  Running img_13548.npy ... done (2.85s, 112.73MB)
  Running img_13549.npy ... done (2.78s, 114.52MB)
  Running img_1355.npy ... done (2.78s, 114.52MB)
  Running img_13550.npy ... done (2.89s, 115.01MB)
  Running img_13551.npy ... done (2.68s, 113.13MB)
  Running img_13552.npy ... done (2.63s, 114.19MB)
  Running img_13553.npy ... done (2.79s, 112.88MB)
  Running img_13554.npy ... done (2.78s, 113.29MB)
  Running img_13555.npy ... done (2.87s, 112.03MB)
  Running img_13556.npy ... done (2.70s, 111.08MB)
  Running img_13557.npy ... done (3.00s, 115.13MB)
  Running img_13558.npy ... done (3.41s, 115.58MB)
  Running img_13559.npy ... done (2.86s, 114.47MB)
  Running img_1356.npy ... done (2.89s, 113.44MB)
  Running img_13560.npy ... done (2.82s, 115.59MB)
  Running img_13561.npy ... done (2.58s, 114.86MB)
  Running img_13562.npy ... done (2.86s, 115.92MB)
  Running img_13563.npy ... done (2.86s, 114.16MB)
  Running img_13564.npy ... done (3.01s, 112.77MB)
  Running img_13565.npy ... done (2.77s, 114.04MB)
  Running img_13566.npy ... done (2.93s, 113.78MB)
  Running img_13567.npy ... done (2.76s, 113.62MB)
  Running img_13568.npy ... done (2.91s, 113.25MB)
  Running img_13569.npy ... done (2.89s, 112.21MB)
  Running img_1357.npy ... done (2.90s, 112.72MB)
  Running img_13570.npy ... done (2.90s, 113.59MB)
  Running img_13571.npy ... done (2.98s, 112.48MB)
  Running img_13572.npy ... done (3.02s, 112.50MB)
  Running img_13573.npy ... done (3.17s, 111.91MB)
  Running img_13574.npy ... done (2.80s, 113.63MB)
  Running img_13575.npy ... done (2.96s, 113.61MB)
  Running img_13576.npy ... done (2.90s, 110.93MB)
  Running img_13577.npy ... done (2.82s, 113.39MB)
  Running img_13578.npy ... done (2.88s, 112.38MB)
  Running img_13579.npy ... done (2.69s, 112.90MB)
  Running img_1358.npy ... done (2.93s, 113.02MB)
  Running img_13580.npy ... done (2.74s, 112.98MB)
  Running img_13581.npy ... done (2.90s, 112.79MB)
  Running img_13582.npy ... done (2.91s, 114.81MB)
  Running img_13583.npy ... done (2.97s, 113.21MB)
  Running img_13584.npy ... done (2.81s, 113.21MB)
  Running img_13585.npy ... done (2.90s, 114.07MB)
  Running img_13586.npy ... done (2.94s, 114.66MB)
  Running img_13587.npy ... done (2.78s, 113.68MB)
  Running img_13588.npy ... done (3.34s, 112.48MB)
  Running img_13589.npy ... done (2.79s, 114.20MB)
  Running img_1359.npy ... done (2.60s, 115.44MB)
  Running img_13590.npy ... done (2.59s, 114.90MB)
  Running img_13591.npy ... done (2.57s, 113.98MB)
  Running img_13592.npy ... done (2.67s, 112.52MB)
  Running img_13593.npy ... done (2.63s, 114.30MB)
  Running img_13594.npy ... done (2.64s, 114.64MB)
  Running img_13595.npy ... done (2.63s, 111.70MB)
  Running img_13596.npy ... done (2.70s, 111.09MB)
  Running img_13597.npy ... done (2.64s, 111.53MB)
  Running img_13598.npy ... done (2.72s, 112.52MB)
  Running img_13599.npy ... done (2.84s, 114.09MB)
  Running img_136.npy ... done (2.70s, 115.32MB)
  Running img_1360.npy ... done (2.71s, 114.18MB)
  Running img_13600.npy ... done (2.92s, 113.27MB)
  Running img_13601.npy ... done (2.66s, 113.80MB)
  Running img_13602.npy ... done (3.46s, 113.88MB)
  Running img_13603.npy ... done (2.77s, 111.28MB)
  Running img_13604.npy ... done (2.95s, 112.38MB)
  Running img_13605.npy ... done (2.86s, 111.32MB)
  Running img_13606.npy ... done (2.78s, 112.51MB)
  Running img_13607.npy ... done (2.91s, 114.34MB)
  Running img_13608.npy ... done (2.89s, 114.75MB)
  Running img_13609.npy ... done (2.81s, 115.56MB)
  Running img_1361.npy ... done (2.92s, 115.61MB)
  Running img_13610.npy ... done (2.88s, 111.27MB)
  Running img_13611.npy ... done (2.86s, 114.22MB)
  Running img_13612.npy ... done (2.74s, 116.86MB)
  Running img_13613.npy ... done (2.90s, 117.52MB)
  Running img_13614.npy ... done (2.87s, 120.23MB)
  Running img_13615.npy ... done (2.70s, 119.97MB)
  Running img_13616.npy ... done (2.73s, 120.20MB)
  Running img_13617.npy ... done (3.42s, 119.72MB)
  Running img_13618.npy ... done (2.86s, 119.42MB)
  Running img_13619.npy ... done (2.78s, 121.16MB)
  Running img_1362.npy ... done (2.94s, 113.50MB)
  Running img_13620.npy ... done (2.99s, 113.04MB)
  Running img_13621.npy ... done (2.85s, 113.47MB)
  Running img_13622.npy ... done (2.91s, 116.11MB)
  Running img_13623.npy ... done (2.91s, 120.64MB)
  Running img_13624.npy ... done (2.93s, 121.98MB)
  Running img_13625.npy ... done (3.00s, 123.05MB)
  Running img_13626.npy ... done (2.93s, 122.43MB)
  Running img_13627.npy ... done (2.93s, 124.31MB)
  Running img_13628.npy ... done (2.92s, 124.49MB)
  Running img_13629.npy ... done (2.92s, 122.90MB)
  Running img_1363.npy ... done (2.91s, 123.20MB)
  Running img_13630.npy ... done (2.85s, 123.27MB)
  Running img_13631.npy ... done (3.46s, 114.47MB)
  Running img_13632.npy ... done (2.92s, 111.11MB)
  Running img_13633.npy ... done (2.76s, 114.04MB)
  Running img_13634.npy ... done (2.77s, 115.33MB)
  Running img_13635.npy ... done (2.86s, 120.78MB)
  Running img_13636.npy ... done (2.87s, 119.29MB)
  Running img_13637.npy ... done (2.92s, 116.91MB)
  Running img_13638.npy ... done (2.71s, 115.61MB)
  Running img_13639.npy ... done (2.89s, 115.68MB)
  Running img_1364.npy ... done (2.93s, 115.57MB)
  Running img_13640.npy ... done (2.97s, 112.08MB)
  Running img_13641.npy ... done (2.81s, 112.03MB)
  Running img_13642.npy ... done (2.83s, 112.07MB)
  Running img_13643.npy ... done (2.64s, 111.10MB)
  Running img_13644.npy ... done (2.81s, 111.94MB)
  Running img_13645.npy ... done (2.94s, 113.52MB)
  Running img_13646.npy ... done (3.20s, 111.42MB)
  Running img_13647.npy ... done (3.01s, 111.50MB)
  Running img_13648.npy ... done (2.86s, 119.54MB)
  Running img_13649.npy ... done (2.95s, 124.74MB)
  Running img_1365.npy ... done (2.84s, 125.39MB)
  Running img_13650.npy ... done (2.75s, 125.10MB)
  Running img_13651.npy ... done (2.80s, 125.50MB)
  Running img_13652.npy ... done (2.84s, 126.07MB)
  Running img_13653.npy ... done (2.94s, 124.68MB)
  Running img_13654.npy ... done (2.90s, 114.02MB)
  Running img_13655.npy ... done (2.99s, 114.48MB)
  Running img_13656.npy ... done (2.95s, 115.44MB)
  Running img_13657.npy ... done (2.93s, 119.09MB)
  Running img_13658.npy ... done (2.94s, 121.11MB)
  Running img_13659.npy ... done (2.90s, 124.32MB)
  Running img_1366.npy ... done (2.90s, 126.90MB)
  Running img_13660.npy ... done (3.10s, 125.70MB)
  Running img_13661.npy ... done (3.14s, 127.62MB)
  Running img_13662.npy ... done (2.88s, 126.92MB)
  Running img_13663.npy ... done (2.77s, 125.61MB)
  Running img_13664.npy ... done (2.83s, 122.54MB)
  Running img_13665.npy ... done (2.83s, 120.82MB)
  Running img_13666.npy ... done (2.97s, 113.53MB)
  Running img_13667.npy ... done (2.93s, 114.25MB)
  Running img_13668.npy ... done (2.76s, 117.49MB)
  Running img_13669.npy ... done (2.77s, 120.61MB)
  Running img_1367.npy ... done (2.94s, 120.57MB)
  Running img_13670.npy ... done (2.75s, 119.88MB)
  Running img_13671.npy ... done (2.91s, 118.50MB)
  Running img_13672.npy ... done (2.81s, 120.17MB)
  Running img_13673.npy ... done (2.86s, 116.07MB)
  Running img_13674.npy ... done (2.87s, 115.75MB)
  Running img_13675.npy ... done (3.30s, 114.92MB)
  Running img_13676.npy ... done (2.83s, 114.32MB)
  Running img_13677.npy ... done (2.98s, 112.63MB)
  Running img_13678.npy ... done (2.92s, 112.58MB)
  Running img_13679.npy ... done (2.91s, 113.16MB)
  Running img_1368.npy ... done (2.61s, 113.46MB)
  Running img_13680.npy ... done (2.99s, 115.86MB)
  Running img_13681.npy ... done (2.78s, 120.93MB)
  Running img_13682.npy ... done (3.01s, 124.49MB)
  Running img_13683.npy ... done (2.86s, 124.20MB)
  Running img_13684.npy ... done (2.83s, 124.62MB)
  Running img_13685.npy ... done (2.89s, 123.62MB)
  Running img_13686.npy ... done (2.95s, 125.20MB)
  Running img_13687.npy ... done (2.84s, 112.26MB)
  Running img_13688.npy ... done (2.91s, 112.57MB)
  Running img_13689.npy ... done (2.90s, 115.32MB)
  Running img_1369.npy ... done (2.85s, 119.75MB)
  Running img_13690.npy ... done (3.43s, 117.79MB)
  Running img_13691.npy ... done (2.94s, 119.63MB)
  Running img_13692.npy ... done (2.85s, 123.51MB)
  Running img_13693.npy ... done (2.86s, 123.98MB)
  Running img_13694.npy ... done (2.74s, 122.70MB)
  Running img_13695.npy ... done (2.86s, 122.71MB)
  Running img_13696.npy ... done (2.75s, 122.92MB)
  Running img_13697.npy ... done (2.90s, 126.01MB)
  Running img_13698.npy ... done (2.84s, 126.23MB)
  Running img_13699.npy ... done (2.94s, 113.41MB)
  Running img_137.npy ... done (2.69s, 112.30MB)
  Running img_1370.npy ... done (3.01s, 115.24MB)
  Running img_13700.npy ... done (2.93s, 117.88MB)
  Running img_13701.npy ... done (2.94s, 122.01MB)
  Running img_13702.npy ... done (2.83s, 119.07MB)
  Running img_13703.npy ... done (2.83s, 119.91MB)
  Running img_13704.npy ... done (3.35s, 120.25MB)
  Running img_13705.npy ... done (2.85s, 119.86MB)
  Running img_13706.npy ... done (2.89s, 118.33MB)
  Running img_13707.npy ... done (2.91s, 118.30MB)
  Running img_13708.npy ... done (2.70s, 111.04MB)
  Running img_13709.npy ... done (2.89s, 113.51MB)
  Running img_1371.npy ... done (2.84s, 112.15MB)
  Running img_13710.npy ... done (2.96s, 113.23MB)
  Running img_13711.npy ... done (2.58s, 113.68MB)
  Running img_13712.npy ... done (2.95s, 113.56MB)
  Running img_13713.npy ... done (2.72s, 110.36MB)
  Running img_13714.npy ... done (2.96s, 110.59MB)
  Running img_13715.npy ... done (2.77s, 110.82MB)
  Running img_13716.npy ... done (2.96s, 113.36MB)
  Running img_13717.npy ... done (2.93s, 113.18MB)
  Running img_13718.npy ... done (2.94s, 128.62MB)
  Running img_13719.npy ... done (2.74s, 112.55MB)
  Running img_1372.npy ... done (2.99s, 116.91MB)
  Running img_13720.npy ... done (2.85s, 118.45MB)
  Running img_13721.npy ... done (2.87s, 123.62MB)
  Running img_13722.npy ... done (2.88s, 127.75MB)
  Running img_13723.npy ... done (2.90s, 132.64MB)
  Running img_13724.npy ... done (2.86s, 130.74MB)
  Running img_13725.npy ... done (2.91s, 131.16MB)
  Running img_13726.npy ... done (2.77s, 131.32MB)
  Running img_13727.npy ... done (2.84s, 132.93MB)
  Running img_13728.npy ... done (2.83s, 115.17MB)
  Running img_13729.npy ... done (2.87s, 112.66MB)
  Running img_1373.npy ... done (2.82s, 114.95MB)
  Running img_13730.npy ... done (2.93s, 118.19MB)
  Running img_13731.npy ... done (2.85s, 118.87MB)
  Running img_13732.npy ... done (2.86s, 122.39MB)
  Running img_13733.npy ... done (2.88s, 123.95MB)
  Running img_13734.npy ... done (3.55s, 124.68MB)
  Running img_13735.npy ... done (2.91s, 122.09MB)
  Running img_13736.npy ... done (2.90s, 120.99MB)
  Running img_13737.npy ... done (2.83s, 121.07MB)
  Running img_13738.npy ... done (2.80s, 122.46MB)
  Running img_13739.npy ... done (2.90s, 111.23MB)
  Running img_1374.npy ... done (2.66s, 112.16MB)
  Running img_13740.npy ... done (2.93s, 114.52MB)
  Running img_13741.npy ... done (2.88s, 119.89MB)
  Running img_13742.npy ... done (2.90s, 115.43MB)
  Running img_13743.npy ... done (2.81s, 115.43MB)
  Running img_13744.npy ... done (2.99s, 115.90MB)
  Running img_13745.npy ... done (2.85s, 114.74MB)
  Running img_13746.npy ... done (2.82s, 113.07MB)
  Running img_13747.npy ... done (2.83s, 112.90MB)
  Running img_13748.npy ... done (2.90s, 112.00MB)
  Running img_13749.npy ... done (3.55s, 113.54MB)
  Running img_1375.npy ... done (2.93s, 112.67MB)
  Running img_13750.npy ... done (2.52s, 111.52MB)
  Running img_13751.npy ... done (2.54s, 111.98MB)
  Running img_13752.npy ... done (2.59s, 111.89MB)
  Running img_13753.npy ... done (2.92s, 112.20MB)
  Running img_13754.npy ... done (2.84s, 117.82MB)
  Running img_13755.npy ... done (2.75s, 123.84MB)
  Running img_13756.npy ... done (2.84s, 122.34MB)
  Running img_13757.npy ... done (2.92s, 122.74MB)
  Running img_13758.npy ... done (2.80s, 124.18MB)
  Running img_13759.npy ... done (2.65s, 125.17MB)
  Running img_1376.npy ... done (2.76s, 124.45MB)
  Running img_13760.npy ... done (2.69s, 109.96MB)
  Running img_13761.npy ... done (2.82s, 111.36MB)
  Running img_13762.npy ... done (2.68s, 114.72MB)
  Running img_13763.npy ... done (2.83s, 118.41MB)
  Running img_13764.npy ... done (3.67s, 118.98MB)
  Running img_13765.npy ... done (2.74s, 119.04MB)
  Running img_13766.npy ... done (2.80s, 123.85MB)
  Running img_13767.npy ... done (2.95s, 126.90MB)
  Running img_13768.npy ... done (2.82s, 126.34MB)
  Running img_13769.npy ... done (2.95s, 127.02MB)
  Running img_1377.npy ... done (2.84s, 126.77MB)
  Running img_13770.npy ... done (2.74s, 125.49MB)
  Running img_13771.npy ... done (2.92s, 122.89MB)
  Running img_13772.npy ... done (2.93s, 122.40MB)
  Running img_13773.npy ... done (2.89s, 113.72MB)
  Running img_13774.npy ... done (2.76s, 113.67MB)
  Running img_13775.npy ... done (2.90s, 112.31MB)
  Running img_13776.npy ... done (2.94s, 115.47MB)
  Running img_13777.npy ... done (2.93s, 120.57MB)
  Running img_13778.npy ... done (2.95s, 120.21MB)
  Running img_13779.npy ... done (3.56s, 117.89MB)
  Running img_1378.npy ... done (2.97s, 119.53MB)
  Running img_13780.npy ... done (2.98s, 115.83MB)
  Running img_13781.npy ... done (3.00s, 115.43MB)
  Running img_13782.npy ... done (2.84s, 112.96MB)
  Running img_13783.npy ... done (2.82s, 114.14MB)
  Running img_13784.npy ... done (2.87s, 113.07MB)
  Running img_13785.npy ... done (2.85s, 112.67MB)
  Running img_13786.npy ... done (2.85s, 111.69MB)
  Running img_13787.npy ... done (2.93s, 113.79MB)
  Running img_13788.npy ... done (2.94s, 111.93MB)
  Running img_13789.npy ... done (2.79s, 111.93MB)
  Running img_1379.npy ... done (2.82s, 110.31MB)
  Running img_13790.npy ... done (2.90s, 117.92MB)
  Running img_13791.npy ... done (2.92s, 115.85MB)
  Running img_13792.npy ... done (2.78s, 121.75MB)
  Running img_13793.npy ... done (3.22s, 119.44MB)
  Running img_13794.npy ... done (2.95s, 126.47MB)
  Running img_13795.npy ... done (2.94s, 125.46MB)
  Running img_13796.npy ... done (2.84s, 126.62MB)
  Running img_13797.npy ... done (2.77s, 112.07MB)
  Running img_13798.npy ... done (2.87s, 115.14MB)
  Running img_13799.npy ... done (2.87s, 116.22MB)
  Running img_138.npy ... done (2.97s, 119.20MB)
  Running img_1380.npy ... done (2.92s, 118.69MB)
  Running img_13800.npy ... done (2.90s, 126.94MB)
  Running img_13801.npy ... done (2.88s, 131.24MB)
  Running img_13802.npy ... done (2.82s, 132.87MB)
  Running img_13803.npy ... done (2.80s, 131.73MB)
  Running img_13804.npy ... done (2.83s, 131.57MB)
  Running img_13805.npy ... done (2.58s, 131.93MB)
  Running img_13806.npy ... done (2.89s, 114.21MB)
  Running img_13807.npy ... done (3.07s, 111.66MB)
  Running img_13808.npy ... done (3.08s, 120.65MB)
  Running img_13809.npy ... done (2.86s, 119.47MB)
  Running img_1381.npy ... done (2.72s, 124.57MB)
  Running img_13810.npy ... done (2.86s, 127.41MB)
  Running img_13811.npy ... done (2.80s, 127.75MB)
  Running img_13812.npy ... done (2.87s, 125.71MB)
  Running img_13813.npy ... done (2.87s, 126.54MB)
  Running img_13814.npy ... done (2.80s, 124.61MB)
  Running img_13815.npy ... done (2.94s, 127.60MB)
  Running img_13816.npy ... done (2.85s, 111.41MB)
  Running img_13817.npy ... done (2.88s, 114.07MB)
  Running img_13818.npy ... done (2.88s, 114.61MB)
  Running img_13819.npy ... done (2.91s, 118.88MB)
  Running img_1382.npy ... done (2.67s, 119.16MB)
  Running img_13820.npy ... done (2.76s, 123.47MB)
  Running img_13821.npy ... done (3.00s, 118.44MB)
  Running img_13822.npy ... done (3.19s, 119.93MB)
  Running img_13823.npy ... done (2.74s, 119.77MB)
  Running img_13824.npy ... done (2.89s, 119.96MB)
  Running img_13825.npy ... done (2.87s, 120.58MB)
  Running img_13826.npy ... done (2.90s, 113.41MB)
  Running img_13827.npy ... done (2.91s, 110.46MB)
  Running img_13828.npy ... done (2.90s, 114.65MB)
  Running img_13829.npy ... done (2.82s, 118.91MB)
  Running img_1383.npy ... done (2.83s, 120.16MB)
  Running img_13830.npy ... done (2.68s, 119.38MB)
  Running img_13831.npy ... done (2.88s, 118.92MB)
  Running img_13832.npy ... done (2.76s, 119.25MB)
  Running img_13833.npy ... done (2.80s, 119.20MB)
  Running img_13834.npy ... done (2.71s, 119.71MB)
  Running img_13835.npy ... done (2.77s, 119.30MB)
  Running img_13836.npy ... done (2.86s, 110.93MB)
  Running img_13837.npy ... done (2.92s, 111.61MB)
  Running img_13838.npy ... done (3.34s, 113.72MB)
  Running img_13839.npy ... done (2.97s, 113.94MB)
  Running img_1384.npy ... done (2.83s, 116.77MB)
  Running img_13840.npy ... done (3.05s, 115.15MB)
  Running img_13841.npy ... done (2.88s, 112.21MB)
  Running img_13842.npy ... done (2.83s, 112.62MB)
  Running img_13843.npy ... done (2.93s, 115.11MB)
  Running img_13844.npy ... done (2.98s, 114.39MB)
  Running img_13845.npy ... done (2.95s, 113.52MB)
  Running img_13846.npy ... done (2.91s, 114.05MB)
  Running img_13847.npy ... done (2.93s, 115.33MB)
  Running img_13848.npy ... done (2.98s, 115.22MB)
  Running img_13849.npy ... done (2.74s, 113.52MB)
  Running img_1385.npy ... done (2.88s, 113.39MB)
  Running img_13850.npy ... done (2.82s, 111.52MB)
  Running img_13851.npy ... done (2.73s, 115.27MB)
  Running img_13852.npy ... done (3.50s, 115.68MB)
  Running img_13853.npy ... done (2.94s, 123.04MB)
  Running img_13854.npy ... done (2.86s, 114.48MB)
  Running img_13855.npy ... done (2.88s, 119.11MB)
  Running img_13856.npy ... done (2.78s, 115.40MB)
  Running img_13857.npy ... done (2.78s, 115.64MB)
  Running img_13858.npy ... done (2.88s, 114.39MB)
  Running img_13859.npy ... done (2.64s, 114.49MB)
  Running img_1386.npy ... done (2.77s, 114.03MB)
  Running img_13860.npy ... done (2.93s, 112.65MB)
  Running img_13861.npy ... done (2.82s, 111.95MB)
  Running img_13862.npy ... done (2.94s, 112.88MB)
  Running img_13863.npy ... done (2.81s, 113.45MB)
  Running img_13864.npy ... done (2.94s, 115.57MB)
  Running img_13865.npy ... done (2.91s, 115.25MB)
  Running img_13866.npy ... done (2.80s, 116.57MB)
  Running img_13867.npy ... done (3.36s, 115.43MB)
  Running img_13868.npy ... done (2.89s, 116.45MB)
  Running img_13869.npy ... done (2.88s, 112.24MB)
  Running img_1387.npy ... done (2.87s, 115.50MB)
  Running img_13870.npy ... done (2.88s, 117.14MB)
  Running img_13871.npy ... done (2.92s, 117.17MB)
  Running img_13872.npy ... done (2.87s, 118.75MB)
  Running img_13873.npy ... done (2.94s, 118.78MB)
  Running img_13874.npy ... done (2.90s, 119.60MB)
  Running img_13875.npy ... done (2.88s, 118.02MB)
  Running img_13876.npy ... done (2.83s, 117.14MB)
  Running img_13877.npy ... done (2.83s, 118.23MB)
  Running img_13878.npy ... done (2.76s, 115.64MB)
  Running img_13879.npy ... done (2.78s, 112.57MB)
  Running img_1388.npy ... done (2.83s, 114.70MB)
  Running img_13880.npy ... done (2.94s, 115.50MB)
  Running img_13881.npy ... done (2.90s, 117.25MB)
  Running img_13882.npy ... done (3.21s, 120.34MB)
  Running img_13883.npy ... done (2.92s, 121.09MB)
  Running img_13884.npy ... done (2.90s, 121.95MB)
  Running img_13885.npy ... done (3.01s, 122.56MB)
  Running img_13886.npy ... done (2.88s, 122.07MB)
  Running img_13887.npy ... done (2.86s, 121.99MB)
  Running img_13888.npy ... done (2.85s, 122.60MB)
  Running img_13889.npy ... done (3.00s, 119.95MB)
  Running img_1389.npy ... done (2.92s, 113.51MB)
  Running img_13890.npy ... done (2.87s, 113.56MB)
  Running img_13891.npy ... done (2.93s, 115.00MB)
  Running img_13892.npy ... done (2.90s, 120.73MB)
  Running img_13893.npy ... done (2.92s, 120.29MB)
  Running img_13894.npy ... done (2.97s, 120.63MB)
  Running img_13895.npy ... done (2.88s, 119.12MB)
  Running img_13896.npy ... done (2.84s, 120.14MB)
  Running img_13897.npy ... done (3.38s, 120.16MB)
  Running img_13898.npy ... done (2.83s, 119.60MB)
  Running img_13899.npy ... done (2.98s, 114.26MB)
  Running img_139.npy ... done (2.99s, 110.91MB)
  Running img_1390.npy ... done (2.81s, 111.75MB)
  Running img_13900.npy ... done (2.80s, 113.07MB)
  Running img_13901.npy ... done (2.89s, 110.36MB)
  Running img_13902.npy ... done (2.91s, 111.95MB)
  Running img_13903.npy ... done (2.91s, 111.41MB)
  Running img_13904.npy ... done (2.72s, 118.80MB)
  Running img_13905.npy ... done (2.82s, 120.43MB)
  Running img_13906.npy ... done (2.89s, 119.49MB)
  Running img_13907.npy ... done (2.98s, 122.23MB)
  Running img_13908.npy ... done (2.91s, 118.93MB)
  Running img_13909.npy ... done (2.75s, 111.76MB)
  Running img_1391.npy ... done (2.91s, 111.73MB)
  Running img_13910.npy ... done (2.82s, 114.02MB)
  Running img_13911.npy ... done (2.69s, 117.07MB)
  Running img_13912.npy ... done (2.81s, 119.94MB)
  Running img_13913.npy ... done (2.91s, 122.05MB)
  Running img_13914.npy ... done (2.73s, 127.52MB)
  Running img_13915.npy ... done (2.86s, 128.62MB)
  Running img_13916.npy ... done (2.75s, 129.34MB)
  Running img_13917.npy ... done (2.96s, 129.06MB)
  Running img_13918.npy ... done (2.84s, 128.18MB)
  Running img_13919.npy ... done (2.99s, 127.53MB)
  Running img_1392.npy ... done (2.68s, 129.05MB)
  Running img_13920.npy ... done (2.90s, 112.77MB)
  Running img_13921.npy ... done (2.92s, 112.33MB)
  Running img_13922.npy ... done (2.92s, 116.38MB)
  Running img_13923.npy ... done (2.99s, 119.79MB)
  Running img_13924.npy ... done (3.06s, 120.24MB)
  Running img_13925.npy ... done (2.89s, 120.67MB)
  Running img_13926.npy ... done (3.33s, 126.75MB)
  Running img_13927.npy ... done (2.86s, 121.54MB)
  Running img_13928.npy ... done (2.95s, 122.12MB)
  Running img_13929.npy ... done (2.93s, 122.03MB)
  Running img_1393.npy ... done (2.89s, 120.54MB)
  Running img_13930.npy ... done (2.89s, 118.96MB)
  Running img_13931.npy ... done (3.00s, 112.00MB)
  Running img_13932.npy ... done (2.79s, 110.66MB)
  Running img_13933.npy ... done (2.96s, 115.92MB)
  Running img_13934.npy ... done (2.86s, 115.67MB)
  Running img_13935.npy ... done (2.92s, 116.89MB)
  Running img_13936.npy ... done (2.93s, 114.42MB)
  Running img_13937.npy ... done (2.86s, 115.11MB)
  Running img_13938.npy ... done (2.94s, 115.43MB)
  Running img_13939.npy ... done (2.90s, 111.78MB)
  Running img_1394.npy ... done (3.13s, 114.40MB)
  Running img_13940.npy ... done (2.93s, 114.87MB)
  Running img_13941.npy ... done (2.89s, 112.70MB)
  Running img_13942.npy ... done (2.72s, 116.08MB)
  Running img_13943.npy ... done (2.88s, 113.68MB)
  Running img_13944.npy ... done (2.84s, 113.27MB)
  Running img_13945.npy ... done (2.91s, 112.75MB)
  Running img_13946.npy ... done (2.87s, 113.37MB)
  Running img_13947.npy ... done (2.85s, 111.96MB)
  Running img_13948.npy ... done (2.92s, 113.63MB)
  Running img_13949.npy ... done (2.83s, 118.05MB)
  Running img_1395.npy ... done (2.89s, 131.27MB)
  Running img_13950.npy ... done (2.79s, 130.32MB)
  Running img_13951.npy ... done (2.81s, 132.79MB)
  Running img_13952.npy ... done (2.85s, 133.84MB)
  Running img_13953.npy ... done (2.83s, 114.54MB)
  Running img_13954.npy ... done (2.83s, 112.02MB)
  Running img_13955.npy ... done (3.38s, 117.21MB)
  Running img_13956.npy ... done (2.89s, 121.70MB)
  Running img_13957.npy ... done (2.84s, 123.46MB)
  Running img_13958.npy ... done (2.79s, 128.06MB)
  Running img_13959.npy ... done (2.97s, 130.18MB)
  Running img_1396.npy ... done (2.92s, 132.00MB)
  Running img_13960.npy ... done (2.86s, 133.20MB)
  Running img_13961.npy ... done (2.86s, 132.39MB)
  Running img_13962.npy ... done (2.90s, 132.22MB)
  Running img_13963.npy ... done (2.89s, 110.62MB)
  Running img_13964.npy ... done (2.95s, 115.20MB)
  Running img_13965.npy ... done (2.74s, 115.20MB)
  Running img_13966.npy ... done (2.80s, 119.12MB)
  Running img_13967.npy ... done (2.80s, 118.68MB)
  Running img_13968.npy ... done (2.63s, 126.77MB)
  Running img_13969.npy ... done (2.74s, 132.06MB)
  Running img_1397.npy ... done (2.81s, 116.82MB)
  Running img_13970.npy ... done (3.14s, 123.63MB)
  Running img_13971.npy ... done (2.94s, 130.38MB)
  Running img_13972.npy ... done (2.67s, 122.59MB)
  Running img_13973.npy ... done (2.84s, 114.23MB)
  Running img_13974.npy ... done (2.73s, 110.98MB)
  Running img_13975.npy ... done (2.84s, 112.54MB)
  Running img_13976.npy ... done (2.88s, 112.14MB)
  Running img_13977.npy ... done (2.95s, 112.96MB)
  Running img_13978.npy ... done (2.93s, 114.09MB)
  Running img_13979.npy ... done (2.89s, 113.95MB)
  Running img_1398.npy ... done (2.75s, 113.62MB)
  Running img_13980.npy ... done (2.65s, 112.76MB)
  Running img_13981.npy ... done (2.91s, 114.21MB)
  Running img_13982.npy ... done (2.87s, 114.32MB)
  Running img_13983.npy ... done (2.86s, 113.19MB)
  Running img_13984.npy ... done (2.86s, 111.81MB)
  Running img_13985.npy ... done (3.39s, 114.47MB)
  Running img_13986.npy ... done (3.02s, 112.22MB)
  Running img_13987.npy ... done (2.87s, 112.54MB)
  Running img_13988.npy ... done (2.92s, 113.11MB)
  Running img_13989.npy ... done (2.71s, 120.66MB)
  Running img_1399.npy ... done (2.86s, 119.31MB)
  Running img_13990.npy ... done (2.93s, 111.32MB)
  Running img_13991.npy ... done (2.63s, 118.66MB)
  Running img_13992.npy ... done (2.74s, 115.80MB)
  Running img_13993.npy ... done (2.93s, 110.83MB)
  Running img_13994.npy ... done (2.68s, 112.41MB)
  Running img_13995.npy ... done (2.75s, 114.00MB)
  Running img_13996.npy ... done (2.87s, 114.01MB)
  Running img_13997.npy ... done (2.84s, 113.65MB)
  Running img_13998.npy ... done (2.93s, 111.77MB)
  Running img_13999.npy ... done (2.87s, 112.91MB)
  Running img_14.npy ... done (3.16s, 110.46MB)
  Running img_140.npy ... done (3.13s, 114.17MB)
  Running img_1400.npy ... done (2.60s, 131.72MB)
  Running img_14000.npy ... done (2.91s, 118.48MB)
  Running img_14001.npy ... done (2.83s, 131.45MB)
  Running img_14002.npy ... done (2.80s, 131.82MB)
  Running img_14003.npy ... done (2.88s, 116.25MB)
  Running img_14004.npy ... done (2.90s, 115.28MB)
  Running img_14005.npy ... done (2.92s, 113.02MB)
  Running img_14006.npy ... done (2.88s, 114.26MB)
  Running img_14007.npy ... done (2.77s, 111.90MB)
  Running img_14008.npy ... done (2.83s, 118.00MB)
  Running img_14009.npy ... done (2.99s, 119.51MB)
  Running img_1401.npy ... done (2.94s, 119.32MB)
  Running img_14010.npy ... done (2.87s, 114.20MB)
  Running img_14011.npy ... done (2.80s, 114.84MB)
  Running img_14012.npy ... done (2.85s, 113.36MB)
  Running img_14013.npy ... done (3.19s, 113.81MB)
  Running img_14014.npy ... done (2.98s, 111.80MB)
  Running img_14015.npy ... done (2.95s, 112.62MB)
  Running img_14016.npy ... done (2.78s, 110.53MB)
  Running img_14017.npy ... done (2.82s, 112.40MB)
  Running img_14018.npy ... done (2.71s, 111.01MB)
  Running img_14019.npy ... done (2.88s, 113.01MB)
  Running img_1402.npy ... done (2.92s, 109.75MB)
  Running img_14020.npy ... done (2.93s, 111.31MB)
  Running img_14021.npy ... done (2.92s, 112.41MB)
  Running img_14022.npy ... done (2.93s, 113.66MB)
  Running img_14023.npy ... done (2.91s, 112.77MB)
  Running img_14024.npy ... done (2.93s, 112.41MB)
  Running img_14025.npy ... done (2.81s, 111.67MB)
  Running img_14026.npy ... done (2.78s, 110.57MB)
  Running img_14027.npy ... done (2.74s, 109.40MB)
  Running img_14028.npy ... done (2.96s, 113.53MB)
  Running img_14029.npy ... done (3.31s, 111.07MB)
  Running img_1403.npy ... done (2.93s, 112.81MB)
  Running img_14030.npy ... done (2.82s, 109.34MB)
  Running img_14031.npy ... done (2.99s, 112.39MB)
  Running img_14032.npy ... done (2.91s, 114.09MB)
  Running img_14033.npy ... done (2.88s, 114.73MB)
  Running img_14034.npy ... done (2.78s, 118.54MB)
  Running img_14035.npy ... done (2.71s, 119.91MB)
  Running img_14036.npy ... done (2.96s, 112.27MB)
  Running img_14037.npy ... done (2.97s, 114.94MB)
  Running img_14038.npy ... done (2.76s, 111.48MB)
  Running img_14039.npy ... done (2.93s, 115.84MB)
  Running img_1404.npy ... done (2.93s, 112.89MB)
  Running img_14040.npy ... done (2.93s, 114.05MB)
  Running img_14041.npy ... done (3.00s, 112.26MB)
  Running img_14042.npy ... done (2.97s, 111.80MB)
  Running img_14043.npy ... done (3.40s, 114.76MB)
  Running img_14044.npy ... done (2.88s, 115.46MB)
  Running img_14045.npy ... done (3.03s, 129.94MB)
  Running img_14046.npy ... done (2.91s, 132.03MB)
  Running img_14047.npy ... done (2.89s, 133.33MB)
  Running img_14048.npy ... done (2.64s, 114.64MB)
  Running img_14049.npy ... done (2.73s, 114.16MB)
  Running img_1405.npy ... done (2.77s, 115.86MB)
  Running img_14050.npy ... done (3.03s, 112.88MB)
  Running img_14051.npy ... done (2.97s, 115.75MB)
  Running img_14052.npy ... done (2.98s, 115.68MB)
  Running img_14053.npy ... done (2.79s, 117.84MB)
  Running img_14054.npy ... done (2.89s, 119.36MB)
  Running img_14055.npy ... done (2.87s, 115.70MB)
  Running img_14056.npy ... done (2.93s, 114.70MB)
  Running img_14057.npy ... done (2.87s, 116.47MB)
  Running img_14058.npy ... done (2.83s, 115.51MB)
  Running img_14059.npy ... done (2.81s, 112.14MB)
  Running img_1406.npy ... done (3.36s, 114.59MB)
  Running img_14060.npy ... done (2.77s, 115.27MB)
  Running img_14061.npy ... done (2.85s, 114.78MB)
  Running img_14062.npy ... done (2.88s, 113.98MB)
  Running img_14063.npy ... done (2.93s, 125.77MB)
  Running img_14064.npy ... done (2.89s, 114.54MB)
  Running img_14065.npy ... done (2.95s, 116.05MB)
  Running img_14066.npy ... done (2.83s, 114.38MB)
  Running img_14067.npy ... done (2.92s, 116.00MB)
  Running img_14068.npy ... done (2.95s, 113.05MB)
  Running img_14069.npy ... done (2.71s, 113.98MB)
  Running img_1407.npy ... done (2.96s, 111.73MB)
  Running img_14070.npy ... done (2.91s, 113.77MB)
  Running img_14071.npy ... done (2.88s, 116.04MB)
  Running img_14072.npy ... done (2.80s, 116.35MB)
  Running img_14073.npy ... done (2.92s, 114.03MB)
  Running img_14074.npy ... done (2.95s, 122.72MB)
  Running img_14075.npy ... done (2.96s, 128.08MB)
  Running img_14076.npy ... done (3.43s, 129.28MB)
  Running img_14077.npy ... done (3.00s, 127.95MB)
  Running img_14078.npy ... done (2.89s, 124.39MB)
  Running img_14079.npy ... done (2.92s, 127.32MB)
  Running img_1408.npy ... done (3.03s, 113.47MB)
  Running img_14080.npy ... done (2.97s, 113.87MB)
  Running img_14081.npy ... done (2.88s, 112.77MB)
  Running img_14082.npy ... done (2.90s, 109.98MB)
  Running img_14083.npy ... done (3.00s, 112.75MB)
  Running img_14084.npy ... done (2.94s, 112.90MB)
  Running img_14085.npy ... done (3.05s, 116.64MB)
  Running img_14086.npy ... done (2.96s, 116.83MB)
  Running img_14087.npy ... done (2.94s, 113.70MB)
  Running img_14088.npy ... done (2.92s, 112.15MB)
  Running img_14089.npy ... done (2.81s, 116.91MB)
  Running img_1409.npy ... done (2.90s, 114.41MB)
  Running img_14090.npy ... done (2.80s, 111.44MB)
  Running img_14091.npy ... done (3.21s, 112.08MB)
  Running img_14092.npy ... done (2.98s, 112.89MB)
  Running img_14093.npy ... done (2.74s, 114.51MB)
  Running img_14094.npy ... done (2.85s, 116.08MB)
  Running img_14095.npy ... done (2.97s, 109.86MB)
  Running img_14096.npy ... done (2.92s, 112.33MB)
  Running img_14097.npy ... done (2.97s, 113.30MB)
  Running img_14098.npy ... done (2.86s, 114.73MB)
  Running img_14099.npy ... done (2.98s, 112.57MB)
  Running img_141.npy ... done (2.87s, 118.62MB)
  Running img_1410.npy ... done (2.85s, 131.27MB)
  Running img_14100.npy ... done (2.84s, 132.98MB)
  Running img_14101.npy ... done (2.89s, 132.70MB)
  Running img_14102.npy ... done (2.89s, 133.06MB)
  Running img_14103.npy ... done (2.87s, 114.23MB)
  Running img_14104.npy ... done (2.72s, 113.74MB)
  Running img_14105.npy ... done (2.84s, 118.95MB)
  Running img_14106.npy ... done (2.88s, 119.80MB)
  Running img_14107.npy ... done (3.36s, 125.27MB)
  Running img_14108.npy ... done (2.87s, 132.66MB)
  Running img_14109.npy ... done (2.70s, 132.84MB)
  Running img_1411.npy ... done (2.84s, 117.12MB)
  Running img_14110.npy ... done (2.88s, 115.00MB)
  Running img_14111.npy ... done (2.90s, 114.73MB)
  Running img_14112.npy ... done (2.92s, 115.41MB)
  Running img_14113.npy ... done (2.79s, 115.86MB)
  Running img_14114.npy ... done (2.86s, 114.71MB)
  Running img_14115.npy ... done (2.90s, 114.25MB)
  Running img_14116.npy ... done (2.86s, 112.99MB)
  Running img_14117.npy ... done (2.82s, 112.68MB)
  Running img_14118.npy ... done (2.86s, 115.76MB)
  Running img_14119.npy ... done (2.80s, 115.58MB)
  Running img_1412.npy ... done (2.83s, 116.47MB)
  Running img_14120.npy ... done (2.71s, 112.56MB)
  Running img_14121.npy ... done (2.89s, 111.46MB)
  Running img_14122.npy ... done (3.39s, 111.47MB)
  Running img_14123.npy ... done (2.98s, 115.81MB)
  Running img_14124.npy ... done (2.91s, 114.31MB)
  Running img_14125.npy ... done (3.01s, 113.95MB)
  Running img_14126.npy ... done (2.80s, 114.07MB)
  Running img_14127.npy ... done (2.90s, 115.12MB)
  Running img_14128.npy ... done (2.85s, 113.34MB)
  Running img_14129.npy ... done (3.00s, 112.03MB)
  Running img_1413.npy ... done (2.82s, 113.23MB)
  Running img_14130.npy ... done (2.88s, 114.32MB)
  Running img_14131.npy ... done (2.93s, 111.39MB)
  Running img_14132.npy ... done (2.80s, 111.74MB)
  Running img_14133.npy ... done (2.94s, 112.43MB)
  Running img_14134.npy ... done (2.88s, 114.25MB)
  Running img_14135.npy ... done (2.87s, 111.78MB)
  Running img_14136.npy ... done (2.77s, 113.89MB)
  Running img_14137.npy ... done (2.80s, 112.09MB)
  Running img_14138.npy ... done (2.83s, 114.68MB)
  Running img_14139.npy ... done (3.39s, 111.62MB)
  Running img_1414.npy ... done (2.79s, 112.73MB)
  Running img_14140.npy ... done (2.62s, 111.96MB)
  Running img_14141.npy ... done (2.98s, 115.12MB)
  Running img_14142.npy ... done (2.74s, 113.23MB)
  Running img_14143.npy ... done (2.94s, 110.96MB)
  Running img_14144.npy ... done (2.72s, 114.71MB)
  Running img_14145.npy ... done (2.82s, 114.28MB)
  Running img_14146.npy ... done (2.74s, 114.71MB)
  Running img_14147.npy ... done (2.88s, 114.55MB)
  Running img_14148.npy ... done (2.91s, 114.18MB)
  Running img_14149.npy ... done (2.82s, 110.84MB)
  Running img_1415.npy ... done (2.87s, 114.73MB)
  Running img_14150.npy ... done (2.89s, 113.35MB)
  Running img_14151.npy ... done (2.87s, 113.95MB)
  Running img_14152.npy ... done (2.82s, 112.25MB)
  Running img_14153.npy ... done (2.96s, 115.52MB)
  Running img_14154.npy ... done (3.30s, 111.64MB)
  Running img_14155.npy ... done (2.94s, 111.94MB)
  Running img_14156.npy ... done (2.78s, 113.08MB)
  Running img_14157.npy ... done (2.91s, 112.74MB)
  Running img_14158.npy ... done (2.95s, 112.63MB)
  Running img_14159.npy ... done (2.80s, 112.98MB)
  Running img_1416.npy ... done (2.67s, 111.53MB)
  Running img_14160.npy ... done (2.90s, 113.10MB)
  Running img_14161.npy ... done (2.86s, 114.97MB)
  Running img_14162.npy ... done (2.86s, 115.31MB)
  Running img_14163.npy ... done (2.79s, 114.98MB)
  Running img_14164.npy ... done (2.89s, 112.34MB)
  Running img_14165.npy ... done (2.90s, 114.38MB)
  Running img_14166.npy ... done (2.96s, 114.98MB)
  Running img_14167.npy ... done (2.70s, 114.08MB)
  Running img_14168.npy ... done (2.81s, 113.36MB)
  Running img_14169.npy ... done (2.83s, 114.52MB)
  Running img_1417.npy ... done (2.90s, 112.94MB)
  Running img_14170.npy ... done (3.27s, 115.92MB)
  Running img_14171.npy ... done (2.79s, 114.23MB)
  Running img_14172.npy ... done (2.94s, 115.79MB)
  Running img_14173.npy ... done (2.87s, 115.92MB)
  Running img_14174.npy ... done (2.67s, 114.67MB)
  Running img_14175.npy ... done (2.76s, 115.45MB)
  Running img_14176.npy ... done (2.82s, 116.04MB)
  Running img_14177.npy ... done (2.75s, 113.10MB)
  Running img_14178.npy ... done (2.83s, 115.88MB)
  Running img_14179.npy ... done (2.75s, 118.95MB)
  Running img_1418.npy ... done (2.70s, 117.90MB)
  Running img_14180.npy ... done (2.73s, 119.43MB)
  Running img_14181.npy ... done (2.80s, 121.04MB)
  Running img_14182.npy ... done (2.87s, 118.99MB)
  Running img_14183.npy ... done (2.93s, 118.98MB)
  Running img_14184.npy ... done (2.84s, 112.41MB)
  Running img_14185.npy ... done (2.81s, 111.39MB)
  Running img_14186.npy ... done (3.59s, 114.95MB)
  Running img_14187.npy ... done (2.94s, 115.79MB)
  Running img_14188.npy ... done (2.76s, 113.77MB)
  Running img_14189.npy ... done (2.91s, 114.30MB)
  Running img_1419.npy ... done (2.79s, 115.67MB)
  Running img_14190.npy ... done (2.96s, 115.48MB)
  Running img_14191.npy ... done (2.94s, 116.79MB)
  Running img_14192.npy ... done (2.88s, 116.28MB)
  Running img_14193.npy ... done (2.79s, 117.78MB)
  Running img_14194.npy ... done (2.63s, 117.54MB)
  Running img_14195.npy ... done (2.82s, 112.46MB)
  Running img_14196.npy ... done (2.90s, 110.71MB)
  Running img_14197.npy ... done (2.76s, 114.33MB)
  Running img_14198.npy ... done (2.67s, 114.19MB)
  Running img_14199.npy ... done (2.69s, 115.29MB)
  Running img_142.npy ... done (2.57s, 112.43MB)
  Running img_1420.npy ... done (3.01s, 113.39MB)
  Running img_14200.npy ... done (2.59s, 113.41MB)
  Running img_14201.npy ... done (2.70s, 115.18MB)
  Running img_14202.npy ... done (2.57s, 114.10MB)
  Running img_14203.npy ... done (2.71s, 115.77MB)
  Running img_14204.npy ... done (2.75s, 114.73MB)
  Running img_14205.npy ... done (2.73s, 113.73MB)
  Running img_14206.npy ... done (2.81s, 113.06MB)
  Running img_14207.npy ... done (2.59s, 111.25MB)
  Running img_14208.npy ... done (2.65s, 113.11MB)
  Running img_14209.npy ... done (2.80s, 110.84MB)
  Running img_1421.npy ... done (2.88s, 114.45MB)
  Running img_14210.npy ... done (2.79s, 114.16MB)
  Running img_14211.npy ... done (2.84s, 115.73MB)
  Running img_14212.npy ... done (2.89s, 116.32MB)
  Running img_14213.npy ... done (2.82s, 113.65MB)
  Running img_14214.npy ... done (2.93s, 115.04MB)
  Running img_14215.npy ... done (2.84s, 115.70MB)
  Running img_14216.npy ... done (2.90s, 115.27MB)
  Running img_14217.npy ... done (2.79s, 113.05MB)
  Running img_14218.npy ... done (3.39s, 110.73MB)
  Running img_14219.npy ... done (2.68s, 112.99MB)
  Running img_1422.npy ... done (2.76s, 116.15MB)
  Running img_14220.npy ... done (2.93s, 114.55MB)
  Running img_14221.npy ... done (2.94s, 113.63MB)
  Running img_14222.npy ... done (2.87s, 113.14MB)
  Running img_14223.npy ... done (2.85s, 114.06MB)
  Running img_14224.npy ... done (2.92s, 113.45MB)
  Running img_14225.npy ... done (2.91s, 115.97MB)
  Running img_14226.npy ... done (2.99s, 119.52MB)
  Running img_14227.npy ... done (2.81s, 120.43MB)
  Running img_14228.npy ... done (2.91s, 120.60MB)
  Running img_14229.npy ... done (2.78s, 119.63MB)
  Running img_1423.npy ... done (2.99s, 119.85MB)
  Running img_14230.npy ... done (2.85s, 120.83MB)
  Running img_14231.npy ... done (2.89s, 121.34MB)
  Running img_14232.npy ... done (2.90s, 120.33MB)
  Running img_14233.npy ... done (3.32s, 122.26MB)
  Running img_14234.npy ... done (2.67s, 112.16MB)
  Running img_14235.npy ... done (2.84s, 112.80MB)
  Running img_14236.npy ... done (2.90s, 114.51MB)
  Running img_14237.npy ... done (2.93s, 118.39MB)
  Running img_14238.npy ... done (2.72s, 122.38MB)
  Running img_14239.npy ... done (2.84s, 124.95MB)
  Running img_1424.npy ... done (2.96s, 126.61MB)
  Running img_14240.npy ... done (2.96s, 124.48MB)
  Running img_14241.npy ... done (2.99s, 124.54MB)
  Running img_14242.npy ... done (2.87s, 122.73MB)
  Running img_14243.npy ... done (2.87s, 123.59MB)
  Running img_14244.npy ... done (2.85s, 126.48MB)
  Running img_14245.npy ... done (2.86s, 112.17MB)
  Running img_14246.npy ... done (2.78s, 111.66MB)
  Running img_14247.npy ... done (2.92s, 113.84MB)
  Running img_14248.npy ... done (2.97s, 113.37MB)
  Running img_14249.npy ... done (3.49s, 119.73MB)
  Running img_1425.npy ... done (2.88s, 120.38MB)
  Running img_14250.npy ... done (2.87s, 120.80MB)
  Running img_14251.npy ... done (2.92s, 118.54MB)
  Running img_14252.npy ... done (2.86s, 120.59MB)
  Running img_14253.npy ... done (2.87s, 117.73MB)
  Running img_14254.npy ... done (2.99s, 119.07MB)
  Running img_14255.npy ... done (2.75s, 119.15MB)
  Running img_14256.npy ... done (2.87s, 111.18MB)
  Running img_14257.npy ... done (2.79s, 112.11MB)
  Running img_14258.npy ... done (3.00s, 113.97MB)
  Running img_14259.npy ... done (2.92s, 112.67MB)
  Running img_1426.npy ... done (2.93s, 114.03MB)
  Running img_14260.npy ... done (2.93s, 113.22MB)
  Running img_14261.npy ... done (2.95s, 114.16MB)
  Running img_14262.npy ... done (2.95s, 110.55MB)
  Running img_14263.npy ... done (2.92s, 110.30MB)
  Running img_14264.npy ... done (3.27s, 112.89MB)
  Running img_14265.npy ... done (2.87s, 110.60MB)
  Running img_14266.npy ... done (2.87s, 111.50MB)
  Running img_14267.npy ... done (3.04s, 118.58MB)
  Running img_14268.npy ... done (2.80s, 111.75MB)
  Running img_14269.npy ... done (2.93s, 111.68MB)
  Running img_1427.npy ... done (2.91s, 114.34MB)
  Running img_14270.npy ... done (2.75s, 119.98MB)
  Running img_14271.npy ... done (2.83s, 118.55MB)
  Running img_14272.npy ... done (3.07s, 125.80MB)
  Running img_14273.npy ... done (2.85s, 131.38MB)
  Running img_14274.npy ... done (2.70s, 131.68MB)
  Running img_14275.npy ... done (2.83s, 132.64MB)
  Running img_14276.npy ... done (2.95s, 132.58MB)
  Running img_14277.npy ... done (2.82s, 131.95MB)
  Running img_14278.npy ... done (2.84s, 113.20MB)
  Running img_14279.npy ... done (2.93s, 115.13MB)
  Running img_1428.npy ... done (2.90s, 115.92MB)
  Running img_14280.npy ... done (2.87s, 120.89MB)
  Running img_14281.npy ... done (2.89s, 122.50MB)
  Running img_14282.npy ... done (2.80s, 126.63MB)
  Running img_14283.npy ... done (2.89s, 132.71MB)
  Running img_14284.npy ... done (2.89s, 132.59MB)
  Running img_14285.npy ... done (2.90s, 131.51MB)
  Running img_14286.npy ... done (2.88s, 132.21MB)
  Running img_14287.npy ... done (2.77s, 130.95MB)
  Running img_14288.npy ... done (2.98s, 113.11MB)
  Running img_14289.npy ... done (2.81s, 112.68MB)
  Running img_1429.npy ... done (2.87s, 113.93MB)
  Running img_14290.npy ... done (2.84s, 117.80MB)
  Running img_14291.npy ... done (2.90s, 121.19MB)
  Running img_14292.npy ... done (2.73s, 122.37MB)
  Running img_14293.npy ... done (2.87s, 123.65MB)
  Running img_14294.npy ... done (3.08s, 121.91MB)
  Running img_14295.npy ... done (3.23s, 127.15MB)
  Running img_14296.npy ... done (2.70s, 125.35MB)
  Running img_14297.npy ... done (2.98s, 122.59MB)
  Running img_14298.npy ... done (2.69s, 122.04MB)
  Running img_14299.npy ... done (2.93s, 111.51MB)
  Running img_143.npy ... done (2.91s, 111.86MB)
  Running img_1430.npy ... done (2.89s, 114.23MB)
  Running img_14300.npy ... done (2.96s, 116.66MB)
  Running img_14301.npy ... done (2.91s, 120.12MB)
  Running img_14302.npy ... done (2.91s, 118.08MB)
  Running img_14303.npy ... done (2.92s, 120.68MB)
  Running img_14304.npy ... done (2.91s, 118.84MB)
  Running img_14305.npy ... done (2.74s, 120.52MB)
  Running img_14306.npy ... done (2.74s, 118.45MB)
  Running img_14307.npy ... done (2.76s, 119.77MB)
  Running img_14308.npy ... done (2.84s, 120.47MB)
  Running img_14309.npy ... done (2.88s, 113.02MB)
  Running img_1431.npy ... done (3.24s, 118.55MB)
  Running img_14310.npy ... done (2.93s, 120.12MB)
  Running img_14311.npy ... done (2.89s, 120.64MB)
  Running img_14312.npy ... done (2.89s, 120.35MB)
  Running img_14313.npy ... done (2.75s, 121.05MB)
  Running img_14314.npy ... done (2.94s, 120.39MB)
  Running img_14315.npy ... done (2.91s, 120.36MB)
  Running img_14316.npy ... done (2.77s, 120.06MB)
  Running img_14317.npy ... done (2.88s, 111.41MB)
  Running img_14318.npy ... done (2.93s, 111.91MB)
  Running img_14319.npy ... done (2.93s, 115.04MB)
  Running img_1432.npy ... done (2.98s, 116.25MB)
  Running img_14320.npy ... done (2.92s, 114.82MB)
  Running img_14321.npy ... done (2.81s, 116.73MB)
  Running img_14322.npy ... done (2.89s, 118.31MB)
  Running img_14323.npy ... done (2.93s, 120.13MB)
  Running img_14324.npy ... done (3.15s, 117.03MB)
  Running img_14325.npy ... done (2.89s, 118.74MB)
  Running img_14326.npy ... done (2.70s, 119.36MB)
  Running img_14327.npy ... done (2.77s, 117.32MB)
  Running img_14328.npy ... done (2.69s, 114.91MB)
  Running img_14329.npy ... done (2.91s, 115.03MB)
  Running img_1433.npy ... done (2.69s, 111.04MB)
  Running img_14330.npy ... done (2.75s, 112.17MB)
  Running img_14331.npy ... done (2.87s, 114.62MB)
  Running img_14332.npy ... done (3.00s, 114.37MB)
  Running img_14333.npy ... done (2.78s, 110.91MB)
  Running img_14334.npy ... done (2.94s, 112.58MB)
  Running img_14335.npy ... done (2.94s, 115.71MB)
  Running img_14336.npy ... done (2.86s, 115.77MB)
  Running img_14337.npy ... done (2.79s, 115.57MB)
  Running img_14338.npy ... done (2.88s, 114.11MB)
  Running img_14339.npy ... done (2.89s, 115.06MB)
  Running img_1434.npy ... done (2.96s, 114.62MB)
  Running img_14340.npy ... done (3.11s, 111.75MB)
  Running img_14341.npy ... done (2.83s, 114.25MB)
  Running img_14342.npy ... done (2.89s, 113.59MB)
  Running img_14343.npy ... done (2.75s, 113.28MB)
  Running img_14344.npy ... done (2.53s, 117.05MB)
  Running img_14345.npy ... done (2.58s, 114.70MB)
  Running img_14346.npy ... done (2.55s, 114.88MB)
  Running img_14347.npy ... done (2.51s, 112.72MB)
  Running img_14348.npy ... done (2.67s, 115.35MB)
  Running img_14349.npy ... done (2.61s, 113.97MB)
  Running img_1435.npy ... done (2.57s, 114.72MB)
  Running img_14350.npy ... done (2.55s, 114.12MB)
  Running img_14351.npy ... done (2.61s, 113.12MB)
  Running img_14352.npy ... done (2.77s, 112.25MB)
  Running img_14353.npy ... done (2.74s, 112.25MB)
  Running img_14354.npy ... done (2.61s, 115.89MB)
  Running img_14355.npy ... done (2.56s, 114.57MB)
  Running img_14356.npy ... done (2.56s, 116.55MB)
  Running img_14357.npy ... done (3.28s, 114.68MB)
  Running img_14358.npy ... done (2.86s, 113.22MB)
  Running img_14359.npy ... done (2.85s, 114.35MB)
  Running img_1436.npy ... done (2.79s, 113.82MB)
  Running img_14360.npy ... done (2.74s, 113.67MB)
  Running img_14361.npy ... done (2.87s, 112.39MB)
  Running img_14362.npy ... done (2.85s, 115.67MB)
  Running img_14363.npy ... done (2.84s, 116.68MB)
  Running img_14364.npy ... done (2.69s, 115.48MB)
  Running img_14365.npy ... done (2.97s, 114.10MB)
  Running img_14366.npy ... done (2.81s, 112.44MB)
  Running img_14367.npy ... done (2.94s, 113.70MB)
  Running img_14368.npy ... done (2.86s, 114.53MB)
  Running img_14369.npy ... done (3.00s, 119.18MB)
  Running img_1437.npy ... done (2.80s, 118.41MB)
  Running img_14370.npy ... done (3.19s, 117.76MB)
  Running img_14371.npy ... done (2.90s, 115.82MB)
  Running img_14372.npy ... done (3.02s, 121.31MB)
  Running img_14373.npy ... done (2.92s, 119.33MB)
  Running img_14374.npy ... done (2.90s, 121.50MB)
  Running img_14375.npy ... done (2.94s, 119.52MB)
  Running img_14376.npy ... done (2.84s, 119.63MB)
  Running img_14377.npy ... done (2.78s, 111.83MB)
  Running img_14378.npy ... done (2.85s, 114.02MB)
  Running img_14379.npy ... done (2.92s, 115.71MB)
  Running img_1438.npy ... done (2.76s, 120.38MB)
  Running img_14380.npy ... done (2.50s, 119.21MB)
  Running img_14381.npy ... done (2.59s, 120.56MB)
  Running img_14382.npy ... done (2.65s, 120.27MB)
  Running img_14383.npy ... done (2.62s, 118.76MB)
  Running img_14384.npy ... done (2.51s, 119.83MB)
  Running img_14385.npy ... done (2.51s, 118.05MB)
  Running img_14386.npy ... done (2.60s, 117.12MB)
  Running img_14387.npy ... done (2.60s, 114.23MB)
  Running img_14388.npy ... done (2.56s, 116.12MB)
  Running img_14389.npy ... done (2.68s, 113.88MB)
  Running img_1439.npy ... done (2.62s, 114.82MB)
  Running img_14390.npy ... done (2.64s, 114.27MB)
  Running img_14391.npy ... done (2.65s, 114.34MB)
  Running img_14392.npy ... done (2.68s, 112.54MB)
  Running img_14393.npy ... done (2.67s, 112.07MB)
  Running img_14394.npy ... done (2.68s, 112.43MB)
  Running img_14395.npy ... done (2.59s, 113.12MB)
  Running img_14396.npy ... done (2.37s, 113.26MB)
  Running img_14397.npy ... done (2.52s, 114.53MB)
  Running img_14398.npy ... done (2.50s, 115.23MB)
  Running img_14399.npy ... done (2.50s, 115.00MB)
  Running img_144.npy ... done (2.43s, 112.35MB)
  Running img_1440.npy ... done (2.38s, 114.96MB)
  Running img_14400.npy ... done (2.47s, 113.41MB)
  Running img_14401.npy ... done (2.41s, 113.88MB)
  Running img_14402.npy ... done (2.62s, 113.46MB)
  Running img_14403.npy ... done (2.60s, 112.15MB)
  Running img_14404.npy ... done (2.53s, 112.62MB)
  Running img_14405.npy ... done (2.61s, 113.76MB)
  Running img_14406.npy ... done (2.59s, 115.05MB)
  Running img_14407.npy ... done (2.47s, 115.41MB)
  Running img_14408.npy ... done (2.64s, 114.01MB)
  Running img_14409.npy ... done (2.62s, 113.16MB)
  Running img_1441.npy ... done (2.62s, 114.31MB)
  Running img_14410.npy ... done (2.63s, 112.91MB)
  Running img_14411.npy ... done (2.58s, 113.77MB)
  Running img_14412.npy ... done (2.51s, 113.03MB)
  Running img_14413.npy ... done (2.62s, 114.00MB)
  Running img_14414.npy ... done (2.72s, 119.88MB)
  Running img_14415.npy ... done (2.60s, 121.10MB)
  Running img_14416.npy ... done (2.75s, 123.96MB)
  Running img_14417.npy ... done (2.52s, 124.12MB)
  Running img_14418.npy ... done (2.53s, 124.65MB)
  Running img_14419.npy ... done (2.56s, 123.88MB)
  Running img_1442.npy ... done (2.45s, 121.96MB)
  Running img_14420.npy ... done (2.61s, 123.40MB)
  Running img_14421.npy ... done (2.62s, 111.67MB)
  Running img_14422.npy ... done (2.42s, 111.96MB)
  Running img_14423.npy ... done (2.54s, 113.99MB)
  Running img_14424.npy ... done (2.64s, 118.19MB)
  Running img_14425.npy ... done (2.61s, 120.70MB)
  Running img_14426.npy ... done (2.64s, 121.19MB)
  Running img_14427.npy ... done (2.60s, 121.11MB)
  Running img_14428.npy ... done (2.47s, 120.62MB)
  Running img_14429.npy ... done (2.52s, 120.07MB)
  Running img_1443.npy ... done (2.57s, 118.91MB)
  Running img_14430.npy ... done (2.62s, 118.97MB)
  Running img_14431.npy ... done (2.62s, 119.78MB)
  Running img_14432.npy ... done (2.55s, 120.77MB)
  Running img_14433.npy ... done (2.60s, 113.56MB)
  Running img_14434.npy ... done (2.62s, 112.69MB)
  Running img_14435.npy ... done (2.61s, 112.20MB)
  Running img_14436.npy ... done (2.48s, 114.19MB)
  Running img_14437.npy ... done (2.63s, 114.93MB)
  Running img_14438.npy ... done (2.60s, 114.26MB)
  Running img_14439.npy ... done (2.58s, 111.93MB)
  Running img_1444.npy ... done (2.65s, 113.09MB)
  Running img_14440.npy ... done (2.55s, 114.69MB)
  Running img_14441.npy ... done (2.55s, 114.89MB)
  Running img_14442.npy ... done (2.54s, 112.64MB)
  Running img_14443.npy ... done (2.63s, 112.42MB)
  Running img_14444.npy ... done (2.62s, 133.10MB)
  Running img_14445.npy ... done (2.50s, 114.62MB)
  Running img_14446.npy ... done (2.46s, 114.07MB)
  Running img_14447.npy ... done (2.48s, 119.61MB)
  Running img_14448.npy ... done (2.61s, 118.90MB)
  Running img_14449.npy ... done (2.64s, 120.62MB)
  Running img_1445.npy ... done (2.60s, 124.92MB)
  Running img_14450.npy ... done (2.50s, 128.56MB)
  Running img_14451.npy ... done (2.50s, 131.53MB)
  Running img_14452.npy ... done (2.37s, 132.77MB)
  Running img_14453.npy ... done (2.52s, 132.44MB)
  Running img_14454.npy ... done (2.46s, 130.93MB)
  Running img_14455.npy ... done (2.58s, 133.06MB)
  Running img_14456.npy ... done (2.58s, 114.96MB)
  Running img_14457.npy ... done (2.30s, 116.18MB)
  Running img_14458.npy ... done (2.32s, 118.02MB)
  Running img_14459.npy ... done (2.38s, 120.02MB)
  Running img_1446.npy ... done (2.48s, 122.45MB)
  Running img_14460.npy ... done (2.50s, 124.23MB)
  Running img_14461.npy ... done (2.58s, 127.29MB)
  Running img_14462.npy ... done (2.61s, 129.41MB)
  Running img_14463.npy ... done (2.58s, 127.88MB)
  Running img_14464.npy ... done (2.40s, 124.86MB)
  Running img_14465.npy ... done (2.53s, 124.99MB)
  Running img_14466.npy ... done (2.53s, 126.18MB)
  Running img_14467.npy ... done (2.65s, 113.50MB)
  Running img_14468.npy ... done (2.44s, 112.12MB)
  Running img_14469.npy ... done (2.56s, 113.16MB)
  Running img_1447.npy ... done (2.58s, 116.26MB)
  Running img_14470.npy ... done (2.62s, 118.04MB)
  Running img_14471.npy ... done (2.68s, 119.88MB)
  Running img_14472.npy ... done (2.65s, 120.46MB)
  Running img_14473.npy ... done (2.59s, 120.32MB)
  Running img_14474.npy ... done (2.48s, 118.39MB)
  Running img_14475.npy ... done (2.65s, 115.74MB)
  Running img_14476.npy ... done (2.64s, 114.80MB)
  Running img_14477.npy ... done (2.70s, 113.89MB)
  Running img_14478.npy ... done (2.49s, 114.47MB)
  Running img_14479.npy ... done (2.58s, 112.32MB)
  Running img_1448.npy ... done (2.49s, 111.43MB)
  Running img_14480.npy ... done (2.59s, 112.38MB)
  Running img_14481.npy ... done (2.61s, 113.07MB)
  Running img_14482.npy ... done (2.59s, 112.09MB)
  Running img_14483.npy ... done (2.58s, 120.45MB)
  Running img_14484.npy ... done (2.65s, 122.73MB)
  Running img_14485.npy ... done (2.49s, 122.58MB)
  Running img_14486.npy ... done (2.39s, 122.72MB)
  Running img_14487.npy ... done (2.49s, 124.05MB)
  Running img_14488.npy ... done (2.49s, 124.75MB)
  Running img_14489.npy ... done (2.54s, 122.15MB)
  Running img_1449.npy ... done (2.46s, 120.52MB)
  Running img_14490.npy ... done (2.53s, 122.55MB)
  Running img_14491.npy ... done (2.53s, 112.42MB)
  Running img_14492.npy ... done (2.53s, 113.45MB)
  Running img_14493.npy ... done (2.50s, 114.49MB)
  Running img_14494.npy ... done (2.73s, 113.59MB)
  Running img_14495.npy ... done (2.39s, 118.38MB)
  Running img_14496.npy ... done (2.64s, 120.88MB)
  Running img_14497.npy ... done (2.64s, 118.01MB)
  Running img_14498.npy ... done (2.61s, 120.14MB)
  Running img_14499.npy ... done (2.53s, 120.52MB)
  Running img_145.npy ... done (2.61s, 117.41MB)
  Running img_1450.npy ... done (2.50s, 118.84MB)
  Running img_14500.npy ... done (2.60s, 119.04MB)
  Running img_14501.npy ... done (2.57s, 119.19MB)
  Running img_14502.npy ... done (2.56s, 119.29MB)
  Running img_14503.npy ... done (2.61s, 112.45MB)
  Running img_14504.npy ... done (2.47s, 112.41MB)
  Running img_14505.npy ... done (2.68s, 114.10MB)
  Running img_14506.npy ... done (2.58s, 112.70MB)
  Running img_14507.npy ... done (2.53s, 113.16MB)
  Running img_14508.npy ... done (2.52s, 113.06MB)
  Running img_14509.npy ... done (2.58s, 112.09MB)
  Running img_1451.npy ... done (2.54s, 111.12MB)
  Running img_14510.npy ... done (2.58s, 113.13MB)
  Running img_14511.npy ... done (2.67s, 115.76MB)
  Running img_14512.npy ... done (2.58s, 114.19MB)
  Running img_14513.npy ... done (2.48s, 114.40MB)
  Running img_14514.npy ... done (2.59s, 115.94MB)
  Running img_14515.npy ... done (2.52s, 114.82MB)
  Running img_14516.npy ... done (2.41s, 115.55MB)
  Running img_14517.npy ... done (2.47s, 114.17MB)
  Running img_14518.npy ... done (2.63s, 113.29MB)
  Running img_14519.npy ... done (2.61s, 113.36MB)
  Running img_1452.npy ... done (2.55s, 113.52MB)
  Running img_14520.npy ... done (2.60s, 113.96MB)
  Running img_14521.npy ... done (2.66s, 112.20MB)
  Running img_14522.npy ... done (2.53s, 114.37MB)
  Running img_14523.npy ... done (2.61s, 114.36MB)
  Running img_14524.npy ... done (2.66s, 115.89MB)
  Running img_14525.npy ... done (2.60s, 113.12MB)
  Running img_14526.npy ... done (2.49s, 114.38MB)
  Running img_14527.npy ... done (2.75s, 113.76MB)
  Running img_14528.npy ... done (2.63s, 111.80MB)
  Running img_14529.npy ... done (2.53s, 110.76MB)
  Running img_1453.npy ... done (2.46s, 111.21MB)
  Running img_14530.npy ... done (2.56s, 113.35MB)
  Running img_14531.npy ... done (2.60s, 112.27MB)
  Running img_14532.npy ... done (2.62s, 111.99MB)
  Running img_14533.npy ... done (2.52s, 118.71MB)
  Running img_14534.npy ... done (2.56s, 120.71MB)
  Running img_14535.npy ... done (2.60s, 119.83MB)
  Running img_14536.npy ... done (2.66s, 117.69MB)
  Running img_14537.npy ... done (2.38s, 118.18MB)
  Running img_14538.npy ... done (2.49s, 119.45MB)
  Running img_14539.npy ... done (2.56s, 119.87MB)
  Running img_1454.npy ... done (2.49s, 112.59MB)
  Running img_14540.npy ... done (2.40s, 112.66MB)
  Running img_14541.npy ... done (2.44s, 114.01MB)
  Running img_14542.npy ... done (2.49s, 119.00MB)
  Running img_14543.npy ... done (2.48s, 116.45MB)
  Running img_14544.npy ... done (2.44s, 113.72MB)
  Running img_14545.npy ... done (2.63s, 113.22MB)
  Running img_14546.npy ... done (2.50s, 113.52MB)
  Running img_14547.npy ... done (2.60s, 115.80MB)
  Running img_14548.npy ... done (2.46s, 115.52MB)
  Running img_14549.npy ... done (2.61s, 115.05MB)
  Running img_1455.npy ... done (2.63s, 114.62MB)
  Running img_14550.npy ... done (2.54s, 114.54MB)
  Running img_14551.npy ... done (2.61s, 114.36MB)
  Running img_14552.npy ... done (2.56s, 112.75MB)
  Running img_14553.npy ... done (2.67s, 111.59MB)
  Running img_14554.npy ... done (2.53s, 113.06MB)
  Running img_14555.npy ... done (2.41s, 124.50MB)
  Running img_14556.npy ... done (2.52s, 130.51MB)
  Running img_14557.npy ... done (2.52s, 132.23MB)
  Running img_14558.npy ... done (2.51s, 133.10MB)
  Running img_14559.npy ... done (2.64s, 133.23MB)
  Running img_1456.npy ... done (2.65s, 132.60MB)
  Running img_14560.npy ... done (2.45s, 132.49MB)
  Running img_14561.npy ... done (2.54s, 111.29MB)
  Running img_14562.npy ... done (2.58s, 114.50MB)
  Running img_14563.npy ... done (2.53s, 115.89MB)
  Running img_14564.npy ... done (2.46s, 120.56MB)
  Running img_14565.npy ... done (2.41s, 120.89MB)
  Running img_14566.npy ... done (2.33s, 123.89MB)
  Running img_14567.npy ... done (2.51s, 127.61MB)
  Running img_14568.npy ... done (2.70s, 131.73MB)
  Running img_14569.npy ... done (2.44s, 127.09MB)
  Running img_1457.npy ... done (2.70s, 127.04MB)
  Running img_14570.npy ... done (2.68s, 125.65MB)
  Running img_14571.npy ... done (2.60s, 124.11MB)
  Running img_14572.npy ... done (2.72s, 120.09MB)
  Running img_14573.npy ... done (2.55s, 122.02MB)
  Running img_14574.npy ... done (2.54s, 112.21MB)
  Running img_14575.npy ... done (2.50s, 111.98MB)
  Running img_14576.npy ... done (2.44s, 114.93MB)
  Running img_14577.npy ... done (2.42s, 116.50MB)
  Running img_14578.npy ... done (2.41s, 118.74MB)
  Running img_14579.npy ... done (2.42s, 120.11MB)
  Running img_1458.npy ... done (2.46s, 118.75MB)
  Running img_14580.npy ... done (2.63s, 114.64MB)
  Running img_14581.npy ... done (2.66s, 114.02MB)
  Running img_14582.npy ... done (2.66s, 113.23MB)
  Running img_14583.npy ... done (2.52s, 112.29MB)
  Running img_14584.npy ... done (2.46s, 113.49MB)
  Running img_14585.npy ... done (2.37s, 111.70MB)
  Running img_14586.npy ... done (2.56s, 112.27MB)
  Running img_14587.npy ... done (2.61s, 111.50MB)
  Running img_14588.npy ... done (2.65s, 112.06MB)
  Running img_14589.npy ... done (2.56s, 112.75MB)
  Running img_1459.npy ... done (2.58s, 114.38MB)
  Running img_14590.npy ... done (2.50s, 116.26MB)
  Running img_14591.npy ... done (2.55s, 118.65MB)
  Running img_14592.npy ... done (2.61s, 121.12MB)
  Running img_14593.npy ... done (2.62s, 124.54MB)
  Running img_14594.npy ... done (2.48s, 125.21MB)
  Running img_14595.npy ... done (2.59s, 125.65MB)
  Running img_14596.npy ... done (2.68s, 125.19MB)
  Running img_14597.npy ... done (2.50s, 125.20MB)
  Running img_14598.npy ... done (2.56s, 123.49MB)
  Running img_14599.npy ... done (2.65s, 123.52MB)
  Running img_146.npy ... done (2.55s, 122.90MB)
  Running img_1460.npy ... done (2.58s, 110.40MB)
  Running img_14600.npy ... done (2.60s, 113.32MB)
  Running img_14601.npy ... done (2.66s, 114.17MB)
  Running img_14602.npy ... done (2.63s, 115.32MB)
  Running img_14603.npy ... done (2.68s, 118.95MB)
  Running img_14604.npy ... done (2.61s, 120.99MB)
  Running img_14605.npy ... done (2.36s, 121.14MB)
  Running img_14606.npy ... done (2.55s, 118.51MB)
  Running img_14607.npy ... done (2.57s, 119.34MB)
  Running img_14608.npy ... done (2.64s, 119.33MB)
  Running img_14609.npy ... done (2.63s, 120.59MB)
  Running img_1461.npy ... done (2.67s, 119.72MB)
  Running img_14610.npy ... done (2.59s, 119.04MB)
  Running img_14611.npy ... done (2.57s, 120.48MB)
  Running img_14612.npy ... done (2.59s, 114.39MB)
  Running img_14613.npy ... done (2.68s, 113.41MB)
  Running img_14614.npy ... done (2.67s, 114.21MB)
  Running img_14615.npy ... done (2.58s, 114.39MB)
  Running img_14616.npy ... done (2.44s, 114.62MB)
  Running img_14617.npy ... done (2.50s, 111.66MB)
  Running img_14618.npy ... done (2.69s, 114.07MB)
  Running img_14619.npy ... done (2.71s, 110.34MB)
  Running img_1462.npy ... done (2.55s, 118.71MB)
  Running img_14620.npy ... done (2.33s, 119.59MB)
  Running img_14621.npy ... done (2.64s, 119.70MB)
  Running img_14622.npy ... done (2.58s, 121.89MB)
  Running img_14623.npy ... done (2.39s, 121.86MB)
  Running img_14624.npy ... done (2.37s, 111.47MB)
  Running img_14625.npy ... done (2.55s, 112.46MB)
  Running img_14626.npy ... done (2.52s, 112.80MB)
  Running img_14627.npy ... done (2.52s, 116.18MB)
  Running img_14628.npy ... done (2.58s, 120.73MB)
  Running img_14629.npy ... done (2.50s, 120.38MB)
  Running img_1463.npy ... done (2.63s, 120.97MB)
  Running img_14630.npy ... done (2.64s, 120.97MB)
  Running img_14631.npy ... done (2.61s, 122.55MB)
  Running img_14632.npy ... done (2.69s, 120.74MB)
  Running img_14633.npy ... done (2.65s, 122.20MB)
  Running img_14634.npy ... done (2.48s, 120.94MB)
  Running img_14635.npy ... done (2.60s, 121.74MB)
  Running img_14636.npy ... done (2.66s, 115.57MB)
  Running img_14637.npy ... done (2.56s, 112.85MB)
  Running img_14638.npy ... done (2.57s, 114.01MB)
  Running img_14639.npy ... done (2.40s, 114.85MB)
  Running img_1464.npy ... done (2.58s, 117.91MB)
  Running img_14640.npy ... done (2.56s, 121.51MB)
  Running img_14641.npy ... done (2.58s, 120.34MB)
  Running img_14642.npy ... done (2.68s, 118.02MB)
  Running img_14643.npy ... done (2.49s, 119.06MB)
  Running img_14644.npy ... done (2.61s, 119.54MB)
  Running img_14645.npy ... done (2.62s, 118.48MB)
  Running img_14646.npy ... done (2.61s, 120.31MB)
  Running img_14647.npy ... done (2.62s, 120.52MB)
  Running img_14648.npy ... done (2.59s, 118.80MB)
  Running img_14649.npy ... done (2.45s, 118.99MB)
  Running img_1465.npy ... done (2.67s, 117.03MB)
  Running img_14650.npy ... done (2.56s, 112.59MB)
  Running img_14651.npy ... done (2.60s, 114.35MB)
  Running img_14652.npy ... done (2.57s, 115.68MB)
  Running img_14653.npy ... done (2.68s, 111.05MB)
  Running img_14654.npy ... done (2.68s, 111.00MB)
  Running img_14655.npy ... done (2.56s, 110.83MB)
  Running img_14656.npy ... done (2.62s, 111.99MB)
  Running img_14657.npy ... done (2.51s, 114.84MB)
  Running img_14658.npy ... done (2.44s, 116.95MB)
  Running img_14659.npy ... done (2.57s, 114.68MB)
  Running img_1466.npy ... done (2.47s, 115.26MB)
  Running img_14660.npy ... done (2.62s, 112.49MB)
  Running img_14661.npy ... done (2.64s, 113.08MB)
  Running img_14662.npy ... done (2.62s, 113.46MB)
  Running img_14663.npy ... done (2.64s, 115.45MB)
  Running img_14664.npy ... done (2.62s, 118.56MB)
  Running img_14665.npy ... done (2.47s, 115.93MB)
  Running img_14666.npy ... done (2.48s, 115.73MB)
  Running img_14667.npy ... done (2.69s, 114.07MB)
  Running img_14668.npy ... done (2.58s, 117.09MB)
  Running img_14669.npy ... done (2.45s, 116.47MB)
  Running img_1467.npy ... done (2.60s, 115.19MB)
  Running img_14670.npy ... done (2.47s, 115.36MB)
  Running img_14671.npy ... done (2.57s, 116.62MB)
  Running img_14672.npy ... done (2.40s, 112.05MB)
  Running img_14673.npy ... done (2.43s, 114.71MB)
  Running img_14674.npy ... done (2.64s, 114.36MB)
  Running img_14675.npy ... done (2.57s, 114.65MB)
  Running img_14676.npy ... done (2.51s, 114.59MB)
  Running img_14677.npy ... done (2.60s, 112.22MB)
  Running img_14678.npy ... done (2.60s, 113.55MB)
  Running img_14679.npy ... done (2.63s, 113.89MB)
  Running img_1468.npy ... done (2.66s, 114.16MB)
  Running img_14680.npy ... done (2.61s, 111.41MB)
  Running img_14681.npy ... done (2.58s, 112.45MB)
  Running img_14682.npy ... done (2.53s, 113.45MB)
  Running img_14683.npy ... done (2.57s, 113.05MB)
  Running img_14684.npy ... done (2.61s, 111.40MB)
  Running img_14685.npy ... done (2.59s, 112.58MB)
  Running img_14686.npy ... done (2.43s, 113.55MB)
  Running img_14687.npy ... done (2.61s, 113.12MB)
  Running img_14688.npy ... done (2.60s, 111.54MB)
  Running img_14689.npy ... done (2.53s, 113.04MB)
  Running img_1469.npy ... done (2.54s, 113.32MB)
  Running img_14690.npy ... done (2.53s, 113.99MB)
  Running img_14691.npy ... done (2.69s, 117.82MB)
  Running img_14692.npy ... done (2.63s, 118.06MB)
  Running img_14693.npy ... done (2.63s, 114.66MB)
  Running img_14694.npy ... done (2.35s, 114.47MB)
  Running img_14695.npy ... done (2.62s, 115.05MB)
  Running img_14696.npy ... done (2.55s, 115.66MB)
  Running img_14697.npy ... done (2.65s, 111.73MB)
  Running img_14698.npy ... done (2.58s, 113.24MB)
  Running img_14699.npy ... done (2.62s, 116.55MB)
  Running img_147.npy ... done (2.69s, 113.86MB)
  Running img_1470.npy ... done (2.49s, 112.66MB)
  Running img_14700.npy ... done (2.56s, 111.73MB)
  Running img_14701.npy ... done (2.73s, 112.93MB)
  Running img_14702.npy ... done (2.58s, 124.83MB)
  Running img_14703.npy ... done (2.49s, 128.89MB)
  Running img_14704.npy ... done (2.62s, 131.66MB)
  Running img_14705.npy ... done (2.45s, 134.87MB)
  Running img_14706.npy ... done (2.54s, 132.86MB)
  Running img_14707.npy ... done (2.67s, 115.66MB)
  Running img_14708.npy ... done (2.59s, 114.16MB)
  Running img_14709.npy ... done (2.64s, 115.29MB)
  Running img_1471.npy ... done (2.34s, 120.04MB)
  Running img_14710.npy ... done (2.54s, 115.39MB)
  Running img_14711.npy ... done (2.43s, 115.30MB)
  Running img_14712.npy ... done (2.71s, 123.43MB)
  Running img_14713.npy ... done (2.62s, 116.67MB)
  Running img_14714.npy ... done (2.68s, 129.38MB)
  Running img_14715.npy ... done (2.59s, 116.46MB)
  Running img_14716.npy ... done (2.53s, 113.94MB)
  Running img_14717.npy ... done (2.57s, 127.11MB)
  Running img_14718.npy ... done (2.61s, 125.84MB)
  Running img_14719.npy ... done (2.55s, 126.91MB)
  Running img_1472.npy ... done (2.55s, 113.20MB)
  Running img_14720.npy ... done (2.55s, 112.93MB)
  Running img_14721.npy ... done (2.62s, 114.14MB)
  Running img_14722.npy ... done (2.44s, 117.29MB)
  Running img_14723.npy ... done (2.67s, 118.77MB)
  Running img_14724.npy ... done (2.67s, 118.06MB)
  Running img_14725.npy ... done (2.63s, 118.37MB)
  Running img_14726.npy ... done (2.65s, 119.42MB)
  Running img_14727.npy ... done (2.54s, 118.49MB)
  Running img_14728.npy ... done (2.59s, 114.91MB)
  Running img_14729.npy ... done (2.69s, 115.45MB)
  Running img_1473.npy ... done (2.23s, 114.64MB)
  Running img_14730.npy ... done (2.39s, 114.45MB)
  Running img_14731.npy ... done (2.69s, 115.32MB)
  Running img_14732.npy ... done (2.60s, 114.27MB)
  Running img_14733.npy ... done (2.52s, 115.66MB)
  Running img_14734.npy ... done (2.58s, 111.89MB)
  Running img_14735.npy ... done (2.62s, 111.27MB)
  Running img_14736.npy ... done (2.55s, 118.55MB)
  Running img_14737.npy ... done (2.49s, 112.94MB)
  Running img_14738.npy ... done (2.52s, 124.45MB)
  Running img_14739.npy ... done (2.62s, 127.20MB)
  Running img_1474.npy ... done (2.58s, 131.05MB)
  Running img_14740.npy ... done (2.54s, 132.83MB)
  Running img_14741.npy ... done (2.52s, 134.18MB)
  Running img_14742.npy ... done (2.62s, 130.48MB)
  Running img_14743.npy ... done (2.56s, 132.20MB)
  Running img_14744.npy ... done (2.60s, 115.24MB)
  Running img_14745.npy ... done (2.58s, 114.85MB)
  Running img_14746.npy ... done (2.55s, 113.10MB)
  Running img_14747.npy ... done (2.50s, 117.94MB)
  Running img_14748.npy ... done (2.39s, 119.30MB)
  Running img_14749.npy ... done (2.61s, 121.11MB)
  Running img_1475.npy ... done (2.57s, 125.25MB)
  Running img_14750.npy ... done (2.63s, 130.14MB)
  Running img_14751.npy ... done (2.60s, 130.54MB)
  Running img_14752.npy ... done (2.46s, 131.46MB)
  Running img_14753.npy ... done (2.63s, 129.15MB)
  Running img_14754.npy ... done (2.66s, 124.53MB)
  Running img_14755.npy ... done (2.65s, 126.46MB)
  Running img_14756.npy ... done (2.56s, 126.21MB)
  Running img_14757.npy ... done (2.57s, 112.72MB)
  Running img_14758.npy ... done (2.43s, 112.50MB)
  Running img_14759.npy ... done (2.62s, 114.22MB)
  Running img_1476.npy ... done (2.60s, 118.91MB)
  Running img_14760.npy ... done (2.56s, 120.46MB)
  Running img_14761.npy ... done (2.53s, 117.80MB)
  Running img_14762.npy ... done (2.63s, 120.18MB)
  Running img_14763.npy ... done (2.59s, 119.73MB)
  Running img_14764.npy ... done (2.65s, 120.07MB)
  Running img_14765.npy ... done (2.64s, 115.90MB)
  Running img_14766.npy ... done (2.63s, 116.53MB)
  Running img_14767.npy ... done (2.45s, 114.71MB)
  Running img_14768.npy ... done (2.30s, 114.79MB)
  Running img_14769.npy ... done (2.27s, 112.21MB)
  Running img_1477.npy ... done (2.33s, 114.70MB)
  Running img_14770.npy ... done (2.31s, 115.94MB)
  Running img_14771.npy ... done (2.32s, 114.21MB)
  Running img_14772.npy ... done (2.27s, 112.73MB)
  Running img_14773.npy ... done (2.28s, 113.90MB)
  Running img_14774.npy ... done (2.26s, 115.86MB)
  Running img_14775.npy ... done (2.38s, 113.19MB)
  Running img_14776.npy ... done (2.28s, 114.30MB)
  Running img_14777.npy ... done (2.26s, 114.09MB)
  Running img_14778.npy ... done (2.31s, 114.68MB)
  Running img_14779.npy ... done (2.59s, 113.33MB)
  Running img_1478.npy ... done (2.40s, 112.73MB)
  Running img_14780.npy ... done (2.59s, 114.30MB)
  Running img_14781.npy ... done (2.61s, 119.38MB)
  Running img_14782.npy ... done (2.55s, 119.35MB)
  Running img_14783.npy ... done (2.59s, 122.89MB)
  Running img_14784.npy ... done (2.38s, 126.38MB)
  Running img_14785.npy ... done (2.44s, 132.25MB)
  Running img_14786.npy ... done (2.35s, 130.65MB)
  Running img_14787.npy ... done (2.55s, 132.64MB)
  Running img_14788.npy ... done (2.35s, 131.74MB)
  Running img_14789.npy ... done (2.57s, 133.64MB)
  Running img_1479.npy ... done (2.55s, 114.76MB)
  Running img_14790.npy ... done (2.54s, 115.37MB)
  Running img_14791.npy ... done (2.41s, 115.65MB)
  Running img_14792.npy ... done (2.55s, 118.50MB)
  Running img_14793.npy ... done (2.66s, 116.37MB)
  Running img_14794.npy ... done (2.58s, 118.86MB)
  Running img_14795.npy ... done (2.62s, 124.38MB)
  Running img_14796.npy ... done (2.43s, 119.56MB)
  Running img_14797.npy ... done (2.50s, 114.84MB)
  Running img_14798.npy ... done (2.57s, 125.60MB)
  Running img_14799.npy ... done (2.63s, 121.12MB)
  Running img_148.npy ... done (2.59s, 124.42MB)
  Running img_1480.npy ... done (2.53s, 121.98MB)
  Running img_14800.npy ... done (2.64s, 112.54MB)
  Running img_14801.npy ... done (2.65s, 113.00MB)
  Running img_14802.npy ... done (2.61s, 111.52MB)
  Running img_14803.npy ... done (2.61s, 111.98MB)
  Running img_14804.npy ... done (2.62s, 114.38MB)
  Running img_14805.npy ... done (2.57s, 120.44MB)
  Running img_14806.npy ... done (2.45s, 120.09MB)
  Running img_14807.npy ... done (2.56s, 120.17MB)
  Running img_14808.npy ... done (2.59s, 117.26MB)
  Running img_14809.npy ... done (2.65s, 118.83MB)
  Running img_1481.npy ... done (2.67s, 114.41MB)
  Running img_14810.npy ... done (2.57s, 113.89MB)
  Running img_14811.npy ... done (2.54s, 113.82MB)
  Running img_14812.npy ... done (2.59s, 115.11MB)
  Running img_14813.npy ... done (2.47s, 120.22MB)
  Running img_14814.npy ... done (2.51s, 113.99MB)
  Running img_14815.npy ... done (2.62s, 113.43MB)
  Running img_14816.npy ... done (2.61s, 113.48MB)
  Running img_14817.npy ... done (2.60s, 112.34MB)
  Running img_14818.npy ... done (2.56s, 113.37MB)
  Running img_14819.npy ... done (2.71s, 111.62MB)
  Running img_1482.npy ... done (2.60s, 114.30MB)
  Running img_14820.npy ... done (2.64s, 113.88MB)
  Running img_14821.npy ... done (2.60s, 115.45MB)
  Running img_14822.npy ... done (2.62s, 132.06MB)
  Running img_14823.npy ... done (2.62s, 133.38MB)
  Running img_14824.npy ... done (2.62s, 133.05MB)
  Running img_14825.npy ... done (2.64s, 132.96MB)
  Running img_14826.npy ... done (2.35s, 125.94MB)
  Running img_14827.npy ... done (2.40s, 115.77MB)
  Running img_14828.npy ... done (2.19s, 115.05MB)
  Running img_14829.npy ... done (2.33s, 116.55MB)
  Running img_1483.npy ... done (2.36s, 118.94MB)
  Running img_14830.npy ... done (2.36s, 121.89MB)
  Running img_14831.npy ... done (2.33s, 125.76MB)
  Running img_14832.npy ... done (2.33s, 128.20MB)
  Running img_14833.npy ... done (2.28s, 129.93MB)
  Running img_14834.npy ... done (2.35s, 128.20MB)
  Running img_14835.npy ... done (2.44s, 127.54MB)
  Running img_14836.npy ... done (2.63s, 125.01MB)
  Running img_14837.npy ... done (2.59s, 124.75MB)
  Running img_14838.npy ... done (2.48s, 111.20MB)
  Running img_14839.npy ... done (2.50s, 113.21MB)
  Running img_1484.npy ... done (2.39s, 112.35MB)
  Running img_14840.npy ... done (2.56s, 116.14MB)
  Running img_14841.npy ... done (2.52s, 120.94MB)
  Running img_14842.npy ... done (2.47s, 121.63MB)
  Running img_14843.npy ... done (2.48s, 119.94MB)
  Running img_14844.npy ... done (2.57s, 119.56MB)
  Running img_14845.npy ... done (2.55s, 119.86MB)
  Running img_14846.npy ... done (2.34s, 119.09MB)
  Running img_14847.npy ... done (2.33s, 119.30MB)
  Running img_14848.npy ... done (2.58s, 120.68MB)
  Running img_14849.npy ... done (2.64s, 111.55MB)
  Running img_1485.npy ... done (2.52s, 112.90MB)
  Running img_14850.npy ... done (2.59s, 114.47MB)
  Running img_14851.npy ... done (2.54s, 110.92MB)
  Running img_14852.npy ... done (2.56s, 113.89MB)
  Running img_14853.npy ... done (2.52s, 112.38MB)
  Running img_14854.npy ... done (2.52s, 114.33MB)
  Running img_14855.npy ... done (2.45s, 113.12MB)
  Running img_14856.npy ... done (2.71s, 114.46MB)
  Running img_14857.npy ... done (2.59s, 116.20MB)
  Running img_14858.npy ... done (2.62s, 115.05MB)
  Running img_14859.npy ... done (2.49s, 113.07MB)
  Running img_1486.npy ... done (2.58s, 112.96MB)
  Running img_14860.npy ... done (2.51s, 113.79MB)
  Running img_14861.npy ... done (2.66s, 115.59MB)
  Running img_14862.npy ... done (2.60s, 113.36MB)
  Running img_14863.npy ... done (2.60s, 114.79MB)
  Running img_14864.npy ... done (2.69s, 114.92MB)
  Running img_14865.npy ... done (2.53s, 117.33MB)
  Running img_14866.npy ... done (2.51s, 114.98MB)
  Running img_14867.npy ... done (2.50s, 119.63MB)
  Running img_14868.npy ... done (2.45s, 124.70MB)
  Running img_14869.npy ... done (2.40s, 132.00MB)
  Running img_1487.npy ... done (2.37s, 130.54MB)
  Running img_14870.npy ... done (2.36s, 132.92MB)
  Running img_14871.npy ... done (2.40s, 132.07MB)
  Running img_14872.npy ... done (2.58s, 130.48MB)
  Running img_14873.npy ... done (2.42s, 131.82MB)
  Running img_14874.npy ... done (2.54s, 113.23MB)
  Running img_14875.npy ... done (2.55s, 114.33MB)
  Running img_14876.npy ... done (2.50s, 116.00MB)
  Running img_14877.npy ... done (2.48s, 119.58MB)
  Running img_14878.npy ... done (2.51s, 123.75MB)
  Running img_14879.npy ... done (2.62s, 124.85MB)
  Running img_1488.npy ... done (2.55s, 131.32MB)
  Running img_14880.npy ... done (2.48s, 132.39MB)
  Running img_14881.npy ... done (2.59s, 130.86MB)
  Running img_14882.npy ... done (2.30s, 131.47MB)
  Running img_14883.npy ... done (2.42s, 131.29MB)
  Running img_14884.npy ... done (2.64s, 125.98MB)
  Running img_14885.npy ... done (2.59s, 127.00MB)
  Running img_14886.npy ... done (2.61s, 112.44MB)
  Running img_14887.npy ... done (2.62s, 111.48MB)
  Running img_14888.npy ... done (2.52s, 112.81MB)
  Running img_14889.npy ... done (2.55s, 117.87MB)
  Running img_1489.npy ... done (2.57s, 120.63MB)
  Running img_14890.npy ... done (2.50s, 119.36MB)
  Running img_14891.npy ... done (2.62s, 120.19MB)
  Running img_14892.npy ... done (2.50s, 120.82MB)
  Running img_14893.npy ... done (2.54s, 119.72MB)
  Running img_14894.npy ... done (2.35s, 118.38MB)
  Running img_14895.npy ... done (2.54s, 120.43MB)
  Running img_14896.npy ... done (2.59s, 120.38MB)
  Running img_14897.npy ... done (2.65s, 118.19MB)
  Running img_14898.npy ... done (2.55s, 119.95MB)
  Running img_14899.npy ... done (2.54s, 114.12MB)
  Running img_149.npy ... done (2.59s, 115.00MB)
  Running img_1490.npy ... done (2.45s, 115.96MB)
  Running img_14900.npy ... done (2.56s, 114.51MB)
  Running img_14901.npy ... done (2.56s, 114.38MB)
  Running img_14902.npy ... done (2.52s, 115.20MB)
  Running img_14903.npy ... done (2.53s, 113.82MB)
  Running img_14904.npy ... done (2.52s, 114.17MB)
  Running img_14905.npy ... done (2.68s, 116.06MB)
  Running img_14906.npy ... done (2.47s, 116.13MB)
  Running img_14907.npy ... done (2.54s, 114.27MB)
  Running img_14908.npy ... done (2.57s, 115.02MB)
  Running img_14909.npy ... done (2.62s, 113.44MB)
  Running img_1491.npy ... done (2.55s, 113.73MB)
  Running img_14910.npy ... done (2.55s, 115.44MB)
  Running img_14911.npy ... done (2.57s, 116.80MB)
  Running img_14912.npy ... done (2.52s, 119.17MB)
  Running img_14913.npy ... done (2.70s, 121.45MB)
  Running img_14914.npy ... done (2.65s, 126.50MB)
  Running img_14915.npy ... done (2.67s, 127.93MB)
  Running img_14916.npy ... done (2.55s, 130.38MB)
  Running img_14917.npy ... done (2.62s, 134.09MB)
  Running img_14918.npy ... done (2.63s, 132.64MB)
  Running img_14919.npy ... done (2.50s, 131.41MB)
  Running img_1492.npy ... done (2.53s, 134.11MB)
  Running img_14920.npy ... done (2.56s, 130.43MB)
  Running img_14921.npy ... done (2.27s, 113.76MB)
  Running img_14922.npy ... done (2.38s, 114.02MB)
  Running img_14923.npy ... done (2.26s, 118.24MB)
  Running img_14924.npy ... done (2.25s, 120.40MB)
  Running img_14925.npy ... done (2.32s, 121.78MB)
  Running img_14926.npy ... done (2.35s, 127.09MB)
  Running img_14927.npy ... done (2.29s, 127.16MB)
  Running img_14928.npy ... done (2.30s, 126.25MB)
  Running img_14929.npy ... done (2.35s, 120.27MB)
  Running img_1493.npy ... done (2.33s, 124.05MB)
  Running img_14930.npy ... done (2.34s, 120.28MB)
  Running img_14931.npy ... done (2.34s, 120.28MB)
  Running img_14932.npy ... done (2.36s, 112.95MB)
  Running img_14933.npy ... done (2.31s, 114.36MB)
  Running img_14934.npy ... done (2.29s, 115.57MB)
  Running img_14935.npy ... done (2.39s, 120.50MB)
  Running img_14936.npy ... done (2.42s, 118.88MB)
  Running img_14937.npy ... done (2.28s, 119.15MB)
  Running img_14938.npy ... done (2.45s, 116.49MB)
  Running img_14939.npy ... done (2.43s, 114.11MB)
  Running img_1494.npy ... done (2.40s, 115.02MB)
  Running img_14940.npy ... done (2.33s, 116.59MB)
  Running img_14941.npy ... done (2.58s, 113.53MB)
  Running img_14942.npy ... done (2.52s, 114.14MB)
  Running img_14943.npy ... done (2.29s, 112.96MB)
  Running img_14944.npy ... done (2.31s, 114.95MB)
  Running img_14945.npy ... done (2.36s, 114.75MB)
  Running img_14946.npy ... done (2.28s, 113.47MB)
  Running img_14947.npy ... done (2.39s, 111.66MB)
  Running img_14948.npy ... done (2.55s, 111.41MB)
  Running img_14949.npy ... done (2.46s, 113.34MB)
  Running img_1495.npy ... done (2.72s, 130.63MB)
  Running img_14950.npy ... done (2.63s, 131.27MB)
  Running img_14951.npy ... done (2.58s, 132.09MB)
  Running img_14952.npy ... done (2.54s, 132.93MB)
  Running img_14953.npy ... done (2.65s, 131.80MB)
  Running img_14954.npy ... done (2.54s, 132.13MB)
  Running img_14955.npy ... done (2.58s, 130.36MB)
  Running img_14956.npy ... done (2.62s, 114.23MB)
  Running img_14957.npy ... done (2.40s, 115.61MB)
  Running img_14958.npy ... done (2.48s, 114.73MB)
  Running img_14959.npy ... done (2.56s, 118.87MB)
  Running img_1496.npy ... done (2.61s, 121.10MB)
  Running img_14960.npy ... done (2.57s, 126.92MB)
  Running img_14961.npy ... done (2.58s, 128.63MB)
  Running img_14962.npy ... done (2.58s, 127.61MB)
  Running img_14963.npy ... done (2.55s, 126.89MB)
  Running img_14964.npy ... done (2.61s, 126.29MB)
  Running img_14965.npy ... done (2.45s, 125.84MB)
  Running img_14966.npy ... done (2.67s, 124.92MB)
  Running img_14967.npy ... done (2.59s, 123.75MB)
  Running img_14968.npy ... done (2.54s, 112.59MB)
  Running img_14969.npy ... done (2.66s, 111.64MB)
  Running img_1497.npy ... done (2.52s, 111.38MB)
  Running img_14970.npy ... done (2.61s, 113.98MB)
  Running img_14971.npy ... done (2.49s, 119.64MB)
  Running img_14972.npy ... done (2.62s, 119.75MB)
  Running img_14973.npy ... done (2.32s, 118.54MB)
  Running img_14974.npy ... done (2.34s, 117.11MB)
  Running img_14975.npy ... done (2.58s, 115.70MB)
  Running img_14976.npy ... done (2.65s, 112.98MB)
  Running img_14977.npy ... done (2.61s, 112.94MB)
  Running img_14978.npy ... done (2.62s, 113.39MB)
  Running img_14979.npy ... done (2.63s, 111.26MB)
  Running img_1498.npy ... done (2.58s, 110.47MB)
  Running img_14980.npy ... done (2.68s, 112.80MB)
  Running img_14981.npy ... done (2.61s, 110.35MB)
  Running img_14982.npy ... done (2.47s, 111.99MB)
  Running img_14983.npy ... done (2.36s, 112.95MB)
  Running img_14984.npy ... done (2.44s, 119.32MB)
  Running img_14985.npy ... done (2.58s, 120.39MB)
  Running img_14986.npy ... done (2.54s, 121.65MB)
  Running img_14987.npy ... done (2.58s, 123.91MB)
  Running img_14988.npy ... done (2.61s, 121.83MB)
  Running img_14989.npy ... done (2.54s, 121.04MB)
  Running img_1499.npy ... done (2.58s, 121.20MB)
  Running img_14990.npy ... done (2.66s, 122.79MB)
  Running img_14991.npy ... done (2.58s, 122.48MB)
  Running img_14992.npy ... done (2.59s, 120.64MB)
  Running img_14993.npy ... done (2.74s, 112.86MB)
  Running img_14994.npy ... done (2.62s, 112.93MB)
  Running img_14995.npy ... done (2.62s, 112.60MB)
  Running img_14996.npy ... done (2.65s, 113.90MB)
  Running img_14997.npy ... done (2.59s, 119.74MB)
  Running img_14998.npy ... done (2.49s, 118.24MB)
  Running img_14999.npy ... done (2.35s, 120.86MB)
  Running img_15.npy ... done (2.29s, 119.72MB)
  Running img_150.npy ... done (2.32s, 118.51MB)
  Running img_1500.npy ... done (2.40s, 115.20MB)
  Running img_15000.npy ... done (2.55s, 113.17MB)
  Running img_15001.npy ... done (2.42s, 115.46MB)
  Running img_15002.npy ... done (2.52s, 113.24MB)
  Running img_15003.npy ... done (2.40s, 111.76MB)
  Running img_15004.npy ... done (2.57s, 111.52MB)
  Running img_15005.npy ... done (2.46s, 113.07MB)
  Running img_15006.npy ... done (2.72s, 112.66MB)
  Running img_15007.npy ... done (2.38s, 113.32MB)
  Running img_15008.npy ... done (2.44s, 116.50MB)
  Running img_15009.npy ... done (2.60s, 119.92MB)
  Running img_1501.npy ... done (2.58s, 122.10MB)
  Running img_15010.npy ... done (2.56s, 122.01MB)
  Running img_15011.npy ... done (2.58s, 122.11MB)
  Running img_15012.npy ... done (2.64s, 120.85MB)
  Running img_15013.npy ... done (2.61s, 122.61MB)
  Running img_15014.npy ... done (2.68s, 122.88MB)
  Running img_15015.npy ... done (2.58s, 123.56MB)
  Running img_15016.npy ... done (2.60s, 124.45MB)
  Running img_15017.npy ... done (2.64s, 118.72MB)
  Running img_15018.npy ... done (2.66s, 113.29MB)
  Running img_15019.npy ... done (2.62s, 112.24MB)
  Running img_1502.npy ... done (2.59s, 113.82MB)
  Running img_15020.npy ... done (2.59s, 114.42MB)
  Running img_15021.npy ... done (2.63s, 119.72MB)
  Running img_15022.npy ... done (2.63s, 120.29MB)
  Running img_15023.npy ... done (2.68s, 120.86MB)
  Running img_15024.npy ... done (2.60s, 121.09MB)
  Running img_15025.npy ... done (2.65s, 120.33MB)
  Running img_15026.npy ... done (2.59s, 119.51MB)
  Running img_15027.npy ... done (2.68s, 120.98MB)
  Running img_15028.npy ... done (2.63s, 118.59MB)
  Running img_15029.npy ... done (2.56s, 119.33MB)
  Running img_1503.npy ... done (2.58s, 120.05MB)
  Running img_15030.npy ... done (2.45s, 116.26MB)
  Running img_15031.npy ... done (2.47s, 114.53MB)
  Running img_15032.npy ... done (2.58s, 114.61MB)
  Running img_15033.npy ... done (2.61s, 114.91MB)
  Running img_15034.npy ... done (2.66s, 115.06MB)
  Running img_15035.npy ... done (2.58s, 112.09MB)
  Running img_15036.npy ... done (2.61s, 111.91MB)
  Running img_15037.npy ... done (2.57s, 112.70MB)
  Running img_15038.npy ... done (2.62s, 111.78MB)
  Running img_15039.npy ... done (2.55s, 117.12MB)
  Running img_1504.npy ... done (2.55s, 121.25MB)
  Running img_15040.npy ... done (2.48s, 119.19MB)
  Running img_15041.npy ... done (2.37s, 121.67MB)
  Running img_15042.npy ... done (2.48s, 120.23MB)
  Running img_15043.npy ... done (2.35s, 111.70MB)
  Running img_15044.npy ... done (2.36s, 112.27MB)
  Running img_15045.npy ... done (2.49s, 114.62MB)
  Running img_15046.npy ... done (2.60s, 118.84MB)
  Running img_15047.npy ... done (2.63s, 120.28MB)
  Running img_15048.npy ... done (2.30s, 122.50MB)
  Running img_15049.npy ... done (2.56s, 122.60MB)
  Running img_1505.npy ... done (2.51s, 120.36MB)
  Running img_15050.npy ... done (2.41s, 122.43MB)
  Running img_15051.npy ... done (2.51s, 122.60MB)
  Running img_15052.npy ... done (2.39s, 122.21MB)
  Running img_15053.npy ... done (2.57s, 122.52MB)
  Running img_15054.npy ... done (2.67s, 113.37MB)
  Running img_15055.npy ... done (2.63s, 113.03MB)
  Running img_15056.npy ... done (2.66s, 113.11MB)
  Running img_15057.npy ... done (2.55s, 114.16MB)
  Running img_15058.npy ... done (2.59s, 115.19MB)
  Running img_15059.npy ... done (2.63s, 119.07MB)
  Running img_1506.npy ... done (2.55s, 119.48MB)
  Running img_15060.npy ... done (2.71s, 121.13MB)
  Running img_15061.npy ... done (2.66s, 118.17MB)
  Running img_15062.npy ... done (2.65s, 120.70MB)
  Running img_15063.npy ... done (2.54s, 117.88MB)
  Running img_15064.npy ... done (2.59s, 117.09MB)
  Running img_15065.npy ... done (2.70s, 116.68MB)
  Running img_15066.npy ... done (2.60s, 116.25MB)
  Running img_15067.npy ... done (2.67s, 114.35MB)
  Running img_15068.npy ... done (2.56s, 113.68MB)
  Running img_15069.npy ... done (2.65s, 111.26MB)
  Running img_1507.npy ... done (2.55s, 111.45MB)
  Running img_15070.npy ... done (2.57s, 111.50MB)
  Running img_15071.npy ... done (2.63s, 113.64MB)
  Running img_15072.npy ... done (2.59s, 114.11MB)
  Running img_15073.npy ... done (2.49s, 119.73MB)
  Running img_15074.npy ... done (2.60s, 120.08MB)
  Running img_15075.npy ... done (2.59s, 121.22MB)
  Running img_15076.npy ... done (2.67s, 120.04MB)
  Running img_15077.npy ... done (2.71s, 119.23MB)
  Running img_15078.npy ... done (2.48s, 120.77MB)
  Running img_15079.npy ... done (2.58s, 118.40MB)
  Running img_1508.npy ... done (2.51s, 118.93MB)
  Running img_15080.npy ... done (2.58s, 118.11MB)
  Running img_15081.npy ... done (2.38s, 120.17MB)
  Running img_15082.npy ... done (2.55s, 113.75MB)
  Running img_15083.npy ... done (2.53s, 112.54MB)
  Running img_15084.npy ... done (2.55s, 115.29MB)
  Running img_15085.npy ... done (2.61s, 118.74MB)
  Running img_15086.npy ... done (2.50s, 119.88MB)
  Running img_15087.npy ... done (2.64s, 119.26MB)
  Running img_15088.npy ... done (2.61s, 120.16MB)
  Running img_15089.npy ... done (2.68s, 120.18MB)
  Running img_1509.npy ... done (2.62s, 118.07MB)
  Running img_15090.npy ... done (2.61s, 120.79MB)
  Running img_15091.npy ... done (2.62s, 119.31MB)
  Running img_15092.npy ... done (2.57s, 119.34MB)
  Running img_15093.npy ... done (2.54s, 119.51MB)
  Running img_15094.npy ... done (2.68s, 117.77MB)
  Running img_15095.npy ... done (2.64s, 115.73MB)
  Running img_15096.npy ... done (2.64s, 111.41MB)
  Running img_15097.npy ... done (2.49s, 114.27MB)
  Running img_15098.npy ... done (2.63s, 115.32MB)
  Running img_15099.npy ... done (2.63s, 112.49MB)
  Running img_151.npy ... done (2.61s, 112.64MB)
  Running img_1510.npy ... done (2.49s, 113.14MB)
  Running img_15100.npy ... done (2.65s, 110.50MB)
  Running img_15101.npy ... done (2.59s, 110.39MB)
  Running img_15102.npy ... done (2.63s, 115.04MB)
  Running img_15103.npy ... done (2.48s, 114.73MB)
  Running img_15104.npy ... done (2.59s, 114.64MB)
  Running img_15105.npy ... done (2.62s, 116.24MB)
  Running img_15106.npy ... done (2.59s, 117.18MB)
  Running img_15107.npy ... done (2.61s, 116.99MB)
  Running img_15108.npy ... done (2.44s, 116.34MB)
  Running img_15109.npy ... done (2.58s, 110.96MB)
  Running img_1511.npy ... done (2.44s, 114.42MB)
  Running img_15110.npy ... done (2.63s, 114.19MB)
  Running img_15111.npy ... done (2.47s, 118.87MB)
  Running img_15112.npy ... done (2.30s, 119.39MB)
  Running img_15113.npy ... done (2.46s, 118.70MB)
  Running img_15114.npy ... done (2.43s, 115.82MB)
  Running img_15115.npy ... done (2.64s, 113.97MB)
  Running img_15116.npy ... done (2.51s, 117.65MB)
  Running img_15117.npy ... done (2.47s, 121.01MB)
  Running img_15118.npy ... done (2.37s, 118.84MB)
  Running img_15119.npy ... done (2.47s, 117.72MB)
  Running img_1512.npy ... done (2.44s, 118.22MB)
  Running img_15120.npy ... done (2.61s, 112.85MB)
  Running img_15121.npy ... done (2.67s, 111.64MB)
  Running img_15122.npy ... done (2.58s, 112.79MB)
  Running img_15123.npy ... done (2.58s, 115.61MB)
  Running img_15124.npy ... done (2.63s, 113.29MB)
  Running img_15125.npy ... done (2.47s, 113.98MB)
  Running img_15126.npy ... done (2.62s, 114.63MB)
  Running img_15127.npy ... done (2.35s, 110.05MB)
  Running img_15128.npy ... done (2.51s, 112.68MB)
  Running img_15129.npy ... done (2.18s, 113.21MB)
  Running img_1513.npy ... done (2.25s, 115.15MB)
  Running img_15130.npy ... done (2.40s, 115.71MB)
  Running img_15131.npy ... done (2.43s, 114.04MB)
  Running img_15132.npy ... done (2.58s, 115.82MB)
  Running img_15133.npy ... done (2.40s, 113.50MB)
  Running img_15134.npy ... done (2.42s, 113.83MB)
  Running img_15135.npy ... done (2.51s, 114.38MB)
  Running img_15136.npy ... done (2.43s, 115.36MB)
  Running img_15137.npy ... done (2.37s, 113.27MB)
  Running img_15138.npy ... done (2.51s, 113.44MB)
  Running img_15139.npy ... done (2.62s, 113.29MB)
  Running img_1514.npy ... done (2.57s, 110.98MB)
  Running img_15140.npy ... done (2.47s, 112.18MB)
  Running img_15141.npy ... done (2.66s, 124.44MB)
  Running img_15142.npy ... done (2.61s, 131.62MB)
  Running img_15143.npy ... done (2.65s, 132.89MB)
  Running img_15144.npy ... done (2.59s, 132.58MB)
  Running img_15145.npy ... done (2.47s, 132.12MB)
  Running img_15146.npy ... done (2.60s, 113.64MB)
  Running img_15147.npy ... done (2.53s, 114.80MB)
  Running img_15148.npy ... done (2.59s, 115.82MB)
  Running img_15149.npy ... done (2.44s, 120.29MB)
  Running img_1515.npy ... done (2.51s, 117.86MB)
  Running img_15150.npy ... done (2.56s, 122.92MB)
  Running img_15151.npy ... done (2.41s, 128.60MB)
  Running img_15152.npy ... done (2.37s, 133.08MB)
  Running img_15153.npy ... done (2.49s, 132.88MB)
  Running img_15154.npy ... done (2.66s, 133.83MB)
  Running img_15155.npy ... done (2.62s, 130.32MB)
  Running img_15156.npy ... done (2.56s, 132.25MB)
  Running img_15157.npy ... done (2.58s, 115.22MB)
  Running img_15158.npy ... done (2.50s, 114.19MB)
  Running img_15159.npy ... done (2.39s, 113.97MB)
  Running img_1516.npy ... done (2.48s, 119.86MB)
  Running img_15160.npy ... done (2.54s, 120.79MB)
  Running img_15161.npy ... done (2.54s, 121.45MB)
  Running img_15162.npy ... done (2.64s, 122.89MB)
  Running img_15163.npy ... done (2.62s, 122.50MB)
  Running img_15164.npy ... done (2.71s, 121.45MB)
  Running img_15165.npy ... done (2.60s, 120.05MB)
  Running img_15166.npy ... done (2.64s, 121.34MB)
  Running img_15167.npy ... done (2.60s, 121.51MB)
  Running img_15168.npy ... done (2.64s, 118.89MB)
  Running img_15169.npy ... done (2.40s, 118.82MB)
  Running img_1517.npy ... done (2.67s, 116.63MB)
  Running img_15170.npy ... done (2.46s, 113.54MB)
  Running img_15171.npy ... done (2.59s, 115.16MB)
  Running img_15172.npy ... done (2.61s, 118.44MB)
  Running img_15173.npy ... done (2.55s, 117.91MB)
  Running img_15174.npy ... done (2.57s, 116.58MB)
  Running img_15175.npy ... done (2.50s, 113.31MB)
  Running img_15176.npy ... done (2.64s, 115.75MB)
  Running img_15177.npy ... done (2.62s, 113.90MB)
  Running img_15178.npy ... done (2.61s, 115.21MB)
  Running img_15179.npy ... done (2.64s, 115.69MB)
  Running img_1518.npy ... done (2.65s, 113.44MB)
  Running img_15180.npy ... done (2.44s, 115.52MB)
  Running img_15181.npy ... done (2.54s, 112.26MB)
  Running img_15182.npy ... done (2.51s, 114.54MB)
  Running img_15183.npy ... done (2.60s, 115.13MB)
  Running img_15184.npy ... done (2.66s, 113.35MB)
  Running img_15185.npy ... done (2.60s, 113.53MB)
  Running img_15186.npy ... done (2.52s, 111.85MB)
  Running img_15187.npy ... done (2.63s, 112.37MB)
  Running img_15188.npy ... done (2.64s, 112.94MB)
  Running img_15189.npy ... done (2.52s, 112.18MB)
  Running img_1519.npy ... done (2.54s, 116.43MB)
  Running img_15190.npy ... done (2.70s, 127.75MB)
  Running img_15191.npy ... done (2.62s, 125.62MB)
  Running img_15192.npy ... done (2.62s, 126.90MB)
  Running img_15193.npy ... done (2.64s, 126.47MB)
  Running img_15194.npy ... done (2.64s, 124.93MB)
  Running img_15195.npy ... done (2.42s, 112.41MB)
  Running img_15196.npy ... done (2.53s, 114.20MB)
  Running img_15197.npy ... done (2.48s, 114.72MB)
  Running img_15198.npy ... done (2.54s, 117.59MB)
  Running img_15199.npy ... done (2.63s, 121.63MB)
  Running img_152.npy ... done (2.50s, 124.22MB)
  Running img_1520.npy ... done (2.47s, 123.49MB)
  Running img_15200.npy ... done (2.72s, 124.05MB)
  Running img_15201.npy ... done (2.67s, 121.29MB)
  Running img_15202.npy ... done (2.67s, 122.25MB)
  Running img_15203.npy ... done (2.63s, 122.06MB)
  Running img_15204.npy ... done (2.69s, 121.56MB)
  Running img_15205.npy ... done (2.64s, 120.69MB)
  Running img_15206.npy ... done (2.52s, 122.52MB)
  Running img_15207.npy ... done (2.50s, 112.85MB)
  Running img_15208.npy ... done (2.53s, 111.92MB)
  Running img_15209.npy ... done (2.31s, 114.23MB)
  Running img_1521.npy ... done (2.31s, 116.59MB)
  Running img_15210.npy ... done (2.38s, 118.34MB)
  Running img_15211.npy ... done (2.35s, 116.50MB)
  Running img_15212.npy ... done (2.43s, 115.23MB)
  Running img_15213.npy ... done (2.34s, 112.23MB)
  Running img_15214.npy ... done (2.30s, 111.06MB)
  Running img_15215.npy ... done (2.33s, 113.94MB)
  Running img_15216.npy ... done (2.26s, 113.95MB)
  Running img_15217.npy ... done (2.26s, 111.92MB)
  Running img_15218.npy ... done (2.32s, 111.95MB)
  Running img_15219.npy ... done (2.32s, 110.21MB)
  Running img_1522.npy ... done (2.43s, 112.99MB)
  Running img_15220.npy ... done (2.28s, 113.24MB)
  Running img_15221.npy ... done (2.33s, 115.54MB)
  Running img_15222.npy ... done (2.25s, 119.39MB)
  Running img_15223.npy ... done (2.32s, 118.74MB)
  Running img_15224.npy ... done (2.29s, 118.86MB)
  Running img_15225.npy ... done (2.37s, 118.64MB)
  Running img_15226.npy ... done (2.33s, 119.34MB)
  Running img_15227.npy ... done (2.33s, 120.63MB)
  Running img_15228.npy ... done (2.35s, 119.62MB)
  Running img_15229.npy ... done (2.29s, 121.60MB)
  Running img_1523.npy ... done (2.48s, 119.37MB)
  Running img_15230.npy ... done (2.36s, 111.89MB)
  Running img_15231.npy ... done (2.63s, 113.76MB)
  Running img_15232.npy ... done (2.29s, 116.93MB)
  Running img_15233.npy ... done (2.51s, 117.88MB)
  Running img_15234.npy ... done (2.63s, 120.86MB)
  Running img_15235.npy ... done (2.65s, 118.14MB)
  Running img_15236.npy ... done (2.57s, 119.30MB)
  Running img_15237.npy ... done (2.63s, 121.01MB)
  Running img_15238.npy ... done (2.52s, 120.68MB)
  Running img_15239.npy ... done (2.48s, 118.97MB)
  Running img_1524.npy ... done (2.60s, 120.07MB)
  Running img_15240.npy ... done (2.61s, 117.66MB)
  Running img_15241.npy ... done (2.54s, 115.79MB)
  Running img_15242.npy ... done (2.59s, 120.64MB)
  Running img_15243.npy ... done (2.51s, 117.30MB)
  Running img_15244.npy ... done (2.48s, 112.49MB)
  Running img_15245.npy ... done (2.59s, 113.50MB)
  Running img_15246.npy ... done (2.69s, 112.61MB)
  Running img_15247.npy ... done (2.64s, 114.23MB)
  Running img_15248.npy ... done (2.60s, 114.75MB)
  Running img_15249.npy ... done (2.58s, 114.43MB)
  Running img_1525.npy ... done (2.53s, 113.96MB)
  Running img_15250.npy ... done (2.64s, 111.49MB)
  Running img_15251.npy ... done (2.61s, 112.43MB)
  Running img_15252.npy ... done (2.55s, 113.47MB)
  Running img_15253.npy ... done (2.48s, 115.82MB)
  Running img_15254.npy ... done (2.57s, 113.53MB)
  Running img_15255.npy ... done (2.47s, 114.95MB)
  Running img_15256.npy ... done (2.58s, 115.95MB)
  Running img_15257.npy ... done (2.58s, 116.05MB)
  Running img_15258.npy ... done (2.62s, 113.16MB)
  Running img_15259.npy ... done (2.55s, 114.79MB)
  Running img_1526.npy ... done (2.59s, 114.70MB)
  Running img_15260.npy ... done (2.50s, 111.51MB)
  Running img_15261.npy ... done (2.56s, 111.07MB)
  Running img_15262.npy ... done (2.63s, 112.12MB)
  Running img_15263.npy ... done (2.60s, 113.54MB)
  Running img_15264.npy ... done (2.58s, 114.18MB)
  Running img_15265.npy ... done (2.46s, 115.56MB)
  Running img_15266.npy ... done (2.57s, 114.21MB)
  Running img_15267.npy ... done (2.41s, 113.82MB)
  Running img_15268.npy ... done (2.57s, 115.40MB)
  Running img_15269.npy ... done (2.49s, 113.40MB)
  Running img_1527.npy ... done (2.41s, 114.21MB)
  Running img_15270.npy ... done (2.38s, 112.97MB)
  Running img_15271.npy ... done (2.59s, 114.19MB)
  Running img_15272.npy ... done (2.64s, 111.58MB)
  Running img_15273.npy ... done (2.59s, 113.50MB)
  Running img_15274.npy ... done (2.56s, 113.18MB)
  Running img_15275.npy ... done (2.66s, 111.53MB)
  Running img_15276.npy ... done (2.49s, 111.69MB)
  Running img_15277.npy ... done (2.64s, 112.94MB)
  Running img_15278.npy ... done (2.54s, 110.10MB)
  Running img_15279.npy ... done (2.67s, 112.84MB)
  Running img_1528.npy ... done (2.59s, 120.72MB)
  Running img_15280.npy ... done (2.51s, 122.02MB)
  Running img_15281.npy ... done (2.59s, 111.36MB)
  Running img_15282.npy ... done (2.59s, 113.28MB)
  Running img_15283.npy ... done (2.60s, 113.94MB)
  Running img_15284.npy ... done (2.59s, 114.61MB)
  Running img_15285.npy ... done (2.65s, 113.94MB)
  Running img_15286.npy ... done (2.61s, 118.88MB)
  Running img_15287.npy ... done (2.51s, 118.36MB)
  Running img_15288.npy ... done (2.52s, 114.48MB)
  Running img_15289.npy ... done (2.56s, 115.32MB)
  Running img_1529.npy ... done (2.43s, 115.19MB)
  Running img_15290.npy ... done (2.43s, 114.54MB)
  Running img_15291.npy ... done (2.59s, 113.80MB)
  Running img_15292.npy ... done (2.57s, 113.80MB)
  Running img_15293.npy ... done (2.48s, 111.94MB)
  Running img_15294.npy ... done (2.58s, 114.71MB)
  Running img_15295.npy ... done (2.59s, 114.28MB)
  Running img_15296.npy ... done (2.62s, 114.12MB)
  Running img_15297.npy ... done (2.62s, 111.65MB)
  Running img_15298.npy ... done (2.44s, 114.84MB)
  Running img_15299.npy ... done (2.58s, 120.65MB)
  Running img_153.npy ... done (2.58s, 123.11MB)
  Running img_1530.npy ... done (2.52s, 127.08MB)
  Running img_15300.npy ... done (2.62s, 131.04MB)
  Running img_15301.npy ... done (2.65s, 132.96MB)
  Running img_15302.npy ... done (2.52s, 134.82MB)
  Running img_15303.npy ... done (2.64s, 133.71MB)
  Running img_15304.npy ... done (2.61s, 131.09MB)
  Running img_15305.npy ... done (2.62s, 132.98MB)
  Running img_15306.npy ... done (2.53s, 114.73MB)
  Running img_15307.npy ... done (2.53s, 114.82MB)
  Running img_15308.npy ... done (2.54s, 112.48MB)
  Running img_15309.npy ... done (2.59s, 119.91MB)
  Running img_1531.npy ... done (2.45s, 119.70MB)
  Running img_15310.npy ... done (2.52s, 122.66MB)
  Running img_15311.npy ... done (2.42s, 125.28MB)
  Running img_15312.npy ... done (2.30s, 126.45MB)
  Running img_15313.npy ... done (2.40s, 123.25MB)
  Running img_15314.npy ... done (2.39s, 121.62MB)
  Running img_15315.npy ... done (2.61s, 122.65MB)
  Running img_15316.npy ... done (2.56s, 120.62MB)
  Running img_15317.npy ... done (2.55s, 120.26MB)
  Running img_15318.npy ... done (2.41s, 117.94MB)
  Running img_15319.npy ... done (2.41s, 112.87MB)
  Running img_1532.npy ... done (2.65s, 112.04MB)
  Running img_15320.npy ... done (2.61s, 114.89MB)
  Running img_15321.npy ... done (2.62s, 111.82MB)
  Running img_15322.npy ... done (2.62s, 112.81MB)
  Running img_15323.npy ... done (2.45s, 113.27MB)
  Running img_15324.npy ... done (2.51s, 111.79MB)
  Running img_15325.npy ... done (2.60s, 111.82MB)
  Running img_15326.npy ... done (2.67s, 120.13MB)
  Running img_15327.npy ... done (2.57s, 123.17MB)
  Running img_15328.npy ... done (2.50s, 123.61MB)
  Running img_15329.npy ... done (2.59s, 120.22MB)
  Running img_1533.npy ... done (2.52s, 121.32MB)
  Running img_15330.npy ... done (2.55s, 120.63MB)
  Running img_15331.npy ... done (2.57s, 110.25MB)
  Running img_15332.npy ... done (2.53s, 112.29MB)
  Running img_15333.npy ... done (2.61s, 113.06MB)
  Running img_15334.npy ... done (2.53s, 114.91MB)
  Running img_15335.npy ... done (2.62s, 117.79MB)
  Running img_15336.npy ... done (2.57s, 119.78MB)
  Running img_15337.npy ... done (2.71s, 120.45MB)
  Running img_15338.npy ... done (2.60s, 120.69MB)
  Running img_15339.npy ... done (2.58s, 121.83MB)
  Running img_1534.npy ... done (2.62s, 121.50MB)
  Running img_15340.npy ... done (2.63s, 121.28MB)
  Running img_15341.npy ... done (2.48s, 119.55MB)
  Running img_15342.npy ... done (2.44s, 119.32MB)
  Running img_15343.npy ... done (2.57s, 121.15MB)
  Running img_15344.npy ... done (2.66s, 116.51MB)
  Running img_15345.npy ... done (2.59s, 113.15MB)
  Running img_15346.npy ... done (2.42s, 114.06MB)
  Running img_15347.npy ... done (2.44s, 113.52MB)
  Running img_15348.npy ... done (2.48s, 117.17MB)
  Running img_15349.npy ... done (2.70s, 119.09MB)
  Running img_1535.npy ... done (2.32s, 115.57MB)
  Running img_15350.npy ... done (2.43s, 115.20MB)
  Running img_15351.npy ... done (2.66s, 115.32MB)
  Running img_15352.npy ... done (2.60s, 113.74MB)
  Running img_15353.npy ... done (2.61s, 112.61MB)
  Running img_15354.npy ... done (2.62s, 113.35MB)
  Running img_15355.npy ... done (2.61s, 114.67MB)
  Running img_15356.npy ... done (2.57s, 113.76MB)
  Running img_15357.npy ... done (2.64s, 111.86MB)
  Running img_15358.npy ... done (2.65s, 114.28MB)
  Running img_15359.npy ... done (2.62s, 114.91MB)
  Running img_1536.npy ... done (2.64s, 114.37MB)
  Running img_15360.npy ... done (2.54s, 114.77MB)
  Running img_15361.npy ... done (2.57s, 114.13MB)
  Running img_15362.npy ... done (2.56s, 114.08MB)
  Running img_15363.npy ... done (2.61s, 114.09MB)
  Running img_15364.npy ... done (2.49s, 113.21MB)
  Running img_15365.npy ... done (2.64s, 115.27MB)
  Running img_15366.npy ... done (2.51s, 117.44MB)
  Running img_15367.npy ... done (2.47s, 116.32MB)
  Running img_15368.npy ... done (2.48s, 114.60MB)
  Running img_15369.npy ... done (2.38s, 117.35MB)
  Running img_1537.npy ... done (2.60s, 113.92MB)
  Running img_15370.npy ... done (2.57s, 114.73MB)
  Running img_15371.npy ... done (2.55s, 111.91MB)
  Running img_15372.npy ... done (2.61s, 116.25MB)
  Running img_15373.npy ... done (2.62s, 115.77MB)
  Running img_15374.npy ... done (2.59s, 115.82MB)
  Running img_15375.npy ... done (2.60s, 116.32MB)
  Running img_15376.npy ... done (2.58s, 116.96MB)
  Running img_15377.npy ... done (2.68s, 115.23MB)
  Running img_15378.npy ... done (2.52s, 116.21MB)
  Running img_15379.npy ... done (2.62s, 115.01MB)
  Running img_1538.npy ... done (2.56s, 115.79MB)
  Running img_15380.npy ... done (2.62s, 113.32MB)
  Running img_15381.npy ... done (2.48s, 113.86MB)
  Running img_15382.npy ... done (2.50s, 113.50MB)
  Running img_15383.npy ... done (2.52s, 113.09MB)
  Running img_15384.npy ... done (2.57s, 112.86MB)
  Running img_15385.npy ... done (2.63s, 114.03MB)
  Running img_15386.npy ... done (2.63s, 113.64MB)
  Running img_15387.npy ... done (2.71s, 113.27MB)
  Running img_15388.npy ... done (2.56s, 113.87MB)
  Running img_15389.npy ... done (2.64s, 113.00MB)
  Running img_1539.npy ... done (2.61s, 111.64MB)
  Running img_15390.npy ... done (2.56s, 112.64MB)
  Running img_15391.npy ... done (2.54s, 112.93MB)
  Running img_15392.npy ... done (2.60s, 113.09MB)
  Running img_15393.npy ... done (2.55s, 112.20MB)
  Running img_15394.npy ... done (2.53s, 111.39MB)
  Running img_15395.npy ... done (2.64s, 113.92MB)
  Running img_15396.npy ... done (2.66s, 111.92MB)
  Running img_15397.npy ... done (2.60s, 112.96MB)
  Running img_15398.npy ... done (2.63s, 115.06MB)
  Running img_15399.npy ... done (2.57s, 112.61MB)
  Running img_154.npy ... done (2.63s, 113.38MB)
  Running img_1540.npy ... done (2.48s, 112.09MB)
  Running img_15400.npy ... done (2.47s, 110.47MB)
  Running img_15401.npy ... done (2.41s, 112.88MB)
  Running img_15402.npy ... done (2.38s, 118.07MB)
  Running img_15403.npy ... done (2.66s, 126.28MB)
  Running img_15404.npy ... done (2.53s, 131.86MB)
  Running img_15405.npy ... done (2.54s, 132.55MB)
  Running img_15406.npy ... done (2.29s, 132.80MB)
  Running img_15407.npy ... done (2.32s, 114.65MB)
  Running img_15408.npy ... done (2.47s, 114.31MB)
  Running img_15409.npy ... done (2.39s, 114.20MB)
  Running img_1541.npy ... done (2.59s, 118.78MB)
  Running img_15410.npy ... done (2.62s, 119.64MB)
  Running img_15411.npy ... done (2.61s, 124.65MB)
  Running img_15412.npy ... done (2.39s, 127.90MB)
  Running img_15413.npy ... done (2.30s, 131.14MB)
  Running img_15414.npy ... done (2.60s, 131.41MB)
  Running img_15415.npy ... done (2.58s, 133.00MB)
  Running img_15416.npy ... done (2.64s, 130.29MB)
  Running img_15417.npy ... done (2.54s, 131.35MB)
  Running img_15418.npy ... done (2.68s, 118.38MB)
  Running img_15419.npy ... done (2.64s, 113.38MB)
  Running img_1542.npy ... done (2.53s, 113.02MB)
  Running img_15420.npy ... done (2.45s, 116.04MB)
  Running img_15421.npy ... done (2.50s, 120.64MB)
  Running img_15422.npy ... done (2.58s, 121.96MB)
  Running img_15423.npy ... done (2.59s, 123.00MB)
  Running img_15424.npy ... done (2.53s, 122.50MB)
  Running img_15425.npy ... done (2.63s, 120.95MB)
  Running img_15426.npy ... done (2.62s, 119.87MB)
  Running img_15427.npy ... done (2.57s, 119.31MB)
  Running img_15428.npy ... done (2.58s, 118.02MB)
  Running img_15429.npy ... done (2.50s, 118.37MB)
  Running img_1543.npy ... done (2.30s, 119.19MB)
  Running img_15430.npy ... done (2.69s, 115.00MB)
  Running img_15431.npy ... done (2.59s, 112.57MB)
  Running img_15432.npy ... done (2.61s, 112.45MB)
  Running img_15433.npy ... done (2.58s, 114.62MB)
  Running img_15434.npy ... done (2.29s, 113.00MB)
  Running img_15435.npy ... done (2.51s, 112.27MB)
  Running img_15436.npy ... done (2.66s, 113.16MB)
  Running img_15437.npy ... done (2.43s, 112.01MB)
  Running img_15438.npy ... done (2.56s, 123.78MB)
  Running img_15439.npy ... done (2.55s, 126.82MB)
  Running img_1544.npy ... done (2.57s, 126.40MB)
  Running img_15440.npy ... done (2.51s, 126.92MB)
  Running img_15441.npy ... done (2.65s, 127.22MB)
  Running img_15442.npy ... done (2.63s, 125.57MB)
  Running img_15443.npy ... done (2.65s, 126.53MB)
  Running img_15444.npy ... done (2.56s, 125.76MB)
  Running img_15445.npy ... done (2.45s, 113.01MB)
  Running img_15446.npy ... done (2.34s, 112.30MB)
  Running img_15447.npy ... done (2.30s, 115.73MB)
  Running img_15448.npy ... done (2.28s, 119.08MB)
  Running img_15449.npy ... done (2.28s, 119.30MB)
  Running img_1545.npy ... done (2.35s, 123.23MB)
  Running img_15450.npy ... done (2.39s, 125.03MB)
  Running img_15451.npy ... done (2.38s, 120.86MB)
  Running img_15452.npy ... done (2.31s, 120.23MB)
  Running img_15453.npy ... done (2.31s, 120.63MB)
  Running img_15454.npy ... done (2.37s, 120.04MB)
  Running img_15455.npy ... done (2.21s, 119.12MB)
  Running img_15456.npy ... done (2.33s, 119.94MB)
  Running img_15457.npy ... done (2.29s, 113.11MB)
  Running img_15458.npy ... done (2.37s, 112.86MB)
  Running img_15459.npy ... done (2.31s, 112.46MB)
  Running img_1546.npy ... done (2.31s, 115.23MB)
  Running img_15460.npy ... done (2.40s, 112.13MB)
  Running img_15461.npy ... done (2.32s, 114.04MB)
  Running img_15462.npy ... done (2.34s, 112.64MB)
  Running img_15463.npy ... done (2.30s, 113.84MB)
  Running img_15464.npy ... done (2.33s, 111.05MB)
  Running img_15465.npy ... done (2.52s, 110.89MB)
  Running img_15466.npy ... done (2.53s, 112.02MB)
  Running img_15467.npy ... done (2.58s, 120.96MB)
  Running img_15468.npy ... done (2.60s, 124.00MB)
  Running img_15469.npy ... done (2.53s, 124.34MB)
  Running img_1547.npy ... done (2.58s, 111.06MB)
  Running img_15470.npy ... done (2.64s, 112.18MB)
  Running img_15471.npy ... done (2.59s, 115.47MB)
  Running img_15472.npy ... done (2.31s, 119.77MB)
  Running img_15473.npy ... done (2.37s, 120.01MB)
  Running img_15474.npy ... done (2.30s, 122.84MB)
  Running img_15475.npy ... done (2.31s, 126.11MB)
  Running img_15476.npy ... done (2.47s, 123.69MB)
  Running img_15477.npy ... done (2.59s, 121.56MB)
  Running img_15478.npy ... done (2.57s, 122.52MB)
  Running img_15479.npy ... done (2.63s, 122.82MB)
  Running img_1548.npy ... done (2.57s, 123.01MB)
  Running img_15480.npy ... done (2.31s, 121.88MB)
  Running img_15481.npy ... done (2.30s, 111.18MB)
  Running img_15482.npy ... done (2.34s, 114.08MB)
  Running img_15483.npy ... done (2.31s, 115.09MB)
  Running img_15484.npy ... done (2.35s, 119.07MB)
  Running img_15485.npy ... done (2.39s, 118.74MB)
  Running img_15486.npy ... done (2.30s, 120.33MB)
  Running img_15487.npy ... done (2.29s, 120.86MB)
  Running img_15488.npy ... done (2.45s, 118.46MB)
  Running img_15489.npy ... done (2.28s, 119.35MB)
  Running img_1549.npy ... done (2.33s, 120.75MB)
  Running img_15490.npy ... done (2.37s, 118.56MB)
  Running img_15491.npy ... done (2.29s, 114.03MB)
  Running img_15492.npy ... done (2.45s, 113.01MB)
  Running img_15493.npy ... done (2.43s, 111.99MB)
  Running img_15494.npy ... done (2.50s, 114.28MB)
  Running img_15495.npy ... done (2.40s, 113.00MB)
  Running img_15496.npy ... done (2.39s, 113.48MB)
  Running img_15497.npy ... done (2.38s, 113.00MB)
  Running img_15498.npy ... done (2.55s, 111.66MB)
  Running img_15499.npy ... done (2.46s, 118.83MB)
  Running img_155.npy ... done (2.56s, 119.97MB)
  Running img_1550.npy ... done (2.53s, 121.11MB)
  Running img_15500.npy ... done (2.40s, 119.32MB)
  Running img_15501.npy ... done (2.60s, 121.69MB)
  Running img_15502.npy ... done (2.62s, 120.81MB)
  Running img_15503.npy ... done (2.58s, 122.58MB)
  Running img_15504.npy ... done (2.60s, 109.69MB)
  Running img_15505.npy ... done (2.63s, 113.52MB)
  Running img_15506.npy ... done (2.62s, 113.27MB)
  Running img_15507.npy ... done (2.64s, 115.82MB)
  Running img_15508.npy ... done (2.59s, 117.74MB)
  Running img_15509.npy ... done (2.50s, 118.92MB)
  Running img_1551.npy ... done (2.61s, 122.70MB)
  Running img_15510.npy ... done (2.62s, 122.35MB)
  Running img_15511.npy ... done (2.51s, 121.95MB)
  Running img_15512.npy ... done (2.57s, 121.02MB)
  Running img_15513.npy ... done (2.54s, 123.56MB)
  Running img_15514.npy ... done (2.55s, 123.67MB)
  Running img_15515.npy ... done (2.59s, 123.83MB)
  Running img_15516.npy ... done (2.43s, 121.58MB)
  Running img_15517.npy ... done (2.58s, 112.34MB)
  Running img_15518.npy ... done (2.52s, 113.12MB)
  Running img_15519.npy ... done (2.63s, 113.65MB)
  Running img_1552.npy ... done (2.54s, 118.64MB)
  Running img_15520.npy ... done (2.67s, 120.67MB)
  Running img_15521.npy ... done (2.62s, 121.32MB)
  Running img_15522.npy ... done (2.40s, 120.04MB)
  Running img_15523.npy ... done (2.52s, 120.89MB)
  Running img_15524.npy ... done (2.58s, 120.16MB)
  Running img_15525.npy ... done (2.65s, 119.27MB)
  Running img_15526.npy ... done (2.49s, 117.18MB)
  Running img_15527.npy ... done (2.49s, 116.29MB)
  Running img_15528.npy ... done (2.40s, 114.19MB)
  Running img_15529.npy ... done (2.27s, 116.60MB)
  Running img_1553.npy ... done (2.33s, 111.05MB)
  Running img_15530.npy ... done (2.44s, 113.66MB)
  Running img_15531.npy ... done (2.35s, 111.33MB)
  Running img_15532.npy ... done (2.52s, 111.83MB)
  Running img_15533.npy ... done (2.40s, 113.45MB)
  Running img_15534.npy ... done (2.42s, 120.53MB)
  Running img_15535.npy ... done (2.38s, 118.97MB)
  Running img_15536.npy ... done (2.67s, 119.12MB)
  Running img_15537.npy ... done (2.59s, 120.02MB)
  Running img_15538.npy ... done (2.61s, 116.66MB)
  Running img_15539.npy ... done (2.56s, 119.25MB)
  Running img_1554.npy ... done (2.55s, 121.40MB)
  Running img_15540.npy ... done (2.54s, 119.96MB)
  Running img_15541.npy ... done (2.56s, 120.50MB)
  Running img_15542.npy ... done (2.53s, 114.37MB)
  Running img_15543.npy ... done (2.55s, 113.00MB)
  Running img_15544.npy ... done (2.63s, 114.53MB)
  Running img_15545.npy ... done (2.57s, 117.20MB)
  Running img_15546.npy ... done (2.60s, 120.66MB)
  Running img_15547.npy ... done (2.60s, 121.86MB)
  Running img_15548.npy ... done (2.59s, 121.06MB)
  Running img_15549.npy ... done (2.55s, 120.89MB)
  Running img_1555.npy ... done (2.60s, 122.36MB)
  Running img_15550.npy ... done (2.64s, 120.32MB)
  Running img_15551.npy ... done (2.56s, 121.87MB)
  Running img_15552.npy ... done (2.67s, 121.34MB)
  Running img_15553.npy ... done (2.48s, 119.70MB)
  Running img_15554.npy ... done (2.38s, 120.35MB)
  Running img_15555.npy ... done (2.48s, 118.99MB)
  Running img_15556.npy ... done (2.62s, 113.66MB)
  Running img_15557.npy ... done (2.48s, 114.28MB)
  Running img_15558.npy ... done (2.61s, 115.29MB)
  Running img_15559.npy ... done (2.67s, 118.63MB)
  Running img_1556.npy ... done (2.67s, 120.69MB)
  Running img_15560.npy ... done (2.57s, 119.94MB)
  Running img_15561.npy ... done (2.60s, 118.74MB)
  Running img_15562.npy ... done (2.57s, 113.98MB)
  Running img_15563.npy ... done (2.70s, 114.04MB)
  Running img_15564.npy ... done (2.59s, 114.41MB)
  Running img_15565.npy ... done (2.61s, 111.05MB)
  Running img_15566.npy ... done (2.58s, 112.89MB)
  Running img_15567.npy ... done (2.57s, 112.93MB)
  Running img_15568.npy ... done (2.65s, 114.47MB)
  Running img_15569.npy ... done (2.62s, 113.66MB)
  Running img_1557.npy ... done (2.77s, 111.30MB)
  Running img_15570.npy ... done (2.64s, 113.41MB)
  Running img_15571.npy ... done (2.59s, 114.43MB)
  Running img_15572.npy ... done (2.55s, 113.87MB)
  Running img_15573.npy ... done (2.33s, 118.57MB)
  Running img_15574.npy ... done (2.50s, 118.07MB)
  Running img_15575.npy ... done (2.48s, 119.47MB)
  Running img_15576.npy ... done (2.40s, 116.96MB)
  Running img_15577.npy ... done (2.54s, 119.44MB)
  Running img_15578.npy ... done (2.54s, 120.01MB)
  Running img_15579.npy ... done (2.43s, 120.31MB)
  Running img_1558.npy ... done (2.50s, 119.96MB)
  Running img_15580.npy ... done (2.55s, 120.07MB)
  Running img_15581.npy ... done (2.50s, 111.46MB)
  Running img_15582.npy ... done (2.63s, 112.77MB)
  Running img_15583.npy ... done (2.62s, 116.07MB)
  Running img_15584.npy ... done (2.55s, 120.60MB)
  Running img_15585.npy ... done (2.39s, 120.63MB)
  Running img_15586.npy ... done (2.45s, 119.07MB)
  Running img_15587.npy ... done (2.56s, 120.70MB)
  Running img_15588.npy ... done (2.66s, 120.38MB)
  Running img_15589.npy ... done (2.60s, 119.62MB)
  Running img_1559.npy ... done (2.61s, 119.49MB)
  Running img_15590.npy ... done (2.65s, 120.67MB)
  Running img_15591.npy ... done (2.63s, 118.07MB)
  Running img_15592.npy ... done (2.49s, 119.21MB)
  Running img_15593.npy ... done (2.47s, 113.26MB)
  Running img_15594.npy ... done (2.68s, 113.01MB)
  Running img_15595.npy ... done (2.59s, 114.84MB)
  Running img_15596.npy ... done (2.56s, 116.19MB)
  Running img_15597.npy ... done (2.64s, 119.15MB)
  Running img_15598.npy ... done (2.58s, 121.01MB)
  Running img_15599.npy ... done (2.51s, 119.36MB)
  Running img_156.npy ... done (2.59s, 118.79MB)
  Running img_1560.npy ... done (2.52s, 119.80MB)
  Running img_15600.npy ... done (2.67s, 117.52MB)
  Running img_15601.npy ... done (2.53s, 117.16MB)
  Running img_15602.npy ... done (2.51s, 117.39MB)
  Running img_15603.npy ... done (2.57s, 116.89MB)
  Running img_15604.npy ... done (2.67s, 113.96MB)
  Running img_15605.npy ... done (2.65s, 113.83MB)
  Running img_15606.npy ... done (2.58s, 114.38MB)
  Running img_15607.npy ... done (2.49s, 112.28MB)
  Running img_15608.npy ... done (2.67s, 113.27MB)
  Running img_15609.npy ... done (2.50s, 112.01MB)
  Running img_1561.npy ... done (2.54s, 112.95MB)
  Running img_15610.npy ... done (2.48s, 113.04MB)
  Running img_15611.npy ... done (2.62s, 112.58MB)
  Running img_15612.npy ... done (2.67s, 115.04MB)
  Running img_15613.npy ... done (2.58s, 115.54MB)
  Running img_15614.npy ... done (2.41s, 115.63MB)
  Running img_15615.npy ... done (2.43s, 113.75MB)
  Running img_15616.npy ... done (2.51s, 115.12MB)
  Running img_15617.npy ... done (2.59s, 114.66MB)
  Running img_15618.npy ... done (2.31s, 115.87MB)
  Running img_15619.npy ... done (2.35s, 114.50MB)
  Running img_1562.npy ... done (2.56s, 111.94MB)
  Running img_15620.npy ... done (2.44s, 111.51MB)
  Running img_15621.npy ... done (2.62s, 113.27MB)
  Running img_15622.npy ... done (2.51s, 112.94MB)
  Running img_15623.npy ... done (2.60s, 111.76MB)
  Running img_15624.npy ... done (2.68s, 115.66MB)
  Running img_15625.npy ... done (2.55s, 124.77MB)
  Running img_15626.npy ... done (2.64s, 131.42MB)
  Running img_15627.npy ... done (2.62s, 127.41MB)
  Running img_15628.npy ... done (2.37s, 125.48MB)
  Running img_15629.npy ... done (2.57s, 124.54MB)
  Running img_1563.npy ... done (2.60s, 110.52MB)
  Running img_15630.npy ... done (2.46s, 112.18MB)
  Running img_15631.npy ... done (2.64s, 114.35MB)
  Running img_15632.npy ... done (2.64s, 116.54MB)
  Running img_15633.npy ... done (2.64s, 119.86MB)
  Running img_15634.npy ... done (2.61s, 120.43MB)
  Running img_15635.npy ... done (2.63s, 120.50MB)
  Running img_15636.npy ... done (2.54s, 118.49MB)
  Running img_15637.npy ... done (2.64s, 118.54MB)
  Running img_15638.npy ... done (2.58s, 118.72MB)
  Running img_15639.npy ... done (2.56s, 119.84MB)
  Running img_1564.npy ... done (2.63s, 119.70MB)
  Running img_15640.npy ... done (2.61s, 118.81MB)
  Running img_15641.npy ... done (2.69s, 114.88MB)
  Running img_15642.npy ... done (2.52s, 114.05MB)
  Running img_15643.npy ... done (2.50s, 115.58MB)
  Running img_15644.npy ... done (2.61s, 117.74MB)
  Running img_15645.npy ... done (2.55s, 117.09MB)
  Running img_15646.npy ... done (2.55s, 114.71MB)
  Running img_15647.npy ... done (2.60s, 115.34MB)
  Running img_15648.npy ... done (2.59s, 113.51MB)
  Running img_15649.npy ... done (2.35s, 113.29MB)
  Running img_1565.npy ... done (2.44s, 114.11MB)
  Running img_15650.npy ... done (2.45s, 112.31MB)
  Running img_15651.npy ... done (2.52s, 114.12MB)
  Running img_15652.npy ... done (2.61s, 114.25MB)
  Running img_15653.npy ... done (2.63s, 112.78MB)
  Running img_15654.npy ... done (2.58s, 110.91MB)
  Running img_15655.npy ... done (2.57s, 113.91MB)
  Running img_15656.npy ... done (2.60s, 113.80MB)
  Running img_15657.npy ... done (2.46s, 117.02MB)
  Running img_15658.npy ... done (2.61s, 116.05MB)
  Running img_15659.npy ... done (2.53s, 125.02MB)
  Running img_1566.npy ... done (2.58s, 119.37MB)
  Running img_15660.npy ... done (2.61s, 132.82MB)
  Running img_15661.npy ... done (2.49s, 131.77MB)
  Running img_15662.npy ... done (2.64s, 132.03MB)
  Running img_15663.npy ... done (2.62s, 132.35MB)
  Running img_15664.npy ... done (2.66s, 133.06MB)
  Running img_15665.npy ... done (2.60s, 114.22MB)
  Running img_15666.npy ... done (2.54s, 116.46MB)
  Running img_15667.npy ... done (2.54s, 116.20MB)
  Running img_15668.npy ... done (2.63s, 120.57MB)
  Running img_15669.npy ... done (2.63s, 119.78MB)
  Running img_1567.npy ... done (2.55s, 125.26MB)
  Running img_15670.npy ... done (2.56s, 129.34MB)
  Running img_15671.npy ... done (2.64s, 132.30MB)
  Running img_15672.npy ... done (2.62s, 131.65MB)
  Running img_15673.npy ... done (2.66s, 132.58MB)
  Running img_15674.npy ... done (2.70s, 127.87MB)
  Running img_15675.npy ... done (2.71s, 126.59MB)
  Running img_15676.npy ... done (2.70s, 122.30MB)
  Running img_15677.npy ... done (2.61s, 122.76MB)
  Running img_15678.npy ... done (2.41s, 112.84MB)
  Running img_15679.npy ... done (2.52s, 113.34MB)
  Running img_1568.npy ... done (2.57s, 113.84MB)
  Running img_15680.npy ... done (2.58s, 116.41MB)
  Running img_15681.npy ... done (2.54s, 120.97MB)
  Running img_15682.npy ... done (2.55s, 120.52MB)
  Running img_15683.npy ... done (2.67s, 118.52MB)
  Running img_15684.npy ... done (2.66s, 115.38MB)
  Running img_15685.npy ... done (2.59s, 114.47MB)
  Running img_15686.npy ... done (2.65s, 112.91MB)
  Running img_15687.npy ... done (2.65s, 111.34MB)
  Running img_15688.npy ... done (2.59s, 114.36MB)
  Running img_15689.npy ... done (2.57s, 112.75MB)
  Running img_1569.npy ... done (2.68s, 113.04MB)
  Running img_15690.npy ... done (2.67s, 112.43MB)
  Running img_15691.npy ... done (2.66s, 112.93MB)
  Running img_15692.npy ... done (2.45s, 114.00MB)
  Running img_15693.npy ... done (2.39s, 113.66MB)
  Running img_15694.npy ... done (2.60s, 119.65MB)
  Running img_15695.npy ... done (2.58s, 121.31MB)
  Running img_15696.npy ... done (2.61s, 118.19MB)
  Running img_15697.npy ... done (2.58s, 120.35MB)
  Running img_15698.npy ... done (2.68s, 119.09MB)
  Running img_15699.npy ... done (2.60s, 117.71MB)
  Running img_157.npy ... done (2.69s, 121.18MB)
  Running img_1570.npy ... done (2.63s, 120.18MB)
  Running img_15700.npy ... done (2.49s, 118.23MB)
  Running img_15701.npy ... done (2.52s, 120.11MB)
  Running img_15702.npy ... done (2.32s, 113.89MB)
  Running img_15703.npy ... done (2.44s, 113.08MB)
  Running img_15704.npy ... done (2.34s, 113.43MB)
  Running img_15705.npy ... done (2.53s, 118.21MB)
  Running img_15706.npy ... done (2.41s, 118.41MB)
  Running img_15707.npy ... done (2.38s, 119.64MB)
  Running img_15708.npy ... done (2.62s, 118.67MB)
  Running img_15709.npy ... done (2.68s, 120.04MB)
  Running img_1571.npy ... done (2.62s, 119.06MB)
  Running img_15710.npy ... done (2.57s, 118.73MB)
  Running img_15711.npy ... done (2.44s, 115.50MB)
  Running img_15712.npy ... done (2.53s, 114.87MB)
  Running img_15713.npy ... done (2.41s, 116.49MB)
  Running img_15714.npy ... done (2.52s, 112.34MB)
  Running img_15715.npy ... done (2.67s, 111.84MB)
  Running img_15716.npy ... done (2.71s, 114.87MB)
  Running img_15717.npy ... done (2.66s, 115.21MB)
  Running img_15718.npy ... done (2.67s, 112.89MB)
  Running img_15719.npy ... done (2.63s, 112.34MB)
  Running img_1572.npy ... done (2.62s, 113.77MB)
  Running img_15720.npy ... done (2.67s, 112.32MB)
  Running img_15721.npy ... done (2.61s, 110.46MB)
  Running img_15722.npy ... done (2.57s, 114.00MB)
  Running img_15723.npy ... done (2.44s, 115.00MB)
  Running img_15724.npy ... done (2.55s, 114.08MB)
  Running img_15725.npy ... done (2.35s, 114.16MB)
  Running img_15726.npy ... done (2.42s, 115.30MB)
  Running img_15727.npy ... done (2.32s, 115.92MB)
  Running img_15728.npy ... done (2.36s, 114.36MB)
  Running img_15729.npy ... done (2.45s, 114.95MB)
  Running img_1573.npy ... done (2.32s, 116.36MB)
  Running img_15730.npy ... done (2.30s, 118.80MB)
  Running img_15731.npy ... done (2.42s, 120.51MB)
  Running img_15732.npy ... done (2.44s, 125.43MB)
  Running img_15733.npy ... done (2.69s, 130.85MB)
  Running img_15734.npy ... done (2.72s, 131.56MB)
  Running img_15735.npy ... done (2.65s, 132.55MB)
  Running img_15736.npy ... done (2.66s, 131.86MB)
  Running img_15737.npy ... done (2.59s, 130.77MB)
  Running img_15738.npy ... done (2.59s, 127.38MB)
  Running img_15739.npy ... done (2.33s, 117.04MB)
  Running img_1574.npy ... done (2.38s, 111.43MB)
  Running img_15740.npy ... done (2.38s, 113.25MB)
  Running img_15741.npy ... done (2.35s, 114.40MB)
  Running img_15742.npy ... done (2.30s, 115.07MB)
  Running img_15743.npy ... done (2.47s, 119.25MB)
  Running img_15744.npy ... done (2.35s, 121.47MB)
  Running img_15745.npy ... done (2.26s, 120.22MB)
  Running img_15746.npy ... done (2.34s, 119.50MB)
  Running img_15747.npy ... done (2.39s, 120.23MB)
  Running img_15748.npy ... done (2.39s, 119.18MB)
  Running img_15749.npy ... done (2.34s, 117.83MB)
  Running img_1575.npy ... done (2.34s, 115.88MB)
  Running img_15750.npy ... done (2.34s, 113.64MB)
  Running img_15751.npy ... done (2.39s, 114.40MB)
  Running img_15752.npy ... done (2.44s, 111.18MB)
  Running img_15753.npy ... done (2.37s, 113.68MB)
  Running img_15754.npy ... done (2.32s, 113.02MB)
  Running img_15755.npy ... done (2.37s, 112.20MB)
  Running img_15756.npy ... done (2.58s, 112.20MB)
  Running img_15757.npy ... done (2.35s, 119.45MB)
  Running img_15758.npy ... done (2.49s, 123.20MB)
  Running img_15759.npy ... done (2.65s, 120.41MB)
  Running img_1576.npy ... done (2.56s, 120.65MB)
  Running img_15760.npy ... done (2.40s, 121.49MB)
  Running img_15761.npy ... done (2.46s, 122.68MB)
  Running img_15762.npy ... done (2.52s, 122.64MB)
  Running img_15763.npy ... done (2.65s, 120.48MB)
  Running img_15764.npy ... done (2.55s, 112.54MB)
  Running img_15765.npy ... done (2.59s, 112.20MB)
  Running img_15766.npy ... done (2.47s, 114.71MB)
  Running img_15767.npy ... done (2.61s, 119.50MB)
  Running img_15768.npy ... done (2.44s, 120.15MB)
  Running img_15769.npy ... done (2.45s, 121.46MB)
  Running img_1577.npy ... done (2.48s, 124.03MB)
  Running img_15770.npy ... done (2.53s, 123.83MB)
  Running img_15771.npy ... done (2.60s, 122.16MB)
  Running img_15772.npy ... done (2.62s, 122.83MB)
  Running img_15773.npy ... done (2.65s, 121.96MB)
  Running img_15774.npy ... done (2.47s, 119.43MB)
  Running img_15775.npy ... done (2.58s, 120.77MB)
  Running img_15776.npy ... done (2.61s, 118.46MB)
  Running img_15777.npy ... done (2.64s, 114.20MB)
  Running img_15778.npy ... done (2.59s, 113.74MB)
  Running img_15779.npy ... done (2.61s, 113.97MB)
  Running img_1578.npy ... done (2.63s, 115.62MB)
  Running img_15780.npy ... done (2.55s, 118.07MB)
  Running img_15781.npy ... done (2.67s, 118.10MB)
  Running img_15782.npy ... done (2.55s, 115.77MB)
  Running img_15783.npy ... done (2.48s, 113.00MB)
  Running img_15784.npy ... done (2.23s, 112.68MB)
  Running img_15785.npy ... done (2.36s, 113.94MB)
  Running img_15786.npy ... done (2.56s, 114.71MB)
  Running img_15787.npy ... done (2.33s, 115.11MB)
  Running img_15788.npy ... done (2.35s, 113.16MB)
  Running img_15789.npy ... done (2.41s, 112.83MB)
  Running img_1579.npy ... done (2.64s, 111.93MB)
  Running img_15790.npy ... done (2.70s, 110.25MB)
  Running img_15791.npy ... done (2.63s, 111.68MB)
  Running img_15792.npy ... done (2.53s, 113.00MB)
  Running img_15793.npy ... done (2.58s, 119.47MB)
  Running img_15794.npy ... done (2.53s, 116.85MB)
  Running img_15795.npy ... done (2.51s, 121.56MB)
  Running img_15796.npy ... done (2.60s, 120.11MB)
  Running img_15797.npy ... done (2.64s, 119.84MB)
  Running img_15798.npy ... done (2.60s, 119.26MB)
  Running img_15799.npy ... done (2.52s, 120.14MB)
  Running img_158.npy ... done (2.53s, 120.54MB)
  Running img_1580.npy ... done (2.61s, 120.55MB)
  Running img_15800.npy ... done (2.61s, 121.15MB)
  Running img_15801.npy ... done (2.73s, 113.71MB)
  Running img_15802.npy ... done (2.57s, 112.16MB)
  Running img_15803.npy ... done (2.58s, 114.53MB)
  Running img_15804.npy ... done (2.61s, 115.12MB)
  Running img_15805.npy ... done (2.61s, 117.90MB)
  Running img_15806.npy ... done (2.55s, 122.72MB)
  Running img_15807.npy ... done (2.56s, 121.37MB)
  Running img_15808.npy ... done (2.65s, 119.90MB)
  Running img_15809.npy ... done (2.56s, 121.92MB)
  Running img_1581.npy ... done (2.51s, 121.70MB)
  Running img_15810.npy ... done (2.60s, 118.55MB)
  Running img_15811.npy ... done (2.41s, 120.27MB)
  Running img_15812.npy ... done (2.60s, 118.40MB)
  Running img_15813.npy ... done (2.58s, 119.75MB)
  Running img_15814.npy ... done (2.65s, 112.11MB)
  Running img_15815.npy ... done (2.63s, 112.41MB)
  Running img_15816.npy ... done (2.58s, 114.46MB)
  Running img_15817.npy ... done (2.52s, 115.63MB)
  Running img_15818.npy ... done (2.69s, 119.29MB)
  Running img_15819.npy ... done (2.65s, 120.33MB)
  Running img_1582.npy ... done (2.51s, 116.61MB)
  Running img_15820.npy ... done (2.59s, 114.21MB)
  Running img_15821.npy ... done (2.62s, 113.89MB)
  Running img_15822.npy ... done (2.59s, 114.64MB)
  Running img_15823.npy ... done (2.61s, 113.18MB)
  Running img_15824.npy ... done (2.57s, 112.84MB)
  Running img_15825.npy ... done (2.63s, 113.61MB)
  Running img_15826.npy ... done (2.59s, 115.99MB)
  Running img_15827.npy ... done (2.52s, 113.15MB)
  Running img_15828.npy ... done (2.51s, 113.45MB)
  Running img_15829.npy ... done (2.56s, 115.66MB)
  Running img_1583.npy ... done (2.46s, 115.05MB)
  Running img_15830.npy ... done (2.58s, 113.93MB)
  Running img_15831.npy ... done (2.63s, 114.25MB)
  Running img_15832.npy ... done (2.59s, 113.80MB)
  Running img_15833.npy ... done (2.66s, 115.98MB)
  Running img_15834.npy ... done (2.47s, 114.28MB)
  Running img_15835.npy ... done (2.59s, 114.66MB)
  Running img_15836.npy ... done (2.56s, 114.22MB)
  Running img_15837.npy ... done (2.58s, 116.10MB)
  Running img_15838.npy ... done (2.60s, 114.39MB)
  Running img_15839.npy ... done (2.59s, 114.97MB)
  Running img_1584.npy ... done (2.49s, 114.37MB)
  Running img_15840.npy ... done (2.47s, 115.38MB)
  Running img_15841.npy ... done (2.49s, 111.29MB)
  Running img_15842.npy ... done (2.43s, 113.53MB)
  Running img_15843.npy ... done (2.41s, 112.50MB)
  Running img_15844.npy ... done (2.62s, 111.50MB)
  Running img_15845.npy ... done (2.60s, 113.74MB)
  Running img_15846.npy ... done (2.66s, 113.03MB)
  Running img_15847.npy ... done (2.58s, 113.46MB)
  Running img_15848.npy ... done (2.58s, 114.09MB)
  Running img_15849.npy ... done (2.64s, 111.61MB)
  Running img_1585.npy ... done (2.26s, 111.54MB)
  Running img_15850.npy ... done (2.28s, 112.95MB)
  Running img_15851.npy ... done (2.32s, 112.32MB)
  Running img_15852.npy ... done (2.43s, 111.74MB)
  Running img_15853.npy ... done (2.35s, 110.90MB)
  Running img_15854.npy ... done (2.30s, 119.98MB)
  Running img_15855.npy ... done (2.32s, 116.73MB)
  Running img_15856.npy ... done (2.28s, 117.73MB)
  Running img_15857.npy ... done (2.32s, 118.75MB)
  Running img_15858.npy ... done (2.32s, 112.68MB)
  Running img_15859.npy ... done (2.31s, 113.60MB)
  Running img_1586.npy ... done (2.48s, 113.25MB)
  Running img_15860.npy ... done (2.33s, 114.32MB)
  Running img_15861.npy ... done (2.35s, 114.57MB)
  Running img_15862.npy ... done (2.36s, 112.36MB)
  Running img_15863.npy ... done (2.59s, 114.48MB)
  Running img_15864.npy ... done (2.35s, 114.71MB)
  Running img_15865.npy ... done (2.53s, 114.63MB)
  Running img_15866.npy ... done (2.58s, 114.41MB)
  Running img_15867.npy ... done (2.61s, 111.46MB)
  Running img_15868.npy ... done (2.57s, 111.05MB)
  Running img_15869.npy ... done (2.73s, 114.59MB)
  Running img_1587.npy ... done (2.62s, 127.36MB)
  Running img_15870.npy ... done (2.61s, 132.31MB)
  Running img_15871.npy ... done (2.52s, 132.39MB)
  Running img_15872.npy ... done (2.59s, 133.04MB)
  Running img_15873.npy ... done (2.64s, 125.48MB)
  Running img_15874.npy ... done (2.57s, 115.49MB)
  Running img_15875.npy ... done (2.50s, 115.36MB)
  Running img_15876.npy ... done (2.59s, 115.28MB)
  Running img_15877.npy ... done (2.66s, 121.04MB)
  Running img_15878.npy ... done (2.59s, 119.33MB)
  Running img_15879.npy ... done (2.59s, 122.84MB)
  Running img_1588.npy ... done (2.45s, 124.79MB)
  Running img_15880.npy ... done (2.63s, 131.54MB)
  Running img_15881.npy ... done (2.63s, 133.10MB)
  Running img_15882.npy ... done (2.48s, 134.86MB)
  Running img_15883.npy ... done (2.64s, 132.77MB)
  Running img_15884.npy ... done (2.47s, 133.82MB)
  Running img_15885.npy ... done (2.57s, 116.35MB)
  Running img_15886.npy ... done (2.49s, 114.70MB)
  Running img_15887.npy ... done (2.66s, 113.93MB)
  Running img_15888.npy ... done (2.53s, 119.56MB)
  Running img_15889.npy ... done (2.55s, 121.31MB)
  Running img_1589.npy ... done (2.59s, 122.50MB)
  Running img_15890.npy ... done (2.62s, 126.69MB)
  Running img_15891.npy ... done (2.63s, 127.77MB)
  Running img_15892.npy ... done (2.55s, 132.99MB)
  Running img_15893.npy ... done (2.60s, 134.32MB)
  Running img_15894.npy ... done (2.64s, 131.40MB)
  Running img_15895.npy ... done (2.64s, 131.09MB)
  Running img_15896.npy ... done (2.48s, 131.70MB)
  Running img_15897.npy ... done (2.60s, 115.74MB)
  Running img_15898.npy ... done (2.61s, 116.22MB)
  Running img_15899.npy ... done (2.62s, 113.04MB)
  Running img_159.npy ... done (2.52s, 118.85MB)
  Running img_1590.npy ... done (2.59s, 119.18MB)
  Running img_15900.npy ... done (2.60s, 123.93MB)
  Running img_15901.npy ... done (2.69s, 123.47MB)
  Running img_15902.npy ... done (2.58s, 122.23MB)
  Running img_15903.npy ... done (2.66s, 122.49MB)
  Running img_15904.npy ... done (2.50s, 122.68MB)
  Running img_15905.npy ... done (2.46s, 119.82MB)
  Running img_15906.npy ... done (2.62s, 119.78MB)
  Running img_15907.npy ... done (2.62s, 119.61MB)
  Running img_15908.npy ... done (2.46s, 117.99MB)
  Running img_15909.npy ... done (2.38s, 117.23MB)
  Running img_1591.npy ... done (2.37s, 112.81MB)
  Running img_15910.npy ... done (2.29s, 111.64MB)
  Running img_15911.npy ... done (2.32s, 114.55MB)
  Running img_15912.npy ... done (2.31s, 115.32MB)
  Running img_15913.npy ... done (2.29s, 111.63MB)
  Running img_15914.npy ... done (2.31s, 111.93MB)
  Running img_15915.npy ... done (2.34s, 111.64MB)
  Running img_15916.npy ... done (2.28s, 111.73MB)
  Running img_15917.npy ... done (2.34s, 113.12MB)
  Running img_15918.npy ... done (2.40s, 116.33MB)
  Running img_15919.npy ... done (2.31s, 120.74MB)
  Running img_1592.npy ... done (2.40s, 120.27MB)
  Running img_15920.npy ... done (2.26s, 121.39MB)
  Running img_15921.npy ... done (2.40s, 111.24MB)
  Running img_15922.npy ... done (2.40s, 112.46MB)
  Running img_15923.npy ... done (2.44s, 116.68MB)
  Running img_15924.npy ... done (2.39s, 119.68MB)
  Running img_15925.npy ... done (2.44s, 121.64MB)
  Running img_15926.npy ... done (2.60s, 120.00MB)
  Running img_15927.npy ... done (2.39s, 120.28MB)
  Running img_15928.npy ... done (2.57s, 120.62MB)
  Running img_15929.npy ... done (2.41s, 120.18MB)
  Running img_1593.npy ... done (2.40s, 120.24MB)
  Running img_15930.npy ... done (2.28s, 121.44MB)
  Running img_15931.npy ... done (2.38s, 120.50MB)
  Running img_15932.npy ... done (2.54s, 119.79MB)
  Running img_15933.npy ... done (2.32s, 112.55MB)
  Running img_15934.npy ... done (2.58s, 114.21MB)
  Running img_15935.npy ... done (2.63s, 115.43MB)
  Running img_15936.npy ... done (2.52s, 118.12MB)
  Running img_15937.npy ... done (2.59s, 119.53MB)
  Running img_15938.npy ... done (2.61s, 119.79MB)
  Running img_15939.npy ... done (2.56s, 119.47MB)
  Running img_1594.npy ... done (2.62s, 120.67MB)
  Running img_15940.npy ... done (2.63s, 119.16MB)
  Running img_15941.npy ... done (2.59s, 118.46MB)
  Running img_15942.npy ... done (2.63s, 119.92MB)
  Running img_15943.npy ... done (2.63s, 117.68MB)
  Running img_15944.npy ... done (2.33s, 116.67MB)
  Running img_15945.npy ... done (2.62s, 115.77MB)
  Running img_15946.npy ... done (2.66s, 113.24MB)
  Running img_15947.npy ... done (2.62s, 112.22MB)
  Running img_15948.npy ... done (2.60s, 112.48MB)
  Running img_15949.npy ... done (2.63s, 114.27MB)
  Running img_1595.npy ... done (2.66s, 114.54MB)
  Running img_15950.npy ... done (2.64s, 110.34MB)
  Running img_15951.npy ... done (2.69s, 109.97MB)
  Running img_15952.npy ... done (2.59s, 113.08MB)
  Running img_15953.npy ... done (2.51s, 112.50MB)
  Running img_15954.npy ... done (2.69s, 114.47MB)
  Running img_15955.npy ... done (2.62s, 116.23MB)
  Running img_15956.npy ... done (2.51s, 114.68MB)
  Running img_15957.npy ... done (2.46s, 115.85MB)
  Running img_15958.npy ... done (2.60s, 113.58MB)
  Running img_15959.npy ... done (2.38s, 115.14MB)
  Running img_1596.npy ... done (2.66s, 115.62MB)
  Running img_15960.npy ... done (2.63s, 113.73MB)
  Running img_15961.npy ... done (2.64s, 112.20MB)
  Running img_15962.npy ... done (2.66s, 110.84MB)
  Running img_15963.npy ... done (2.60s, 112.42MB)
  Running img_15964.npy ... done (2.57s, 113.57MB)
  Running img_15965.npy ... done (2.46s, 129.74MB)
  Running img_15966.npy ... done (2.54s, 130.95MB)
  Running img_15967.npy ... done (2.59s, 127.68MB)
  Running img_15968.npy ... done (2.66s, 125.38MB)
  Running img_15969.npy ... done (2.58s, 125.27MB)
  Running img_1597.npy ... done (2.48s, 123.00MB)
  Running img_15970.npy ... done (2.61s, 123.09MB)
  Running img_15971.npy ... done (2.57s, 112.44MB)
  Running img_15972.npy ... done (2.55s, 111.91MB)
  Running img_15973.npy ... done (2.62s, 115.34MB)
  Running img_15974.npy ... done (2.67s, 119.33MB)
  Running img_15975.npy ... done (2.58s, 120.54MB)
  Running img_15976.npy ... done (2.64s, 118.75MB)
  Running img_15977.npy ... done (2.64s, 118.91MB)
  Running img_15978.npy ... done (2.59s, 117.82MB)
  Running img_15979.npy ... done (2.56s, 119.45MB)
  Running img_1598.npy ... done (2.47s, 118.64MB)
  Running img_15980.npy ... done (2.61s, 119.91MB)
  Running img_15981.npy ... done (2.54s, 119.77MB)
  Running img_15982.npy ... done (2.51s, 120.12MB)
  Running img_15983.npy ... done (2.39s, 114.21MB)
  Running img_15984.npy ... done (2.40s, 112.36MB)
  Running img_15985.npy ... done (2.66s, 114.26MB)
  Running img_15986.npy ... done (2.53s, 115.50MB)
  Running img_15987.npy ... done (2.50s, 113.90MB)
  Running img_15988.npy ... done (2.32s, 114.29MB)
  Running img_15989.npy ... done (2.65s, 113.33MB)
  Running img_1599.npy ... done (2.49s, 111.81MB)
  Running img_15990.npy ... done (2.42s, 115.25MB)
  Running img_15991.npy ... done (2.50s, 115.33MB)
  Running img_15992.npy ... done (2.64s, 115.01MB)
  Running img_15993.npy ... done (2.58s, 114.86MB)
  Running img_15994.npy ... done (2.63s, 112.96MB)
  Running img_15995.npy ... done (2.56s, 114.51MB)
  Running img_15996.npy ... done (2.56s, 114.09MB)
  Running img_15997.npy ... done (2.64s, 113.44MB)
  Running img_15998.npy ... done (2.57s, 119.40MB)
  Running img_15999.npy ... done (2.59s, 119.58MB)
  Running img_16.npy ... done (2.61s, 122.75MB)
  Running img_160.npy ... done (2.58s, 124.02MB)
  Running img_1600.npy ... done (2.44s, 131.75MB)
  Running img_16000.npy ... done (2.43s, 132.47MB)
  Running img_16001.npy ... done (2.55s, 132.01MB)
  Running img_16002.npy ... done (2.57s, 132.14MB)
  Running img_16003.npy ... done (2.51s, 132.04MB)
  Running img_16004.npy ... done (2.52s, 131.64MB)
  Running img_16005.npy ... done (2.54s, 121.10MB)
  Running img_16006.npy ... done (2.44s, 114.56MB)
  Running img_16007.npy ... done (2.65s, 116.17MB)
  Running img_16008.npy ... done (2.57s, 116.04MB)
  Running img_16009.npy ... done (2.60s, 118.45MB)
  Running img_1601.npy ... done (2.58s, 120.08MB)
  Running img_16010.npy ... done (2.43s, 124.60MB)
  Running img_16011.npy ... done (2.60s, 126.58MB)
  Running img_16012.npy ... done (2.58s, 125.21MB)
  Running img_16013.npy ... done (2.71s, 123.96MB)
  Running img_16014.npy ... done (2.50s, 120.99MB)
  Running img_16015.npy ... done (2.55s, 120.41MB)
  Running img_16016.npy ... done (2.56s, 119.35MB)
  Running img_16017.npy ... done (2.52s, 122.15MB)
  Running img_16018.npy ... done (2.53s, 114.41MB)
  Running img_16019.npy ... done (2.58s, 114.75MB)
  Running img_1602.npy ... done (2.63s, 114.79MB)
  Running img_16020.npy ... done (2.56s, 119.75MB)
  Running img_16021.npy ... done (2.61s, 119.98MB)
  Running img_16022.npy ... done (2.56s, 119.48MB)
  Running img_16023.npy ... done (2.51s, 119.14MB)
  Running img_16024.npy ... done (2.52s, 118.85MB)
  Running img_16025.npy ... done (2.53s, 119.94MB)
  Running img_16026.npy ... done (2.59s, 120.01MB)
  Running img_16027.npy ... done (2.51s, 120.36MB)
  Running img_16028.npy ... done (2.45s, 113.05MB)
  Running img_16029.npy ... done (2.60s, 113.10MB)
  Running img_1603.npy ... done (2.45s, 113.91MB)
  Running img_16030.npy ... done (2.46s, 115.21MB)
  Running img_16031.npy ... done (2.48s, 112.67MB)
  Running img_16032.npy ... done (2.51s, 112.84MB)
  Running img_16033.npy ... done (2.49s, 113.23MB)
  Running img_16034.npy ... done (2.59s, 112.78MB)
  Running img_16035.npy ... done (2.62s, 113.57MB)
  Running img_16036.npy ... done (2.62s, 113.55MB)
  Running img_16037.npy ... done (2.59s, 116.05MB)
  Running img_16038.npy ... done (2.64s, 115.45MB)
  Running img_16039.npy ... done (2.60s, 133.88MB)
  Running img_1604.npy ... done (2.64s, 132.64MB)
  Running img_16040.npy ... done (2.60s, 113.80MB)
  Running img_16041.npy ... done (2.57s, 116.52MB)
  Running img_16042.npy ... done (2.48s, 113.43MB)
  Running img_16043.npy ... done (2.49s, 119.37MB)
  Running img_16044.npy ... done (2.68s, 119.88MB)
  Running img_16045.npy ... done (2.49s, 123.72MB)
  Running img_16046.npy ... done (2.62s, 126.93MB)
  Running img_16047.npy ... done (2.62s, 130.14MB)
  Running img_16048.npy ... done (2.56s, 131.57MB)
  Running img_16049.npy ... done (2.51s, 131.46MB)
  Running img_1605.npy ... done (2.52s, 132.47MB)
  Running img_16050.npy ... done (2.65s, 130.95MB)
  Running img_16051.npy ... done (2.61s, 128.95MB)
  Running img_16052.npy ... done (2.54s, 129.18MB)
  Running img_16053.npy ... done (2.56s, 112.27MB)
  Running img_16054.npy ... done (2.56s, 111.39MB)
  Running img_16055.npy ... done (2.69s, 113.86MB)
  Running img_16056.npy ... done (2.64s, 119.29MB)
  Running img_16057.npy ... done (2.52s, 121.75MB)
  Running img_16058.npy ... done (2.52s, 124.42MB)
  Running img_16059.npy ... done (2.61s, 122.37MB)
  Running img_1606.npy ... done (2.64s, 124.02MB)
  Running img_16060.npy ... done (2.55s, 122.23MB)
  Running img_16061.npy ... done (2.66s, 120.20MB)
  Running img_16062.npy ... done (2.62s, 121.43MB)
  Running img_16063.npy ... done (2.49s, 119.36MB)
  Running img_16064.npy ... done (2.53s, 120.95MB)
  Running img_16065.npy ... done (2.67s, 112.23MB)
  Running img_16066.npy ... done (2.67s, 112.32MB)
  Running img_16067.npy ... done (2.60s, 113.93MB)
  Running img_16068.npy ... done (2.45s, 114.45MB)
  Running img_16069.npy ... done (2.56s, 113.88MB)
  Running img_1607.npy ... done (2.37s, 113.32MB)
  Running img_16070.npy ... done (2.30s, 114.38MB)
  Running img_16071.npy ... done (2.52s, 113.11MB)
  Running img_16072.npy ... done (2.38s, 112.48MB)
  Running img_16073.npy ... done (2.39s, 112.94MB)
  Running img_16074.npy ... done (2.34s, 113.18MB)
  Running img_16075.npy ... done (2.26s, 123.05MB)
  Running img_16076.npy ... done (2.59s, 121.74MB)
  Running img_16077.npy ... done (2.65s, 122.57MB)
  Running img_16078.npy ... done (2.64s, 111.65MB)
  Running img_16079.npy ... done (2.63s, 112.53MB)
  Running img_1608.npy ... done (2.59s, 113.63MB)
  Running img_16080.npy ... done (2.40s, 118.75MB)
  Running img_16081.npy ... done (2.49s, 120.93MB)
  Running img_16082.npy ... done (2.61s, 121.49MB)
  Running img_16083.npy ... done (2.61s, 120.99MB)
  Running img_16084.npy ... done (2.65s, 117.00MB)
  Running img_16085.npy ... done (2.62s, 120.83MB)
  Running img_16086.npy ... done (2.58s, 119.75MB)
  Running img_16087.npy ... done (2.63s, 120.53MB)
  Running img_16088.npy ... done (2.66s, 120.04MB)
  Running img_16089.npy ... done (2.59s, 120.84MB)
  Running img_1609.npy ... done (2.67s, 113.35MB)
  Running img_16090.npy ... done (2.50s, 112.75MB)
  Running img_16091.npy ... done (2.55s, 112.78MB)
  Running img_16092.npy ... done (2.55s, 114.59MB)
  Running img_16093.npy ... done (2.57s, 119.99MB)
  Running img_16094.npy ... done (2.66s, 119.13MB)
  Running img_16095.npy ... done (2.66s, 120.62MB)
  Running img_16096.npy ... done (2.62s, 119.70MB)
  Running img_16097.npy ... done (2.58s, 117.89MB)
  Running img_16098.npy ... done (2.34s, 114.18MB)
  Running img_16099.npy ... done (2.56s, 114.58MB)
  Running img_161.npy ... done (2.64s, 115.70MB)
  Running img_1610.npy ... done (2.69s, 114.46MB)
  Running img_16100.npy ... done (2.58s, 114.20MB)
  Running img_16101.npy ... done (2.63s, 115.84MB)
  Running img_16102.npy ... done (2.60s, 110.74MB)
  Running img_16103.npy ... done (2.53s, 114.56MB)
  Running img_16104.npy ... done (2.62s, 114.61MB)
  Running img_16105.npy ... done (2.52s, 113.45MB)
  Running img_16106.npy ... done (2.59s, 110.61MB)
  Running img_16107.npy ... done (2.62s, 112.72MB)
  Running img_16108.npy ... done (2.56s, 111.34MB)
  Running img_16109.npy ... done (2.58s, 113.54MB)
  Running img_1611.npy ... done (2.59s, 113.14MB)
  Running img_16110.npy ... done (2.43s, 132.21MB)
  Running img_16111.npy ... done (2.33s, 132.38MB)
  Running img_16112.npy ... done (2.30s, 131.87MB)
  Running img_16113.npy ... done (2.46s, 132.66MB)
  Running img_16114.npy ... done (2.46s, 132.32MB)
  Running img_16115.npy ... done (2.32s, 115.32MB)
  Running img_16116.npy ... done (2.55s, 114.43MB)
  Running img_16117.npy ... done (2.54s, 115.46MB)
  Running img_16118.npy ... done (2.31s, 119.37MB)
  Running img_16119.npy ... done (2.34s, 121.54MB)
  Running img_1612.npy ... done (2.29s, 124.46MB)
  Running img_16120.npy ... done (2.37s, 130.97MB)
  Running img_16121.npy ... done (2.26s, 132.75MB)
  Running img_16122.npy ... done (2.25s, 132.10MB)
  Running img_16123.npy ... done (2.31s, 132.46MB)
  Running img_16124.npy ... done (2.30s, 132.29MB)
  Running img_16125.npy ... done (2.39s, 114.96MB)
  Running img_16126.npy ... done (2.31s, 114.59MB)
  Running img_16127.npy ... done (2.29s, 115.84MB)
  Running img_16128.npy ... done (2.28s, 120.34MB)
  Running img_16129.npy ... done (2.40s, 119.44MB)
  Running img_1613.npy ... done (2.36s, 122.10MB)
  Running img_16130.npy ... done (2.36s, 125.12MB)
  Running img_16131.npy ... done (2.27s, 125.70MB)
  Running img_16132.npy ... done (2.31s, 124.39MB)
  Running img_16133.npy ... done (2.60s, 122.90MB)
  Running img_16134.npy ... done (2.58s, 124.04MB)
  Running img_16135.npy ... done (2.33s, 119.67MB)
  Running img_16136.npy ... done (2.30s, 121.21MB)
  Running img_16137.npy ... done (2.32s, 111.25MB)
  Running img_16138.npy ... done (2.31s, 112.18MB)
  Running img_16139.npy ... done (2.36s, 114.12MB)
  Running img_1614.npy ... done (2.36s, 120.13MB)
  Running img_16140.npy ... done (2.38s, 119.64MB)
  Running img_16141.npy ... done (2.46s, 118.77MB)
  Running img_16142.npy ... done (2.65s, 116.73MB)
  Running img_16143.npy ... done (2.56s, 116.65MB)
  Running img_16144.npy ... done (2.63s, 115.86MB)
  Running img_16145.npy ... done (2.51s, 114.75MB)
  Running img_16146.npy ... done (2.63s, 115.21MB)
  Running img_16147.npy ... done (2.65s, 113.82MB)
  Running img_16148.npy ... done (2.61s, 113.00MB)
  Running img_16149.npy ... done (2.60s, 112.68MB)
  Running img_1615.npy ... done (2.36s, 114.04MB)
  Running img_16150.npy ... done (2.47s, 115.38MB)
  Running img_16151.npy ... done (2.47s, 113.17MB)
  Running img_16152.npy ... done (2.63s, 113.03MB)
  Running img_16153.npy ... done (2.57s, 119.90MB)
  Running img_16154.npy ... done (2.64s, 125.49MB)
  Running img_16155.npy ... done (2.64s, 129.29MB)
  Running img_16156.npy ... done (2.62s, 131.95MB)
  Running img_16157.npy ... done (2.66s, 129.17MB)
  Running img_16158.npy ... done (2.62s, 129.30MB)
  Running img_16159.npy ... done (2.63s, 128.09MB)
  Running img_1616.npy ... done (2.56s, 128.46MB)
  Running img_16160.npy ... done (2.51s, 127.26MB)
  Running img_16161.npy ... done (2.35s, 111.73MB)
  Running img_16162.npy ... done (2.37s, 115.50MB)
  Running img_16163.npy ... done (2.37s, 115.05MB)
  Running img_16164.npy ... done (2.33s, 119.98MB)
  Running img_16165.npy ... done (2.56s, 120.12MB)
  Running img_16166.npy ... done (2.61s, 121.79MB)
  Running img_16167.npy ... done (2.54s, 124.55MB)
  Running img_16168.npy ... done (2.64s, 122.42MB)
  Running img_16169.npy ... done (2.46s, 124.06MB)
  Running img_1617.npy ... done (2.61s, 120.54MB)
  Running img_16170.npy ... done (2.38s, 120.14MB)
  Running img_16171.npy ... done (2.65s, 121.29MB)
  Running img_16172.npy ... done (2.57s, 118.77MB)
  Running img_16173.npy ... done (2.66s, 118.08MB)
  Running img_16174.npy ... done (2.65s, 113.18MB)
  Running img_16175.npy ... done (2.64s, 113.42MB)
  Running img_16176.npy ... done (2.62s, 113.75MB)
  Running img_16177.npy ... done (2.61s, 115.96MB)
  Running img_16178.npy ... done (2.66s, 111.95MB)
  Running img_16179.npy ... done (2.64s, 112.04MB)
  Running img_1618.npy ... done (2.65s, 112.57MB)
  Running img_16180.npy ... done (2.58s, 112.30MB)
  Running img_16181.npy ... done (2.55s, 116.06MB)
  Running img_16182.npy ... done (2.55s, 118.77MB)
  Running img_16183.npy ... done (2.55s, 119.68MB)
  Running img_16184.npy ... done (2.63s, 120.26MB)
  Running img_16185.npy ... done (2.52s, 120.52MB)
  Running img_16186.npy ... done (2.57s, 111.58MB)
  Running img_16187.npy ... done (2.58s, 111.83MB)
  Running img_16188.npy ... done (2.53s, 114.94MB)
  Running img_16189.npy ... done (2.58s, 117.51MB)
  Running img_1619.npy ... done (2.54s, 118.19MB)
  Running img_16190.npy ... done (2.64s, 119.31MB)
  Running img_16191.npy ... done (2.58s, 120.66MB)
  Running img_16192.npy ... done (2.60s, 117.62MB)
  Running img_16193.npy ... done (2.46s, 119.75MB)
  Running img_16194.npy ... done (2.52s, 118.91MB)
  Running img_16195.npy ... done (2.59s, 118.61MB)
  Running img_16196.npy ... done (2.59s, 118.68MB)
  Running img_16197.npy ... done (2.64s, 118.41MB)
  Running img_16198.npy ... done (2.43s, 119.59MB)
  Running img_16199.npy ... done (2.39s, 113.58MB)
  Running img_162.npy ... done (2.29s, 111.41MB)
  Running img_1620.npy ... done (2.39s, 115.71MB)
  Running img_16200.npy ... done (2.63s, 115.18MB)
  Running img_16201.npy ... done (2.62s, 115.78MB)
  Running img_16202.npy ... done (2.64s, 113.80MB)
  Running img_16203.npy ... done (2.60s, 114.23MB)
  Running img_16204.npy ... done (2.66s, 113.25MB)
  Running img_16205.npy ... done (2.63s, 112.76MB)
  Running img_16206.npy ... done (2.63s, 114.90MB)
  Running img_16207.npy ... done (2.67s, 114.79MB)
  Running img_16208.npy ... done (2.45s, 112.66MB)
  Running img_16209.npy ... done (2.40s, 113.52MB)
  Running img_1621.npy ... done (2.65s, 114.79MB)
  Running img_16210.npy ... done (2.70s, 114.84MB)
  Running img_16211.npy ... done (2.65s, 114.28MB)
  Running img_16212.npy ... done (2.66s, 114.39MB)
  Running img_16213.npy ... done (2.66s, 113.16MB)
  Running img_16214.npy ... done (2.69s, 113.52MB)
  Running img_16215.npy ... done (2.56s, 120.00MB)
  Running img_16216.npy ... done (2.59s, 121.15MB)
  Running img_16217.npy ... done (2.48s, 124.46MB)
  Running img_16218.npy ... done (2.38s, 130.80MB)
  Running img_16219.npy ... done (2.34s, 132.05MB)
  Running img_1622.npy ... done (2.35s, 133.57MB)
  Running img_16220.npy ... done (2.65s, 130.76MB)
  Running img_16221.npy ... done (2.51s, 132.36MB)
  Running img_16222.npy ... done (2.59s, 132.89MB)
  Running img_16223.npy ... done (2.63s, 112.31MB)
  Running img_16224.npy ... done (2.52s, 114.27MB)
  Running img_16225.npy ... done (2.69s, 115.52MB)
  Running img_16226.npy ... done (2.60s, 117.46MB)
  Running img_16227.npy ... done (2.63s, 122.37MB)
  Running img_16228.npy ... done (2.64s, 125.02MB)
  Running img_16229.npy ... done (2.63s, 126.43MB)
  Running img_1623.npy ... done (2.68s, 131.45MB)
  Running img_16230.npy ... done (2.60s, 132.57MB)
  Running img_16231.npy ... done (2.68s, 131.69MB)
  Running img_16232.npy ... done (2.63s, 128.55MB)
  Running img_16233.npy ... done (2.53s, 127.04MB)
  Running img_16234.npy ... done (2.54s, 127.19MB)
  Running img_16235.npy ... done (2.46s, 125.63MB)
  Running img_16236.npy ... done (2.58s, 112.73MB)
  Running img_16237.npy ... done (2.63s, 113.88MB)
  Running img_16238.npy ... done (2.67s, 111.98MB)
  Running img_16239.npy ... done (2.47s, 114.10MB)
  Running img_1624.npy ... done (2.54s, 120.12MB)
  Running img_16240.npy ... done (2.50s, 119.84MB)
  Running img_16241.npy ... done (2.58s, 119.34MB)
  Running img_16242.npy ... done (2.49s, 120.96MB)
  Running img_16243.npy ... done (2.62s, 117.68MB)
  Running img_16244.npy ... done (2.61s, 118.68MB)
  Running img_16245.npy ... done (2.54s, 117.86MB)
  Running img_16246.npy ... done (2.65s, 119.20MB)
  Running img_16247.npy ... done (2.67s, 115.73MB)
  Running img_16248.npy ... done (2.64s, 114.59MB)
  Running img_16249.npy ... done (2.60s, 116.09MB)
  Running img_1625.npy ... done (2.43s, 113.20MB)
  Running img_16250.npy ... done (2.60s, 114.13MB)
  Running img_16251.npy ... done (2.64s, 111.99MB)
  Running img_16252.npy ... done (2.55s, 112.11MB)
  Running img_16253.npy ... done (2.56s, 113.59MB)
  Running img_16254.npy ... done (2.53s, 113.14MB)
  Running img_16255.npy ... done (2.67s, 117.43MB)
  Running img_16256.npy ... done (2.49s, 123.60MB)
  Running img_16257.npy ... done (2.63s, 122.49MB)
  Running img_16258.npy ... done (2.63s, 122.46MB)
  Running img_16259.npy ... done (2.64s, 122.63MB)
  Running img_1626.npy ... done (2.55s, 123.58MB)
  Running img_16260.npy ... done (2.46s, 124.61MB)
  Running img_16261.npy ... done (2.50s, 113.03MB)
  Running img_16262.npy ... done (2.48s, 112.26MB)
  Running img_16263.npy ... done (2.50s, 114.65MB)
  Running img_16264.npy ... done (2.68s, 114.75MB)
  Running img_16265.npy ... done (2.63s, 118.50MB)
  Running img_16266.npy ... done (2.44s, 120.05MB)
  Running img_16267.npy ... done (2.58s, 122.04MB)
  Running img_16268.npy ... done (2.67s, 119.53MB)
  Running img_16269.npy ... done (2.61s, 119.95MB)
  Running img_1627.npy ... done (2.69s, 121.50MB)
  Running img_16270.npy ... done (2.61s, 121.82MB)
  Running img_16271.npy ... done (2.65s, 119.76MB)
  Running img_16272.npy ... done (2.59s, 120.24MB)
  Running img_16273.npy ... done (2.45s, 121.26MB)
  Running img_16274.npy ... done (2.49s, 113.47MB)
  Running img_16275.npy ... done (2.44s, 111.57MB)
  Running img_16276.npy ... done (2.47s, 113.47MB)
  Running img_16277.npy ... done (2.60s, 112.82MB)
  Running img_16278.npy ... done (2.45s, 114.07MB)
  Running img_16279.npy ... done (2.55s, 113.07MB)
  Running img_1628.npy ... done (2.62s, 113.93MB)
  Running img_16280.npy ... done (2.64s, 111.97MB)
  Running img_16281.npy ... done (2.46s, 111.71MB)
  Running img_16282.npy ... done (2.64s, 110.99MB)
  Running img_16283.npy ... done (2.48s, 120.32MB)
  Running img_16284.npy ... done (2.59s, 119.24MB)
  Running img_16285.npy ... done (2.59s, 120.29MB)
  Running img_16286.npy ... done (2.27s, 120.41MB)
  Running img_16287.npy ... done (2.34s, 120.32MB)
  Running img_16288.npy ... done (2.22s, 113.24MB)
  Running img_16289.npy ... done (2.60s, 113.71MB)
  Running img_1629.npy ... done (2.53s, 116.25MB)
  Running img_16290.npy ... done (2.56s, 120.68MB)
  Running img_16291.npy ... done (2.60s, 120.52MB)
  Running img_16292.npy ... done (2.73s, 119.76MB)
  Running img_16293.npy ... done (2.61s, 120.96MB)
  Running img_16294.npy ... done (2.55s, 121.27MB)
  Running img_16295.npy ... done (2.63s, 119.61MB)
  Running img_16296.npy ... done (2.59s, 120.88MB)
  Running img_16297.npy ... done (2.53s, 118.35MB)
  Running img_16298.npy ... done (2.59s, 119.87MB)
  Running img_16299.npy ... done (2.59s, 120.42MB)
  Running img_163.npy ... done (2.67s, 117.75MB)
  Running img_1630.npy ... done (2.58s, 112.12MB)
  Running img_16300.npy ... done (2.64s, 113.88MB)
  Running img_16301.npy ... done (2.63s, 114.50MB)
  Running img_16302.npy ... done (2.60s, 114.14MB)
  Running img_16303.npy ... done (2.44s, 120.10MB)
  Running img_16304.npy ... done (2.56s, 119.28MB)
  Running img_16305.npy ... done (2.59s, 115.28MB)
  Running img_16306.npy ... done (2.63s, 115.73MB)
  Running img_16307.npy ... done (2.65s, 115.26MB)
  Running img_16308.npy ... done (2.25s, 113.38MB)
  Running img_16309.npy ... done (2.55s, 116.05MB)
  Running img_1631.npy ... done (2.61s, 116.16MB)
  Running img_16310.npy ... done (2.57s, 116.40MB)
  Running img_16311.npy ... done (2.57s, 115.27MB)
  Running img_16312.npy ... done (2.61s, 113.10MB)
  Running img_16313.npy ... done (2.56s, 114.18MB)
  Running img_16314.npy ... done (2.65s, 113.20MB)
  Running img_16315.npy ... done (2.62s, 113.75MB)
  Running img_16316.npy ... done (2.54s, 112.84MB)
  Running img_16317.npy ... done (2.53s, 113.45MB)
  Running img_16318.npy ... done (2.49s, 113.89MB)
  Running img_16319.npy ... done (2.44s, 111.35MB)
  Running img_1632.npy ... done (2.42s, 111.81MB)
  Running img_16320.npy ... done (2.56s, 114.75MB)
  Running img_16321.npy ... done (2.57s, 114.83MB)
  Running img_16322.npy ... done (2.62s, 117.53MB)
  Running img_16323.npy ... done (2.56s, 114.54MB)
  Running img_16324.npy ... done (2.49s, 116.55MB)
  Running img_16325.npy ... done (2.61s, 115.49MB)
  Running img_16326.npy ... done (2.59s, 114.27MB)
  Running img_16327.npy ... done (2.59s, 112.06MB)
  Running img_16328.npy ... done (2.55s, 112.94MB)
  Running img_16329.npy ... done (2.59s, 121.41MB)
  Running img_1633.npy ... done (2.66s, 117.41MB)
  Running img_16330.npy ... done (2.64s, 118.78MB)
  Running img_16331.npy ... done (2.68s, 118.91MB)
  Running img_16332.npy ... done (2.71s, 115.80MB)
  Running img_16333.npy ... done (2.61s, 121.47MB)
  Running img_16334.npy ... done (2.62s, 126.22MB)
  Running img_16335.npy ... done (2.50s, 122.92MB)
  Running img_16336.npy ... done (2.57s, 121.16MB)
  Running img_16337.npy ... done (2.59s, 120.89MB)
  Running img_16338.npy ... done (2.46s, 112.36MB)
  Running img_16339.npy ... done (2.60s, 114.11MB)
  Running img_1634.npy ... done (2.66s, 112.84MB)
  Running img_16340.npy ... done (2.68s, 114.90MB)
  Running img_16341.npy ... done (2.67s, 111.55MB)
  Running img_16342.npy ... done (2.63s, 119.70MB)
  Running img_16343.npy ... done (2.67s, 114.55MB)
  Running img_16344.npy ... done (2.65s, 113.63MB)
  Running img_16345.npy ... done (2.56s, 112.58MB)
  Running img_16346.npy ... done (2.52s, 115.35MB)
  Running img_16347.npy ... done (2.62s, 114.86MB)
  Running img_16348.npy ... done (2.61s, 114.13MB)
  Running img_16349.npy ... done (2.57s, 113.65MB)
  Running img_1635.npy ... done (2.56s, 113.03MB)
  Running img_16350.npy ... done (2.62s, 115.25MB)
  Running img_16351.npy ... done (2.66s, 114.54MB)
  Running img_16352.npy ... done (2.40s, 113.79MB)
  Running img_16353.npy ... done (2.38s, 115.03MB)
  Running img_16354.npy ... done (2.46s, 118.33MB)
  Running img_16355.npy ... done (2.63s, 120.46MB)
  Running img_16356.npy ... done (2.49s, 123.53MB)
  Running img_16357.npy ... done (2.59s, 130.28MB)
  Running img_16358.npy ... done (2.52s, 130.94MB)
  Running img_16359.npy ... done (2.62s, 133.45MB)
  Running img_1636.npy ... done (2.69s, 132.71MB)
  Running img_16360.npy ... done (2.34s, 132.23MB)
  Running img_16361.npy ... done (2.29s, 133.42MB)
  Running img_16362.npy ... done (2.35s, 114.36MB)
  Running img_16363.npy ... done (2.56s, 114.62MB)
  Running img_16364.npy ... done (2.44s, 114.16MB)
  Running img_16365.npy ... done (2.47s, 120.53MB)
  Running img_16366.npy ... done (2.58s, 120.22MB)
  Running img_16367.npy ... done (2.64s, 122.69MB)
  Running img_16368.npy ... done (2.69s, 124.45MB)
  Running img_16369.npy ... done (2.60s, 124.77MB)
  Running img_1637.npy ... done (2.30s, 122.80MB)
  Running img_16370.npy ... done (2.34s, 122.26MB)
  Running img_16371.npy ... done (2.53s, 121.73MB)
  Running img_16372.npy ... done (2.47s, 119.43MB)
  Running img_16373.npy ... done (2.62s, 121.24MB)
  Running img_16374.npy ... done (2.68s, 113.21MB)
  Running img_16375.npy ... done (2.64s, 113.20MB)
  Running img_16376.npy ... done (2.63s, 113.72MB)
  Running img_16377.npy ... done (2.57s, 118.59MB)
  Running img_16378.npy ... done (2.66s, 118.48MB)
  Running img_16379.npy ... done (2.59s, 119.70MB)
  Running img_1638.npy ... done (2.65s, 117.87MB)
  Running img_16380.npy ... done (2.64s, 115.31MB)
  Running img_16381.npy ... done (2.62s, 117.48MB)
  Running img_16382.npy ... done (2.58s, 112.99MB)
  Running img_16383.npy ... done (2.59s, 113.03MB)
  Running img_16384.npy ... done (2.64s, 113.30MB)
  Running img_16385.npy ... done (2.56s, 112.90MB)
  Running img_16386.npy ... done (2.53s, 113.24MB)
  Running img_16387.npy ... done (2.61s, 114.81MB)
  Running img_16388.npy ... done (2.42s, 114.01MB)
  Running img_16389.npy ... done (2.66s, 112.51MB)
  Running img_1639.npy ... done (2.68s, 112.95MB)
  Running img_16390.npy ... done (2.60s, 119.06MB)
  Running img_16391.npy ... done (2.65s, 115.23MB)
  Running img_16392.npy ... done (2.54s, 114.98MB)
  Running img_16393.npy ... done (2.62s, 119.69MB)
  Running img_16394.npy ... done (2.68s, 126.33MB)
  Running img_16395.npy ... done (2.59s, 124.95MB)
  Running img_16396.npy ... done (2.50s, 133.62MB)
  Running img_16397.npy ... done (2.49s, 127.93MB)
  Running img_16398.npy ... done (2.55s, 115.53MB)
  Running img_16399.npy ... done (2.63s, 116.35MB)
  Running img_164.npy ... done (2.67s, 112.69MB)
  Running img_1640.npy ... done (2.60s, 114.90MB)
  Running img_16400.npy ... done (2.48s, 119.07MB)
  Running img_16401.npy ... done (2.64s, 117.04MB)
  Running img_16402.npy ... done (2.65s, 121.60MB)
  Running img_16403.npy ... done (2.67s, 125.77MB)
  Running img_16404.npy ... done (2.64s, 125.35MB)
  Running img_16405.npy ... done (2.68s, 122.71MB)
  Running img_16406.npy ... done (2.63s, 123.75MB)
  Running img_16407.npy ... done (2.65s, 123.67MB)
  Running img_16408.npy ... done (2.61s, 121.12MB)
  Running img_16409.npy ... done (2.58s, 118.02MB)
  Running img_1641.npy ... done (2.65s, 118.55MB)
  Running img_16410.npy ... done (2.56s, 113.57MB)
  Running img_16411.npy ... done (2.41s, 112.85MB)
  Running img_16412.npy ... done (2.48s, 114.33MB)
  Running img_16413.npy ... done (2.62s, 116.88MB)
  Running img_16414.npy ... done (2.57s, 120.08MB)
  Running img_16415.npy ... done (2.60s, 120.30MB)
  Running img_16416.npy ... done (2.56s, 117.98MB)
  Running img_16417.npy ... done (2.61s, 118.39MB)
  Running img_16418.npy ... done (2.58s, 117.67MB)
  Running img_16419.npy ... done (2.59s, 119.41MB)
  Running img_1642.npy ... done (2.58s, 116.19MB)
  Running img_16420.npy ... done (2.55s, 119.23MB)
  Running img_16421.npy ... done (2.57s, 120.96MB)
  Running img_16422.npy ... done (2.61s, 112.53MB)
  Running img_16423.npy ... done (2.55s, 112.81MB)
  Running img_16424.npy ... done (2.46s, 113.91MB)
  Running img_16425.npy ... done (2.47s, 114.93MB)
  Running img_16426.npy ... done (2.43s, 111.58MB)
  Running img_16427.npy ... done (2.58s, 112.27MB)
  Running img_16428.npy ... done (2.43s, 113.49MB)
  Running img_16429.npy ... done (2.65s, 111.70MB)
  Running img_1643.npy ... done (2.62s, 115.39MB)
  Running img_16430.npy ... done (2.62s, 115.15MB)
  Running img_16431.npy ... done (2.60s, 114.60MB)
  Running img_16432.npy ... done (2.38s, 113.83MB)
  Running img_16433.npy ... done (2.56s, 115.36MB)
  Running img_16434.npy ... done (2.55s, 113.00MB)
  Running img_16435.npy ... done (2.47s, 116.46MB)
  Running img_16436.npy ... done (2.61s, 116.91MB)
  Running img_16437.npy ... done (2.59s, 120.35MB)
  Running img_16438.npy ... done (2.64s, 121.46MB)
  Running img_16439.npy ... done (2.57s, 125.65MB)
  Running img_1644.npy ... done (2.62s, 130.23MB)
  Running img_16440.npy ... done (2.56s, 133.70MB)
  Running img_16441.npy ... done (2.60s, 132.74MB)
  Running img_16442.npy ... done (2.59s, 130.98MB)
  Running img_16443.npy ... done (2.53s, 132.21MB)
  Running img_16444.npy ... done (2.54s, 113.65MB)
  Running img_16445.npy ... done (2.61s, 113.82MB)
  Running img_16446.npy ... done (2.56s, 112.19MB)
  Running img_16447.npy ... done (2.40s, 120.61MB)
  Running img_16448.npy ... done (2.60s, 119.48MB)
  Running img_16449.npy ... done (2.59s, 123.27MB)
  Running img_1645.npy ... done (2.57s, 126.01MB)
  Running img_16450.npy ... done (2.43s, 131.34MB)
  Running img_16451.npy ... done (2.60s, 132.05MB)
  Running img_16452.npy ... done (2.66s, 133.48MB)
  Running img_16453.npy ... done (2.60s, 134.41MB)
  Running img_16454.npy ... done (2.50s, 134.49MB)
  Running img_16455.npy ... done (2.60s, 113.32MB)
  Running img_16456.npy ... done (2.61s, 114.82MB)
  Running img_16457.npy ... done (2.65s, 116.55MB)
  Running img_16458.npy ... done (2.55s, 121.56MB)
  Running img_16459.npy ... done (2.60s, 119.37MB)
  Running img_1646.npy ... done (2.58s, 124.11MB)
  Running img_16460.npy ... done (2.49s, 126.68MB)
  Running img_16461.npy ... done (2.48s, 131.67MB)
  Running img_16462.npy ... done (2.63s, 131.59MB)
  Running img_16463.npy ... done (2.63s, 132.54MB)
  Running img_16464.npy ... done (2.55s, 133.14MB)
  Running img_16465.npy ... done (2.49s, 132.16MB)
  Running img_16466.npy ... done (2.39s, 131.07MB)
  Running img_16467.npy ... done (2.41s, 113.52MB)
  Running img_16468.npy ... done (2.66s, 115.45MB)
  Running img_16469.npy ... done (2.38s, 114.86MB)
  Running img_1647.npy ... done (2.37s, 119.42MB)
  Running img_16470.npy ... done (2.31s, 119.50MB)
  Running img_16471.npy ... done (2.38s, 123.14MB)
  Running img_16472.npy ... done (2.43s, 121.02MB)
  Running img_16473.npy ... done (2.39s, 120.98MB)
  Running img_16474.npy ... done (2.48s, 122.24MB)
  Running img_16475.npy ... done (2.67s, 121.22MB)
  Running img_16476.npy ... done (2.69s, 119.21MB)
  Running img_16477.npy ... done (2.61s, 120.55MB)
  Running img_16478.npy ... done (2.56s, 120.62MB)
  Running img_16479.npy ... done (2.45s, 118.36MB)
  Running img_1648.npy ... done (2.59s, 112.55MB)
  Running img_16480.npy ... done (2.66s, 113.70MB)
  Running img_16481.npy ... done (2.68s, 112.48MB)
  Running img_16482.npy ... done (2.58s, 112.02MB)
  Running img_16483.npy ... done (2.59s, 114.14MB)
  Running img_16484.npy ... done (2.63s, 113.63MB)
  Running img_16485.npy ... done (2.58s, 111.87MB)
  Running img_16486.npy ... done (2.68s, 112.76MB)
  Running img_16487.npy ... done (2.66s, 112.80MB)
  Running img_16488.npy ... done (2.55s, 123.22MB)
  Running img_16489.npy ... done (2.60s, 121.11MB)
  Running img_1649.npy ... done (2.56s, 120.44MB)
  Running img_16490.npy ... done (2.59s, 122.52MB)
  Running img_16491.npy ... done (2.59s, 111.34MB)
  Running img_16492.npy ... done (2.63s, 112.29MB)
  Running img_16493.npy ... done (2.58s, 113.54MB)
  Running img_16494.npy ... done (2.63s, 114.10MB)
  Running img_16495.npy ... done (2.57s, 117.19MB)
  Running img_16496.npy ... done (2.61s, 120.32MB)
  Running img_16497.npy ... done (2.59s, 122.88MB)
  Running img_16498.npy ... done (2.66s, 124.28MB)
  Running img_16499.npy ... done (2.62s, 122.33MB)
  Running img_165.npy ... done (2.52s, 119.93MB)
  Running img_1650.npy ... done (2.57s, 121.41MB)
  Running img_16500.npy ... done (2.61s, 121.42MB)
  Running img_16501.npy ... done (2.60s, 119.25MB)
  Running img_16502.npy ... done (2.57s, 119.15MB)
  Running img_16503.npy ... done (2.61s, 111.63MB)
  Running img_16504.npy ... done (2.60s, 113.94MB)
  Running img_16505.npy ... done (2.61s, 113.46MB)
  Running img_16506.npy ... done (2.55s, 114.68MB)
  Running img_16507.npy ... done (2.69s, 120.09MB)
  Running img_16508.npy ... done (2.53s, 120.27MB)
  Running img_16509.npy ... done (2.62s, 118.45MB)
  Running img_1651.npy ... done (2.66s, 118.14MB)
  Running img_16510.npy ... done (2.55s, 119.91MB)
  Running img_16511.npy ... done (2.49s, 117.07MB)
  Running img_16512.npy ... done (2.65s, 113.96MB)
  Running img_16513.npy ... done (2.59s, 115.81MB)
  Running img_16514.npy ... done (2.57s, 116.68MB)
  Running img_16515.npy ... done (2.59s, 116.67MB)
  Running img_16516.npy ... done (2.68s, 116.42MB)
  Running img_16517.npy ... done (2.54s, 112.20MB)
  Running img_16518.npy ... done (2.63s, 115.32MB)
  Running img_16519.npy ... done (2.55s, 116.01MB)
  Running img_1652.npy ... done (2.58s, 114.69MB)
  Running img_16520.npy ... done (2.60s, 113.57MB)
  Running img_16521.npy ... done (2.61s, 111.11MB)
  Running img_16522.npy ... done (2.52s, 112.41MB)
  Running img_16523.npy ... done (2.43s, 112.03MB)
  Running img_16524.npy ... done (2.57s, 113.48MB)
  Running img_16525.npy ... done (2.60s, 115.43MB)
  Running img_16526.npy ... done (2.54s, 115.23MB)
  Running img_16527.npy ... done (2.63s, 115.02MB)
  Running img_16528.npy ... done (2.54s, 115.71MB)
  Running img_16529.npy ... done (2.56s, 113.97MB)
  Running img_1653.npy ... done (2.59s, 113.10MB)
  Running img_16530.npy ... done (2.57s, 113.59MB)
  Running img_16531.npy ... done (2.55s, 113.76MB)
  Running img_16532.npy ... done (2.56s, 112.85MB)
  Running img_16533.npy ... done (2.55s, 112.17MB)
  Running img_16534.npy ... done (2.58s, 111.43MB)
  Running img_16535.npy ... done (2.64s, 116.80MB)
  Running img_16536.npy ... done (2.59s, 131.44MB)
  Running img_16537.npy ... done (2.66s, 127.31MB)
  Running img_16538.npy ... done (2.60s, 126.02MB)
  Running img_16539.npy ... done (2.59s, 124.52MB)
  Running img_1654.npy ... done (2.44s, 126.52MB)
  Running img_16540.npy ... done (2.55s, 111.37MB)
  Running img_16541.npy ... done (2.67s, 113.13MB)
  Running img_16542.npy ... done (2.66s, 113.88MB)
  Running img_16543.npy ... done (2.69s, 114.48MB)
  Running img_16544.npy ... done (2.60s, 119.84MB)
  Running img_16545.npy ... done (2.48s, 119.94MB)
  Running img_16546.npy ... done (2.56s, 119.85MB)
  Running img_16547.npy ... done (2.59s, 120.34MB)
  Running img_16548.npy ... done (2.62s, 120.09MB)
  Running img_16549.npy ... done (2.60s, 118.67MB)
  Running img_1655.npy ... done (2.59s, 120.57MB)
  Running img_16550.npy ... done (2.49s, 119.04MB)
  Running img_16551.npy ... done (2.67s, 120.87MB)
  Running img_16552.npy ... done (2.62s, 119.41MB)
  Running img_16553.npy ... done (2.64s, 114.50MB)
  Running img_16554.npy ... done (2.63s, 111.43MB)
  Running img_16555.npy ... done (2.49s, 112.30MB)
  Running img_16556.npy ... done (2.56s, 114.39MB)
  Running img_16557.npy ... done (2.50s, 113.21MB)
  Running img_16558.npy ... done (2.66s, 110.90MB)
  Running img_16559.npy ... done (2.70s, 112.89MB)
  Running img_1656.npy ... done (2.75s, 113.26MB)
  Running img_16560.npy ... done (2.49s, 131.19MB)
  Running img_16561.npy ... done (2.57s, 131.33MB)
  Running img_16562.npy ... done (2.60s, 133.86MB)
  Running img_16563.npy ... done (2.70s, 132.79MB)
  Running img_16564.npy ... done (2.54s, 132.43MB)
  Running img_16565.npy ... done (2.59s, 133.21MB)
  Running img_16566.npy ... done (2.65s, 114.31MB)
  Running img_16567.npy ... done (2.51s, 114.30MB)
  Running img_16568.npy ... done (2.60s, 114.88MB)
  Running img_16569.npy ... done (2.55s, 120.86MB)
  Running img_1657.npy ... done (2.54s, 122.09MB)
  Running img_16570.npy ... done (2.68s, 121.73MB)
  Running img_16571.npy ... done (2.60s, 126.46MB)
  Running img_16572.npy ... done (2.63s, 129.15MB)
  Running img_16573.npy ... done (2.71s, 127.36MB)
  Running img_16574.npy ... done (2.44s, 124.75MB)
  Running img_16575.npy ... done (2.53s, 126.71MB)
  Running img_16576.npy ... done (2.74s, 122.41MB)
  Running img_16577.npy ... done (2.53s, 123.11MB)
  Running img_16578.npy ... done (2.66s, 113.11MB)
  Running img_16579.npy ... done (2.62s, 111.02MB)
  Running img_1658.npy ... done (2.66s, 112.29MB)
  Running img_16580.npy ... done (2.51s, 114.05MB)
  Running img_16581.npy ... done (2.51s, 120.13MB)
  Running img_16582.npy ... done (2.62s, 119.06MB)
  Running img_16583.npy ... done (2.50s, 118.94MB)
  Running img_16584.npy ... done (2.68s, 119.35MB)
  Running img_16585.npy ... done (2.65s, 114.89MB)
  Running img_16586.npy ... done (2.61s, 113.16MB)
  Running img_16587.npy ... done (2.63s, 114.51MB)
  Running img_16588.npy ... done (2.65s, 113.66MB)
  Running img_16589.npy ... done (2.65s, 113.42MB)
  Running img_1659.npy ... done (2.58s, 110.74MB)
  Running img_16590.npy ... done (2.66s, 113.56MB)
  Running img_16591.npy ... done (2.56s, 110.46MB)
  Running img_16592.npy ... done (2.56s, 112.71MB)
  Running img_16593.npy ... done (2.64s, 115.73MB)
  Running img_16594.npy ... done (2.59s, 119.82MB)
  Running img_16595.npy ... done (2.57s, 120.03MB)
  Running img_16596.npy ... done (2.48s, 119.38MB)
  Running img_16597.npy ... done (2.63s, 119.42MB)
  Running img_16598.npy ... done (2.54s, 119.77MB)
  Running img_16599.npy ... done (2.53s, 119.55MB)
  Running img_166.npy ... done (2.61s, 120.06MB)
  Running img_1660.npy ... done (2.54s, 119.74MB)
  Running img_16600.npy ... done (2.62s, 120.12MB)
  Running img_16601.npy ... done (2.51s, 121.58MB)
  Running img_16602.npy ... done (2.33s, 113.52MB)
  Running img_16603.npy ... done (2.58s, 112.65MB)
  Running img_16604.npy ... done (2.64s, 114.36MB)
  Running img_16605.npy ... done (2.62s, 120.38MB)
  Running img_16606.npy ... done (2.64s, 121.04MB)
  Running img_16607.npy ... done (2.47s, 121.37MB)
  Running img_16608.npy ... done (2.67s, 118.98MB)
  Running img_16609.npy ... done (2.60s, 119.25MB)
  Running img_1661.npy ... done (2.66s, 120.45MB)
  Running img_16610.npy ... done (2.59s, 120.71MB)
  Running img_16611.npy ... done (2.50s, 119.39MB)
  Running img_16612.npy ... done (2.58s, 118.91MB)
  Running img_16613.npy ... done (2.64s, 119.82MB)
  Running img_16614.npy ... done (2.58s, 111.70MB)
  Running img_16615.npy ... done (2.65s, 113.01MB)
  Running img_16616.npy ... done (2.59s, 114.31MB)
  Running img_16617.npy ... done (2.68s, 113.80MB)
  Running img_16618.npy ... done (2.55s, 117.18MB)
  Running img_16619.npy ... done (2.61s, 116.37MB)
  Running img_1662.npy ... done (2.51s, 113.60MB)
  Running img_16620.npy ... done (2.57s, 114.50MB)
  Running img_16621.npy ... done (2.59s, 113.00MB)
  Running img_16622.npy ... done (2.33s, 113.47MB)
  Running img_16623.npy ... done (2.36s, 113.09MB)
  Running img_16624.npy ... done (2.45s, 114.27MB)
  Running img_16625.npy ... done (2.63s, 114.79MB)
  Running img_16626.npy ... done (2.51s, 112.17MB)
  Running img_16627.npy ... done (2.39s, 113.52MB)
  Running img_16628.npy ... done (2.34s, 112.03MB)
  Running img_16629.npy ... done (2.41s, 114.08MB)
  Running img_1663.npy ... done (2.68s, 113.22MB)
  Running img_16630.npy ... done (2.55s, 112.81MB)
  Running img_16631.npy ... done (2.67s, 111.84MB)
  Running img_16632.npy ... done (2.65s, 109.84MB)
  Running img_16633.npy ... done (2.66s, 114.92MB)
  Running img_16634.npy ... done (2.34s, 121.68MB)
  Running img_16635.npy ... done (2.61s, 126.87MB)
  Running img_16636.npy ... done (2.63s, 131.10MB)
  Running img_16637.npy ... done (2.58s, 133.40MB)
  Running img_16638.npy ... done (2.50s, 132.62MB)
  Running img_16639.npy ... done (2.39s, 131.71MB)
  Running img_1664.npy ... done (2.37s, 134.81MB)
  Running img_16640.npy ... done (2.35s, 116.60MB)
  Running img_16641.npy ... done (2.51s, 113.33MB)
  Running img_16642.npy ... done (2.49s, 117.41MB)
  Running img_16643.npy ... done (2.60s, 120.55MB)
  Running img_16644.npy ... done (2.46s, 122.31MB)
  Running img_16645.npy ... done (2.63s, 126.82MB)
  Running img_16646.npy ... done (2.69s, 132.11MB)
  Running img_16647.npy ... done (2.51s, 131.00MB)
  Running img_16648.npy ... done (2.59s, 132.68MB)
  Running img_16649.npy ... done (2.46s, 131.09MB)
  Running img_1665.npy ... done (2.42s, 127.50MB)
  Running img_16650.npy ... done (2.40s, 113.34MB)
  Running img_16651.npy ... done (2.32s, 112.45MB)
  Running img_16652.npy ... done (2.30s, 114.27MB)
  Running img_16653.npy ... done (2.28s, 117.09MB)
  Running img_16654.npy ... done (2.44s, 117.98MB)
  Running img_16655.npy ... done (2.48s, 121.46MB)
  Running img_16656.npy ... done (2.49s, 124.32MB)
  Running img_16657.npy ... done (2.58s, 122.33MB)
  Running img_16658.npy ... done (2.40s, 120.80MB)
  Running img_16659.npy ... done (2.63s, 121.28MB)
  Running img_1666.npy ... done (2.52s, 117.68MB)
  Running img_16660.npy ... done (2.54s, 118.64MB)
  Running img_16661.npy ... done (2.62s, 117.96MB)
  Running img_16662.npy ... done (2.66s, 120.08MB)
  Running img_16663.npy ... done (2.65s, 111.81MB)
  Running img_16664.npy ... done (2.60s, 112.20MB)
  Running img_16665.npy ... done (2.65s, 113.69MB)
  Running img_16666.npy ... done (2.64s, 111.59MB)
  Running img_16667.npy ... done (2.36s, 112.54MB)
  Running img_16668.npy ... done (2.54s, 112.49MB)
  Running img_16669.npy ... done (2.60s, 112.68MB)
  Running img_1667.npy ... done (2.64s, 113.82MB)
  Running img_16670.npy ... done (2.38s, 122.50MB)
  Running img_16671.npy ... done (2.57s, 122.30MB)
  Running img_16672.npy ... done (2.49s, 120.73MB)
  Running img_16673.npy ... done (2.61s, 122.97MB)
  Running img_16674.npy ... done (2.47s, 122.77MB)
  Running img_16675.npy ... done (2.61s, 122.18MB)
  Running img_16676.npy ... done (2.63s, 122.63MB)
  Running img_16677.npy ... done (2.47s, 120.66MB)
  Running img_16678.npy ... done (2.37s, 111.42MB)
  Running img_16679.npy ... done (2.24s, 110.84MB)
  Running img_1668.npy ... done (2.33s, 114.50MB)
  Running img_16680.npy ... done (2.28s, 116.55MB)
  Running img_16681.npy ... done (2.61s, 118.85MB)
  Running img_16682.npy ... done (2.64s, 121.03MB)
  Running img_16683.npy ... done (2.55s, 119.57MB)
  Running img_16684.npy ... done (2.66s, 118.71MB)
  Running img_16685.npy ... done (2.62s, 118.91MB)
  Running img_16686.npy ... done (2.67s, 120.08MB)
  Running img_16687.npy ... done (2.58s, 118.26MB)
  Running img_16688.npy ... done (2.56s, 118.12MB)
  Running img_16689.npy ... done (2.45s, 117.31MB)
  Running img_1669.npy ... done (2.66s, 117.87MB)
  Running img_16690.npy ... done (2.62s, 111.09MB)
  Running img_16691.npy ... done (2.64s, 113.53MB)
  Running img_16692.npy ... done (2.56s, 115.09MB)
  Running img_16693.npy ... done (2.57s, 114.45MB)
  Running img_16694.npy ... done (2.62s, 114.81MB)
  Running img_16695.npy ... done (2.72s, 113.12MB)
  Running img_16696.npy ... done (2.71s, 110.30MB)
  Running img_16697.npy ... done (2.60s, 110.96MB)
  Running img_16698.npy ... done (2.58s, 112.81MB)
  Running img_16699.npy ... done (2.50s, 114.76MB)
  Running img_167.npy ... done (2.42s, 113.71MB)
  Running img_1670.npy ... done (2.53s, 114.16MB)
  Running img_16700.npy ... done (2.63s, 114.02MB)
  Running img_16701.npy ... done (2.62s, 116.39MB)
  Running img_16702.npy ... done (2.55s, 115.08MB)
  Running img_16703.npy ... done (2.54s, 115.20MB)
  Running img_16704.npy ... done (2.60s, 113.73MB)
  Running img_16705.npy ... done (2.54s, 112.30MB)
  Running img_16706.npy ... done (2.56s, 113.18MB)
  Running img_16707.npy ... done (2.62s, 113.15MB)
  Running img_16708.npy ... done (2.55s, 113.48MB)
  Running img_16709.npy ... done (2.57s, 114.36MB)
  Running img_1671.npy ... done (2.63s, 123.63MB)
  Running img_16710.npy ... done (2.55s, 128.64MB)
  Running img_16711.npy ... done (2.64s, 131.84MB)
  Running img_16712.npy ... done (2.47s, 126.18MB)
  Running img_16713.npy ... done (2.60s, 130.10MB)
  Running img_16714.npy ... done (2.56s, 113.23MB)
  Running img_16715.npy ... done (2.58s, 111.13MB)
  Running img_16716.npy ... done (2.60s, 113.71MB)
  Running img_16717.npy ... done (2.57s, 115.61MB)
  Running img_16718.npy ... done (2.57s, 119.33MB)
  Running img_16719.npy ... done (2.58s, 119.19MB)
  Running img_1672.npy ... done (2.63s, 123.02MB)
  Running img_16720.npy ... done (2.57s, 122.60MB)
  Running img_16721.npy ... done (2.65s, 120.50MB)
  Running img_16722.npy ... done (2.57s, 121.37MB)
  Running img_16723.npy ... done (2.61s, 120.51MB)
  Running img_16724.npy ... done (2.61s, 119.79MB)
  Running img_16725.npy ... done (2.35s, 118.81MB)
  Running img_16726.npy ... done (2.50s, 112.64MB)
  Running img_16727.npy ... done (2.68s, 113.02MB)
  Running img_16728.npy ... done (2.62s, 113.61MB)
  Running img_16729.npy ... done (2.54s, 115.32MB)
  Running img_1673.npy ... done (2.50s, 118.29MB)
  Running img_16730.npy ... done (2.60s, 120.67MB)
  Running img_16731.npy ... done (2.60s, 119.61MB)
  Running img_16732.npy ... done (2.56s, 118.98MB)
  Running img_16733.npy ... done (2.56s, 118.76MB)
  Running img_16734.npy ... done (2.54s, 119.31MB)
  Running img_16735.npy ... done (2.46s, 120.99MB)
  Running img_16736.npy ... done (2.61s, 119.38MB)
  Running img_16737.npy ... done (2.59s, 116.52MB)
  Running img_16738.npy ... done (2.55s, 114.86MB)
  Running img_16739.npy ... done (2.56s, 113.70MB)
  Running img_1674.npy ... done (2.55s, 112.77MB)
  Running img_16740.npy ... done (2.35s, 114.78MB)
  Running img_16741.npy ... done (2.56s, 115.39MB)
  Running img_16742.npy ... done (2.59s, 112.31MB)
  Running img_16743.npy ... done (2.57s, 112.73MB)
  Running img_16744.npy ... done (2.63s, 111.93MB)
  Running img_16745.npy ... done (2.50s, 112.39MB)
  Running img_16746.npy ... done (2.53s, 124.29MB)
  Running img_16747.npy ... done (2.61s, 130.58MB)
  Running img_16748.npy ... done (2.62s, 131.77MB)
  Running img_16749.npy ... done (2.62s, 132.32MB)
  Running img_1675.npy ... done (2.51s, 132.72MB)
  Running img_16750.npy ... done (2.58s, 133.67MB)
  Running img_16751.npy ... done (2.37s, 116.38MB)
  Running img_16752.npy ... done (2.54s, 114.82MB)
  Running img_16753.npy ... done (2.37s, 114.81MB)
  Running img_16754.npy ... done (2.41s, 121.25MB)
  Running img_16755.npy ... done (2.42s, 122.17MB)
  Running img_16756.npy ... done (2.35s, 122.72MB)
  Running img_16757.npy ... done (2.47s, 127.43MB)
  Running img_16758.npy ... done (2.44s, 132.84MB)
  Running img_16759.npy ... done (2.54s, 132.98MB)
  Running img_1676.npy ... done (2.44s, 131.05MB)
  Running img_16760.npy ... done (2.54s, 131.05MB)
  Running img_16761.npy ... done (2.42s, 130.81MB)
  Running img_16762.npy ... done (2.19s, 113.33MB)
  Running img_16763.npy ... done (2.39s, 111.17MB)
  Running img_16764.npy ... done (2.48s, 113.63MB)
  Running img_16765.npy ... done (2.45s, 119.73MB)
  Running img_16766.npy ... done (2.53s, 120.62MB)
  Running img_16767.npy ... done (2.52s, 122.11MB)
  Running img_16768.npy ... done (2.49s, 123.07MB)
  Running img_16769.npy ... done (2.54s, 123.99MB)
  Running img_1677.npy ... done (2.51s, 120.29MB)
  Running img_16770.npy ... done (2.48s, 119.89MB)
  Running img_16771.npy ... done (2.49s, 120.32MB)
  Running img_16772.npy ... done (2.41s, 120.04MB)
  Running img_16773.npy ... done (2.42s, 119.36MB)
  Running img_16774.npy ... done (2.48s, 113.28MB)
  Running img_16775.npy ... done (2.57s, 113.72MB)
  Running img_16776.npy ... done (2.45s, 112.98MB)
  Running img_16777.npy ... done (2.52s, 115.11MB)
  Running img_16778.npy ... done (2.50s, 114.73MB)
  Running img_16779.npy ... done (2.58s, 113.50MB)
  Running img_1678.npy ... done (2.51s, 113.27MB)
  Running img_16780.npy ... done (2.46s, 113.31MB)
  Running img_16781.npy ... done (2.51s, 113.07MB)
  Running img_16782.npy ... done (2.48s, 130.89MB)
  Running img_16783.npy ... done (2.50s, 132.57MB)
  Running img_16784.npy ... done (2.44s, 132.56MB)
  Running img_16785.npy ... done (2.38s, 133.68MB)
  Running img_16786.npy ... done (2.44s, 133.20MB)
  Running img_16787.npy ... done (2.41s, 118.27MB)
  Running img_16788.npy ... done (2.49s, 116.09MB)
  Running img_16789.npy ... done (2.57s, 114.07MB)
  Running img_1679.npy ... done (2.47s, 115.87MB)
  Running img_16790.npy ... done (2.24s, 119.39MB)
  Running img_16791.npy ... done (2.51s, 120.38MB)
  Running img_16792.npy ... done (2.54s, 122.51MB)
  Running img_16793.npy ... done (2.47s, 127.86MB)
  Running img_16794.npy ... done (2.57s, 128.65MB)
  Running img_16795.npy ... done (2.26s, 126.27MB)
  Running img_16796.npy ... done (2.50s, 125.90MB)
  Running img_16797.npy ... done (2.50s, 123.41MB)
  Running img_16798.npy ... done (2.52s, 123.11MB)
  Running img_16799.npy ... done (2.48s, 122.53MB)
  Running img_168.npy ... done (2.48s, 112.90MB)
  Running img_1680.npy ... done (2.53s, 113.77MB)
  Running img_16800.npy ... done (2.51s, 112.88MB)
  Running img_16801.npy ... done (2.49s, 116.46MB)
  Running img_16802.npy ... done (2.56s, 119.71MB)
  Running img_16803.npy ... done (2.51s, 118.73MB)
  Running img_16804.npy ... done (2.48s, 114.60MB)
  Running img_16805.npy ... done (2.39s, 112.89MB)
  Running img_16806.npy ... done (2.49s, 114.45MB)
  Running img_16807.npy ... done (2.35s, 116.05MB)
  Running img_16808.npy ... done (2.27s, 116.37MB)
  Running img_16809.npy ... done (2.55s, 114.47MB)
  Running img_1681.npy ... done (2.48s, 111.58MB)
  Running img_16810.npy ... done (2.37s, 114.00MB)
  Running img_16811.npy ... done (2.57s, 114.02MB)
  Running img_16812.npy ... done (2.45s, 115.42MB)
  Running img_16813.npy ... done (2.50s, 116.23MB)
  Running img_16814.npy ... done (2.51s, 119.73MB)
  Running img_16815.npy ... done (2.47s, 121.58MB)
  Running img_16816.npy ... done (2.46s, 125.72MB)
  Running img_16817.npy ... done (2.50s, 130.57MB)
  Running img_16818.npy ... done (2.34s, 132.96MB)
  Running img_16819.npy ... done (2.47s, 133.61MB)
  Running img_1682.npy ... done (2.53s, 132.64MB)
  Running img_16820.npy ... done (2.32s, 130.64MB)
  Running img_16821.npy ... done (2.41s, 133.26MB)
  Running img_16822.npy ... done (2.47s, 115.01MB)
  Running img_16823.npy ... done (2.41s, 114.58MB)
  Running img_16824.npy ... done (2.49s, 116.78MB)
  Running img_16825.npy ... done (2.36s, 120.56MB)
  Running img_16826.npy ... done (2.53s, 118.92MB)
  Running img_16827.npy ... done (2.40s, 122.92MB)
  Running img_16828.npy ... done (2.47s, 127.10MB)
  Running img_16829.npy ... done (2.45s, 126.86MB)
  Running img_1683.npy ... done (2.33s, 123.80MB)
  Running img_16830.npy ... done (2.56s, 124.41MB)
  Running img_16831.npy ... done (2.48s, 123.46MB)
  Running img_16832.npy ... done (2.36s, 120.86MB)
  Running img_16833.npy ... done (2.42s, 122.54MB)
  Running img_16834.npy ... done (2.48s, 109.71MB)
  Running img_16835.npy ... done (2.40s, 112.55MB)
  Running img_16836.npy ... done (2.40s, 114.57MB)
  Running img_16837.npy ... done (2.59s, 115.11MB)
  Running img_16838.npy ... done (2.36s, 119.00MB)
  Running img_16839.npy ... done (2.35s, 119.39MB)
  Running img_1684.npy ... done (2.43s, 117.16MB)
  Running img_16840.npy ... done (2.51s, 114.81MB)
  Running img_16841.npy ... done (2.55s, 112.91MB)
  Running img_16842.npy ... done (2.51s, 115.98MB)
  Running img_16843.npy ... done (2.47s, 116.02MB)
  Running img_16844.npy ... done (2.32s, 115.63MB)
  Running img_16845.npy ... done (2.41s, 115.23MB)
  Running img_16846.npy ... done (2.55s, 115.30MB)
  Running img_16847.npy ... done (2.48s, 116.24MB)
  Running img_16848.npy ... done (2.50s, 112.70MB)
  Running img_16849.npy ... done (2.50s, 114.12MB)
  Running img_1685.npy ... done (2.60s, 118.00MB)
  Running img_16850.npy ... done (2.42s, 118.84MB)
  Running img_16851.npy ... done (2.49s, 121.27MB)
  Running img_16852.npy ... done (2.34s, 125.21MB)
  Running img_16853.npy ... done (2.54s, 129.11MB)
  Running img_16854.npy ... done (2.47s, 131.66MB)
  Running img_16855.npy ... done (2.46s, 134.55MB)
  Running img_16856.npy ... done (2.44s, 133.26MB)
  Running img_16857.npy ... done (2.44s, 131.46MB)
  Running img_16858.npy ... done (2.44s, 131.90MB)
  Running img_16859.npy ... done (2.44s, 115.65MB)
  Running img_1686.npy ... done (2.51s, 115.04MB)
  Running img_16860.npy ... done (2.28s, 114.38MB)
  Running img_16861.npy ... done (2.47s, 118.87MB)
  Running img_16862.npy ... done (2.58s, 120.65MB)
  Running img_16863.npy ... done (2.53s, 118.89MB)
  Running img_16864.npy ... done (2.41s, 122.93MB)
  Running img_16865.npy ... done (2.32s, 127.09MB)
  Running img_16866.npy ... done (2.51s, 122.93MB)
  Running img_16867.npy ... done (2.42s, 122.44MB)
  Running img_16868.npy ... done (2.33s, 124.40MB)
  Running img_16869.npy ... done (2.52s, 121.38MB)
  Running img_1687.npy ... done (2.43s, 119.92MB)
  Running img_16870.npy ... done (2.51s, 120.77MB)
  Running img_16871.npy ... done (2.52s, 113.90MB)
  Running img_16872.npy ... done (2.45s, 114.58MB)
  Running img_16873.npy ... done (2.45s, 114.10MB)
  Running img_16874.npy ... done (2.51s, 116.52MB)
  Running img_16875.npy ... done (2.48s, 117.79MB)
  Running img_16876.npy ... done (2.50s, 115.46MB)
  Running img_16877.npy ... done (2.45s, 113.53MB)
  Running img_16878.npy ... done (2.48s, 114.48MB)
  Running img_16879.npy ... done (2.49s, 115.28MB)
  Running img_1688.npy ... done (2.52s, 113.57MB)
  Running img_16880.npy ... done (2.50s, 114.99MB)
  Running img_16881.npy ... done (2.41s, 114.95MB)
  Running img_16882.npy ... done (2.36s, 112.62MB)
  Running img_16883.npy ... done (2.34s, 114.60MB)
  Running img_16884.npy ... done (2.53s, 114.81MB)
  Running img_16885.npy ... done (2.51s, 112.88MB)
  Running img_16886.npy ... done (2.55s, 115.49MB)
  Running img_16887.npy ... done (2.44s, 118.89MB)
  Running img_16888.npy ... done (2.47s, 122.42MB)
  Running img_16889.npy ... done (2.48s, 124.54MB)
  Running img_1689.npy ... done (2.49s, 130.32MB)
  Running img_16890.npy ... done (2.48s, 131.33MB)
  Running img_16891.npy ... done (2.43s, 133.50MB)
  Running img_16892.npy ... done (2.49s, 133.12MB)
  Running img_16893.npy ... done (2.39s, 130.65MB)
  Running img_16894.npy ... done (2.39s, 114.88MB)
  Running img_16895.npy ... done (2.47s, 114.25MB)
  Running img_16896.npy ... done (2.49s, 116.68MB)
  Running img_16897.npy ... done (2.49s, 121.41MB)
  Running img_16898.npy ... done (2.37s, 119.88MB)
  Running img_16899.npy ... done (2.52s, 122.32MB)
  Running img_169.npy ... done (2.59s, 125.79MB)
  Running img_1690.npy ... done (2.54s, 127.45MB)
  Running img_16900.npy ... done (2.40s, 126.21MB)
  Running img_16901.npy ... done (2.38s, 126.82MB)
  Running img_16902.npy ... done (2.31s, 125.00MB)
  Running img_16903.npy ... done (2.32s, 123.14MB)
  Running img_16904.npy ... done (2.37s, 123.68MB)
  Running img_16905.npy ... done (2.18s, 124.29MB)
  Running img_16906.npy ... done (2.42s, 113.00MB)
  Running img_16907.npy ... done (2.38s, 112.13MB)
  Running img_16908.npy ... done (2.42s, 114.73MB)
  Running img_16909.npy ... done (2.45s, 119.75MB)
  Running img_1691.npy ... done (2.47s, 120.99MB)
  Running img_16910.npy ... done (2.47s, 119.25MB)
  Running img_16911.npy ... done (2.43s, 119.73MB)
  Running img_16912.npy ... done (2.49s, 118.07MB)
  Running img_16913.npy ... done (2.43s, 114.26MB)
  Running img_16914.npy ... done (2.47s, 115.38MB)
  Running img_16915.npy ... done (2.47s, 116.95MB)
  Running img_16916.npy ... done (2.55s, 115.36MB)
  Running img_16917.npy ... done (2.49s, 115.80MB)
  Running img_16918.npy ... done (2.45s, 113.01MB)
  Running img_16919.npy ... done (2.55s, 115.98MB)
  Running img_1692.npy ... done (2.52s, 114.88MB)
  Running img_16920.npy ... done (2.59s, 113.57MB)
  Running img_16921.npy ... done (2.50s, 113.01MB)
  Running img_16922.npy ... done (2.47s, 119.57MB)
  Running img_16923.npy ... done (2.48s, 124.24MB)
  Running img_16924.npy ... done (2.45s, 129.54MB)
  Running img_16925.npy ... done (2.47s, 131.77MB)
  Running img_16926.npy ... done (2.41s, 134.80MB)
  Running img_16927.npy ... done (2.44s, 131.58MB)
  Running img_16928.npy ... done (2.42s, 132.76MB)
  Running img_16929.npy ... done (2.45s, 114.16MB)
  Running img_1693.npy ... done (2.49s, 116.59MB)
  Running img_16930.npy ... done (2.41s, 116.69MB)
  Running img_16931.npy ... done (2.53s, 117.55MB)
  Running img_16932.npy ... done (2.54s, 119.14MB)
  Running img_16933.npy ... done (2.44s, 122.48MB)
  Running img_16934.npy ... done (2.51s, 126.90MB)
  Running img_16935.npy ... done (2.51s, 131.55MB)
  Running img_16936.npy ... done (2.45s, 130.89MB)
  Running img_16937.npy ... done (2.47s, 131.96MB)
  Running img_16938.npy ... done (2.34s, 132.98MB)
  Running img_16939.npy ... done (2.41s, 130.29MB)
  Running img_1694.npy ... done (2.42s, 132.27MB)
  Running img_16940.npy ... done (2.42s, 113.27MB)
  Running img_16941.npy ... done (2.45s, 115.26MB)
  Running img_16942.npy ... done (2.50s, 114.51MB)
  Running img_16943.npy ... done (2.45s, 116.15MB)
  Running img_16944.npy ... done (2.40s, 120.54MB)
  Running img_16945.npy ... done (2.59s, 118.62MB)
  Running img_16946.npy ... done (2.53s, 122.60MB)
  Running img_16947.npy ... done (2.48s, 122.14MB)
  Running img_16948.npy ... done (2.55s, 119.01MB)
  Running img_16949.npy ... done (2.37s, 120.70MB)
  Running img_1695.npy ... done (2.45s, 117.73MB)
  Running img_16950.npy ... done (2.50s, 119.79MB)
  Running img_16951.npy ... done (2.45s, 118.32MB)
  Running img_16952.npy ... done (2.44s, 118.53MB)
  Running img_16953.npy ... done (2.49s, 115.39MB)
  Running img_16954.npy ... done (2.44s, 114.04MB)
  Running img_16955.npy ... done (2.58s, 115.27MB)
  Running img_16956.npy ... done (2.45s, 113.76MB)
  Running img_16957.npy ... done (2.49s, 115.23MB)
  Running img_16958.npy ... done (2.50s, 112.41MB)
  Running img_16959.npy ... done (2.47s, 111.84MB)
  Running img_1696.npy ... done (2.48s, 116.31MB)
  Running img_16960.npy ... done (2.40s, 126.39MB)
  Running img_16961.npy ... done (2.57s, 130.14MB)
  Running img_16962.npy ... done (2.41s, 131.78MB)
  Running img_16963.npy ... done (2.47s, 134.79MB)
  Running img_16964.npy ... done (2.45s, 134.39MB)
  Running img_16965.npy ... done (2.44s, 133.78MB)
  Running img_16966.npy ... done (2.30s, 133.00MB)
  Running img_16967.npy ... done (2.47s, 115.80MB)
  Running img_16968.npy ... done (2.50s, 116.04MB)
  Running img_16969.npy ... done (2.44s, 115.58MB)
  Running img_1697.npy ... done (2.44s, 118.67MB)
  Running img_16970.npy ... done (2.39s, 118.64MB)
  Running img_16971.npy ... done (2.39s, 121.92MB)
  Running img_16972.npy ... done (2.63s, 123.01MB)
  Running img_16973.npy ... done (2.42s, 126.89MB)
  Running img_16974.npy ... done (2.48s, 126.14MB)
  Running img_16975.npy ... done (2.42s, 125.02MB)
  Running img_16976.npy ... done (2.55s, 124.62MB)
  Running img_16977.npy ... done (2.50s, 122.46MB)
  Running img_16978.npy ... done (2.49s, 120.45MB)
  Running img_16979.npy ... done (2.37s, 119.80MB)
  Running img_1698.npy ... done (2.50s, 113.47MB)
  Running img_16980.npy ... done (2.51s, 113.19MB)
  Running img_16981.npy ... done (2.44s, 113.27MB)
  Running img_16982.npy ... done (2.42s, 116.32MB)
  Running img_16983.npy ... done (2.45s, 120.52MB)
  Running img_16984.npy ... done (2.46s, 115.82MB)
  Running img_16985.npy ... done (2.45s, 114.46MB)
  Running img_16986.npy ... done (2.40s, 112.49MB)
  Running img_16987.npy ... done (2.47s, 113.79MB)
  Running img_16988.npy ... done (2.37s, 114.63MB)
  Running img_16989.npy ... done (2.38s, 116.44MB)
  Running img_1699.npy ... done (2.44s, 115.29MB)
  Running img_16990.npy ... done (2.52s, 115.34MB)
  Running img_16991.npy ... done (2.61s, 114.20MB)
  Running img_16992.npy ... done (2.41s, 115.73MB)
  Running img_16993.npy ... done (2.39s, 115.21MB)
  Running img_16994.npy ... done (2.49s, 112.17MB)
  Running img_16995.npy ... done (2.56s, 116.61MB)
  Running img_16996.npy ... done (2.50s, 120.05MB)
  Running img_16997.npy ... done (2.57s, 118.74MB)
  Running img_16998.npy ... done (2.46s, 122.58MB)
  Running img_16999.npy ... done (2.50s, 126.80MB)
  Running img_17.npy ... done (2.50s, 130.56MB)
  Running img_170.npy ... done (2.53s, 131.59MB)
  Running img_1700.npy ... done (2.36s, 133.18MB)
  Running img_17000.npy ... done (2.45s, 131.99MB)
  Running img_17001.npy ... done (2.49s, 129.74MB)
  Running img_17002.npy ... done (2.49s, 133.02MB)
  Running img_17003.npy ... done (2.47s, 114.94MB)
  Running img_17004.npy ... done (2.50s, 115.66MB)
  Running img_17005.npy ... done (2.46s, 116.64MB)
  Running img_17006.npy ... done (2.51s, 119.13MB)
  Running img_17007.npy ... done (2.51s, 121.73MB)
  Running img_17008.npy ... done (2.38s, 119.88MB)
  Running img_17009.npy ... done (2.47s, 125.40MB)
  Running img_1701.npy ... done (2.49s, 127.02MB)
  Running img_17010.npy ... done (2.47s, 123.00MB)
  Running img_17011.npy ... done (2.38s, 122.55MB)
  Running img_17012.npy ... done (2.43s, 122.26MB)
  Running img_17013.npy ... done (2.45s, 118.66MB)
  Running img_17014.npy ... done (2.45s, 114.49MB)
  Running img_17015.npy ... done (2.45s, 112.88MB)
  Running img_17016.npy ... done (2.54s, 113.81MB)
  Running img_17017.npy ... done (2.52s, 114.45MB)
  Running img_17018.npy ... done (2.51s, 116.91MB)
  Running img_17019.npy ... done (2.58s, 114.24MB)
  Running img_1702.npy ... done (2.58s, 113.85MB)
  Running img_17020.npy ... done (2.58s, 113.61MB)
  Running img_17021.npy ... done (2.51s, 114.04MB)
  Running img_17022.npy ... done (2.56s, 112.42MB)
  Running img_17023.npy ... done (2.59s, 115.25MB)
  Running img_17024.npy ... done (2.34s, 115.80MB)
  Running img_17025.npy ... done (2.50s, 114.46MB)
  Running img_17026.npy ... done (2.40s, 132.56MB)
  Running img_17027.npy ... done (2.49s, 131.76MB)
  Running img_17028.npy ... done (2.52s, 115.69MB)
  Running img_17029.npy ... done (2.44s, 114.40MB)
  Running img_1703.npy ... done (2.47s, 115.36MB)
  Running img_17030.npy ... done (2.39s, 119.41MB)
  Running img_17031.npy ... done (2.50s, 121.92MB)
  Running img_17032.npy ... done (2.48s, 125.07MB)
  Running img_17033.npy ... done (2.52s, 127.71MB)
  Running img_17034.npy ... done (2.44s, 132.96MB)
  Running img_17035.npy ... done (2.46s, 133.10MB)
  Running img_17036.npy ... done (2.51s, 133.78MB)
  Running img_17037.npy ... done (2.49s, 130.58MB)
  Running img_17038.npy ... done (2.53s, 131.86MB)
  Running img_17039.npy ... done (2.44s, 131.91MB)
  Running img_1704.npy ... done (2.45s, 112.23MB)
  Running img_17040.npy ... done (2.46s, 114.19MB)
  Running img_17041.npy ... done (2.39s, 116.44MB)
  Running img_17042.npy ... done (2.54s, 120.79MB)
  Running img_17043.npy ... done (2.55s, 121.24MB)
  Running img_17044.npy ... done (2.55s, 123.02MB)
  Running img_17045.npy ... done (2.56s, 124.16MB)
  Running img_17046.npy ... done (2.46s, 120.59MB)
  Running img_17047.npy ... done (2.47s, 121.67MB)
  Running img_17048.npy ... done (2.51s, 119.50MB)
  Running img_17049.npy ... done (2.49s, 119.46MB)
  Running img_1705.npy ... done (2.45s, 118.12MB)
  Running img_17050.npy ... done (2.46s, 121.81MB)
  Running img_17051.npy ... done (2.51s, 113.52MB)
  Running img_17052.npy ... done (2.35s, 112.05MB)
  Running img_17053.npy ... done (2.43s, 114.06MB)
  Running img_17054.npy ... done (2.35s, 121.02MB)
  Running img_17055.npy ... done (2.44s, 116.07MB)
  Running img_17056.npy ... done (2.34s, 113.89MB)
  Running img_17057.npy ... done (2.47s, 112.93MB)
  Running img_17058.npy ... done (2.44s, 110.76MB)
  Running img_17059.npy ... done (2.46s, 112.37MB)
  Running img_1706.npy ... done (2.49s, 115.72MB)
  Running img_17060.npy ... done (2.53s, 115.60MB)
  Running img_17061.npy ... done (2.44s, 113.78MB)
  Running img_17062.npy ... done (2.43s, 118.86MB)
  Running img_17063.npy ... done (2.42s, 131.67MB)
  Running img_17064.npy ... done (2.51s, 113.90MB)
  Running img_17065.npy ... done (2.40s, 114.98MB)
  Running img_17066.npy ... done (2.43s, 115.96MB)
  Running img_17067.npy ... done (2.44s, 120.13MB)
  Running img_17068.npy ... done (2.41s, 120.42MB)
  Running img_17069.npy ... done (2.27s, 122.81MB)
  Running img_1707.npy ... done (2.39s, 125.10MB)
  Running img_17070.npy ... done (2.30s, 131.16MB)
  Running img_17071.npy ... done (2.35s, 133.23MB)
  Running img_17072.npy ... done (2.42s, 133.03MB)
  Running img_17073.npy ... done (2.43s, 132.61MB)
  Running img_17074.npy ... done (2.41s, 133.79MB)
  Running img_17075.npy ... done (2.45s, 115.68MB)
  Running img_17076.npy ... done (2.34s, 115.66MB)
  Running img_17077.npy ... done (2.54s, 114.90MB)
  Running img_17078.npy ... done (2.57s, 119.06MB)
  Running img_17079.npy ... done (2.35s, 120.20MB)
  Running img_1708.npy ... done (2.32s, 122.85MB)
  Running img_17080.npy ... done (2.49s, 125.14MB)
  Running img_17081.npy ... done (2.50s, 128.53MB)
  Running img_17082.npy ... done (2.45s, 132.19MB)
  Running img_17083.npy ... done (2.47s, 129.57MB)
  Running img_17084.npy ... done (2.63s, 125.35MB)
  Running img_17085.npy ... done (2.52s, 123.82MB)
  Running img_17086.npy ... done (2.36s, 121.42MB)
  Running img_17087.npy ... done (2.53s, 121.70MB)
  Running img_17088.npy ... done (2.46s, 114.36MB)
  Running img_17089.npy ... done (2.44s, 113.98MB)
  Running img_1709.npy ... done (2.44s, 110.90MB)
  Running img_17090.npy ... done (2.42s, 115.77MB)
  Running img_17091.npy ... done (2.38s, 117.29MB)
  Running img_17092.npy ... done (2.40s, 120.08MB)
  Running img_17093.npy ... done (2.49s, 120.33MB)
  Running img_17094.npy ... done (2.35s, 119.15MB)
  Running img_17095.npy ... done (2.45s, 118.63MB)
  Running img_17096.npy ... done (2.67s, 116.82MB)
  Running img_17097.npy ... done (2.33s, 115.92MB)
  Running img_17098.npy ... done (2.32s, 115.63MB)
  Running img_17099.npy ... done (2.19s, 116.62MB)
  Running img_171.npy ... done (2.29s, 113.94MB)
  Running img_1710.npy ... done (2.17s, 113.98MB)
  Running img_17100.npy ... done (2.30s, 115.96MB)
  Running img_17101.npy ... done (2.20s, 111.63MB)
  Running img_17102.npy ... done (2.20s, 112.98MB)
  Running img_17103.npy ... done (2.38s, 121.85MB)
  Running img_17104.npy ... done (2.45s, 124.79MB)
  Running img_17105.npy ... done (2.55s, 127.62MB)
  Running img_17106.npy ... done (2.58s, 132.34MB)
  Running img_17107.npy ... done (2.42s, 133.98MB)
  Running img_17108.npy ... done (2.53s, 132.39MB)
  Running img_17109.npy ... done (2.46s, 132.75MB)
  Running img_1711.npy ... done (2.51s, 133.11MB)
  Running img_17110.npy ... done (2.35s, 121.89MB)
  Running img_17111.npy ... done (2.35s, 114.19MB)
  Running img_17112.npy ... done (2.29s, 114.07MB)
  Running img_17113.npy ... done (2.39s, 114.18MB)
  Running img_17114.npy ... done (2.25s, 119.26MB)
  Running img_17115.npy ... done (2.21s, 120.52MB)
  Running img_17116.npy ... done (2.32s, 124.27MB)
  Running img_17117.npy ... done (2.41s, 126.92MB)
  Running img_17118.npy ... done (2.47s, 122.72MB)
  Running img_17119.npy ... done (2.41s, 121.34MB)
  Running img_1712.npy ... done (2.39s, 120.53MB)
  Running img_17120.npy ... done (2.45s, 119.86MB)
  Running img_17121.npy ... done (2.45s, 120.84MB)
  Running img_17122.npy ... done (2.50s, 121.85MB)
  Running img_17123.npy ... done (2.49s, 119.05MB)
  Running img_17124.npy ... done (2.33s, 112.05MB)
  Running img_17125.npy ... done (2.51s, 112.29MB)
  Running img_17126.npy ... done (2.49s, 113.06MB)
  Running img_17127.npy ... done (2.48s, 119.75MB)
  Running img_17128.npy ... done (2.47s, 116.44MB)
  Running img_17129.npy ... done (2.48s, 115.03MB)
  Running img_1713.npy ... done (2.53s, 113.29MB)
  Running img_17130.npy ... done (2.52s, 115.14MB)
  Running img_17131.npy ... done (2.44s, 116.69MB)
  Running img_17132.npy ... done (2.28s, 117.00MB)
  Running img_17133.npy ... done (2.43s, 114.56MB)
  Running img_17134.npy ... done (2.48s, 115.43MB)
  Running img_17135.npy ... done (2.45s, 114.93MB)
  Running img_17136.npy ... done (2.48s, 115.68MB)
  Running img_17137.npy ... done (2.59s, 113.47MB)
  Running img_17138.npy ... done (2.46s, 113.54MB)
  Running img_17139.npy ... done (2.49s, 115.51MB)
  Running img_1714.npy ... done (2.51s, 122.36MB)
  Running img_17140.npy ... done (2.48s, 124.38MB)
  Running img_17141.npy ... done (2.35s, 131.09MB)
  Running img_17142.npy ... done (2.50s, 132.32MB)
  Running img_17143.npy ... done (2.55s, 133.68MB)
  Running img_17144.npy ... done (2.52s, 133.27MB)
  Running img_17145.npy ... done (2.54s, 132.55MB)
  Running img_17146.npy ... done (2.36s, 133.58MB)
  Running img_17147.npy ... done (2.52s, 113.23MB)
  Running img_17148.npy ... done (2.50s, 115.35MB)
  Running img_17149.npy ... done (2.48s, 116.64MB)
  Running img_1715.npy ... done (2.48s, 121.25MB)
  Running img_17150.npy ... done (2.51s, 120.90MB)
  Running img_17151.npy ... done (2.52s, 122.12MB)
  Running img_17152.npy ... done (2.39s, 125.34MB)
  Running img_17153.npy ... done (2.59s, 127.50MB)
  Running img_17154.npy ... done (2.52s, 129.21MB)
  Running img_17155.npy ... done (2.49s, 125.82MB)
  Running img_17156.npy ... done (2.56s, 125.80MB)
  Running img_17157.npy ... done (2.51s, 124.22MB)
  Running img_17158.npy ... done (2.28s, 123.71MB)
  Running img_17159.npy ... done (2.42s, 120.62MB)
  Running img_1716.npy ... done (2.46s, 114.06MB)
  Running img_17160.npy ... done (2.40s, 112.61MB)
  Running img_17161.npy ... done (2.52s, 112.76MB)
  Running img_17162.npy ... done (2.53s, 114.88MB)
  Running img_17163.npy ... done (2.34s, 113.65MB)
  Running img_17164.npy ... done (2.39s, 118.84MB)
  Running img_17165.npy ... done (2.52s, 116.21MB)
  Running img_17166.npy ... done (2.52s, 113.65MB)
  Running img_17167.npy ... done (2.45s, 112.06MB)
  Running img_17168.npy ... done (2.28s, 114.75MB)
  Running img_17169.npy ... done (2.44s, 115.00MB)
  Running img_1717.npy ... done (2.47s, 114.66MB)
  Running img_17170.npy ... done (2.44s, 114.92MB)
  Running img_17171.npy ... done (2.44s, 115.19MB)
  Running img_17172.npy ... done (2.55s, 114.63MB)
  Running img_17173.npy ... done (2.48s, 114.05MB)
  Running img_17174.npy ... done (2.50s, 115.65MB)
  Running img_17175.npy ... done (2.42s, 114.43MB)
  Running img_17176.npy ... done (2.31s, 119.93MB)
  Running img_17177.npy ... done (2.49s, 120.30MB)
  Running img_17178.npy ... done (2.45s, 123.96MB)
  Running img_17179.npy ... done (2.45s, 125.38MB)
  Running img_1718.npy ... done (2.50s, 130.33MB)
  Running img_17180.npy ... done (2.56s, 134.52MB)
  Running img_17181.npy ... done (2.52s, 133.37MB)
  Running img_17182.npy ... done (2.48s, 132.75MB)
  Running img_17183.npy ... done (2.52s, 132.82MB)
  Running img_17184.npy ... done (2.49s, 133.73MB)
  Running img_17185.npy ... done (2.38s, 112.58MB)
  Running img_17186.npy ... done (2.34s, 114.59MB)
  Running img_17187.npy ... done (2.43s, 115.04MB)
  Running img_17188.npy ... done (2.43s, 119.00MB)
  Running img_17189.npy ... done (2.52s, 121.86MB)
  Running img_1719.npy ... done (2.54s, 122.43MB)
  Running img_17190.npy ... done (2.31s, 129.24MB)
  Running img_17191.npy ... done (2.58s, 129.29MB)
  Running img_17192.npy ... done (2.50s, 126.40MB)
  Running img_17193.npy ... done (2.43s, 125.89MB)
  Running img_17194.npy ... done (2.51s, 125.76MB)
  Running img_17195.npy ... done (2.49s, 124.10MB)
  Running img_17196.npy ... done (2.50s, 121.67MB)
  Running img_17197.npy ... done (2.50s, 111.59MB)
  Running img_17198.npy ... done (2.41s, 113.46MB)
  Running img_17199.npy ... done (2.42s, 113.87MB)
  Running img_172.npy ... done (2.55s, 115.84MB)
  Running img_1720.npy ... done (2.50s, 119.59MB)
  Running img_17200.npy ... done (2.49s, 121.16MB)
  Running img_17201.npy ... done (2.53s, 118.08MB)
  Running img_17202.npy ... done (2.55s, 120.14MB)
  Running img_17203.npy ... done (2.44s, 116.11MB)
  Running img_17204.npy ... done (2.28s, 116.93MB)
  Running img_17205.npy ... done (2.42s, 115.88MB)
  Running img_17206.npy ... done (2.47s, 118.21MB)
  Running img_17207.npy ... done (2.35s, 117.96MB)
  Running img_17208.npy ... done (2.43s, 109.86MB)
  Running img_17209.npy ... done (2.50s, 113.12MB)
  Running img_1721.npy ... done (2.54s, 115.35MB)
  Running img_17210.npy ... done (2.51s, 113.02MB)
  Running img_17211.npy ... done (2.49s, 113.30MB)
  Running img_17212.npy ... done (2.36s, 113.41MB)
  Running img_17213.npy ... done (2.58s, 113.70MB)
  Running img_17214.npy ... done (2.54s, 120.36MB)
  Running img_17215.npy ... done (2.41s, 127.63MB)
  Running img_17216.npy ... done (2.57s, 129.07MB)
  Running img_17217.npy ... done (2.50s, 132.40MB)
  Running img_17218.npy ... done (2.47s, 133.29MB)
  Running img_17219.npy ... done (2.30s, 134.63MB)
  Running img_1722.npy ... done (2.50s, 116.60MB)
  Running img_17220.npy ... done (2.39s, 114.68MB)
  Running img_17221.npy ... done (2.47s, 114.95MB)
  Running img_17222.npy ... done (2.49s, 116.82MB)
  Running img_17223.npy ... done (2.47s, 121.36MB)
  Running img_17224.npy ... done (2.39s, 122.00MB)
  Running img_17225.npy ... done (2.39s, 124.81MB)
  Running img_17226.npy ... done (2.55s, 129.29MB)
  Running img_17227.npy ... done (2.44s, 132.37MB)
  Running img_17228.npy ... done (2.55s, 127.41MB)
  Running img_17229.npy ... done (2.31s, 126.77MB)
  Running img_1723.npy ... done (2.38s, 126.12MB)
  Running img_17230.npy ... done (2.53s, 124.38MB)
  Running img_17231.npy ... done (2.44s, 125.27MB)
  Running img_17232.npy ... done (2.51s, 112.80MB)
  Running img_17233.npy ... done (2.46s, 113.72MB)
  Running img_17234.npy ... done (2.55s, 112.65MB)
  Running img_17235.npy ... done (2.44s, 116.20MB)
  Running img_17236.npy ... done (2.49s, 120.42MB)
  Running img_17237.npy ... done (2.47s, 120.70MB)
  Running img_17238.npy ... done (2.49s, 120.09MB)
  Running img_17239.npy ... done (2.55s, 120.86MB)
  Running img_1724.npy ... done (2.44s, 118.21MB)
  Running img_17240.npy ... done (2.39s, 118.56MB)
  Running img_17241.npy ... done (2.47s, 119.58MB)
  Running img_17242.npy ... done (2.49s, 116.45MB)
  Running img_17243.npy ... done (2.27s, 115.30MB)
  Running img_17244.npy ... done (2.44s, 116.80MB)
  Running img_17245.npy ... done (2.31s, 113.82MB)
  Running img_17246.npy ... done (2.38s, 115.16MB)
  Running img_17247.npy ... done (2.41s, 114.68MB)
  Running img_17248.npy ... done (2.37s, 114.62MB)
  Running img_17249.npy ... done (2.55s, 113.38MB)
  Running img_1725.npy ... done (2.39s, 111.05MB)
  Running img_17250.npy ... done (2.45s, 111.57MB)
  Running img_17251.npy ... done (2.40s, 128.90MB)
  Running img_17252.npy ... done (2.28s, 130.83MB)
  Running img_17253.npy ... done (2.50s, 133.26MB)
  Running img_17254.npy ... done (2.54s, 135.07MB)
  Running img_17255.npy ... done (2.45s, 133.70MB)
  Running img_17256.npy ... done (2.38s, 123.09MB)
  Running img_17257.npy ... done (2.41s, 114.05MB)
  Running img_17258.npy ... done (2.42s, 114.00MB)
  Running img_17259.npy ... done (2.47s, 116.65MB)
  Running img_1726.npy ... done (2.45s, 118.84MB)
  Running img_17260.npy ... done (2.43s, 120.54MB)
  Running img_17261.npy ... done (2.46s, 124.23MB)
  Running img_17262.npy ... done (2.43s, 127.84MB)
  Running img_17263.npy ... done (2.51s, 132.06MB)
  Running img_17264.npy ... done (2.46s, 130.91MB)
  Running img_17265.npy ... done (2.53s, 132.17MB)
  Running img_17266.npy ... done (2.47s, 129.05MB)
  Running img_17267.npy ... done (2.46s, 127.71MB)
  Running img_17268.npy ... done (2.32s, 125.90MB)
  Running img_17269.npy ... done (2.34s, 112.77MB)
  Running img_1727.npy ... done (2.43s, 112.72MB)
  Running img_17270.npy ... done (2.33s, 113.27MB)
  Running img_17271.npy ... done (2.61s, 115.72MB)
  Running img_17272.npy ... done (2.51s, 118.45MB)
  Running img_17273.npy ... done (2.53s, 119.68MB)
  Running img_17274.npy ... done (2.43s, 120.90MB)
  Running img_17275.npy ... done (2.46s, 121.00MB)
  Running img_17276.npy ... done (2.42s, 119.05MB)
  Running img_17277.npy ... done (2.31s, 119.08MB)
  Running img_17278.npy ... done (2.44s, 120.59MB)
  Running img_17279.npy ... done (2.44s, 120.99MB)
  Running img_1728.npy ... done (2.59s, 113.61MB)
  Running img_17280.npy ... done (2.44s, 113.69MB)
  Running img_17281.npy ... done (2.35s, 115.45MB)
  Running img_17282.npy ... done (2.47s, 114.69MB)
  Running img_17283.npy ... done (2.47s, 112.77MB)
  Running img_17284.npy ... done (2.38s, 114.39MB)
  Running img_17285.npy ... done (2.34s, 111.38MB)
  Running img_17286.npy ... done (2.52s, 111.26MB)
  Running img_17287.npy ... done (2.47s, 114.41MB)
  Running img_17288.npy ... done (2.52s, 117.60MB)
  Running img_17289.npy ... done (2.68s, 132.07MB)
  Running img_1729.npy ... done (2.39s, 133.43MB)
  Running img_17290.npy ... done (2.49s, 117.70MB)
  Running img_17291.npy ... done (2.43s, 116.19MB)
  Running img_17292.npy ... done (2.45s, 115.12MB)
  Running img_17293.npy ... done (2.52s, 115.87MB)
  Running img_17294.npy ... done (2.52s, 120.80MB)
  Running img_17295.npy ... done (2.45s, 121.55MB)
  Running img_17296.npy ... done (2.36s, 122.90MB)
  Running img_17297.npy ... done (2.41s, 127.51MB)
  Running img_17298.npy ... done (2.43s, 131.54MB)
  Running img_17299.npy ... done (2.43s, 130.97MB)
  Running img_173.npy ... done (2.41s, 130.34MB)
  Running img_1730.npy ... done (2.26s, 131.36MB)
  Running img_17300.npy ... done (2.48s, 130.07MB)
  Running img_17301.npy ... done (2.54s, 120.20MB)
  Running img_17302.npy ... done (2.53s, 113.78MB)
  Running img_17303.npy ... done (2.35s, 115.02MB)
  Running img_17304.npy ... done (2.08s, 115.71MB)
  Running img_17305.npy ... done (2.09s, 126.25MB)
  Running img_17306.npy ... done (2.06s, 124.05MB)
  Running img_17307.npy ... done (2.07s, 125.23MB)
  Running img_17308.npy ... done (2.07s, 123.98MB)
  Running img_17309.npy ... done (2.01s, 120.43MB)
  Running img_1731.npy ... done (2.07s, 123.74MB)
  Running img_17310.npy ... done (2.00s, 120.45MB)
  Running img_17311.npy ... done (1.97s, 123.02MB)
  Running img_17312.npy ... done (1.98s, 119.77MB)
  Running img_17313.npy ... done (2.05s, 122.66MB)
  Running img_17314.npy ... done (2.01s, 119.82MB)
  Running img_17315.npy ... done (2.01s, 122.84MB)
  Running img_17316.npy ... done (2.02s, 119.69MB)
  Running img_17317.npy ... done (2.01s, 121.02MB)
  Running img_17318.npy ... done (1.94s, 118.81MB)
  Running img_17319.npy ... done (2.00s, 120.84MB)
  Running img_1732.npy ... done (1.97s, 118.54MB)
  Running img_17320.npy ... done (2.00s, 120.05MB)
  Running img_17321.npy ... done (2.02s, 120.37MB)
  Running img_17322.npy ... done (2.02s, 117.95MB)
  Running img_17323.npy ... done (2.01s, 117.73MB)
  Running img_17324.npy ... done (2.08s, 115.70MB)
  Running img_17325.npy ... done (2.00s, 114.78MB)
  Running img_17326.npy ... done (2.03s, 115.98MB)
  Running img_17327.npy ... done (2.17s, 114.45MB)
  Running img_17328.npy ... done (2.06s, 117.43MB)
  Running img_17329.npy ... done (2.05s, 114.61MB)
  Running img_1733.npy ... done (2.05s, 116.80MB)
  Running img_17330.npy ... done (2.02s, 115.78MB)
  Running img_17331.npy ... done (1.93s, 117.99MB)
  Running img_17332.npy ... done (2.07s, 132.48MB)
  Running img_17333.npy ... done (2.01s, 129.07MB)
  Running img_17334.npy ... done (2.02s, 133.36MB)
  Running img_17335.npy ... done (2.02s, 135.29MB)
  Running img_17336.npy ... done (2.05s, 133.32MB)
  Running img_17337.npy ... done (2.02s, 133.58MB)
  Running img_17338.npy ... done (1.98s, 133.72MB)
  Running img_17339.npy ... done (1.94s, 134.06MB)
  Running img_1734.npy ... done (1.96s, 133.43MB)
  Running img_17340.npy ... done (1.97s, 133.53MB)
  Running img_17341.npy ... done (1.97s, 132.50MB)
  Running img_17342.npy ... done (1.91s, 132.43MB)
  Running img_17343.npy ... done (2.05s, 133.70MB)
  Running img_17344.npy ... done (2.02s, 133.41MB)
  Running img_17345.npy ... done (1.95s, 133.51MB)
  Running img_17346.npy ... done (2.01s, 133.63MB)
  Running img_17347.npy ... done (2.06s, 134.77MB)
  Running img_17348.npy ... done (2.01s, 134.91MB)
  Running img_17349.npy ... done (2.14s, 134.75MB)
  Running img_1735.npy ... done (1.93s, 135.05MB)
  Running img_17350.npy ... done (2.03s, 134.80MB)
  Running img_17351.npy ... done (1.99s, 134.94MB)
  Running img_17352.npy ... done (1.98s, 134.87MB)
  Running img_17353.npy ... done (2.00s, 134.93MB)
  Running img_17354.npy ... done (2.07s, 134.95MB)
  Running img_17355.npy ... done (2.05s, 134.94MB)
  Running img_17356.npy ... done (2.01s, 134.88MB)
  Running img_17357.npy ... done (2.09s, 134.68MB)
  Running img_17358.npy ... done (1.99s, 134.96MB)
  Running img_17359.npy ... done (1.95s, 135.05MB)
  Running img_1736.npy ... done (2.02s, 134.71MB)
  Running img_17360.npy ... done (1.99s, 135.07MB)
  Running img_17361.npy ... done (2.02s, 134.77MB)
  Running img_17362.npy ... done (1.97s, 134.95MB)
  Running img_17363.npy ... done (1.94s, 134.46MB)
  Running img_17364.npy ... done (2.04s, 134.94MB)
  Running img_17365.npy ... done (2.07s, 134.59MB)
  Running img_17366.npy ... done (1.93s, 133.16MB)
  Running img_17367.npy ... done (1.94s, 133.08MB)
  Running img_17368.npy ... done (1.89s, 133.30MB)
  Running img_17369.npy ... done (2.00s, 132.93MB)
  Running img_1737.npy ... done (2.14s, 133.29MB)
  Running img_17370.npy ... done (2.09s, 134.32MB)
  Running img_17371.npy ... done (2.02s, 133.66MB)
  Running img_17372.npy ... done (2.03s, 133.44MB)
  Running img_17373.npy ... done (2.04s, 134.90MB)
  Running img_17374.npy ... done (1.93s, 133.25MB)
  Running img_17375.npy ... done (1.89s, 132.80MB)
  Running img_17376.npy ... done (1.96s, 133.20MB)
  Running img_17377.npy ... done (1.89s, 133.33MB)
  Running img_17378.npy ... done (2.03s, 132.96MB)
  Running img_17379.npy ... done (2.09s, 133.25MB)
  Running img_1738.npy ... done (2.07s, 132.80MB)
  Running img_17380.npy ... done (1.99s, 132.77MB)
  Running img_17381.npy ... done (2.03s, 133.15MB)
  Running img_17382.npy ... done (2.06s, 132.57MB)
  Running img_17383.npy ... done (2.07s, 129.14MB)
  Running img_17384.npy ... done (1.97s, 130.82MB)
  Running img_17385.npy ... done (2.05s, 127.40MB)
  Running img_17386.npy ... done (2.01s, 128.13MB)
  Running img_17387.npy ... done (1.96s, 127.08MB)
  Running img_17388.npy ... done (1.96s, 127.42MB)
  Running img_17389.npy ... done (2.06s, 127.03MB)
  Running img_1739.npy ... done (2.11s, 125.57MB)
  Running img_17390.npy ... done (2.08s, 124.27MB)
  Running img_17391.npy ... done (2.04s, 124.58MB)
  Running img_17392.npy ... done (2.03s, 122.70MB)
  Running img_17393.npy ... done (2.03s, 119.97MB)
  Running img_17394.npy ... done (1.98s, 121.80MB)
  Running img_17395.npy ... done (2.04s, 117.70MB)
  Running img_17396.npy ... done (2.03s, 121.92MB)
  Running img_17397.npy ... done (2.02s, 119.21MB)
  Running img_17398.npy ... done (2.08s, 120.66MB)
  Running img_17399.npy ... done (2.00s, 121.52MB)
  Running img_174.npy ... done (1.98s, 121.27MB)
  Running img_1740.npy ... done (2.02s, 119.08MB)
  Running img_17400.npy ... done (2.06s, 117.15MB)
  Running img_17401.npy ... done (1.99s, 118.02MB)
  Running img_17402.npy ... done (2.04s, 116.43MB)
  Running img_17403.npy ... done (2.00s, 114.50MB)
  Running img_17404.npy ... done (1.94s, 117.05MB)
  Running img_17405.npy ... done (2.01s, 114.28MB)
  Running img_17406.npy ... done (1.90s, 117.11MB)
  Running img_17407.npy ... done (2.00s, 114.44MB)
  Running img_17408.npy ... done (2.06s, 116.98MB)
  Running img_17409.npy ... done (1.94s, 113.85MB)
  Running img_1741.npy ... done (1.94s, 115.51MB)
  Running img_17410.npy ... done (1.96s, 116.16MB)
  Running img_17411.npy ... done (2.10s, 116.14MB)
  Running img_17412.npy ... done (2.27s, 114.16MB)
  Running img_17413.npy ... done (2.05s, 115.59MB)
  Running img_17414.npy ... done (2.02s, 116.84MB)
  Running img_17415.npy ... done (2.11s, 118.11MB)
  Running img_17416.npy ... done (2.02s, 134.83MB)
  Running img_17417.npy ... done (2.03s, 134.23MB)
  Running img_17418.npy ... done (2.00s, 132.89MB)
  Running img_17419.npy ... done (2.06s, 132.93MB)
  Running img_1742.npy ... done (2.00s, 133.38MB)
  Running img_17420.npy ... done (2.03s, 133.48MB)
  Running img_17421.npy ... done (2.04s, 132.71MB)
  Running img_17422.npy ... done (1.93s, 133.75MB)
  Running img_17423.npy ... done (2.04s, 133.27MB)
  Running img_17424.npy ... done (2.05s, 134.71MB)
  Running img_17425.npy ... done (2.01s, 134.83MB)
  Running img_17426.npy ... done (2.00s, 135.02MB)
  Running img_17427.npy ... done (1.99s, 133.31MB)
  Running img_17428.npy ... done (2.00s, 134.77MB)
  Running img_17429.npy ... done (2.06s, 132.98MB)
  Running img_1743.npy ... done (1.98s, 135.15MB)
  Running img_17430.npy ... done (1.91s, 134.43MB)
  Running img_17431.npy ... done (1.95s, 134.61MB)
  Running img_17432.npy ... done (1.95s, 134.54MB)
  Running img_17433.npy ... done (2.37s, 135.11MB)
  Running img_17434.npy ... done (2.03s, 133.47MB)
  Running img_17435.npy ... done (2.00s, 134.77MB)
  Running img_17436.npy ... done (1.98s, 133.22MB)
  Running img_17437.npy ... done (2.00s, 134.90MB)
  Running img_17438.npy ... done (2.00s, 132.88MB)
  Running img_17439.npy ... done (2.00s, 134.75MB)
  Running img_1744.npy ... done (1.99s, 134.05MB)
  Running img_17440.npy ... done (2.04s, 134.84MB)
  Running img_17441.npy ... done (1.90s, 132.56MB)
  Running img_17442.npy ... done (1.84s, 134.79MB)
  Running img_17443.npy ... done (1.97s, 132.75MB)
  Running img_17444.npy ... done (1.96s, 134.89MB)
  Running img_17445.npy ... done (1.98s, 132.98MB)
  Running img_17446.npy ... done (2.07s, 134.62MB)
  Running img_17447.npy ... done (1.95s, 133.14MB)
  Running img_17448.npy ... done (1.98s, 134.65MB)
  Running img_17449.npy ... done (2.04s, 131.82MB)
  Running img_1745.npy ... done (2.00s, 134.84MB)
  Running img_17450.npy ... done (2.07s, 131.99MB)
  Running img_17451.npy ... done (2.06s, 133.52MB)
  Running img_17452.npy ... done (2.08s, 134.47MB)
  Running img_17453.npy ... done (1.98s, 134.81MB)
  Running img_17454.npy ... done (2.15s, 132.97MB)
  Running img_17455.npy ... done (2.12s, 134.48MB)
  Running img_17456.npy ... done (2.03s, 133.23MB)
  Running img_17457.npy ... done (2.07s, 132.81MB)
  Running img_17458.npy ... done (2.05s, 133.13MB)
  Running img_17459.npy ... done (2.04s, 133.32MB)
  Running img_1746.npy ... done (1.98s, 132.91MB)
  Running img_17460.npy ... done (1.97s, 133.23MB)
  Running img_17461.npy ... done (2.06s, 133.17MB)
  Running img_17462.npy ... done (2.01s, 132.97MB)
  Running img_17463.npy ... done (2.00s, 133.00MB)
  Running img_17464.npy ... done (2.05s, 132.75MB)
  Running img_17465.npy ... done (2.08s, 129.47MB)
  Running img_17466.npy ... done (2.02s, 128.82MB)
  Running img_17467.npy ... done (2.04s, 127.73MB)
  Running img_17468.npy ... done (2.07s, 128.29MB)
  Running img_17469.npy ... done (2.03s, 126.86MB)
  Running img_1747.npy ... done (2.02s, 127.38MB)
  Running img_17470.npy ... done (2.02s, 127.04MB)
  Running img_17471.npy ... done (1.97s, 127.43MB)
  Running img_17472.npy ... done (2.00s, 126.85MB)
  Running img_17473.npy ... done (2.02s, 124.91MB)
  Running img_17474.npy ... done (2.00s, 125.13MB)
  Running img_17475.npy ... done (1.94s, 126.31MB)
  Running img_17476.npy ... done (2.05s, 124.96MB)
  Running img_17477.npy ... done (2.38s, 129.70MB)
  Running img_17478.npy ... done (2.01s, 127.09MB)
  Running img_17479.npy ... done (1.99s, 128.16MB)
  Running img_1748.npy ... done (1.99s, 127.30MB)
  Running img_17480.npy ... done (2.04s, 125.07MB)
  Running img_17481.npy ... done (1.99s, 125.71MB)
  Running img_17482.npy ... done (1.95s, 122.56MB)
  Running img_17483.npy ... done (1.98s, 124.63MB)
  Running img_17484.npy ... done (2.03s, 120.66MB)
  Running img_17485.npy ... done (2.04s, 123.97MB)
  Running img_17486.npy ... done (1.98s, 121.33MB)
  Running img_17487.npy ... done (2.02s, 124.04MB)
  Running img_17488.npy ... done (1.97s, 121.74MB)
  Running img_17489.npy ... done (1.97s, 122.86MB)
  Running img_1749.npy ... done (2.01s, 121.40MB)
  Running img_17490.npy ... done (1.98s, 122.81MB)
  Running img_17491.npy ... done (1.95s, 121.33MB)
  Running img_17492.npy ... done (2.02s, 122.15MB)
  Running img_17493.npy ... done (2.03s, 121.21MB)
  Running img_17494.npy ... done (2.06s, 122.46MB)
  Running img_17495.npy ... done (2.08s, 120.46MB)
  Running img_17496.npy ... done (2.01s, 119.17MB)
  Running img_17497.npy ... done (2.20s, 120.46MB)
  Running img_17498.npy ... done (1.98s, 118.79MB)
  Running img_17499.npy ... done (2.04s, 117.20MB)
  Running img_175.npy ... done (2.01s, 118.45MB)
  Running img_1750.npy ... done (1.97s, 117.40MB)
  Running img_17500.npy ... done (1.99s, 117.91MB)
  Running img_17501.npy ... done (2.01s, 116.25MB)
  Running img_17502.npy ... done (2.00s, 118.20MB)
  Running img_17503.npy ... done (2.03s, 116.55MB)
  Running img_17504.npy ... done (2.00s, 117.14MB)
  Running img_17505.npy ... done (2.04s, 115.73MB)
  Running img_17506.npy ... done (2.01s, 113.35MB)
  Running img_17507.npy ... done (1.99s, 116.46MB)
  Running img_17508.npy ... done (2.06s, 131.38MB)
  Running img_17509.npy ... done (2.00s, 134.62MB)
  Running img_1751.npy ... done (2.02s, 132.52MB)
  Running img_17510.npy ... done (2.01s, 135.75MB)
  Running img_17511.npy ... done (2.00s, 132.95MB)
  Running img_17512.npy ... done (2.00s, 132.75MB)
  Running img_17513.npy ... done (1.97s, 132.64MB)
  Running img_17514.npy ... done (1.97s, 134.44MB)
  Running img_17515.npy ... done (1.82s, 132.66MB)
  Running img_17516.npy ... done (2.00s, 133.26MB)
  Running img_17517.npy ... done (2.01s, 132.42MB)
  Running img_17518.npy ... done (2.15s, 134.68MB)
  Running img_17519.npy ... done (1.98s, 135.75MB)
  Running img_1752.npy ... done (2.04s, 133.28MB)
  Running img_17520.npy ... done (1.95s, 133.03MB)
  Running img_17521.npy ... done (2.02s, 133.70MB)
  Running img_17522.npy ... done (2.04s, 133.82MB)
  Running img_17523.npy ... done (2.03s, 133.84MB)
  Running img_17524.npy ... done (2.03s, 133.27MB)
  Running img_17525.npy ... done (1.99s, 135.23MB)
  Running img_17526.npy ... done (2.01s, 134.45MB)
  Running img_17527.npy ... done (2.01s, 134.86MB)
  Running img_17528.npy ... done (1.96s, 133.09MB)
  Running img_17529.npy ... done (2.04s, 134.61MB)
  Running img_1753.npy ... done (2.06s, 132.57MB)
  Running img_17530.npy ... done (2.04s, 134.57MB)
  Running img_17531.npy ... done (2.05s, 134.32MB)
  Running img_17532.npy ... done (2.00s, 134.88MB)
  Running img_17533.npy ... done (2.01s, 134.47MB)
  Running img_17534.npy ... done (2.03s, 134.71MB)
  Running img_17535.npy ... done (2.02s, 133.12MB)
  Running img_17536.npy ... done (2.07s, 134.75MB)
  Running img_17537.npy ... done (1.91s, 134.21MB)
  Running img_17538.npy ... done (1.96s, 134.61MB)
  Running img_17539.npy ... done (2.06s, 134.58MB)
  Running img_1754.npy ... done (1.97s, 132.89MB)
  Running img_17540.npy ... done (2.45s, 133.01MB)
  Running img_17541.npy ... done (2.01s, 133.36MB)
  Running img_17542.npy ... done (2.03s, 133.09MB)
  Running img_17543.npy ... done (2.03s, 131.91MB)
  Running img_17544.npy ... done (2.06s, 132.82MB)
  Running img_17545.npy ... done (2.04s, 132.21MB)
  Running img_17546.npy ... done (2.06s, 132.25MB)
  Running img_17547.npy ... done (2.02s, 128.83MB)
  Running img_17548.npy ... done (2.00s, 130.16MB)
  Running img_17549.npy ... done (2.00s, 128.37MB)
  Running img_1755.npy ... done (2.08s, 127.92MB)
  Running img_17550.npy ... done (2.01s, 128.94MB)
  Running img_17551.npy ... done (2.04s, 126.99MB)
  Running img_17552.npy ... done (1.93s, 124.63MB)
  Running img_17553.npy ... done (1.93s, 127.10MB)
  Running img_17554.npy ... done (1.93s, 122.95MB)
  Running img_17555.npy ... done (1.97s, 125.58MB)
  Running img_17556.npy ... done (1.87s, 121.81MB)
  Running img_17557.npy ... done (1.89s, 123.57MB)
  Running img_17558.npy ... done (1.91s, 120.05MB)
  Running img_17559.npy ... done (1.92s, 123.61MB)
  Running img_1756.npy ... done (1.88s, 120.69MB)
  Running img_17560.npy ... done (1.88s, 122.80MB)
  Running img_17561.npy ... done (1.86s, 120.46MB)
  Running img_17562.npy ... done (2.05s, 122.12MB)
  Running img_17563.npy ... done (1.89s, 119.51MB)
  Running img_17564.npy ... done (1.93s, 120.19MB)
  Running img_17565.npy ... done (1.87s, 117.38MB)
  Running img_17566.npy ... done (1.88s, 118.08MB)
  Running img_17567.npy ... done (1.90s, 116.77MB)
  Running img_17568.npy ... done (1.85s, 117.99MB)
  Running img_17569.npy ... done (1.85s, 116.19MB)
  Running img_1757.npy ... done (1.86s, 117.43MB)
  Running img_17570.npy ... done (1.85s, 116.16MB)
  Running img_17571.npy ... done (1.86s, 117.70MB)
  Running img_17572.npy ... done (1.93s, 116.10MB)
  Running img_17573.npy ... done (1.90s, 117.21MB)
  Running img_17574.npy ... done (1.90s, 116.63MB)
  Running img_17575.npy ... done (1.87s, 126.54MB)
  Running img_17576.npy ... done (1.91s, 133.72MB)
  Running img_17577.npy ... done (1.89s, 135.62MB)
  Running img_17578.npy ... done (1.96s, 133.43MB)
  Running img_17579.npy ... done (1.82s, 133.57MB)
  Running img_1758.npy ... done (1.92s, 133.41MB)
  Running img_17580.npy ... done (1.96s, 134.13MB)
  Running img_17581.npy ... done (1.96s, 134.61MB)
  Running img_17582.npy ... done (1.93s, 134.49MB)
  Running img_17583.npy ... done (1.89s, 134.66MB)
  Running img_17584.npy ... done (1.98s, 134.07MB)
  Running img_17585.npy ... done (2.20s, 134.79MB)
  Running img_17586.npy ... done (2.01s, 132.49MB)
  Running img_17587.npy ... done (1.89s, 134.87MB)
  Running img_17588.npy ... done (1.94s, 132.53MB)
  Running img_17589.npy ... done (1.96s, 134.62MB)
  Running img_1759.npy ... done (2.03s, 132.52MB)
  Running img_17590.npy ... done (2.01s, 134.64MB)
  Running img_17591.npy ... done (1.99s, 134.29MB)
  Running img_17592.npy ... done (1.97s, 134.55MB)
  Running img_17593.npy ... done (2.00s, 132.83MB)
  Running img_17594.npy ... done (2.03s, 134.64MB)
  Running img_17595.npy ... done (1.98s, 131.32MB)
  Running img_17596.npy ... done (1.93s, 134.61MB)
  Running img_17597.npy ... done (2.03s, 132.13MB)
  Running img_17598.npy ... done (2.07s, 134.56MB)
  Running img_17599.npy ... done (1.99s, 131.75MB)
  Running img_176.npy ... done (2.02s, 133.40MB)
  Running img_1760.npy ... done (2.02s, 133.20MB)
  Running img_17600.npy ... done (1.99s, 133.14MB)
  Running img_17601.npy ... done (2.04s, 133.02MB)
  Running img_17602.npy ... done (2.04s, 133.22MB)
  Running img_17603.npy ... done (2.06s, 132.91MB)
  Running img_17604.npy ... done (1.98s, 133.25MB)
  Running img_17605.npy ... done (2.01s, 133.16MB)
  Running img_17606.npy ... done (2.38s, 132.81MB)
  Running img_17607.npy ... done (2.10s, 133.14MB)
  Running img_17608.npy ... done (2.05s, 130.49MB)
  Running img_17609.npy ... done (1.93s, 127.74MB)
  Running img_1761.npy ... done (1.90s, 128.72MB)
  Running img_17610.npy ... done (2.13s, 126.88MB)
  Running img_17611.npy ... done (2.08s, 125.46MB)
  Running img_17612.npy ... done (2.08s, 124.29MB)
  Running img_17613.npy ... done (2.03s, 125.11MB)
  Running img_17614.npy ... done (2.05s, 122.49MB)
  Running img_17615.npy ... done (2.05s, 120.16MB)
  Running img_17616.npy ... done (2.01s, 122.94MB)
  Running img_17617.npy ... done (2.06s, 120.17MB)
  Running img_17618.npy ... done (2.03s, 121.80MB)
  Running img_17619.npy ... done (2.00s, 121.26MB)
  Running img_1762.npy ... done (2.05s, 120.42MB)
  Running img_17620.npy ... done (2.07s, 116.92MB)
  Running img_17621.npy ... done (1.95s, 118.55MB)
  Running img_17622.npy ... done (2.05s, 117.05MB)
  Running img_17623.npy ... done (2.03s, 117.87MB)
  Running img_17624.npy ... done (2.12s, 116.34MB)
  Running img_17625.npy ... done (2.07s, 117.46MB)
  Running img_17626.npy ... done (2.01s, 116.62MB)
  Running img_17627.npy ... done (2.16s, 117.14MB)
  Running img_17628.npy ... done (2.01s, 114.70MB)
  Running img_17629.npy ... done (2.12s, 124.95MB)
  Running img_1763.npy ... done (1.98s, 134.18MB)
  Running img_17630.npy ... done (1.96s, 132.31MB)
  Running img_17631.npy ... done (1.97s, 133.23MB)
  Running img_17632.npy ... done (2.01s, 134.70MB)
  Running img_17633.npy ... done (2.02s, 133.73MB)
  Running img_17634.npy ... done (2.06s, 132.69MB)
  Running img_17635.npy ... done (2.03s, 133.75MB)
  Running img_17636.npy ... done (1.94s, 133.44MB)
  Running img_17637.npy ... done (1.99s, 134.91MB)
  Running img_17638.npy ... done (1.97s, 133.33MB)
  Running img_17639.npy ... done (1.96s, 135.09MB)
  Running img_1764.npy ... done (1.97s, 134.56MB)
  Running img_17640.npy ... done (2.04s, 134.51MB)
  Running img_17641.npy ... done (1.98s, 134.43MB)
  Running img_17642.npy ... done (2.01s, 134.81MB)
  Running img_17643.npy ... done (1.94s, 134.70MB)
  Running img_17644.npy ... done (2.05s, 134.69MB)
  Running img_17645.npy ... done (2.03s, 132.37MB)
  Running img_17646.npy ... done (1.94s, 135.03MB)
  Running img_17647.npy ... done (1.90s, 132.30MB)
  Running img_17648.npy ... done (2.02s, 133.65MB)
  Running img_17649.npy ... done (2.17s, 133.18MB)
  Running img_1765.npy ... done (2.00s, 133.64MB)
  Running img_17650.npy ... done (1.98s, 133.25MB)
  Running img_17651.npy ... done (2.01s, 134.42MB)
  Running img_17652.npy ... done (2.00s, 134.23MB)
  Running img_17653.npy ... done (2.06s, 134.63MB)
  Running img_17654.npy ... done (2.03s, 132.95MB)
  Running img_17655.npy ... done (2.06s, 134.62MB)
  Running img_17656.npy ... done (2.03s, 132.41MB)
  Running img_17657.npy ... done (2.08s, 134.09MB)
  Running img_17658.npy ... done (2.03s, 131.50MB)
  Running img_17659.npy ... done (2.00s, 133.21MB)
  Running img_1766.npy ... done (2.08s, 131.31MB)
  Running img_17660.npy ... done (2.05s, 133.23MB)
  Running img_17661.npy ... done (2.01s, 132.84MB)
  Running img_17662.npy ... done (1.98s, 132.65MB)
  Running img_17663.npy ... done (1.96s, 132.43MB)
  Running img_17664.npy ... done (2.00s, 130.71MB)
  Running img_17665.npy ... done (1.91s, 127.65MB)
  Running img_17666.npy ... done (2.01s, 129.02MB)
  Running img_17667.npy ... done (2.03s, 127.04MB)
  Running img_17668.npy ... done (1.99s, 127.45MB)
  Running img_17669.npy ... done (2.00s, 124.00MB)
  Running img_1767.npy ... done (1.97s, 125.99MB)
  Running img_17670.npy ... done (2.15s, 125.59MB)
  Running img_17671.npy ... done (1.99s, 126.88MB)
  Running img_17672.npy ... done (1.99s, 125.75MB)
  Running img_17673.npy ... done (1.97s, 127.61MB)
  Running img_17674.npy ... done (1.99s, 127.26MB)
  Running img_17675.npy ... done (1.88s, 128.30MB)
  Running img_17676.npy ... done (2.00s, 126.97MB)
  Running img_17677.npy ... done (1.98s, 128.25MB)
  Running img_17678.npy ... done (2.00s, 127.48MB)
  Running img_17679.npy ... done (2.01s, 128.33MB)
  Running img_1768.npy ... done (2.06s, 126.74MB)
  Running img_17680.npy ... done (1.98s, 128.39MB)
  Running img_17681.npy ... done (2.06s, 124.34MB)
  Running img_17682.npy ... done (2.00s, 125.61MB)
  Running img_17683.npy ... done (2.04s, 122.93MB)
  Running img_17684.npy ... done (1.99s, 123.64MB)
  Running img_17685.npy ... done (1.94s, 122.08MB)
  Running img_17686.npy ... done (2.06s, 119.94MB)
  Running img_17687.npy ... done (2.03s, 122.64MB)
  Running img_17688.npy ... done (2.16s, 120.50MB)
  Running img_17689.npy ... done (2.04s, 122.67MB)
  Running img_1769.npy ... done (1.98s, 121.33MB)
  Running img_17690.npy ... done (2.04s, 119.84MB)
  Running img_17691.npy ... done (2.24s, 121.25MB)
  Running img_17692.npy ... done (1.99s, 118.92MB)
  Running img_17693.npy ... done (2.05s, 116.91MB)
  Running img_17694.npy ... done (2.01s, 116.54MB)
  Running img_17695.npy ... done (2.01s, 116.16MB)
  Running img_17696.npy ... done (2.03s, 116.90MB)
  Running img_17697.npy ... done (2.02s, 116.26MB)
  Running img_17698.npy ... done (2.01s, 113.88MB)
  Running img_17699.npy ... done (2.03s, 115.80MB)
  Running img_177.npy ... done (2.07s, 115.09MB)
  Running img_1770.npy ... done (2.07s, 132.20MB)
  Running img_17700.npy ... done (2.04s, 132.82MB)
  Running img_17701.npy ... done (1.94s, 134.51MB)
  Running img_17702.npy ... done (1.78s, 132.95MB)
  Running img_17703.npy ... done (1.96s, 135.68MB)
  Running img_17704.npy ... done (2.01s, 132.78MB)
  Running img_17705.npy ... done (2.03s, 134.87MB)
  Running img_17706.npy ... done (2.02s, 133.39MB)
  Running img_17707.npy ... done (1.95s, 134.78MB)
  Running img_17708.npy ... done (2.05s, 134.77MB)
  Running img_17709.npy ... done (2.02s, 134.39MB)
  Running img_1771.npy ... done (2.05s, 134.96MB)
  Running img_17710.npy ... done (2.04s, 134.82MB)
  Running img_17711.npy ... done (1.99s, 134.86MB)
  Running img_17712.npy ... done (2.17s, 134.86MB)
  Running img_17713.npy ... done (2.06s, 135.10MB)
  Running img_17714.npy ... done (2.01s, 135.35MB)
  Running img_17715.npy ... done (2.05s, 134.87MB)
  Running img_17716.npy ... done (1.96s, 135.00MB)
  Running img_17717.npy ... done (2.04s, 135.11MB)
  Running img_17718.npy ... done (1.96s, 135.06MB)
  Running img_17719.npy ... done (1.95s, 134.46MB)
  Running img_1772.npy ... done (1.99s, 134.27MB)
  Running img_17720.npy ... done (1.95s, 134.26MB)
  Running img_17721.npy ... done (2.05s, 132.52MB)
  Running img_17722.npy ... done (2.04s, 134.71MB)
  Running img_17723.npy ... done (2.04s, 134.00MB)
  Running img_17724.npy ... done (1.97s, 134.42MB)
  Running img_17725.npy ... done (1.99s, 132.52MB)
  Running img_17726.npy ... done (2.05s, 133.29MB)
  Running img_17727.npy ... done (2.03s, 130.99MB)
  Running img_17728.npy ... done (2.00s, 132.95MB)
  Running img_17729.npy ... done (2.00s, 131.00MB)
  Running img_1773.npy ... done (1.96s, 132.64MB)
  Running img_17730.npy ... done (1.97s, 131.30MB)
  Running img_17731.npy ... done (2.02s, 133.22MB)
  Running img_17732.npy ... done (2.17s, 132.81MB)
  Running img_17733.npy ... done (2.01s, 132.97MB)
  Running img_17734.npy ... done (2.05s, 133.01MB)
  Running img_17735.npy ... done (1.97s, 133.18MB)
  Running img_17736.npy ... done (2.05s, 132.68MB)
  Running img_17737.npy ... done (2.02s, 131.21MB)
  Running img_17738.npy ... done (2.00s, 129.00MB)
  Running img_17739.npy ... done (2.04s, 128.85MB)
  Running img_1774.npy ... done (1.98s, 126.93MB)
  Running img_17740.npy ... done (1.97s, 128.63MB)
  Running img_17741.npy ... done (2.04s, 124.67MB)
  Running img_17742.npy ... done (1.91s, 125.40MB)
  Running img_17743.npy ... done (1.94s, 124.21MB)
  Running img_17744.npy ... done (1.99s, 123.91MB)
  Running img_17745.npy ... done (1.98s, 122.51MB)
  Running img_17746.npy ... done (1.96s, 124.11MB)
  Running img_17747.npy ... done (1.98s, 122.35MB)
  Running img_17748.npy ... done (2.00s, 121.79MB)
  Running img_17749.npy ... done (1.98s, 121.54MB)
  Running img_1775.npy ... done (2.05s, 119.81MB)
  Running img_17750.npy ... done (2.03s, 122.95MB)
  Running img_17751.npy ... done (2.00s, 120.79MB)
  Running img_17752.npy ... done (2.01s, 122.73MB)
  Running img_17753.npy ... done (2.02s, 120.50MB)
  Running img_17754.npy ... done (2.06s, 120.24MB)
  Running img_17755.npy ... done (2.05s, 116.91MB)
  Running img_17756.npy ... done (1.96s, 118.00MB)
  Running img_17757.npy ... done (2.42s, 117.32MB)
  Running img_17758.npy ... done (2.00s, 118.18MB)
  Running img_17759.npy ... done (2.01s, 116.36MB)
  Running img_1776.npy ... done (2.00s, 118.18MB)
  Running img_17760.npy ... done (1.91s, 116.30MB)
  Running img_17761.npy ... done (1.99s, 118.05MB)
  Running img_17762.npy ... done (2.02s, 116.60MB)
  Running img_17763.npy ... done (2.01s, 117.00MB)
  Running img_17764.npy ... done (2.05s, 116.25MB)
  Running img_17765.npy ... done (2.00s, 117.82MB)
  Running img_17766.npy ... done (2.06s, 133.78MB)
  Running img_17767.npy ... done (1.97s, 134.91MB)
  Running img_17768.npy ... done (2.05s, 132.42MB)
  Running img_17769.npy ... done (2.04s, 133.61MB)
  Running img_1777.npy ... done (1.97s, 133.63MB)
  Running img_17770.npy ... done (1.95s, 133.93MB)
  Running img_17771.npy ... done (1.97s, 133.74MB)
  Running img_17772.npy ... done (1.97s, 134.39MB)
  Running img_17773.npy ... done (1.96s, 134.70MB)
  Running img_17774.npy ... done (2.08s, 134.69MB)
  Running img_17775.npy ... done (2.01s, 134.96MB)
  Running img_17776.npy ... done (1.82s, 135.05MB)
  Running img_17777.npy ... done (1.97s, 134.95MB)
  Running img_17778.npy ... done (2.05s, 132.02MB)
  Running img_17779.npy ... done (2.10s, 134.87MB)
  Running img_1778.npy ... done (1.95s, 134.30MB)
  Running img_17780.npy ... done (2.04s, 134.81MB)
  Running img_17781.npy ... done (1.94s, 134.75MB)
  Running img_17782.npy ... done (2.01s, 134.72MB)
  Running img_17783.npy ... done (1.95s, 134.35MB)
  Running img_17784.npy ... done (1.95s, 133.07MB)
  Running img_17785.npy ... done (2.00s, 132.59MB)
  Running img_17786.npy ... done (1.99s, 133.41MB)
  Running img_17787.npy ... done (2.01s, 134.45MB)
  Running img_17788.npy ... done (2.01s, 133.07MB)
  Running img_17789.npy ... done (2.02s, 133.00MB)
  Running img_1779.npy ... done (2.04s, 133.84MB)
  Running img_17790.npy ... done (1.96s, 132.95MB)
  Running img_17791.npy ... done (2.01s, 132.98MB)
  Running img_17792.npy ... done (1.95s, 130.96MB)
  Running img_17793.npy ... done (1.94s, 134.57MB)
  Running img_17794.npy ... done (1.94s, 132.46MB)
  Running img_17795.npy ... done (1.95s, 132.89MB)
  Running img_17796.npy ... done (2.04s, 132.60MB)
  Running img_17797.npy ... done (1.98s, 132.89MB)
  Running img_17798.npy ... done (1.98s, 132.84MB)
  Running img_17799.npy ... done (1.97s, 132.96MB)
  Running img_178.npy ... done (1.98s, 131.85MB)
  Running img_1780.npy ... done (2.33s, 133.17MB)
  Running img_17800.npy ... done (1.91s, 132.32MB)
  Running img_17801.npy ... done (2.02s, 133.29MB)
  Running img_17802.npy ... done (1.97s, 131.21MB)
  Running img_17803.npy ... done (1.98s, 133.52MB)
  Running img_17804.npy ... done (1.97s, 132.22MB)
  Running img_17805.npy ... done (1.98s, 132.81MB)
  Running img_17806.npy ... done (2.01s, 132.29MB)
  Running img_17807.npy ... done (2.03s, 132.88MB)
  Running img_17808.npy ... done (2.00s, 131.53MB)
  Running img_17809.npy ... done (2.02s, 132.94MB)
  Running img_1781.npy ... done (2.03s, 131.62MB)
  Running img_17810.npy ... done (1.98s, 132.84MB)
  Running img_17811.npy ... done (1.92s, 131.40MB)
  Running img_17812.npy ... done (2.00s, 132.48MB)
  Running img_17813.npy ... done (2.00s, 132.61MB)
  Running img_17814.npy ... done (1.95s, 133.04MB)
  Running img_17815.npy ... done (2.00s, 132.56MB)
  Running img_17816.npy ... done (2.05s, 130.19MB)
  Running img_17817.npy ... done (2.05s, 129.47MB)
  Running img_17818.npy ... done (2.00s, 130.52MB)
  Running img_17819.npy ... done (2.01s, 127.70MB)
  Running img_1782.npy ... done (1.96s, 128.57MB)
  Running img_17820.npy ... done (1.97s, 127.14MB)
  Running img_17821.npy ... done (2.02s, 128.67MB)
  Running img_17822.npy ... done (2.02s, 127.26MB)
  Running img_17823.npy ... done (2.04s, 127.67MB)
  Running img_17824.npy ... done (2.00s, 127.12MB)
  Running img_17825.npy ... done (2.00s, 128.57MB)
  Running img_17826.npy ... done (2.05s, 125.44MB)
  Running img_17827.npy ... done (1.93s, 126.73MB)
  Running img_17828.npy ... done (1.95s, 125.07MB)
  Running img_17829.npy ... done (1.99s, 126.87MB)
  Running img_1783.npy ... done (2.01s, 124.71MB)
  Running img_17830.npy ... done (1.87s, 125.85MB)
  Running img_17831.npy ... done (2.03s, 122.17MB)
  Running img_17832.npy ... done (2.01s, 123.59MB)
  Running img_17833.npy ... done (2.04s, 122.26MB)
  Running img_17834.npy ... done (2.03s, 117.93MB)
  Running img_17835.npy ... done (2.00s, 121.56MB)
  Running img_17836.npy ... done (2.03s, 119.46MB)
  Running img_17837.npy ... done (1.99s, 121.34MB)
  Running img_17838.npy ... done (1.98s, 119.46MB)
  Running img_17839.npy ... done (2.05s, 122.29MB)
  Running img_1784.npy ... done (2.02s, 119.75MB)
  Running img_17840.npy ... done (2.05s, 120.10MB)
  Running img_17841.npy ... done (2.02s, 115.36MB)
  Running img_17842.npy ... done (2.06s, 117.88MB)
  Running img_17843.npy ... done (2.02s, 115.29MB)
  Running img_17844.npy ... done (2.23s, 117.18MB)
  Running img_17845.npy ... done (2.07s, 116.41MB)
  Running img_17846.npy ... done (1.99s, 117.39MB)
  Running img_17847.npy ... done (2.03s, 116.20MB)
  Running img_17848.npy ... done (2.03s, 117.07MB)
  Running img_17849.npy ... done (2.03s, 116.02MB)
  Running img_1785.npy ... done (1.96s, 122.34MB)
  Running img_17850.npy ... done (2.04s, 134.34MB)
  Running img_17851.npy ... done (1.99s, 135.32MB)
  Running img_17852.npy ... done (2.04s, 133.38MB)
  Running img_17853.npy ... done (1.96s, 135.56MB)
  Running img_17854.npy ... done (2.04s, 133.67MB)
  Running img_17855.npy ... done (1.97s, 135.00MB)
  Running img_17856.npy ... done (2.03s, 133.20MB)
  Running img_17857.npy ... done (2.01s, 133.66MB)
  Running img_17858.npy ... done (1.99s, 133.62MB)
  Running img_17859.npy ... done (2.02s, 133.68MB)
  Running img_1786.npy ... done (2.08s, 133.39MB)
  Running img_17860.npy ... done (2.02s, 133.79MB)
  Running img_17861.npy ... done (2.03s, 135.18MB)
  Running img_17862.npy ... done (1.96s, 135.32MB)
  Running img_17863.npy ... done (2.01s, 135.04MB)
  Running img_17864.npy ... done (1.97s, 134.92MB)
  Running img_17865.npy ... done (2.06s, 134.34MB)
  Running img_17866.npy ... done (2.48s, 132.54MB)
  Running img_17867.npy ... done (2.07s, 134.54MB)
  Running img_17868.npy ... done (1.90s, 132.68MB)
  Running img_17869.npy ... done (2.10s, 134.71MB)
  Running img_1787.npy ... done (2.00s, 131.69MB)
  Running img_17870.npy ... done (1.97s, 134.41MB)
  Running img_17871.npy ... done (2.00s, 132.04MB)
  Running img_17872.npy ... done (1.99s, 133.68MB)
  Running img_17873.npy ... done (1.98s, 131.27MB)
  Running img_17874.npy ... done (2.00s, 133.12MB)
  Running img_17875.npy ... done (2.00s, 131.59MB)
  Running img_17876.npy ... done (2.05s, 133.00MB)
  Running img_17877.npy ... done (1.99s, 132.68MB)
  Running img_17878.npy ... done (1.91s, 133.21MB)
  Running img_17879.npy ... done (2.01s, 132.75MB)
  Running img_1788.npy ... done (2.01s, 132.73MB)
  Running img_17880.npy ... done (2.02s, 132.93MB)
  Running img_17881.npy ... done (2.06s, 132.84MB)
  Running img_17882.npy ... done (2.02s, 132.52MB)
  Running img_17883.npy ... done (2.03s, 130.17MB)
  Running img_17884.npy ... done (2.05s, 129.51MB)
  Running img_17885.npy ... done (1.96s, 128.82MB)
  Running img_17886.npy ... done (1.96s, 127.31MB)
  Running img_17887.npy ... done (2.04s, 128.07MB)
  Running img_17888.npy ... done (2.21s, 131.77MB)
  Running img_17889.npy ... done (2.05s, 130.05MB)
  Running img_1789.npy ... done (2.05s, 129.03MB)
  Running img_17890.npy ... done (2.08s, 129.17MB)
  Running img_17891.npy ... done (2.04s, 126.89MB)
  Running img_17892.npy ... done (2.01s, 126.39MB)
  Running img_17893.npy ... done (2.05s, 127.02MB)
  Running img_17894.npy ... done (1.99s, 128.21MB)
  Running img_17895.npy ... done (2.02s, 126.91MB)
  Running img_17896.npy ... done (2.01s, 128.97MB)
  Running img_17897.npy ... done (2.06s, 127.09MB)
  Running img_17898.npy ... done (2.06s, 125.42MB)
  Running img_17899.npy ... done (2.04s, 128.06MB)
  Running img_179.npy ... done (1.99s, 124.62MB)
  Running img_1790.npy ... done (2.10s, 126.16MB)
  Running img_17900.npy ... done (2.05s, 124.12MB)
  Running img_17901.npy ... done (2.05s, 125.42MB)
  Running img_17902.npy ... done (1.92s, 122.76MB)
  Running img_17903.npy ... done (1.92s, 124.02MB)
  Running img_17904.npy ... done (2.12s, 121.92MB)
  Running img_17905.npy ... done (1.93s, 122.05MB)
  Running img_17906.npy ... done (1.96s, 121.72MB)
  Running img_17907.npy ... done (2.02s, 123.04MB)
  Running img_17908.npy ... done (2.12s, 121.82MB)
  Running img_17909.npy ... done (2.29s, 123.78MB)
  Running img_1791.npy ... done (2.07s, 121.30MB)
  Running img_17910.npy ... done (1.98s, 121.63MB)
  Running img_17911.npy ... done (2.07s, 121.55MB)
  Running img_17912.npy ... done (2.03s, 121.92MB)
  Running img_17913.npy ... done (2.04s, 120.93MB)
  Running img_17914.npy ... done (2.02s, 118.95MB)
  Running img_17915.npy ... done (2.00s, 119.60MB)
  Running img_17916.npy ... done (2.06s, 114.79MB)
  Running img_17917.npy ... done (2.02s, 117.57MB)
  Running img_17918.npy ... done (1.98s, 115.13MB)
  Running img_17919.npy ... done (1.99s, 117.54MB)
  Running img_1792.npy ... done (1.90s, 115.30MB)
  Running img_17920.npy ... done (1.92s, 118.18MB)
  Running img_17921.npy ... done (2.00s, 116.24MB)
  Running img_17922.npy ... done (2.03s, 117.69MB)
  Running img_17923.npy ... done (2.00s, 116.11MB)
  Running img_17924.npy ... done (1.97s, 117.49MB)
  Running img_17925.npy ... done (2.03s, 115.67MB)
  Running img_17926.npy ... done (2.03s, 117.80MB)
  Running img_17927.npy ... done (2.07s, 121.81MB)
  Running img_17928.npy ... done (2.05s, 134.05MB)
  Running img_17929.npy ... done (2.03s, 133.06MB)
  Running img_1793.npy ... done (2.41s, 132.34MB)
  Running img_17930.npy ... done (2.08s, 132.38MB)
  Running img_17931.npy ... done (2.07s, 134.31MB)
  Running img_17932.npy ... done (2.10s, 134.41MB)
  Running img_17933.npy ... done (1.96s, 135.66MB)
  Running img_17934.npy ... done (1.95s, 132.46MB)
  Running img_17935.npy ... done (2.02s, 133.32MB)
  Running img_17936.npy ... done (2.03s, 135.00MB)
  Running img_17937.npy ... done (1.99s, 132.65MB)
  Running img_17938.npy ... done (1.98s, 134.85MB)
  Running img_17939.npy ... done (1.93s, 132.99MB)
  Running img_1794.npy ... done (2.02s, 135.13MB)
  Running img_17940.npy ... done (1.98s, 132.88MB)
  Running img_17941.npy ... done (1.96s, 134.96MB)
  Running img_17942.npy ... done (1.86s, 133.20MB)
  Running img_17943.npy ... done (1.97s, 134.92MB)
  Running img_17944.npy ... done (1.99s, 132.89MB)
  Running img_17945.npy ... done (1.99s, 135.00MB)
  Running img_17946.npy ... done (1.92s, 132.41MB)
  Running img_17947.npy ... done (2.00s, 133.14MB)
  Running img_17948.npy ... done (2.07s, 132.76MB)
  Running img_17949.npy ... done (1.95s, 134.64MB)
  Running img_1795.npy ... done (1.99s, 133.33MB)
  Running img_17950.npy ... done (2.01s, 133.41MB)
  Running img_17951.npy ... done (2.10s, 132.40MB)
  Running img_17952.npy ... done (2.13s, 135.11MB)
  Running img_17953.npy ... done (2.05s, 133.50MB)
  Running img_17954.npy ... done (2.04s, 134.52MB)
  Running img_17955.npy ... done (2.02s, 132.67MB)
  Running img_17956.npy ... done (2.05s, 133.41MB)
  Running img_17957.npy ... done (2.02s, 131.61MB)
  Running img_17958.npy ... done (2.06s, 133.36MB)
  Running img_17959.npy ... done (1.90s, 132.90MB)
  Running img_1796.npy ... done (2.01s, 132.63MB)
  Running img_17960.npy ... done (1.95s, 132.95MB)
  Running img_17961.npy ... done (2.07s, 133.04MB)
  Running img_17962.npy ... done (2.05s, 132.61MB)
  Running img_17963.npy ... done (2.00s, 132.26MB)
  Running img_17964.npy ... done (2.01s, 132.77MB)
  Running img_17965.npy ... done (1.96s, 132.90MB)
  Running img_17966.npy ... done (1.92s, 132.80MB)
  Running img_17967.npy ... done (1.99s, 132.85MB)
  Running img_17968.npy ... done (2.06s, 132.90MB)
  Running img_17969.npy ... done (2.01s, 132.19MB)
  Running img_1797.npy ... done (2.06s, 129.62MB)
  Running img_17970.npy ... done (2.00s, 128.93MB)
  Running img_17971.npy ... done (2.21s, 127.13MB)
  Running img_17972.npy ... done (1.96s, 128.08MB)
  Running img_17973.npy ... done (2.06s, 126.88MB)
  Running img_17974.npy ... done (2.01s, 126.35MB)
  Running img_17975.npy ... done (2.07s, 125.24MB)
  Running img_17976.npy ... done (1.98s, 125.36MB)
  Running img_17977.npy ... done (1.93s, 125.30MB)
  Running img_17978.npy ... done (1.94s, 126.10MB)
  Running img_17979.npy ... done (2.00s, 124.34MB)
  Running img_1798.npy ... done (2.04s, 122.97MB)
  Running img_17980.npy ... done (2.09s, 125.14MB)
  Running img_17981.npy ... done (2.08s, 123.13MB)
  Running img_17982.npy ... done (2.07s, 124.12MB)
  Running img_17983.npy ... done (2.07s, 121.68MB)
  Running img_17984.npy ... done (2.04s, 123.42MB)
  Running img_17985.npy ... done (2.02s, 121.45MB)
  Running img_17986.npy ... done (2.02s, 122.95MB)
  Running img_17987.npy ... done (2.04s, 121.37MB)
  Running img_17988.npy ... done (2.04s, 121.83MB)
  Running img_17989.npy ... done (2.02s, 121.48MB)
  Running img_1799.npy ... done (2.00s, 122.79MB)
  Running img_17990.npy ... done (2.04s, 118.46MB)
  Running img_17991.npy ... done (2.02s, 117.79MB)
  Running img_17992.npy ... done (1.92s, 117.02MB)
  Running img_17993.npy ... done (2.01s, 113.79MB)
  Running img_17994.npy ... done (2.01s, 116.49MB)
  Running img_17995.npy ... done (2.11s, 113.63MB)
  Running img_17996.npy ... done (2.10s, 117.07MB)
  Running img_17997.npy ... done (2.04s, 114.86MB)
  Running img_17998.npy ... done (1.98s, 117.07MB)
  Running img_17999.npy ... done (2.04s, 116.12MB)
  Running img_18.npy ... done (2.02s, 117.34MB)
  Running img_180.npy ... done (1.99s, 115.56MB)
  Running img_1800.npy ... done (2.01s, 117.14MB)
  Running img_18000.npy ... done (2.07s, 127.59MB)
  Running img_18001.npy ... done (2.03s, 135.94MB)
  Running img_18002.npy ... done (2.02s, 134.17MB)
  Running img_18003.npy ... done (1.99s, 134.60MB)
  Running img_18004.npy ... done (2.04s, 133.83MB)
  Running img_18005.npy ... done (2.01s, 135.90MB)
  Running img_18006.npy ... done (2.05s, 133.35MB)
  Running img_18007.npy ... done (2.02s, 133.04MB)
  Running img_18008.npy ... done (2.02s, 133.12MB)
  Running img_18009.npy ... done (1.97s, 133.68MB)
  Running img_1801.npy ... done (1.93s, 133.66MB)
  Running img_18010.npy ... done (1.96s, 134.50MB)
  Running img_18011.npy ... done (1.96s, 135.16MB)
  Running img_18012.npy ... done (1.99s, 134.68MB)
  Running img_18013.npy ... done (2.04s, 134.77MB)
  Running img_18014.npy ... done (2.08s, 135.01MB)
  Running img_18015.npy ... done (2.26s, 135.24MB)
  Running img_18016.npy ... done (2.06s, 134.78MB)
  Running img_18017.npy ... done (2.00s, 134.61MB)
  Running img_18018.npy ... done (2.04s, 134.81MB)
  Running img_18019.npy ... done (2.09s, 134.49MB)
  Running img_1802.npy ... done (1.97s, 133.47MB)
  Running img_18020.npy ... done (2.08s, 131.93MB)
  Running img_18021.npy ... done (2.05s, 133.55MB)
  Running img_18022.npy ... done (2.03s, 132.96MB)
  Running img_18023.npy ... done (2.01s, 134.00MB)
  Running img_18024.npy ... done (2.07s, 133.39MB)
  Running img_18025.npy ... done (1.98s, 131.23MB)
  Running img_18026.npy ... done (2.03s, 133.38MB)
  Running img_18027.npy ... done (2.03s, 131.30MB)
  Running img_18028.npy ... done (2.01s, 133.00MB)
  Running img_18029.npy ... done (2.03s, 131.51MB)
  Running img_1803.npy ... done (2.07s, 133.48MB)
  Running img_18030.npy ... done (1.85s, 132.85MB)
  Running img_18031.npy ... done (1.93s, 132.96MB)
  Running img_18032.npy ... done (1.98s, 132.71MB)
  Running img_18033.npy ... done (2.03s, 133.15MB)
  Running img_18034.npy ... done (1.95s, 132.80MB)
  Running img_18035.npy ... done (2.02s, 132.79MB)
  Running img_18036.npy ... done (1.98s, 133.11MB)
  Running img_18037.npy ... done (2.05s, 133.03MB)
  Running img_18038.npy ... done (1.92s, 132.64MB)
  Running img_18039.npy ... done (1.94s, 133.12MB)
  Running img_1804.npy ... done (2.04s, 132.81MB)
  Running img_18040.npy ... done (2.05s, 130.91MB)
  Running img_18041.npy ... done (2.00s, 129.56MB)
  Running img_18042.npy ... done (2.00s, 130.32MB)
  Running img_18043.npy ... done (1.98s, 127.74MB)
  Running img_18044.npy ... done (1.94s, 128.63MB)
  Running img_18045.npy ... done (2.02s, 127.38MB)
  Running img_18046.npy ... done (1.98s, 128.38MB)
  Running img_18047.npy ... done (1.98s, 127.20MB)
  Running img_18048.npy ... done (1.94s, 128.69MB)
  Running img_18049.npy ... done (1.88s, 127.23MB)
  Running img_1805.npy ... done (1.95s, 128.13MB)
  Running img_18050.npy ... done (2.01s, 127.02MB)
  Running img_18051.npy ... done (1.95s, 127.47MB)
  Running img_18052.npy ... done (1.97s, 126.61MB)
  Running img_18053.npy ... done (1.98s, 125.32MB)
  Running img_18054.npy ... done (2.09s, 123.96MB)
  Running img_18055.npy ... done (2.02s, 125.11MB)
  Running img_18056.npy ... done (2.05s, 122.70MB)
  Running img_18057.npy ... done (1.98s, 123.71MB)
  Running img_18058.npy ... done (2.02s, 122.74MB)
  Running img_18059.npy ... done (2.07s, 117.72MB)
  Running img_1806.npy ... done (2.05s, 122.29MB)
  Running img_18060.npy ... done (2.05s, 119.21MB)
  Running img_18061.npy ... done (2.04s, 122.54MB)
  Running img_18062.npy ... done (2.06s, 119.83MB)
  Running img_18063.npy ... done (2.04s, 122.18MB)
  Running img_18064.npy ... done (2.00s, 120.12MB)
  Running img_18065.npy ... done (2.00s, 120.16MB)
  Running img_18066.npy ... done (2.01s, 116.90MB)
  Running img_18067.npy ... done (1.84s, 118.12MB)
  Running img_18068.npy ... done (2.01s, 116.50MB)
  Running img_18069.npy ... done (2.04s, 117.62MB)
  Running img_1807.npy ... done (2.01s, 116.62MB)
  Running img_18070.npy ... done (1.98s, 117.59MB)
  Running img_18071.npy ... done (2.04s, 116.57MB)
  Running img_18072.npy ... done (2.02s, 117.83MB)
  Running img_18073.npy ... done (2.08s, 116.18MB)
  Running img_18074.npy ... done (2.01s, 118.94MB)
  Running img_18075.npy ... done (2.01s, 133.01MB)
  Running img_18076.npy ... done (2.02s, 136.21MB)
  Running img_18077.npy ... done (2.05s, 134.35MB)
  Running img_18078.npy ... done (2.08s, 133.20MB)
  Running img_18079.npy ... done (1.96s, 133.32MB)
  Running img_1808.npy ... done (1.96s, 132.75MB)
  Running img_18080.npy ... done (2.00s, 133.41MB)
  Running img_18081.npy ... done (2.08s, 132.82MB)
  Running img_18082.npy ... done (1.93s, 133.77MB)
  Running img_18083.npy ... done (1.96s, 132.31MB)
  Running img_18084.npy ... done (1.98s, 135.18MB)
  Running img_18085.npy ... done (2.02s, 134.67MB)
  Running img_18086.npy ... done (2.03s, 134.64MB)
  Running img_18087.npy ... done (1.99s, 134.48MB)
  Running img_18088.npy ... done (2.02s, 134.50MB)
  Running img_18089.npy ... done (1.84s, 133.24MB)
  Running img_1809.npy ... done (2.00s, 133.23MB)
  Running img_18090.npy ... done (1.98s, 134.40MB)
  Running img_18091.npy ... done (1.90s, 133.14MB)
  Running img_18092.npy ... done (1.95s, 132.68MB)
  Running img_18093.npy ... done (1.97s, 133.19MB)
  Running img_18094.npy ... done (1.97s, 132.81MB)
  Running img_18095.npy ... done (2.07s, 134.36MB)
  Running img_18096.npy ... done (1.96s, 132.89MB)
  Running img_18097.npy ... done (2.00s, 133.17MB)
  Running img_18098.npy ... done (2.10s, 131.06MB)
  Running img_18099.npy ... done (2.00s, 132.84MB)
  Running img_181.npy ... done (2.00s, 131.72MB)
  Running img_1810.npy ... done (2.08s, 132.93MB)
  Running img_18100.npy ... done (2.06s, 131.46MB)
  Running img_18101.npy ... done (2.15s, 132.79MB)
  Running img_18102.npy ... done (2.03s, 131.49MB)
  Running img_18103.npy ... done (2.06s, 130.21MB)
  Running img_18104.npy ... done (1.87s, 128.44MB)
  Running img_18105.npy ... done (2.08s, 128.85MB)
  Running img_18106.npy ... done (1.98s, 127.70MB)
  Running img_18107.npy ... done (1.98s, 128.50MB)
  Running img_18108.npy ... done (2.11s, 126.37MB)
  Running img_18109.npy ... done (2.02s, 126.60MB)
  Running img_1811.npy ... done (2.07s, 124.50MB)
  Running img_18110.npy ... done (2.07s, 125.62MB)
  Running img_18111.npy ... done (2.10s, 122.46MB)
  Running img_18112.npy ... done (2.04s, 123.63MB)
  Running img_18113.npy ... done (2.06s, 122.00MB)
  Running img_18114.npy ... done (1.97s, 120.07MB)
  Running img_18115.npy ... done (1.90s, 122.28MB)
  Running img_18116.npy ... done (2.07s, 120.21MB)
  Running img_18117.npy ... done (1.98s, 122.34MB)
  Running img_18118.npy ... done (1.97s, 121.44MB)
  Running img_18119.npy ... done (2.05s, 121.90MB)
  Running img_1812.npy ... done (1.99s, 121.78MB)
  Running img_18120.npy ... done (1.97s, 118.55MB)
  Running img_18121.npy ... done (2.08s, 117.16MB)
  Running img_18122.npy ... done (2.03s, 117.69MB)
  Running img_18123.npy ... done (2.33s, 116.73MB)
  Running img_18124.npy ... done (2.02s, 116.97MB)
  Running img_18125.npy ... done (1.92s, 116.04MB)
  Running img_18126.npy ... done (2.00s, 117.07MB)
  Running img_18127.npy ... done (2.02s, 115.86MB)
  Running img_18128.npy ... done (1.98s, 114.12MB)
  Running img_18129.npy ... done (1.96s, 115.51MB)
  Running img_1813.npy ... done (2.02s, 113.17MB)
  Running img_18130.npy ... done (2.02s, 115.58MB)
  Running img_18131.npy ... done (1.99s, 115.35MB)
  Running img_18132.npy ... done (1.98s, 119.30MB)
  Running img_18133.npy ... done (2.05s, 131.97MB)
  Running img_18134.npy ... done (2.03s, 134.46MB)
  Running img_18135.npy ... done (2.00s, 132.27MB)
  Running img_18136.npy ... done (2.03s, 133.86MB)
  Running img_18137.npy ... done (2.03s, 133.88MB)
  Running img_18138.npy ... done (2.03s, 133.58MB)
  Running img_18139.npy ... done (2.02s, 134.70MB)
  Running img_1814.npy ... done (1.97s, 133.69MB)
  Running img_18140.npy ... done (2.06s, 134.84MB)
  Running img_18141.npy ... done (2.01s, 134.65MB)
  Running img_18142.npy ... done (1.94s, 135.23MB)
  Running img_18143.npy ... done (1.94s, 134.88MB)
  Running img_18144.npy ... done (1.90s, 133.81MB)
  Running img_18145.npy ... done (2.04s, 134.99MB)
  Running img_18146.npy ... done (2.10s, 134.91MB)
  Running img_18147.npy ... done (2.05s, 134.92MB)
  Running img_18148.npy ... done (2.05s, 134.89MB)
  Running img_18149.npy ... done (2.03s, 135.04MB)
  Running img_1815.npy ... done (1.96s, 135.09MB)
  Running img_18150.npy ... done (1.98s, 134.83MB)
  Running img_18151.npy ... done (1.94s, 134.68MB)
  Running img_18152.npy ... done (1.94s, 134.33MB)
  Running img_18153.npy ... done (2.02s, 134.89MB)
  Running img_18154.npy ... done (2.03s, 135.02MB)
  Running img_18155.npy ... done (2.00s, 134.83MB)
  Running img_18156.npy ... done (2.00s, 134.58MB)
  Running img_18157.npy ... done (2.02s, 133.07MB)
  Running img_18158.npy ... done (1.98s, 133.40MB)
  Running img_18159.npy ... done (2.01s, 134.71MB)
  Running img_1816.npy ... done (1.93s, 133.52MB)
  Running img_18160.npy ... done (1.95s, 132.83MB)
  Running img_18161.npy ... done (1.97s, 133.25MB)
  Running img_18162.npy ... done (2.06s, 133.35MB)
  Running img_18163.npy ... done (2.01s, 133.27MB)
  Running img_18164.npy ... done (2.07s, 133.25MB)
  Running img_18165.npy ... done (2.02s, 133.05MB)
  Running img_18166.npy ... done (2.01s, 132.98MB)
  Running img_18167.npy ... done (2.18s, 132.15MB)
  Running img_18168.npy ... done (2.01s, 132.96MB)
  Running img_18169.npy ... done (2.02s, 132.04MB)
  Running img_1817.npy ... done (2.07s, 132.97MB)
  Running img_18170.npy ... done (2.01s, 132.64MB)
  Running img_18171.npy ... done (2.01s, 132.42MB)
  Running img_18172.npy ... done (1.96s, 129.93MB)
  Running img_18173.npy ... done (2.04s, 129.82MB)
  Running img_18174.npy ... done (2.00s, 129.76MB)
  Running img_18175.npy ... done (2.02s, 129.02MB)
  Running img_18176.npy ... done (1.99s, 128.63MB)
  Running img_18177.npy ... done (2.09s, 127.66MB)
  Running img_18178.npy ... done (1.96s, 127.96MB)
  Running img_18179.npy ... done (1.99s, 127.00MB)
  Running img_1818.npy ... done (1.94s, 127.81MB)
  Running img_18180.npy ... done (2.00s, 127.31MB)
  Running img_18181.npy ... done (2.03s, 122.98MB)
  Running img_18182.npy ... done (2.02s, 125.07MB)
  Running img_18183.npy ... done (1.94s, 123.12MB)
  Running img_18184.npy ... done (2.02s, 125.32MB)
  Running img_18185.npy ... done (1.94s, 122.25MB)
  Running img_18186.npy ... done (2.03s, 124.17MB)
  Running img_18187.npy ... done (2.03s, 121.39MB)
  Running img_18188.npy ... done (2.06s, 123.51MB)
  Running img_18189.npy ... done (2.36s, 121.48MB)
  Running img_1819.npy ... done (1.99s, 122.89MB)
  Running img_18190.npy ... done (2.07s, 121.64MB)
  Running img_18191.npy ... done (2.08s, 123.12MB)
  Running img_18192.npy ... done (1.99s, 121.04MB)
  Running img_18193.npy ... done (1.96s, 122.84MB)
  Running img_18194.npy ... done (2.08s, 120.89MB)
  Running img_18195.npy ... done (2.03s, 122.76MB)
  Running img_18196.npy ... done (1.92s, 118.98MB)
  Running img_18197.npy ... done (2.05s, 119.24MB)
  Running img_18198.npy ... done (2.10s, 116.96MB)
  Running img_18199.npy ... done (1.97s, 118.41MB)
  Running img_182.npy ... done (1.99s, 116.17MB)
  Running img_1820.npy ... done (2.01s, 117.64MB)
  Running img_18200.npy ... done (1.94s, 115.96MB)
  Running img_18201.npy ... done (2.03s, 117.56MB)
  Running img_18202.npy ... done (2.08s, 116.30MB)
  Running img_18203.npy ... done (2.03s, 117.50MB)
  Running img_18204.npy ... done (2.08s, 115.43MB)
  Running img_18205.npy ... done (2.02s, 117.52MB)
  Running img_18206.npy ... done (1.99s, 120.79MB)
  Running img_18207.npy ... done (2.01s, 134.94MB)
  Running img_18208.npy ... done (2.02s, 134.57MB)
  Running img_18209.npy ... done (1.98s, 132.89MB)
  Running img_1821.npy ... done (2.29s, 134.66MB)
  Running img_18210.npy ... done (2.00s, 132.20MB)
  Running img_18211.npy ... done (1.98s, 133.49MB)
  Running img_18212.npy ... done (2.03s, 132.54MB)
  Running img_18213.npy ... done (2.02s, 133.76MB)
  Running img_18214.npy ... done (1.95s, 132.88MB)
  Running img_18215.npy ... done (1.93s, 133.54MB)
  Running img_18216.npy ... done (2.00s, 132.91MB)
  Running img_18217.npy ... done (1.97s, 133.71MB)
  Running img_18218.npy ... done (1.97s, 133.82MB)
  Running img_18219.npy ... done (2.04s, 135.03MB)
  Running img_1822.npy ... done (2.01s, 133.37MB)
  Running img_18220.npy ... done (1.94s, 135.21MB)
  Running img_18221.npy ... done (1.95s, 133.05MB)
  Running img_18222.npy ... done (1.96s, 134.53MB)
  Running img_18223.npy ... done (2.06s, 134.52MB)
  Running img_18224.npy ... done (2.05s, 134.85MB)
  Running img_18225.npy ... done (2.07s, 134.37MB)
  Running img_18226.npy ... done (2.03s, 134.36MB)
  Running img_18227.npy ... done (2.08s, 133.30MB)
  Running img_18228.npy ... done (2.02s, 133.22MB)
  Running img_18229.npy ... done (2.04s, 133.13MB)
  Running img_1823.npy ... done (1.96s, 133.10MB)
  Running img_18230.npy ... done (2.05s, 133.37MB)
  Running img_18231.npy ... done (2.36s, 132.99MB)
  Running img_18232.npy ... done (1.92s, 132.84MB)
  Running img_18233.npy ... done (1.94s, 133.20MB)
  Running img_18234.npy ... done (1.91s, 133.23MB)
  Running img_18235.npy ... done (1.98s, 132.81MB)
  Running img_18236.npy ... done (2.01s, 132.61MB)
  Running img_18237.npy ... done (1.97s, 132.77MB)
  Running img_18238.npy ... done (2.00s, 129.58MB)
  Running img_18239.npy ... done (1.95s, 130.58MB)
  Running img_1824.npy ... done (2.02s, 127.73MB)
  Running img_18240.npy ... done (1.98s, 128.27MB)
  Running img_18241.npy ... done (2.02s, 123.11MB)
  Running img_18242.npy ... done (1.94s, 124.41MB)
  Running img_18243.npy ... done (2.01s, 122.78MB)
  Running img_18244.npy ... done (1.93s, 124.11MB)
  Running img_18245.npy ... done (2.02s, 122.49MB)
  Running img_18246.npy ... done (1.98s, 122.49MB)
  Running img_18247.npy ... done (1.98s, 121.70MB)
  Running img_18248.npy ... done (1.99s, 119.41MB)
  Running img_18249.npy ... done (2.01s, 121.63MB)
  Running img_1825.npy ... done (1.98s, 119.66MB)
  Running img_18250.npy ... done (1.99s, 121.38MB)
  Running img_18251.npy ... done (1.91s, 119.01MB)
  Running img_18252.npy ... done (1.99s, 122.55MB)
  Running img_18253.npy ... done (2.34s, 119.00MB)
  Running img_18254.npy ... done (2.04s, 120.05MB)
  Running img_18255.npy ... done (2.03s, 115.67MB)
  Running img_18256.npy ... done (2.05s, 117.55MB)
  Running img_18257.npy ... done (2.02s, 115.83MB)
  Running img_18258.npy ... done (2.02s, 117.55MB)
  Running img_18259.npy ... done (2.01s, 116.56MB)
  Running img_1826.npy ... done (1.95s, 117.80MB)
  Running img_18260.npy ... done (1.98s, 115.99MB)
  Running img_18261.npy ... done (1.97s, 117.46MB)
  Running img_18262.npy ... done (2.01s, 115.75MB)
  Running img_18263.npy ... done (1.99s, 117.04MB)
  Running img_18264.npy ... done (2.08s, 117.14MB)
  Running img_18265.npy ... done (1.91s, 134.86MB)
  Running img_18266.npy ... done (2.05s, 131.95MB)
  Running img_18267.npy ... done (1.99s, 136.07MB)
  Running img_18268.npy ... done (2.00s, 134.50MB)
  Running img_18269.npy ... done (1.92s, 135.13MB)
  Running img_1827.npy ... done (1.93s, 134.68MB)
  Running img_18270.npy ... done (2.04s, 135.50MB)
  Running img_18271.npy ... done (2.09s, 133.36MB)
  Running img_18272.npy ... done (2.03s, 133.26MB)
  Running img_18273.npy ... done (1.93s, 134.41MB)
  Running img_18274.npy ... done (1.99s, 132.34MB)
  Running img_18275.npy ... done (2.16s, 134.37MB)
  Running img_18276.npy ... done (2.00s, 134.78MB)
  Running img_18277.npy ... done (2.04s, 134.43MB)
  Running img_18278.npy ... done (2.05s, 133.08MB)
  Running img_18279.npy ... done (2.09s, 133.58MB)
  Running img_1828.npy ... done (2.02s, 132.44MB)
  Running img_18280.npy ... done (2.02s, 132.98MB)
  Running img_18281.npy ... done (2.06s, 132.76MB)
  Running img_18282.npy ... done (2.04s, 134.80MB)
  Running img_18283.npy ... done (1.99s, 132.06MB)
  Running img_18284.npy ... done (1.99s, 134.93MB)
  Running img_18285.npy ... done (2.00s, 133.20MB)
  Running img_18286.npy ... done (1.94s, 135.12MB)
  Running img_18287.npy ... done (2.02s, 132.04MB)
  Running img_18288.npy ... done (2.06s, 133.25MB)
  Running img_18289.npy ... done (1.85s, 133.25MB)
  Running img_1829.npy ... done (1.98s, 133.20MB)
  Running img_18290.npy ... done (1.95s, 132.36MB)
  Running img_18291.npy ... done (2.01s, 132.82MB)
  Running img_18292.npy ... done (1.97s, 133.14MB)
  Running img_18293.npy ... done (1.96s, 132.81MB)
  Running img_18294.npy ... done (1.96s, 132.87MB)
  Running img_18295.npy ... done (2.00s, 132.76MB)
  Running img_18296.npy ... done (2.19s, 132.32MB)
  Running img_18297.npy ... done (2.00s, 132.69MB)
  Running img_18298.npy ... done (2.06s, 129.51MB)
  Running img_18299.npy ... done (2.01s, 129.52MB)
  Running img_183.npy ... done (2.08s, 127.32MB)
  Running img_1830.npy ... done (1.98s, 128.64MB)
  Running img_18300.npy ... done (2.03s, 126.88MB)
  Running img_18301.npy ... done (2.00s, 126.99MB)
  Running img_18302.npy ... done (2.03s, 125.40MB)
  Running img_18303.npy ... done (2.03s, 125.46MB)
  Running img_18304.npy ... done (2.02s, 124.03MB)
  Running img_18305.npy ... done (1.98s, 123.66MB)
  Running img_18306.npy ... done (1.87s, 121.72MB)
  Running img_18307.npy ... done (2.00s, 119.81MB)
  Running img_18308.npy ... done (1.99s, 122.62MB)
  Running img_18309.npy ... done (2.07s, 120.23MB)
  Running img_1831.npy ... done (2.02s, 122.49MB)
  Running img_18310.npy ... done (2.03s, 120.70MB)
  Running img_18311.npy ... done (1.99s, 122.77MB)
  Running img_18312.npy ... done (2.01s, 121.21MB)
  Running img_18313.npy ... done (1.99s, 120.05MB)
  Running img_18314.npy ... done (2.00s, 117.39MB)
  Running img_18315.npy ... done (2.01s, 118.39MB)
  Running img_18316.npy ... done (2.06s, 117.52MB)
  Running img_18317.npy ... done (2.15s, 118.21MB)
  Running img_18318.npy ... done (2.04s, 116.64MB)
  Running img_18319.npy ... done (1.93s, 118.27MB)
  Running img_1832.npy ... done (1.98s, 114.79MB)
  Running img_18320.npy ... done (2.06s, 116.89MB)
  Running img_18321.npy ... done (2.03s, 115.91MB)
  Running img_18322.npy ... done (1.96s, 114.36MB)
  Running img_18323.npy ... done (2.05s, 116.83MB)
  Running img_18324.npy ... done (1.99s, 114.73MB)
  Running img_18325.npy ... done (1.99s, 117.12MB)
  Running img_18326.npy ... done (1.91s, 115.15MB)
  Running img_18327.npy ... done (2.04s, 117.76MB)
  Running img_18328.npy ... done (2.03s, 123.00MB)
  Running img_18329.npy ... done (2.00s, 135.40MB)
  Running img_1833.npy ... done (2.05s, 133.58MB)
  Running img_18330.npy ... done (2.02s, 133.44MB)
  Running img_18331.npy ... done (1.93s, 133.46MB)
  Running img_18332.npy ... done (1.94s, 133.82MB)
  Running img_18333.npy ... done (1.92s, 134.43MB)
  Running img_18334.npy ... done (1.93s, 134.82MB)
  Running img_18335.npy ... done (1.88s, 134.92MB)
  Running img_18336.npy ... done (1.89s, 134.86MB)
  Running img_18337.npy ... done (1.91s, 134.69MB)
  Running img_18338.npy ... done (1.96s, 134.83MB)
  Running img_18339.npy ... done (2.12s, 133.30MB)
  Running img_1834.npy ... done (1.95s, 134.92MB)
  Running img_18340.npy ... done (1.92s, 134.84MB)
  Running img_18341.npy ... done (1.99s, 133.34MB)
  Running img_18342.npy ... done (1.92s, 133.41MB)
  Running img_18343.npy ... done (1.95s, 134.20MB)
  Running img_18344.npy ... done (1.99s, 133.44MB)
  Running img_18345.npy ... done (1.98s, 133.52MB)
  Running img_18346.npy ... done (1.94s, 133.39MB)
  Running img_18347.npy ... done (1.90s, 132.93MB)
  Running img_18348.npy ... done (1.91s, 133.23MB)
  Running img_18349.npy ... done (2.07s, 132.76MB)
  Running img_1835.npy ... done (2.06s, 132.93MB)
  Running img_18350.npy ... done (2.02s, 132.72MB)
  Running img_18351.npy ... done (2.07s, 131.00MB)
  Running img_18352.npy ... done (2.03s, 131.00MB)
  Running img_18353.npy ... done (2.08s, 127.63MB)
  Running img_18354.npy ... done (2.07s, 128.60MB)
  Running img_18355.npy ... done (2.01s, 127.83MB)
  Running img_18356.npy ... done (2.05s, 128.15MB)
  Running img_18357.npy ... done (2.00s, 126.97MB)
  Running img_18358.npy ... done (2.02s, 128.33MB)
  Running img_18359.npy ... done (2.02s, 126.60MB)
  Running img_1836.npy ... done (2.03s, 122.45MB)
  Running img_18360.npy ... done (2.19s, 124.21MB)
  Running img_18361.npy ... done (1.97s, 122.23MB)
  Running img_18362.npy ... done (1.91s, 123.93MB)
  Running img_18363.npy ... done (1.94s, 121.30MB)
  Running img_18364.npy ... done (2.07s, 122.06MB)
  Running img_18365.npy ... done (2.07s, 119.98MB)
  Running img_18366.npy ... done (2.02s, 122.58MB)
  Running img_18367.npy ... done (1.96s, 121.47MB)
  Running img_18368.npy ... done (2.04s, 122.40MB)
  Running img_18369.npy ... done (2.08s, 121.63MB)
  Running img_1837.npy ... done (1.97s, 120.52MB)
  Running img_18370.npy ... done (1.97s, 118.38MB)
  Running img_18371.npy ... done (2.04s, 118.11MB)
  Running img_18372.npy ... done (2.00s, 117.17MB)
  Running img_18373.npy ... done (1.94s, 118.06MB)
  Running img_18374.npy ... done (2.02s, 116.54MB)
  Running img_18375.npy ... done (2.03s, 117.68MB)
  Running img_18376.npy ... done (2.09s, 116.34MB)
  Running img_18377.npy ... done (2.10s, 116.11MB)
  Running img_18378.npy ... done (2.08s, 115.84MB)
  Running img_18379.npy ... done (2.07s, 117.27MB)
  Running img_1838.npy ... done (2.12s, 126.56MB)
  Running img_18380.npy ... done (2.06s, 132.71MB)
  Running img_18381.npy ... done (2.07s, 135.35MB)
  Running img_18382.npy ... done (2.34s, 132.78MB)
  Running img_18383.npy ... done (2.05s, 135.29MB)
  Running img_18384.npy ... done (2.04s, 133.66MB)
  Running img_18385.npy ... done (2.02s, 133.54MB)
  Running img_18386.npy ... done (1.97s, 133.27MB)
  Running img_18387.npy ... done (1.97s, 132.87MB)
  Running img_18388.npy ... done (2.04s, 133.46MB)
  Running img_18389.npy ... done (2.05s, 133.96MB)
  Running img_1839.npy ... done (2.02s, 133.85MB)
  Running img_18390.npy ... done (1.97s, 135.15MB)
  Running img_18391.npy ... done (1.97s, 133.44MB)
  Running img_18392.npy ... done (2.05s, 135.14MB)
  Running img_18393.npy ... done (2.02s, 133.28MB)
  Running img_18394.npy ... done (2.04s, 134.73MB)
  Running img_18395.npy ... done (1.99s, 133.60MB)
  Running img_18396.npy ... done (1.92s, 135.32MB)
  Running img_18397.npy ... done (1.93s, 133.15MB)
  Running img_18398.npy ... done (1.99s, 134.92MB)
  Running img_18399.npy ... done (1.98s, 133.53MB)
  Running img_184.npy ... done (1.99s, 134.96MB)
  Running img_1840.npy ... done (1.89s, 132.91MB)
  Running img_18400.npy ... done (1.91s, 133.94MB)
  Running img_18401.npy ... done (1.91s, 133.05MB)
  Running img_18402.npy ... done (1.88s, 134.11MB)
  Running img_18403.npy ... done (2.31s, 134.45MB)
  Running img_18404.npy ... done (1.91s, 133.11MB)
  Running img_18405.npy ... done (1.93s, 132.98MB)
  Running img_18406.npy ... done (1.94s, 132.96MB)
  Running img_18407.npy ... done (1.97s, 132.89MB)
  Running img_18408.npy ... done (1.92s, 133.09MB)
  Running img_18409.npy ... done (1.98s, 132.98MB)
  Running img_1841.npy ... done (1.99s, 133.18MB)
  Running img_18410.npy ... done (1.95s, 132.59MB)
  Running img_18411.npy ... done (1.92s, 130.56MB)
  Running img_18412.npy ... done (1.92s, 129.60MB)
  Running img_18413.npy ... done (1.91s, 129.50MB)
  Running img_18414.npy ... done (2.05s, 128.44MB)
  Running img_18415.npy ... done (1.97s, 129.44MB)
  Running img_18416.npy ... done (2.05s, 127.20MB)
  Running img_18417.npy ... done (1.94s, 129.43MB)
  Running img_18418.npy ... done (2.00s, 127.93MB)
  Running img_18419.npy ... done (2.04s, 128.00MB)
  Running img_1842.npy ... done (2.00s, 127.39MB)
  Running img_18420.npy ... done (2.03s, 128.46MB)
  Running img_18421.npy ... done (1.97s, 127.37MB)
  Running img_18422.npy ... done (1.97s, 128.24MB)
  Running img_18423.npy ... done (2.04s, 127.13MB)
  Running img_18424.npy ... done (1.99s, 126.68MB)
  Running img_18425.npy ... done (2.13s, 124.11MB)
  Running img_18426.npy ... done (2.03s, 124.82MB)
  Running img_18427.npy ... done (2.03s, 122.20MB)
  Running img_18428.npy ... done (1.95s, 119.51MB)
  Running img_18429.npy ... done (2.03s, 122.49MB)
  Running img_1843.npy ... done (1.98s, 119.75MB)
  Running img_18430.npy ... done (2.01s, 122.58MB)
  Running img_18431.npy ... done (2.03s, 120.26MB)
  Running img_18432.npy ... done (2.05s, 121.86MB)
  Running img_18433.npy ... done (2.04s, 121.36MB)
  Running img_18434.npy ... done (2.04s, 122.56MB)
  Running img_18435.npy ... done (2.06s, 119.05MB)
  Running img_18436.npy ... done (2.08s, 118.66MB)
  Running img_18437.npy ... done (2.04s, 116.21MB)
  Running img_18438.npy ... done (1.88s, 117.79MB)
  Running img_18439.npy ... done (2.02s, 116.64MB)
  Running img_1844.npy ... done (2.03s, 117.02MB)
  Running img_18440.npy ... done (2.01s, 116.59MB)
  Running img_18441.npy ... done (2.05s, 117.52MB)
  Running img_18442.npy ... done (2.10s, 116.57MB)
  Running img_18443.npy ... done (2.10s, 127.78MB)
  Running img_18444.npy ... done (2.03s, 133.49MB)
  Running img_18445.npy ... done (2.07s, 132.31MB)
  Running img_18446.npy ... done (2.02s, 134.43MB)
  Running img_18447.npy ... done (2.19s, 133.25MB)
  Running img_18448.npy ... done (2.06s, 133.25MB)
  Running img_18449.npy ... done (2.01s, 132.73MB)
  Running img_1845.npy ... done (2.00s, 134.66MB)
  Running img_18450.npy ... done (1.96s, 133.30MB)
  Running img_18451.npy ... done (2.04s, 133.45MB)
  Running img_18452.npy ... done (1.93s, 133.14MB)
  Running img_18453.npy ... done (1.95s, 133.95MB)
  Running img_18454.npy ... done (1.92s, 133.53MB)
  Running img_18455.npy ... done (1.93s, 133.67MB)
  Running img_18456.npy ... done (1.79s, 132.70MB)
  Running img_18457.npy ... done (1.91s, 134.95MB)
  Running img_18458.npy ... done (1.86s, 134.24MB)
  Running img_18459.npy ... done (1.85s, 134.70MB)
  Running img_1846.npy ... done (1.86s, 134.61MB)
  Running img_18460.npy ... done (1.88s, 134.70MB)
  Running img_18461.npy ... done (1.87s, 134.45MB)
  Running img_18462.npy ... done (1.85s, 134.91MB)
  Running img_18463.npy ... done (1.86s, 134.09MB)
  Running img_18464.npy ... done (1.92s, 134.77MB)
  Running img_18465.npy ... done (1.90s, 133.95MB)
  Running img_18466.npy ... done (1.88s, 133.11MB)
  Running img_18467.npy ... done (1.90s, 132.77MB)
  Running img_18468.npy ... done (1.91s, 133.27MB)
  Running img_18469.npy ... done (1.88s, 133.62MB)
  Running img_1847.npy ... done (2.22s, 133.09MB)
  Running img_18470.npy ... done (1.94s, 133.13MB)
  Running img_18471.npy ... done (1.93s, 132.97MB)
  Running img_18472.npy ... done (1.91s, 132.77MB)
  Running img_18473.npy ... done (1.92s, 132.87MB)
  Running img_18474.npy ... done (1.91s, 132.01MB)
  Running img_18475.npy ... done (1.95s, 132.35MB)
  Running img_18476.npy ... done (1.92s, 129.85MB)
  Running img_18477.npy ... done (1.93s, 128.80MB)
  Running img_18478.npy ... done (1.98s, 127.35MB)
  Running img_18479.npy ... done (1.77s, 128.83MB)
  Running img_1848.npy ... done (1.97s, 126.79MB)
  Running img_18480.npy ... done (2.04s, 128.84MB)
  Running img_18481.npy ... done (1.98s, 125.00MB)
  Running img_18482.npy ... done (1.94s, 126.82MB)
  Running img_18483.npy ... done (1.99s, 122.83MB)
  Running img_18484.npy ... done (1.87s, 125.41MB)
  Running img_18485.npy ... done (2.04s, 123.00MB)
  Running img_18486.npy ... done (2.05s, 124.34MB)
  Running img_18487.npy ... done (1.95s, 121.91MB)
  Running img_18488.npy ... done (1.92s, 123.41MB)
  Running img_18489.npy ... done (1.95s, 121.62MB)
  Running img_1849.npy ... done (2.01s, 122.49MB)
  Running img_18490.npy ... done (2.03s, 121.25MB)
  Running img_18491.npy ... done (2.41s, 122.87MB)
  Running img_18492.npy ... done (2.04s, 120.18MB)
  Running img_18493.npy ... done (2.03s, 120.25MB)
  Running img_18494.npy ... done (2.07s, 117.20MB)
  Running img_18495.npy ... done (1.86s, 118.68MB)
  Running img_18496.npy ... done (2.07s, 116.29MB)
  Running img_18497.npy ... done (2.06s, 116.88MB)
  Running img_18498.npy ... done (2.02s, 116.37MB)
  Running img_18499.npy ... done (2.08s, 117.29MB)
  Running img_185.npy ... done (1.95s, 117.16MB)
  Running img_1850.npy ... done (2.05s, 116.05MB)
  Running img_18500.npy ... done (2.10s, 116.84MB)
  Running img_18501.npy ... done (1.99s, 122.66MB)
  Running img_18502.npy ... done (2.12s, 123.60MB)
  Running img_18503.npy ... done (2.03s, 133.10MB)
  Running img_18504.npy ... done (2.00s, 133.15MB)
  Running img_18505.npy ... done (2.01s, 135.87MB)
  Running img_18506.npy ... done (1.98s, 134.31MB)
  Running img_18507.npy ... done (2.01s, 132.95MB)
  Running img_18508.npy ... done (2.07s, 133.30MB)
  Running img_18509.npy ... done (1.99s, 133.22MB)
  Running img_1851.npy ... done (2.04s, 133.34MB)
  Running img_18510.npy ... done (2.04s, 133.25MB)
  Running img_18511.npy ... done (2.08s, 133.56MB)
  Running img_18512.npy ... done (1.98s, 133.75MB)
  Running img_18513.npy ... done (2.03s, 134.79MB)
  Running img_18514.npy ... done (2.12s, 135.07MB)
  Running img_18515.npy ... done (2.02s, 135.04MB)
  Running img_18516.npy ... done (2.02s, 134.68MB)
  Running img_18517.npy ... done (2.04s, 134.79MB)
  Running img_18518.npy ... done (2.03s, 134.58MB)
  Running img_18519.npy ... done (2.04s, 134.84MB)
  Running img_1852.npy ... done (1.99s, 134.52MB)
  Running img_18520.npy ... done (1.99s, 132.97MB)
  Running img_18521.npy ... done (2.04s, 134.41MB)
  Running img_18522.npy ... done (2.02s, 133.17MB)
  Running img_18523.npy ... done (2.09s, 133.39MB)
  Running img_18524.npy ... done (1.99s, 133.24MB)
  Running img_18525.npy ... done (2.04s, 133.05MB)
  Running img_18526.npy ... done (2.04s, 133.17MB)
  Running img_18527.npy ... done (2.01s, 133.29MB)
  Running img_18528.npy ... done (1.99s, 132.62MB)
  Running img_18529.npy ... done (2.10s, 130.88MB)
  Running img_1853.npy ... done (2.06s, 130.61MB)
  Running img_18530.npy ... done (2.07s, 129.20MB)
  Running img_18531.npy ... done (1.94s, 129.06MB)
  Running img_18532.npy ... done (2.07s, 127.27MB)
  Running img_18533.npy ... done (2.38s, 126.30MB)
  Running img_18534.npy ... done (2.05s, 125.38MB)
  Running img_18535.npy ... done (2.01s, 122.21MB)
  Running img_18536.npy ... done (1.99s, 124.26MB)
  Running img_18537.npy ... done (2.03s, 120.84MB)
  Running img_18538.npy ... done (2.05s, 123.86MB)
  Running img_18539.npy ... done (2.01s, 120.95MB)
  Running img_1854.npy ... done (2.01s, 122.28MB)
  Running img_18540.npy ... done (1.99s, 120.29MB)
  Running img_18541.npy ... done (2.04s, 122.91MB)
  Running img_18542.npy ... done (2.09s, 121.18MB)
  Running img_18543.npy ... done (2.09s, 122.07MB)
  Running img_18544.npy ... done (1.98s, 120.67MB)
  Running img_18545.npy ... done (2.02s, 121.92MB)
  Running img_18546.npy ... done (2.02s, 121.20MB)
  Running img_18547.npy ... done (2.06s, 119.83MB)
  Running img_18548.npy ... done (2.02s, 116.98MB)
  Running img_18549.npy ... done (1.87s, 118.53MB)
  Running img_1855.npy ... done (1.91s, 117.24MB)
  Running img_18550.npy ... done (2.01s, 118.00MB)
  Running img_18551.npy ... done (2.05s, 116.65MB)
  Running img_18552.npy ... done (1.95s, 118.25MB)
  Running img_18553.npy ... done (2.13s, 115.79MB)
  Running img_18554.npy ... done (1.98s, 117.62MB)
  Running img_18555.npy ... done (2.40s, 115.73MB)
  Running img_18556.npy ... done (1.93s, 117.09MB)
  Running img_18557.npy ... done (1.99s, 119.33MB)
  Running img_18558.npy ... done (2.01s, 134.79MB)
  Running img_18559.npy ... done (2.04s, 134.04MB)
  Running img_1856.npy ... done (2.05s, 132.82MB)
  Running img_18560.npy ... done (2.00s, 135.00MB)
  Running img_18561.npy ... done (1.96s, 134.15MB)
  Running img_18562.npy ... done (1.93s, 134.64MB)
  Running img_18563.npy ... done (1.96s, 134.12MB)
  Running img_18564.npy ... done (2.06s, 135.02MB)
  Running img_18565.npy ... done (1.98s, 134.42MB)
  Running img_18566.npy ... done (2.04s, 134.88MB)
  Running img_18567.npy ... done (1.95s, 134.43MB)
  Running img_18568.npy ... done (1.98s, 134.72MB)
  Running img_18569.npy ... done (2.01s, 134.47MB)
  Running img_1857.npy ... done (1.99s, 134.57MB)
  Running img_18570.npy ... done (1.97s, 132.85MB)
  Running img_18571.npy ... done (1.99s, 134.42MB)
  Running img_18572.npy ... done (2.03s, 134.51MB)
  Running img_18573.npy ... done (2.04s, 134.68MB)
  Running img_18574.npy ... done (2.00s, 132.84MB)
  Running img_18575.npy ... done (2.05s, 134.80MB)
  Running img_18576.npy ... done (2.14s, 131.02MB)
  Running img_18577.npy ... done (2.25s, 133.17MB)
  Running img_18578.npy ... done (2.03s, 131.64MB)
  Running img_18579.npy ... done (2.07s, 134.64MB)
  Running img_1858.npy ... done (2.00s, 131.91MB)
  Running img_18580.npy ... done (2.00s, 133.38MB)
  Running img_18581.npy ... done (2.01s, 131.85MB)
  Running img_18582.npy ... done (2.03s, 133.92MB)
  Running img_18583.npy ... done (1.98s, 133.30MB)
  Running img_18584.npy ... done (1.96s, 132.91MB)
  Running img_18585.npy ... done (1.98s, 132.53MB)
  Running img_18586.npy ... done (1.99s, 133.36MB)
  Running img_18587.npy ... done (1.89s, 132.93MB)
  Running img_18588.npy ... done (2.04s, 133.14MB)
  Running img_18589.npy ... done (2.04s, 132.95MB)
  Running img_1859.npy ... done (2.01s, 133.24MB)
  Running img_18590.npy ... done (2.04s, 132.90MB)
  Running img_18591.npy ... done (2.03s, 132.52MB)
  Running img_18592.npy ... done (2.04s, 131.62MB)
  Running img_18593.npy ... done (2.07s, 129.62MB)
  Running img_18594.npy ... done (2.08s, 127.66MB)
  Running img_18595.npy ... done (2.07s, 128.08MB)
  Running img_18596.npy ... done (2.00s, 127.38MB)
  Running img_18597.npy ... done (2.04s, 129.02MB)
  Running img_18598.npy ... done (2.22s, 124.10MB)
  Running img_18599.npy ... done (1.88s, 125.28MB)
  Running img_186.npy ... done (2.00s, 124.41MB)
  Running img_1860.npy ... done (1.97s, 125.02MB)
  Running img_18600.npy ... done (2.02s, 123.75MB)
  Running img_18601.npy ... done (1.94s, 125.84MB)
  Running img_18602.npy ... done (2.02s, 122.71MB)
  Running img_18603.npy ... done (2.00s, 122.34MB)
  Running img_18604.npy ... done (1.93s, 121.45MB)
  Running img_18605.npy ... done (1.98s, 122.98MB)
  Running img_18606.npy ... done (2.05s, 120.78MB)
  Running img_18607.npy ... done (2.00s, 121.64MB)
  Running img_18608.npy ... done (2.02s, 119.11MB)
  Running img_18609.npy ... done (2.00s, 119.34MB)
  Running img_1861.npy ... done (1.99s, 117.41MB)
  Running img_18610.npy ... done (2.00s, 114.03MB)
  Running img_18611.npy ... done (2.03s, 117.74MB)
  Running img_18612.npy ... done (1.98s, 114.40MB)
  Running img_18613.npy ... done (1.97s, 117.66MB)
  Running img_18614.npy ... done (2.02s, 114.89MB)
  Running img_18615.npy ... done (2.01s, 116.29MB)
  Running img_18616.npy ... done (2.06s, 115.41MB)
  Running img_18617.npy ... done (2.07s, 130.26MB)
  Running img_18618.npy ... done (2.00s, 133.76MB)
  Running img_18619.npy ... done (2.49s, 130.70MB)
  Running img_1862.npy ... done (2.04s, 132.82MB)
  Running img_18620.npy ... done (1.99s, 135.64MB)
  Running img_18621.npy ... done (2.05s, 134.23MB)
  Running img_18622.npy ... done (1.96s, 135.61MB)
  Running img_18623.npy ... done (2.03s, 133.18MB)
  Running img_18624.npy ... done (1.92s, 133.01MB)
  Running img_18625.npy ... done (2.02s, 133.22MB)
  Running img_18626.npy ... done (1.99s, 132.64MB)
  Running img_18627.npy ... done (1.97s, 132.76MB)
  Running img_18628.npy ... done (2.00s, 133.79MB)
  Running img_18629.npy ... done (1.99s, 134.10MB)
  Running img_1863.npy ... done (2.00s, 134.99MB)
  Running img_18630.npy ... done (2.08s, 134.82MB)
  Running img_18631.npy ... done (2.01s, 134.79MB)
  Running img_18632.npy ... done (2.05s, 134.98MB)
  Running img_18633.npy ... done (2.05s, 134.76MB)
  Running img_18634.npy ... done (2.03s, 133.49MB)
  Running img_18635.npy ... done (1.89s, 134.83MB)
  Running img_18636.npy ... done (2.02s, 134.72MB)
  Running img_18637.npy ... done (1.95s, 133.50MB)
  Running img_18638.npy ... done (2.00s, 134.91MB)
  Running img_18639.npy ... done (1.90s, 134.45MB)
  Running img_1864.npy ... done (1.94s, 134.43MB)
  Running img_18640.npy ... done (2.41s, 134.02MB)
  Running img_18641.npy ... done (1.85s, 134.73MB)
  Running img_18642.npy ... done (1.87s, 133.87MB)
  Running img_18643.npy ... done (1.89s, 133.58MB)
  Running img_18644.npy ... done (1.89s, 134.27MB)
  Running img_18645.npy ... done (2.01s, 134.48MB)
  Running img_18646.npy ... done (1.98s, 134.26MB)
  Running img_18647.npy ... done (1.94s, 133.12MB)
  Running img_18648.npy ... done (1.96s, 132.19MB)
  Running img_18649.npy ... done (1.98s, 134.05MB)
  Running img_1865.npy ... done (2.02s, 132.53MB)
  Running img_18650.npy ... done (2.08s, 133.27MB)
  Running img_18651.npy ... done (1.90s, 131.69MB)
  Running img_18652.npy ... done (2.00s, 132.77MB)
  Running img_18653.npy ... done (2.03s, 131.93MB)
  Running img_18654.npy ... done (2.06s, 133.00MB)
  Running img_18655.npy ... done (2.05s, 131.62MB)
  Running img_18656.npy ... done (1.93s, 133.16MB)
  Running img_18657.npy ... done (1.99s, 131.31MB)
  Running img_18658.npy ... done (1.99s, 132.60MB)
  Running img_18659.npy ... done (2.12s, 129.12MB)
  Running img_1866.npy ... done (2.04s, 130.60MB)
  Running img_18660.npy ... done (2.02s, 127.82MB)
  Running img_18661.npy ... done (2.04s, 129.04MB)
  Running img_18662.npy ... done (2.03s, 127.56MB)
  Running img_18663.npy ... done (2.08s, 128.46MB)
  Running img_18664.npy ... done (2.38s, 127.37MB)
  Running img_18665.npy ... done (2.05s, 128.43MB)
  Running img_18666.npy ... done (2.09s, 126.70MB)
  Running img_18667.npy ... done (2.03s, 126.78MB)
  Running img_18668.npy ... done (2.04s, 124.23MB)
  Running img_18669.npy ... done (1.96s, 125.52MB)
  Running img_1867.npy ... done (2.02s, 124.43MB)
  Running img_18670.npy ... done (1.97s, 123.23MB)
  Running img_18671.npy ... done (2.10s, 122.27MB)
  Running img_18672.npy ... done (2.02s, 123.32MB)
  Running img_18673.npy ... done (2.08s, 121.65MB)
  Running img_18674.npy ... done (2.01s, 119.39MB)
  Running img_18675.npy ... done (2.01s, 122.19MB)
  Running img_18676.npy ... done (2.02s, 119.00MB)
  Running img_18677.npy ... done (2.02s, 122.29MB)
  Running img_18678.npy ... done (1.98s, 116.48MB)
  Running img_18679.npy ... done (2.07s, 117.98MB)
  Running img_1868.npy ... done (2.04s, 117.30MB)
  Running img_18680.npy ... done (2.08s, 117.84MB)
  Running img_18681.npy ... done (2.01s, 116.88MB)
  Running img_18682.npy ... done (2.04s, 117.53MB)
  Running img_18683.npy ... done (2.14s, 116.06MB)
  Running img_18684.npy ... done (2.05s, 117.35MB)
  Running img_18685.npy ... done (2.12s, 115.28MB)
  Running img_18686.npy ... done (1.92s, 116.87MB)
  Running img_18687.npy ... done (2.01s, 118.29MB)
  Running img_18688.npy ... done (2.01s, 134.19MB)
  Running img_18689.npy ... done (1.98s, 134.65MB)
  Running img_1869.npy ... done (1.97s, 135.36MB)
  Running img_18690.npy ... done (2.08s, 133.35MB)
  Running img_18691.npy ... done (2.01s, 132.95MB)
  Running img_18692.npy ... done (1.98s, 133.45MB)
  Running img_18693.npy ... done (2.02s, 133.28MB)
  Running img_18694.npy ... done (2.07s, 134.88MB)
  Running img_18695.npy ... done (2.00s, 134.40MB)
  Running img_18696.npy ... done (1.91s, 134.82MB)
  Running img_18697.npy ... done (1.96s, 133.98MB)
  Running img_18698.npy ... done (2.06s, 134.66MB)
  Running img_18699.npy ... done (2.00s, 134.00MB)
  Running img_187.npy ... done (2.04s, 134.52MB)
  Running img_1870.npy ... done (2.04s, 132.97MB)
  Running img_18700.npy ... done (2.07s, 133.06MB)
  Running img_18701.npy ... done (2.07s, 132.58MB)
  Running img_18702.npy ... done (2.03s, 133.23MB)
  Running img_18703.npy ... done (2.05s, 132.67MB)
  Running img_18704.npy ... done (2.09s, 132.97MB)
  Running img_18705.npy ... done (1.99s, 131.40MB)
  Running img_18706.npy ... done (2.32s, 133.17MB)
  Running img_18707.npy ... done (2.03s, 133.01MB)
  Running img_18708.npy ... done (2.07s, 132.90MB)
  Running img_18709.npy ... done (1.99s, 132.85MB)
  Running img_1871.npy ... done (2.03s, 132.89MB)
  Running img_18710.npy ... done (2.05s, 129.45MB)
  Running img_18711.npy ... done (2.02s, 128.27MB)
  Running img_18712.npy ... done (1.97s, 127.44MB)
  Running img_18713.npy ... done (1.93s, 128.59MB)
  Running img_18714.npy ... done (2.08s, 126.90MB)
  Running img_18715.npy ... done (2.00s, 126.62MB)
  Running img_18716.npy ... done (1.99s, 124.14MB)
  Running img_18717.npy ... done (2.01s, 125.33MB)
  Running img_18718.npy ... done (1.98s, 122.72MB)
  Running img_18719.npy ... done (1.98s, 123.43MB)
  Running img_1872.npy ... done (2.03s, 122.54MB)
  Running img_18720.npy ... done (2.03s, 119.84MB)
  Running img_18721.npy ... done (1.94s, 121.71MB)
  Running img_18722.npy ... done (1.99s, 119.62MB)
  Running img_18723.npy ... done (2.04s, 122.50MB)
  Running img_18724.npy ... done (2.02s, 119.25MB)
  Running img_18725.npy ... done (2.06s, 122.18MB)
  Running img_18726.npy ... done (2.00s, 120.10MB)
  Running img_18727.npy ... done (2.00s, 121.34MB)
  Running img_18728.npy ... done (2.04s, 118.67MB)
  Running img_18729.npy ... done (2.19s, 122.76MB)
  Running img_1873.npy ... done (2.01s, 119.07MB)
  Running img_18730.npy ... done (1.99s, 118.51MB)
  Running img_18731.npy ... done (1.99s, 116.94MB)
  Running img_18732.npy ... done (2.07s, 118.39MB)
  Running img_18733.npy ... done (2.02s, 116.29MB)
  Running img_18734.npy ... done (2.01s, 117.43MB)
  Running img_18735.npy ... done (1.99s, 116.50MB)
  Running img_18736.npy ... done (2.00s, 117.89MB)
  Running img_18737.npy ... done (2.05s, 115.52MB)
  Running img_18738.npy ... done (2.02s, 117.98MB)
  Running img_18739.npy ... done (2.14s, 117.72MB)
  Running img_1874.npy ... done (1.97s, 133.70MB)
  Running img_18740.npy ... done (2.05s, 133.93MB)
  Running img_18741.npy ... done (2.03s, 135.32MB)
  Running img_18742.npy ... done (2.07s, 133.29MB)
  Running img_18743.npy ... done (1.95s, 133.66MB)
  Running img_18744.npy ... done (2.03s, 133.67MB)
  Running img_18745.npy ... done (2.04s, 133.36MB)
  Running img_18746.npy ... done (2.07s, 132.95MB)
  Running img_18747.npy ... done (2.04s, 134.11MB)
  Running img_18748.npy ... done (2.01s, 134.48MB)
  Running img_18749.npy ... done (1.91s, 132.15MB)
  Running img_1875.npy ... done (2.04s, 134.96MB)
  Running img_18750.npy ... done (2.31s, 133.16MB)
  Running img_18751.npy ... done (2.04s, 133.73MB)
  Running img_18752.npy ... done (2.05s, 133.21MB)
  Running img_18753.npy ... done (1.96s, 134.55MB)
  Running img_18754.npy ... done (1.98s, 132.76MB)
  Running img_18755.npy ... done (2.03s, 133.56MB)
  Running img_18756.npy ... done (1.96s, 133.09MB)
  Running img_18757.npy ... done (1.99s, 133.42MB)
  Running img_18758.npy ... done (1.99s, 133.42MB)
  Running img_18759.npy ... done (1.98s, 134.64MB)
  Running img_1876.npy ... done (1.98s, 134.59MB)
  Running img_18760.npy ... done (1.95s, 134.73MB)
  Running img_18761.npy ... done (1.94s, 133.05MB)
  Running img_18762.npy ... done (2.02s, 133.16MB)
  Running img_18763.npy ... done (1.99s, 133.04MB)
  Running img_18764.npy ... done (2.00s, 133.12MB)
  Running img_18765.npy ... done (1.97s, 132.68MB)
  Running img_18766.npy ... done (1.98s, 133.12MB)
  Running img_18767.npy ... done (1.89s, 132.98MB)
  Running img_18768.npy ... done (2.02s, 132.59MB)
  Running img_18769.npy ... done (2.01s, 129.37MB)
  Running img_1877.npy ... done (1.98s, 130.16MB)
  Running img_18770.npy ... done (1.97s, 129.62MB)
  Running img_18771.npy ... done (1.99s, 130.23MB)
  Running img_18772.npy ... done (2.37s, 127.58MB)
  Running img_18773.npy ... done (2.01s, 128.10MB)
  Running img_18774.npy ... done (2.04s, 125.59MB)
  Running img_18775.npy ... done (2.04s, 125.84MB)
  Running img_18776.npy ... done (1.99s, 124.41MB)
  Running img_18777.npy ... done (2.02s, 125.46MB)
  Running img_18778.npy ... done (2.04s, 123.91MB)
  Running img_18779.npy ... done (1.97s, 122.93MB)
  Running img_1878.npy ... done (1.99s, 122.39MB)
  Running img_18780.npy ... done (1.98s, 122.84MB)
  Running img_18781.npy ... done (1.95s, 122.16MB)
  Running img_18782.npy ... done (2.01s, 122.88MB)
  Running img_18783.npy ... done (2.06s, 121.20MB)
  Running img_18784.npy ... done (2.03s, 120.14MB)
  Running img_18785.npy ... done (1.96s, 120.95MB)
  Running img_18786.npy ... done (1.96s, 119.37MB)
  Running img_18787.npy ... done (2.07s, 119.67MB)
  Running img_18788.npy ... done (2.02s, 115.61MB)
  Running img_18789.npy ... done (2.03s, 118.18MB)
  Running img_1879.npy ... done (2.05s, 117.29MB)
  Running img_18790.npy ... done (2.09s, 117.25MB)
  Running img_18791.npy ... done (2.05s, 116.71MB)
  Running img_18792.npy ... done (2.03s, 118.05MB)
  Running img_18793.npy ... done (2.10s, 116.36MB)
  Running img_18794.npy ... done (2.10s, 117.20MB)
  Running img_18795.npy ... done (2.21s, 115.97MB)
  Running img_18796.npy ... done (2.04s, 118.71MB)
  Running img_18797.npy ... done (2.00s, 131.75MB)
  Running img_18798.npy ... done (1.97s, 135.82MB)
  Running img_18799.npy ... done (2.00s, 131.98MB)
  Running img_188.npy ... done (1.93s, 133.64MB)
  Running img_1880.npy ... done (1.96s, 133.54MB)
  Running img_18800.npy ... done (1.98s, 133.38MB)
  Running img_18801.npy ... done (2.07s, 134.56MB)
  Running img_18802.npy ... done (1.93s, 136.03MB)
  Running img_18803.npy ... done (2.02s, 133.01MB)
  Running img_18804.npy ... done (1.96s, 135.84MB)
  Running img_18805.npy ... done (2.04s, 133.69MB)
  Running img_18806.npy ... done (1.79s, 132.62MB)
  Running img_18807.npy ... done (2.01s, 133.29MB)
  Running img_18808.npy ... done (1.99s, 136.13MB)
  Running img_18809.npy ... done (1.91s, 132.67MB)
  Running img_1881.npy ... done (2.00s, 132.98MB)
  Running img_18810.npy ... done (2.03s, 133.55MB)
  Running img_18811.npy ... done (2.06s, 133.72MB)
  Running img_18812.npy ... done (1.98s, 133.78MB)
  Running img_18813.npy ... done (1.93s, 133.87MB)
  Running img_18814.npy ... done (2.00s, 134.17MB)
  Running img_18815.npy ... done (2.00s, 133.95MB)
  Running img_18816.npy ... done (2.08s, 133.38MB)
  Running img_18817.npy ... done (2.06s, 134.26MB)
  Running img_18818.npy ... done (2.05s, 134.78MB)
  Running img_18819.npy ... done (1.99s, 134.48MB)
  Running img_1882.npy ... done (2.07s, 134.90MB)
  Running img_18820.npy ... done (1.96s, 133.67MB)
  Running img_18821.npy ... done (1.96s, 135.10MB)
  Running img_18822.npy ... done (1.88s, 131.96MB)
  Running img_18823.npy ... done (2.00s, 134.41MB)
  Running img_18824.npy ... done (1.99s, 134.21MB)
  Running img_18825.npy ... done (1.98s, 134.64MB)
  Running img_18826.npy ... done (2.01s, 134.38MB)
  Running img_18827.npy ... done (2.01s, 134.71MB)
  Running img_18828.npy ... done (1.95s, 134.25MB)
  Running img_18829.npy ... done (1.96s, 133.14MB)
  Running img_1883.npy ... done (2.02s, 131.27MB)
  Running img_18830.npy ... done (1.89s, 134.65MB)
  Running img_18831.npy ... done (2.01s, 131.83MB)
  Running img_18832.npy ... done (2.03s, 133.11MB)
  Running img_18833.npy ... done (1.96s, 132.84MB)
  Running img_18834.npy ... done (2.00s, 132.99MB)
  Running img_18835.npy ... done (2.00s, 130.61MB)
  Running img_18836.npy ... done (2.03s, 133.15MB)
  Running img_18837.npy ... done (1.95s, 130.58MB)
  Running img_18838.npy ... done (1.98s, 134.38MB)
  Running img_18839.npy ... done (2.09s, 131.03MB)
  Running img_1884.npy ... done (1.94s, 133.32MB)
  Running img_18840.npy ... done (1.91s, 131.36MB)
  Running img_18841.npy ... done (2.01s, 133.07MB)
  Running img_18842.npy ... done (1.87s, 131.58MB)
  Running img_18843.npy ... done (1.88s, 132.73MB)
  Running img_18844.npy ... done (1.85s, 131.60MB)
  Running img_18845.npy ... done (1.89s, 133.01MB)
  Running img_18846.npy ... done (1.95s, 132.43MB)
  Running img_18847.npy ... done (1.94s, 133.33MB)
  Running img_18848.npy ... done (1.93s, 129.28MB)
  Running img_18849.npy ... done (2.00s, 130.49MB)
  Running img_1885.npy ... done (1.92s, 129.46MB)
  Running img_18850.npy ... done (1.95s, 129.21MB)
  Running img_18851.npy ... done (1.91s, 127.56MB)
  Running img_18852.npy ... done (1.97s, 128.35MB)
  Running img_18853.npy ... done (2.00s, 127.07MB)
  Running img_18854.npy ... done (2.03s, 128.43MB)
  Running img_18855.npy ... done (2.02s, 126.74MB)
  Running img_18856.npy ... done (1.98s, 126.78MB)
  Running img_18857.npy ... done (2.05s, 125.60MB)
  Running img_18858.npy ... done (1.94s, 126.28MB)
  Running img_18859.npy ... done (1.88s, 123.72MB)
  Running img_1886.npy ... done (1.99s, 125.09MB)
  Running img_18860.npy ... done (2.11s, 122.66MB)
  Running img_18861.npy ... done (2.04s, 123.71MB)
  Running img_18862.npy ... done (2.09s, 123.20MB)
  Running img_18863.npy ... done (1.97s, 122.21MB)
  Running img_18864.npy ... done (2.03s, 121.50MB)
  Running img_18865.npy ... done (1.98s, 119.86MB)
  Running img_18866.npy ... done (2.03s, 121.16MB)
  Running img_18867.npy ... done (1.95s, 118.29MB)
  Running img_18868.npy ... done (1.93s, 120.89MB)
  Running img_18869.npy ... done (1.98s, 118.30MB)
  Running img_1887.npy ... done (2.02s, 117.69MB)
  Running img_18870.npy ... done (1.98s, 115.36MB)
  Running img_18871.npy ... done (2.03s, 117.39MB)
  Running img_18872.npy ... done (2.04s, 115.53MB)
  Running img_18873.npy ... done (2.01s, 117.36MB)
  Running img_18874.npy ... done (2.02s, 116.46MB)
  Running img_18875.npy ... done (2.02s, 117.11MB)
  Running img_18876.npy ... done (2.01s, 115.58MB)
  Running img_18877.npy ... done (1.89s, 117.54MB)
  Running img_18878.npy ... done (2.00s, 116.43MB)
  Running img_18879.npy ... done (2.00s, 135.04MB)
  Running img_1888.npy ... done (2.01s, 134.43MB)
  Running img_18880.npy ... done (1.90s, 134.88MB)
  Running img_18881.npy ... done (1.99s, 133.39MB)
  Running img_18882.npy ... done (2.00s, 133.77MB)
  Running img_18883.npy ... done (2.28s, 134.59MB)
  Running img_18884.npy ... done (2.01s, 134.10MB)
  Running img_18885.npy ... done (1.98s, 134.68MB)
  Running img_18886.npy ... done (1.96s, 134.53MB)
  Running img_18887.npy ... done (2.01s, 134.87MB)
  Running img_18888.npy ... done (1.85s, 134.59MB)
  Running img_18889.npy ... done (1.94s, 134.89MB)
  Running img_1889.npy ... done (1.96s, 132.86MB)
  Running img_18890.npy ... done (2.02s, 135.02MB)
  Running img_18891.npy ... done (1.92s, 133.96MB)
  Running img_18892.npy ... done (2.00s, 134.48MB)
  Running img_18893.npy ... done (1.91s, 133.22MB)
  Running img_18894.npy ... done (1.96s, 134.90MB)
  Running img_18895.npy ... done (1.90s, 133.89MB)
  Running img_18896.npy ... done (1.89s, 134.56MB)
  Running img_18897.npy ... done (1.96s, 133.12MB)
  Running img_18898.npy ... done (1.97s, 134.57MB)
  Running img_18899.npy ... done (1.95s, 132.31MB)
  Running img_189.npy ... done (2.03s, 134.49MB)
  Running img_1890.npy ... done (1.97s, 133.26MB)
  Running img_18900.npy ... done (1.99s, 134.76MB)
  Running img_18901.npy ... done (1.96s, 131.41MB)
  Running img_18902.npy ... done (1.97s, 133.13MB)
  Running img_18903.npy ... done (2.00s, 131.29MB)
  Running img_18904.npy ... done (1.93s, 133.05MB)
  Running img_18905.npy ... done (2.09s, 131.31MB)
  Running img_18906.npy ... done (1.99s, 133.01MB)
  Running img_18907.npy ... done (1.95s, 133.02MB)
  Running img_18908.npy ... done (1.95s, 132.83MB)
  Running img_18909.npy ... done (1.91s, 132.64MB)
  Running img_1891.npy ... done (1.97s, 133.06MB)
  Running img_18910.npy ... done (2.02s, 131.45MB)
  Running img_18911.npy ... done (1.84s, 132.46MB)
  Running img_18912.npy ... done (1.93s, 132.58MB)
  Running img_18913.npy ... done (2.02s, 131.57MB)
  Running img_18914.npy ... done (2.01s, 129.67MB)
  Running img_18915.npy ... done (1.93s, 130.31MB)
  Running img_18916.npy ... done (1.98s, 128.25MB)
  Running img_18917.npy ... done (1.99s, 128.22MB)
  Running img_18918.npy ... done (1.97s, 127.38MB)
  Running img_18919.npy ... done (1.98s, 127.49MB)
  Running img_1892.npy ... done (2.00s, 127.04MB)
  Running img_18920.npy ... done (1.94s, 127.90MB)
  Running img_18921.npy ... done (1.95s, 126.66MB)
  Running img_18922.npy ... done (1.94s, 126.70MB)
  Running img_18923.npy ... done (2.00s, 125.26MB)
  Running img_18924.npy ... done (1.99s, 125.66MB)
  Running img_18925.npy ... done (1.91s, 124.91MB)
  Running img_18926.npy ... done (1.99s, 125.95MB)
  Running img_18927.npy ... done (1.99s, 124.58MB)
  Running img_18928.npy ... done (2.07s, 127.95MB)
  Running img_18929.npy ... done (1.96s, 125.63MB)
  Running img_1893.npy ... done (1.92s, 128.48MB)
  Running img_18930.npy ... done (2.00s, 124.52MB)
  Running img_18931.npy ... done (1.92s, 125.77MB)
  Running img_18932.npy ... done (2.04s, 124.40MB)
  Running img_18933.npy ... done (2.00s, 120.53MB)
  Running img_18934.npy ... done (2.01s, 123.24MB)
  Running img_18935.npy ... done (1.93s, 120.39MB)
  Running img_18936.npy ... done (1.97s, 122.93MB)
  Running img_18937.npy ... done (2.02s, 120.82MB)
  Running img_18938.npy ... done (1.99s, 122.75MB)
  Running img_18939.npy ... done (2.00s, 121.30MB)
  Running img_1894.npy ... done (1.96s, 122.11MB)
  Running img_18940.npy ... done (2.04s, 121.16MB)
  Running img_18941.npy ... done (1.98s, 119.95MB)
  Running img_18942.npy ... done (2.02s, 117.62MB)
  Running img_18943.npy ... done (1.98s, 118.89MB)
  Running img_18944.npy ... done (1.97s, 116.78MB)
  Running img_18945.npy ... done (1.92s, 117.13MB)
  Running img_18946.npy ... done (1.96s, 116.26MB)
  Running img_18947.npy ... done (1.93s, 113.71MB)
  Running img_18948.npy ... done (1.99s, 115.73MB)
  Running img_18949.npy ... done (2.08s, 113.86MB)
  Running img_1895.npy ... done (1.98s, 116.45MB)
  Running img_18950.npy ... done (1.97s, 111.47MB)
  Running img_18951.npy ... done (1.93s, 117.69MB)
  Running img_18952.npy ... done (1.96s, 124.92MB)
  Running img_18953.npy ... done (1.99s, 134.21MB)
  Running img_18954.npy ... done (1.99s, 130.96MB)
  Running img_18955.npy ... done (2.00s, 127.95MB)
  Running img_18956.npy ... done (1.91s, 134.34MB)
  Running img_18957.npy ... done (1.93s, 135.14MB)
  Running img_18958.npy ... done (1.89s, 133.90MB)
  Running img_18959.npy ... done (1.92s, 133.39MB)
  Running img_1896.npy ... done (1.97s, 133.58MB)
  Running img_18960.npy ... done (1.92s, 133.65MB)
  Running img_18961.npy ... done (1.97s, 133.45MB)
  Running img_18962.npy ... done (1.97s, 133.52MB)
  Running img_18963.npy ... done (1.96s, 134.49MB)
  Running img_18964.npy ... done (1.94s, 135.02MB)
  Running img_18965.npy ... done (1.94s, 134.93MB)
  Running img_18966.npy ... done (1.92s, 135.09MB)
  Running img_18967.npy ... done (1.95s, 134.96MB)
  Running img_18968.npy ... done (1.99s, 135.11MB)
  Running img_18969.npy ... done (1.95s, 135.04MB)
  Running img_1897.npy ... done (1.98s, 134.77MB)
  Running img_18970.npy ... done (1.91s, 133.30MB)
  Running img_18971.npy ... done (1.96s, 134.94MB)
  Running img_18972.npy ... done (2.41s, 134.55MB)
  Running img_18973.npy ... done (1.99s, 133.99MB)
  Running img_18974.npy ... done (2.01s, 134.77MB)
  Running img_18975.npy ... done (1.97s, 132.29MB)
  Running img_18976.npy ... done (1.98s, 134.50MB)
  Running img_18977.npy ... done (1.96s, 130.96MB)
  Running img_18978.npy ... done (1.93s, 133.29MB)
  Running img_18979.npy ... done (1.99s, 132.16MB)
  Running img_1898.npy ... done (1.93s, 134.86MB)
  Running img_18980.npy ... done (1.94s, 132.48MB)
  Running img_18981.npy ... done (1.98s, 133.05MB)
  Running img_18982.npy ... done (2.02s, 131.68MB)
  Running img_18983.npy ... done (1.92s, 133.38MB)
  Running img_18984.npy ... done (1.89s, 131.65MB)
  Running img_18985.npy ... done (1.92s, 132.38MB)
  Running img_18986.npy ... done (1.89s, 129.12MB)
  Running img_18987.npy ... done (1.89s, 130.14MB)
  Running img_18988.npy ... done (1.98s, 129.19MB)
  Running img_18989.npy ... done (1.88s, 128.91MB)
  Running img_1899.npy ... done (2.04s, 127.51MB)
  Running img_18990.npy ... done (2.01s, 128.00MB)
  Running img_18991.npy ... done (1.91s, 127.20MB)
  Running img_18992.npy ... done (1.92s, 128.32MB)
  Running img_18993.npy ... done (1.95s, 126.99MB)
  Running img_18994.npy ... done (2.18s, 128.21MB)
  Running img_18995.npy ... done (2.04s, 127.30MB)
  Running img_18996.npy ... done (1.98s, 128.02MB)
  Running img_18997.npy ... done (2.01s, 126.88MB)
  Running img_18998.npy ... done (1.97s, 127.08MB)
  Running img_18999.npy ... done (2.01s, 124.77MB)
  Running img_19.npy ... done (1.98s, 126.18MB)
  Running img_190.npy ... done (1.99s, 124.43MB)
  Running img_1900.npy ... done (1.96s, 125.95MB)
  Running img_19000.npy ... done (2.00s, 122.71MB)
  Running img_19001.npy ... done (1.97s, 123.77MB)
  Running img_19002.npy ... done (1.96s, 121.59MB)
  Running img_19003.npy ... done (2.00s, 122.73MB)
  Running img_19004.npy ... done (1.97s, 121.90MB)
  Running img_19005.npy ... done (1.85s, 119.16MB)
  Running img_19006.npy ... done (1.92s, 122.16MB)
  Running img_19007.npy ... done (1.89s, 119.55MB)
  Running img_19008.npy ... done (1.94s, 122.00MB)
  Running img_19009.npy ... done (1.93s, 119.79MB)
  Running img_1901.npy ... done (1.97s, 119.05MB)
  Running img_19010.npy ... done (2.02s, 116.74MB)
  Running img_19011.npy ... done (2.00s, 118.08MB)
  Running img_19012.npy ... done (1.99s, 116.53MB)
  Running img_19013.npy ... done (1.97s, 118.38MB)
  Running img_19014.npy ... done (1.90s, 115.87MB)
  Running img_19015.npy ... done (2.02s, 118.25MB)
  Running img_19016.npy ... done (2.16s, 116.12MB)
  Running img_19017.npy ... done (1.99s, 116.99MB)
  Running img_19018.npy ... done (2.02s, 115.76MB)
  Running img_19019.npy ... done (1.96s, 119.64MB)
  Running img_1902.npy ... done (1.92s, 133.38MB)
  Running img_19020.npy ... done (1.93s, 135.75MB)
  Running img_19021.npy ... done (2.03s, 132.43MB)
  Running img_19022.npy ... done (1.98s, 132.96MB)
  Running img_19023.npy ... done (2.00s, 133.24MB)
  Running img_19024.npy ... done (1.88s, 132.88MB)
  Running img_19025.npy ... done (2.00s, 133.25MB)
  Running img_19026.npy ... done (1.98s, 133.55MB)
  Running img_19027.npy ... done (1.95s, 133.34MB)
  Running img_19028.npy ... done (1.91s, 133.74MB)
  Running img_19029.npy ... done (2.01s, 133.14MB)
  Running img_1903.npy ... done (2.00s, 133.49MB)
  Running img_19030.npy ... done (1.99s, 134.63MB)
  Running img_19031.npy ... done (1.94s, 134.95MB)
  Running img_19032.npy ... done (2.01s, 135.02MB)
  Running img_19033.npy ... done (1.97s, 134.00MB)
  Running img_19034.npy ... done (1.99s, 133.53MB)
  Running img_19035.npy ... done (1.93s, 132.67MB)
  Running img_19036.npy ... done (2.00s, 133.61MB)
  Running img_19037.npy ... done (1.91s, 134.08MB)
  Running img_19038.npy ... done (2.13s, 134.83MB)
  Running img_19039.npy ... done (1.98s, 132.89MB)
  Running img_1904.npy ... done (1.97s, 134.75MB)
  Running img_19040.npy ... done (1.94s, 134.31MB)
  Running img_19041.npy ... done (1.96s, 134.85MB)
  Running img_19042.npy ... done (1.91s, 134.04MB)
  Running img_19043.npy ... done (1.96s, 134.82MB)
  Running img_19044.npy ... done (1.83s, 133.96MB)
  Running img_19045.npy ... done (1.95s, 134.61MB)
  Running img_19046.npy ... done (1.92s, 131.83MB)
  Running img_19047.npy ... done (1.93s, 135.05MB)
  Running img_19048.npy ... done (1.93s, 132.81MB)
  Running img_19049.npy ... done (2.01s, 133.21MB)
  Running img_1905.npy ... done (1.99s, 132.89MB)
  Running img_19050.npy ... done (1.99s, 134.51MB)
  Running img_19051.npy ... done (1.99s, 133.39MB)
  Running img_19052.npy ... done (1.99s, 134.52MB)
  Running img_19053.npy ... done (1.95s, 133.13MB)
  Running img_19054.npy ... done (1.97s, 133.14MB)
  Running img_19055.npy ... done (2.05s, 133.25MB)
  Running img_19056.npy ... done (1.99s, 133.34MB)
  Running img_19057.npy ... done (1.97s, 132.93MB)
  Running img_19058.npy ... done (1.95s, 132.87MB)
  Running img_19059.npy ... done (1.96s, 132.73MB)
  Running img_1906.npy ... done (1.99s, 132.69MB)
  Running img_19060.npy ... done (2.16s, 133.25MB)
  Running img_19061.npy ... done (1.93s, 133.03MB)
  Running img_19062.npy ... done (1.83s, 132.98MB)
  Running img_19063.npy ... done (1.95s, 133.24MB)
  Running img_19064.npy ... done (1.89s, 132.84MB)
  Running img_19065.npy ... done (1.91s, 132.66MB)
  Running img_19066.npy ... done (2.00s, 129.64MB)
  Running img_19067.npy ... done (1.97s, 130.47MB)
  Running img_19068.npy ... done (1.90s, 129.59MB)
  Running img_19069.npy ... done (1.93s, 130.00MB)
  Running img_1907.npy ... done (1.93s, 127.87MB)
  Running img_19070.npy ... done (2.00s, 128.34MB)
  Running img_19071.npy ... done (1.95s, 127.17MB)
  Running img_19072.npy ... done (1.95s, 128.19MB)
  Running img_19073.npy ... done (1.96s, 126.96MB)
  Running img_19074.npy ... done (1.97s, 125.22MB)
  Running img_19075.npy ... done (1.96s, 124.30MB)
  Running img_19076.npy ... done (1.96s, 122.41MB)
  Running img_19077.npy ... done (1.96s, 123.95MB)
  Running img_19078.npy ... done (1.93s, 118.66MB)
  Running img_19079.npy ... done (1.89s, 122.84MB)
  Running img_1908.npy ... done (1.90s, 120.27MB)
  Running img_19080.npy ... done (1.93s, 122.05MB)
  Running img_19081.npy ... done (1.81s, 120.48MB)
  Running img_19082.npy ... done (1.97s, 121.38MB)
  Running img_19083.npy ... done (2.13s, 119.54MB)
  Running img_19084.npy ... done (1.94s, 122.18MB)
  Running img_19085.npy ... done (1.99s, 119.43MB)
  Running img_19086.npy ... done (1.95s, 122.48MB)
  Running img_19087.npy ... done (1.92s, 118.84MB)
  Running img_19088.npy ... done (1.95s, 118.02MB)
  Running img_19089.npy ... done (1.96s, 116.79MB)
  Running img_1909.npy ... done (1.96s, 117.80MB)
  Running img_19090.npy ... done (1.97s, 116.22MB)
  Running img_19091.npy ... done (1.94s, 117.48MB)
  Running img_19092.npy ... done (1.93s, 115.98MB)
  Running img_19093.npy ... done (1.91s, 117.03MB)
  Running img_19094.npy ... done (1.93s, 116.43MB)
  Running img_19095.npy ... done (1.89s, 117.14MB)
  Running img_19096.npy ... done (1.94s, 116.20MB)
  Running img_19097.npy ... done (1.94s, 134.43MB)
  Running img_19098.npy ... done (1.93s, 134.63MB)
  Running img_19099.npy ... done (1.88s, 133.22MB)
  Running img_191.npy ... done (1.94s, 133.59MB)
  Running img_1910.npy ... done (1.87s, 134.75MB)
  Running img_19100.npy ... done (1.96s, 135.01MB)
  Running img_19101.npy ... done (1.89s, 134.75MB)
  Running img_19102.npy ... done (1.93s, 135.00MB)
  Running img_19103.npy ... done (1.94s, 134.25MB)
  Running img_19104.npy ... done (2.07s, 134.50MB)
  Running img_19105.npy ... done (1.89s, 131.64MB)
  Running img_19106.npy ... done (1.93s, 134.26MB)
  Running img_19107.npy ... done (1.88s, 131.34MB)
  Running img_19108.npy ... done (1.87s, 134.76MB)
  Running img_19109.npy ... done (1.84s, 131.28MB)
  Running img_1911.npy ... done (1.87s, 134.62MB)
  Running img_19110.npy ... done (1.89s, 134.32MB)
  Running img_19111.npy ... done (1.89s, 135.01MB)
  Running img_19112.npy ... done (1.90s, 133.66MB)
  Running img_19113.npy ... done (1.92s, 134.39MB)
  Running img_19114.npy ... done (1.89s, 132.95MB)
  Running img_19115.npy ... done (1.90s, 132.92MB)
  Running img_19116.npy ... done (1.91s, 132.79MB)
  Running img_19117.npy ... done (1.88s, 132.78MB)
  Running img_19118.npy ... done (1.86s, 132.42MB)
  Running img_19119.npy ... done (1.86s, 132.89MB)
  Running img_1912.npy ... done (1.82s, 132.24MB)
  Running img_19120.npy ... done (1.85s, 132.30MB)
  Running img_19121.npy ... done (2.02s, 128.17MB)
  Running img_19122.npy ... done (1.89s, 129.38MB)
  Running img_19123.npy ... done (1.92s, 128.19MB)
  Running img_19124.npy ... done (1.93s, 129.72MB)
  Running img_19125.npy ... done (1.92s, 128.03MB)
  Running img_19126.npy ... done (1.94s, 128.68MB)
  Running img_19127.npy ... done (1.92s, 129.93MB)
  Running img_19128.npy ... done (2.02s, 129.59MB)
  Running img_19129.npy ... done (1.86s, 128.55MB)
  Running img_1913.npy ... done (1.88s, 127.81MB)
  Running img_19130.npy ... done (1.86s, 128.09MB)
  Running img_19131.npy ... done (1.88s, 127.74MB)
  Running img_19132.npy ... done (1.89s, 127.89MB)
  Running img_19133.npy ... done (1.93s, 127.43MB)
  Running img_19134.npy ... done (1.90s, 127.64MB)
  Running img_19135.npy ... done (1.86s, 127.11MB)
  Running img_19136.npy ... done (1.87s, 127.69MB)
  Running img_19137.npy ... done (1.90s, 126.72MB)
  Running img_19138.npy ... done (1.86s, 125.82MB)
  Running img_19139.npy ... done (1.83s, 124.02MB)
  Running img_1914.npy ... done (1.84s, 125.19MB)
  Running img_19140.npy ... done (1.92s, 124.70MB)
  Running img_19141.npy ... done (1.88s, 124.88MB)
  Running img_19142.npy ... done (1.95s, 123.06MB)
  Running img_19143.npy ... done (1.90s, 121.18MB)
  Running img_19144.npy ... done (1.91s, 123.25MB)
  Running img_19145.npy ... done (1.91s, 120.98MB)
  Running img_19146.npy ... done (1.96s, 122.54MB)
  Running img_19147.npy ... done (1.88s, 120.68MB)
  Running img_19148.npy ... done (1.92s, 122.54MB)
  Running img_19149.npy ... done (1.93s, 121.07MB)
  Running img_1915.npy ... done (1.97s, 122.88MB)
  Running img_19150.npy ... done (2.12s, 121.18MB)
  Running img_19151.npy ... done (1.91s, 122.81MB)
  Running img_19152.npy ... done (1.94s, 117.84MB)
  Running img_19153.npy ... done (1.92s, 118.09MB)
  Running img_19154.npy ... done (1.83s, 116.99MB)
  Running img_19155.npy ... done (1.87s, 117.60MB)
  Running img_19156.npy ... done (1.93s, 116.56MB)
  Running img_19157.npy ... done (1.90s, 117.75MB)
  Running img_19158.npy ... done (1.86s, 116.47MB)
  Running img_19159.npy ... done (1.87s, 117.12MB)
  Running img_1916.npy ... done (1.92s, 116.23MB)
  Running img_19160.npy ... done (1.86s, 116.66MB)
  Running img_19161.npy ... done (1.92s, 115.49MB)
  Running img_19162.npy ... done (1.90s, 117.85MB)
  Running img_19163.npy ... done (1.95s, 129.52MB)
  Running img_19164.npy ... done (1.87s, 135.60MB)
  Running img_19165.npy ... done (1.90s, 133.47MB)
  Running img_19166.npy ... done (1.89s, 134.56MB)
  Running img_19167.npy ... done (1.91s, 132.82MB)
  Running img_19168.npy ... done (1.88s, 133.45MB)
  Running img_19169.npy ... done (1.95s, 133.80MB)
  Running img_1917.npy ... done (1.86s, 133.79MB)
  Running img_19170.npy ... done (1.89s, 133.61MB)
  Running img_19171.npy ... done (1.82s, 133.84MB)
  Running img_19172.npy ... done (1.92s, 134.68MB)
  Running img_19173.npy ... done (2.15s, 134.29MB)
  Running img_19174.npy ... done (1.96s, 134.70MB)
  Running img_19175.npy ... done (1.86s, 133.88MB)
  Running img_19176.npy ... done (1.88s, 134.68MB)
  Running img_19177.npy ... done (1.88s, 134.43MB)
  Running img_19178.npy ... done (1.81s, 134.74MB)
  Running img_19179.npy ... done (1.84s, 134.39MB)
  Running img_1918.npy ... done (1.89s, 134.57MB)
  Running img_19180.npy ... done (1.87s, 132.74MB)
  Running img_19181.npy ... done (1.90s, 134.81MB)
  Running img_19182.npy ... done (1.90s, 132.71MB)
  Running img_19183.npy ... done (1.90s, 134.43MB)
  Running img_19184.npy ... done (1.91s, 134.27MB)
  Running img_19185.npy ... done (1.92s, 134.50MB)
  Running img_19186.npy ... done (1.83s, 131.05MB)
  Running img_19187.npy ... done (1.90s, 134.49MB)
  Running img_19188.npy ... done (1.90s, 130.32MB)
  Running img_19189.npy ... done (1.87s, 132.93MB)
  Running img_1919.npy ... done (1.85s, 129.51MB)
  Running img_19190.npy ... done (1.90s, 132.95MB)
  Running img_19191.npy ... done (1.89s, 131.12MB)
  Running img_19192.npy ... done (1.91s, 132.89MB)
  Running img_19193.npy ... done (1.88s, 131.16MB)
  Running img_19194.npy ... done (1.95s, 132.67MB)
  Running img_19195.npy ... done (1.92s, 130.77MB)
  Running img_19196.npy ... done (1.94s, 130.32MB)
  Running img_19197.npy ... done (2.26s, 131.85MB)
  Running img_19198.npy ... done (1.87s, 133.00MB)
  Running img_19199.npy ... done (1.90s, 130.97MB)
  Running img_192.npy ... done (1.93s, 133.26MB)
  Running img_1920.npy ... done (1.82s, 131.07MB)
  Running img_19200.npy ... done (1.87s, 132.78MB)
  Running img_19201.npy ... done (1.86s, 132.64MB)
  Running img_19202.npy ... done (1.89s, 132.92MB)
  Running img_19203.npy ... done (1.92s, 132.00MB)
  Running img_19204.npy ... done (1.93s, 129.74MB)
  Running img_19205.npy ... done (1.93s, 128.64MB)
  Running img_19206.npy ... done (1.93s, 127.83MB)
  Running img_19207.npy ... done (1.94s, 128.78MB)
  Running img_19208.npy ... done (1.89s, 127.95MB)
  Running img_19209.npy ... done (1.88s, 128.15MB)
  Running img_1921.npy ... done (1.88s, 127.13MB)
  Running img_19210.npy ... done (1.87s, 125.40MB)
  Running img_19211.npy ... done (1.87s, 126.89MB)
  Running img_19212.npy ... done (1.87s, 127.74MB)
  Running img_19213.npy ... done (1.86s, 126.20MB)
  Running img_19214.npy ... done (1.90s, 125.27MB)
  Running img_19215.npy ... done (1.88s, 124.29MB)
  Running img_19216.npy ... done (1.84s, 123.30MB)
  Running img_19217.npy ... done (1.81s, 123.86MB)
  Running img_19218.npy ... done (1.87s, 123.72MB)
  Running img_19219.npy ... done (2.16s, 121.29MB)
  Running img_1922.npy ... done (1.81s, 119.77MB)
  Running img_19220.npy ... done (1.89s, 122.51MB)
  Running img_19221.npy ... done (1.88s, 119.52MB)
  Running img_19222.npy ... done (1.85s, 122.00MB)
  Running img_19223.npy ... done (1.82s, 119.27MB)
  Running img_19224.npy ... done (1.84s, 121.20MB)
  Running img_19225.npy ... done (1.84s, 115.68MB)
  Running img_19226.npy ... done (1.87s, 118.19MB)
  Running img_19227.npy ... done (1.83s, 115.44MB)
  Running img_19228.npy ... done (1.87s, 117.51MB)
  Running img_19229.npy ... done (1.87s, 116.87MB)
  Running img_1923.npy ... done (1.88s, 117.22MB)
  Running img_19230.npy ... done (1.79s, 115.99MB)
  Running img_19231.npy ... done (1.85s, 117.53MB)
  Running img_19232.npy ... done (1.86s, 115.71MB)
  Running img_19233.npy ... done (1.88s, 117.14MB)
  Running img_19234.npy ... done (1.85s, 116.35MB)
  Running img_19235.npy ... done (1.88s, 125.02MB)
  Running img_19236.npy ... done (1.77s, 134.34MB)
  Running img_19237.npy ... done (1.87s, 134.58MB)
  Running img_19238.npy ... done (1.90s, 134.88MB)
  Running img_19239.npy ... done (1.88s, 135.61MB)
  Running img_1924.npy ... done (1.81s, 133.06MB)
  Running img_19240.npy ... done (1.88s, 131.97MB)
  Running img_19241.npy ... done (1.94s, 132.93MB)
  Running img_19242.npy ... done (1.90s, 133.22MB)
  Running img_19243.npy ... done (2.05s, 133.03MB)
  Running img_19244.npy ... done (1.91s, 133.28MB)
  Running img_19245.npy ... done (1.88s, 133.98MB)
  Running img_19246.npy ... done (1.86s, 133.80MB)
  Running img_19247.npy ... done (1.87s, 133.61MB)
  Running img_19248.npy ... done (1.87s, 133.98MB)
  Running img_19249.npy ... done (1.89s, 134.90MB)
  Running img_1925.npy ... done (1.88s, 133.37MB)
  Running img_19250.npy ... done (1.87s, 133.52MB)
  Running img_19251.npy ... done (1.89s, 133.79MB)
  Running img_19252.npy ... done (1.87s, 133.54MB)
  Running img_19253.npy ... done (1.91s, 134.90MB)
  Running img_19254.npy ... done (1.92s, 133.64MB)
  Running img_19255.npy ... done (1.90s, 135.05MB)
  Running img_19256.npy ... done (1.88s, 133.86MB)
  Running img_19257.npy ... done (1.81s, 134.64MB)
  Running img_19258.npy ... done (1.83s, 133.51MB)
  Running img_19259.npy ... done (1.92s, 134.64MB)
  Running img_1926.npy ... done (1.86s, 133.52MB)
  Running img_19260.npy ... done (1.88s, 134.84MB)
  Running img_19261.npy ... done (1.91s, 133.33MB)
  Running img_19262.npy ... done (1.92s, 135.01MB)
  Running img_19263.npy ... done (1.90s, 133.58MB)
  Running img_19264.npy ... done (1.90s, 134.78MB)
  Running img_19265.npy ... done (2.12s, 133.29MB)
  Running img_19266.npy ... done (1.89s, 134.64MB)
  Running img_19267.npy ... done (1.87s, 132.92MB)
  Running img_19268.npy ... done (1.91s, 134.87MB)
  Running img_19269.npy ... done (1.87s, 131.34MB)
  Running img_1927.npy ... done (1.89s, 133.39MB)
  Running img_19270.npy ... done (1.88s, 131.34MB)
  Running img_19271.npy ... done (1.93s, 133.28MB)
  Running img_19272.npy ... done (1.91s, 132.77MB)
  Running img_19273.npy ... done (1.90s, 133.38MB)
  Running img_19274.npy ... done (1.86s, 132.52MB)
  Running img_19275.npy ... done (1.89s, 133.09MB)
  Running img_19276.npy ... done (1.83s, 131.07MB)
  Running img_19277.npy ... done (1.85s, 133.16MB)
  Running img_19278.npy ... done (1.88s, 131.06MB)
  Running img_19279.npy ... done (1.89s, 132.91MB)
  Running img_1928.npy ... done (1.89s, 130.88MB)
  Running img_19280.npy ... done (1.88s, 133.12MB)
  Running img_19281.npy ... done (1.88s, 129.77MB)
  Running img_19282.npy ... done (1.92s, 132.83MB)
  Running img_19283.npy ... done (1.89s, 132.25MB)
  Running img_19284.npy ... done (1.96s, 128.99MB)
  Running img_19285.npy ... done (1.89s, 128.75MB)
  Running img_19286.npy ... done (1.88s, 127.92MB)
  Running img_19287.npy ... done (1.88s, 128.02MB)
  Running img_19288.npy ... done (1.93s, 127.26MB)
  Running img_19289.npy ... done (2.07s, 124.63MB)
  Running img_1929.npy ... done (1.91s, 126.98MB)
  Running img_19290.npy ... done (1.87s, 125.55MB)
  Running img_19291.npy ... done (1.86s, 127.30MB)
  Running img_19292.npy ... done (1.88s, 125.91MB)
  Running img_19293.npy ... done (1.89s, 124.31MB)
  Running img_19294.npy ... done (1.87s, 125.20MB)
  Running img_19295.npy ... done (1.85s, 122.39MB)
  Running img_19296.npy ... done (1.83s, 124.11MB)
  Running img_19297.npy ... done (1.90s, 122.67MB)
  Running img_19298.npy ... done (1.89s, 122.77MB)
  Running img_19299.npy ... done (1.90s, 121.96MB)
  Running img_193.npy ... done (1.86s, 117.54MB)
  Running img_1930.npy ... done (1.88s, 121.46MB)
  Running img_19300.npy ... done (1.92s, 119.57MB)
  Running img_19301.npy ... done (1.93s, 121.28MB)
  Running img_19302.npy ... done (1.92s, 118.91MB)
  Running img_19303.npy ... done (1.93s, 121.99MB)
  Running img_19304.npy ... done (1.94s, 116.61MB)
  Running img_19305.npy ... done (1.94s, 118.77MB)
  Running img_19306.npy ... done (1.93s, 114.94MB)
  Running img_19307.npy ... done (1.90s, 117.64MB)
  Running img_19308.npy ... done (1.90s, 114.93MB)
  Running img_19309.npy ... done (2.01s, 117.50MB)
  Running img_1931.npy ... done (1.91s, 115.11MB)
  Running img_19310.npy ... done (1.87s, 117.14MB)
  Running img_19311.npy ... done (1.91s, 114.59MB)
  Running img_19312.npy ... done (1.91s, 117.24MB)
  Running img_19313.npy ... done (1.92s, 115.83MB)
  Running img_19314.npy ... done (1.85s, 117.46MB)
  Running img_19315.npy ... done (1.90s, 116.37MB)
  Running img_19316.npy ... done (1.94s, 123.77MB)
  Running img_19317.npy ... done (1.88s, 134.12MB)
  Running img_19318.npy ... done (1.86s, 134.93MB)
  Running img_19319.npy ... done (1.91s, 134.25MB)
  Running img_1932.npy ... done (1.90s, 132.62MB)
  Running img_19320.npy ... done (1.92s, 132.30MB)
  Running img_19321.npy ... done (1.93s, 133.45MB)
  Running img_19322.npy ... done (1.88s, 133.48MB)
  Running img_19323.npy ... done (1.88s, 134.37MB)
  Running img_19324.npy ... done (1.93s, 134.85MB)
  Running img_19325.npy ... done (1.89s, 134.95MB)
  Running img_19326.npy ... done (1.91s, 134.85MB)
  Running img_19327.npy ... done (1.89s, 134.83MB)
  Running img_19328.npy ... done (1.90s, 134.82MB)
  Running img_19329.npy ... done (1.89s, 134.79MB)
  Running img_1933.npy ... done (1.95s, 134.90MB)
  Running img_19330.npy ... done (1.86s, 134.58MB)
  Running img_19331.npy ... done (1.94s, 134.84MB)
  Running img_19332.npy ... done (1.91s, 134.59MB)
  Running img_19333.npy ... done (1.89s, 134.55MB)
  Running img_19334.npy ... done (1.97s, 134.74MB)
  Running img_19335.npy ... done (1.82s, 133.31MB)
  Running img_19336.npy ... done (1.94s, 134.66MB)
  Running img_19337.npy ... done (1.92s, 134.85MB)
  Running img_19338.npy ... done (1.87s, 134.42MB)
  Running img_19339.npy ... done (1.96s, 133.18MB)
  Running img_1934.npy ... done (1.92s, 133.34MB)
  Running img_19340.npy ... done (1.89s, 133.13MB)
  Running img_19341.npy ... done (1.86s, 132.71MB)
  Running img_19342.npy ... done (1.92s, 132.52MB)
  Running img_19343.npy ... done (1.92s, 132.65MB)
  Running img_19344.npy ... done (1.92s, 132.48MB)
  Running img_19345.npy ... done (1.88s, 132.84MB)
  Running img_19346.npy ... done (1.88s, 130.39MB)
  Running img_19347.npy ... done (1.90s, 130.38MB)
  Running img_19348.npy ... done (1.84s, 127.86MB)
  Running img_19349.npy ... done (1.93s, 128.65MB)
  Running img_1935.npy ... done (1.91s, 127.12MB)
  Running img_19350.npy ... done (1.91s, 128.48MB)
  Running img_19351.npy ... done (1.92s, 127.06MB)
  Running img_19352.npy ... done (1.98s, 127.89MB)
  Running img_19353.npy ... done (1.83s, 126.53MB)
  Running img_19354.npy ... done (1.79s, 128.36MB)
  Running img_19355.npy ... done (1.92s, 126.17MB)
  Running img_19356.npy ... done (1.91s, 126.29MB)
  Running img_19357.npy ... done (1.93s, 124.09MB)
  Running img_19358.npy ... done (2.00s, 125.20MB)
  Running img_19359.npy ... done (1.93s, 124.22MB)
  Running img_1936.npy ... done (1.88s, 125.03MB)
  Running img_19360.npy ... done (1.91s, 123.13MB)
  Running img_19361.npy ... done (1.91s, 124.35MB)
  Running img_19362.npy ... done (1.93s, 122.02MB)
  Running img_19363.npy ... done (1.93s, 122.50MB)
  Running img_19364.npy ... done (1.91s, 121.33MB)
  Running img_19365.npy ... done (1.90s, 122.87MB)
  Running img_19366.npy ... done (1.94s, 120.74MB)
  Running img_19367.npy ... done (1.90s, 122.53MB)
  Running img_19368.npy ... done (1.91s, 121.22MB)
  Running img_19369.npy ... done (1.92s, 119.25MB)
  Running img_1937.npy ... done (1.94s, 116.91MB)
  Running img_19370.npy ... done (1.90s, 117.71MB)
  Running img_19371.npy ... done (1.92s, 116.42MB)
  Running img_19372.npy ... done (1.88s, 117.65MB)
  Running img_19373.npy ... done (1.87s, 116.06MB)
  Running img_19374.npy ... done (1.87s, 117.96MB)
  Running img_19375.npy ... done (1.96s, 115.46MB)
  Running img_19376.npy ... done (1.88s, 116.93MB)
  Running img_19377.npy ... done (1.96s, 116.11MB)
  Running img_19378.npy ... done (1.91s, 123.07MB)
  Running img_19379.npy ... done (1.96s, 124.95MB)
  Running img_1938.npy ... done (2.04s, 135.44MB)
  Running img_19380.npy ... done (1.99s, 130.25MB)
  Running img_19381.npy ... done (1.94s, 135.44MB)
  Running img_19382.npy ... done (1.92s, 133.05MB)
  Running img_19383.npy ... done (1.91s, 133.31MB)
  Running img_19384.npy ... done (1.85s, 133.30MB)
  Running img_19385.npy ... done (1.85s, 134.45MB)
  Running img_19386.npy ... done (1.89s, 134.70MB)
  Running img_19387.npy ... done (1.84s, 134.54MB)
  Running img_19388.npy ... done (1.89s, 134.91MB)
  Running img_19389.npy ... done (1.84s, 134.60MB)
  Running img_1939.npy ... done (1.90s, 134.97MB)
  Running img_19390.npy ... done (1.87s, 134.62MB)
  Running img_19391.npy ... done (1.84s, 134.77MB)
  Running img_19392.npy ... done (1.87s, 133.11MB)
  Running img_19393.npy ... done (1.89s, 133.14MB)
  Running img_19394.npy ... done (1.81s, 132.73MB)
  Running img_19395.npy ... done (1.86s, 132.70MB)
  Running img_19396.npy ... done (1.80s, 132.35MB)
  Running img_19397.npy ... done (1.91s, 133.12MB)
  Running img_19398.npy ... done (1.90s, 131.98MB)
  Running img_19399.npy ... done (1.90s, 132.98MB)
  Running img_194.npy ... done (1.87s, 128.97MB)
  Running img_1940.npy ... done (1.91s, 128.04MB)
  Running img_19400.npy ... done (1.88s, 128.58MB)
  Running img_19401.npy ... done (1.88s, 127.30MB)
  Running img_19402.npy ... done (2.06s, 127.80MB)
  Running img_19403.npy ... done (1.90s, 126.86MB)
  Running img_19404.npy ... done (1.88s, 126.12MB)
  Running img_19405.npy ... done (1.86s, 124.43MB)
  Running img_19406.npy ... done (1.89s, 125.32MB)
  Running img_19407.npy ... done (1.94s, 123.57MB)
  Running img_19408.npy ... done (1.87s, 123.90MB)
  Running img_19409.npy ... done (1.87s, 122.37MB)
  Running img_1941.npy ... done (1.85s, 120.27MB)
  Running img_19410.npy ... done (1.86s, 122.36MB)
  Running img_19411.npy ... done (1.84s, 122.99MB)
  Running img_19412.npy ... done (1.78s, 121.58MB)
  Running img_19413.npy ... done (1.92s, 122.49MB)
  Running img_19414.npy ... done (1.86s, 121.38MB)
  Running img_19415.npy ... done (1.83s, 119.56MB)
  Running img_19416.npy ... done (1.89s, 121.23MB)
  Running img_19417.npy ... done (1.83s, 117.50MB)
  Running img_19418.npy ... done (1.85s, 118.01MB)
  Running img_19419.npy ... done (1.84s, 115.07MB)
  Running img_1942.npy ... done (1.89s, 116.84MB)
  Running img_19420.npy ... done (1.98s, 114.31MB)
  Running img_19421.npy ... done (1.89s, 116.09MB)
  Running img_19422.npy ... done (1.91s, 114.15MB)
  Running img_19423.npy ... done (1.91s, 116.35MB)
  Running img_19424.npy ... done (1.85s, 114.40MB)
  Running img_19425.npy ... done (1.87s, 115.71MB)
  Running img_19426.npy ... done (1.93s, 116.39MB)
  Running img_19427.npy ... done (1.91s, 115.21MB)
  Running img_19428.npy ... done (1.89s, 113.62MB)
  Running img_19429.npy ... done (1.92s, 121.19MB)
  Running img_1943.npy ... done (1.90s, 135.39MB)
  Running img_19430.npy ... done (1.85s, 132.53MB)
  Running img_19431.npy ... done (1.80s, 132.83MB)
  Running img_19432.npy ... done (1.93s, 132.71MB)
  Running img_19433.npy ... done (1.91s, 132.03MB)
  Running img_19434.npy ... done (1.93s, 133.78MB)
  Running img_19435.npy ... done (1.86s, 132.93MB)
  Running img_19436.npy ... done (1.90s, 133.64MB)
  Running img_19437.npy ... done (1.89s, 132.77MB)
  Running img_19438.npy ... done (1.87s, 133.50MB)
  Running img_19439.npy ... done (1.87s, 132.66MB)
  Running img_1944.npy ... done (1.89s, 134.98MB)
  Running img_19440.npy ... done (1.88s, 130.90MB)
  Running img_19441.npy ... done (1.88s, 134.62MB)
  Running img_19442.npy ... done (1.86s, 134.25MB)
  Running img_19443.npy ... done (1.90s, 134.85MB)
  Running img_19444.npy ... done (1.89s, 134.21MB)
  Running img_19445.npy ... done (1.93s, 134.85MB)
  Running img_19446.npy ... done (1.91s, 132.84MB)
  Running img_19447.npy ... done (1.87s, 134.63MB)
  Running img_19448.npy ... done (1.89s, 134.38MB)
  Running img_19449.npy ... done (2.08s, 134.60MB)
  Running img_1945.npy ... done (1.98s, 132.84MB)
  Running img_19450.npy ... done (1.83s, 134.90MB)
  Running img_19451.npy ... done (1.81s, 134.52MB)
  Running img_19452.npy ... done (1.85s, 133.39MB)
  Running img_19453.npy ... done (1.83s, 132.62MB)
  Running img_19454.npy ... done (1.87s, 134.66MB)
  Running img_19455.npy ... done (1.87s, 134.20MB)
  Running img_19456.npy ... done (1.91s, 134.29MB)
  Running img_19457.npy ... done (1.82s, 133.12MB)
  Running img_19458.npy ... done (1.86s, 132.72MB)
  Running img_19459.npy ... done (1.88s, 132.42MB)
  Running img_1946.npy ... done (1.89s, 132.67MB)
  Running img_19460.npy ... done (1.84s, 132.50MB)
  Running img_19461.npy ... done (1.91s, 132.67MB)
  Running img_19462.npy ... done (1.90s, 132.41MB)
  Running img_19463.npy ... done (1.94s, 132.65MB)
  Running img_19464.npy ... done (1.89s, 132.00MB)
  Running img_19465.npy ... done (1.90s, 130.63MB)
  Running img_19466.npy ... done (1.94s, 128.34MB)
  Running img_19467.npy ... done (1.92s, 127.89MB)
  Running img_19468.npy ... done (1.85s, 130.13MB)
  Running img_19469.npy ... done (1.89s, 129.18MB)
  Running img_1947.npy ... done (1.86s, 129.50MB)
  Running img_19470.npy ... done (1.93s, 127.73MB)
  Running img_19471.npy ... done (1.86s, 127.93MB)
  Running img_19472.npy ... done (2.02s, 133.00MB)
  Running img_19473.npy ... done (1.84s, 130.57MB)
  Running img_19474.npy ... done (1.89s, 132.88MB)
  Running img_19475.npy ... done (1.86s, 130.02MB)
  Running img_19476.npy ... done (1.86s, 130.84MB)
  Running img_19477.npy ... done (1.86s, 129.40MB)
  Running img_19478.npy ... done (1.91s, 129.36MB)
  Running img_19479.npy ... done (1.89s, 128.94MB)
  Running img_1948.npy ... done (1.92s, 127.49MB)
  Running img_19480.npy ... done (1.89s, 127.80MB)
  Running img_19481.npy ... done (1.90s, 127.62MB)
  Running img_19482.npy ... done (1.89s, 128.12MB)
  Running img_19483.npy ... done (1.90s, 127.32MB)
  Running img_19484.npy ... done (1.90s, 127.06MB)
  Running img_19485.npy ... done (1.90s, 127.01MB)
  Running img_19486.npy ... done (1.90s, 127.11MB)
  Running img_19487.npy ... done (1.94s, 127.79MB)
  Running img_19488.npy ... done (1.84s, 127.04MB)
  Running img_19489.npy ... done (1.84s, 127.40MB)
  Running img_1949.npy ... done (1.93s, 128.13MB)
  Running img_19490.npy ... done (1.89s, 127.05MB)
  Running img_19491.npy ... done (1.87s, 126.84MB)
  Running img_19492.npy ... done (1.85s, 126.40MB)
  Running img_19493.npy ... done (1.90s, 125.48MB)
  Running img_19494.npy ... done (1.84s, 124.64MB)
  Running img_19495.npy ... done (2.18s, 121.06MB)
  Running img_19496.npy ... done (1.90s, 123.86MB)
  Running img_19497.npy ... done (1.86s, 121.88MB)
  Running img_19498.npy ... done (1.91s, 122.55MB)
  Running img_19499.npy ... done (1.89s, 120.79MB)
  Running img_195.npy ... done (1.94s, 123.34MB)
  Running img_1950.npy ... done (1.92s, 120.21MB)
  Running img_19500.npy ... done (1.91s, 122.66MB)
  Running img_19501.npy ... done (1.85s, 119.54MB)
  Running img_19502.npy ... done (1.91s, 122.59MB)
  Running img_19503.npy ... done (1.90s, 119.33MB)
  Running img_19504.npy ... done (1.91s, 122.56MB)
  Running img_19505.npy ... done (1.91s, 117.70MB)
  Running img_19506.npy ... done (1.91s, 118.41MB)
  Running img_19507.npy ... done (1.92s, 115.50MB)
  Running img_19508.npy ... done (1.92s, 117.57MB)
  Running img_19509.npy ... done (1.91s, 116.15MB)
  Running img_1951.npy ... done (1.91s, 117.77MB)
  Running img_19510.npy ... done (1.97s, 115.83MB)
  Running img_19511.npy ... done (1.88s, 117.55MB)
  Running img_19512.npy ... done (1.92s, 116.69MB)
  Running img_19513.npy ... done (1.90s, 117.09MB)
  Running img_19514.npy ... done (1.93s, 115.68MB)
  Running img_19515.npy ... done (1.96s, 120.36MB)
  Running img_19516.npy ... done (1.94s, 132.25MB)
  Running img_19517.npy ... done (2.32s, 128.69MB)
  Running img_19518.npy ... done (1.98s, 122.75MB)
  Running img_19519.npy ... done (1.94s, 135.47MB)
  Running img_1952.npy ... done (1.94s, 134.04MB)
  Running img_19520.npy ... done (1.87s, 132.67MB)
  Running img_19521.npy ... done (1.91s, 133.51MB)
  Running img_19522.npy ... done (1.88s, 133.49MB)
  Running img_19523.npy ... done (1.87s, 133.59MB)
  Running img_19524.npy ... done (1.87s, 133.61MB)
  Running img_19525.npy ... done (1.89s, 134.98MB)
  Running img_19526.npy ... done (1.82s, 134.72MB)
  Running img_19527.npy ... done (1.88s, 135.10MB)
  Running img_19528.npy ... done (1.86s, 135.05MB)
  Running img_19529.npy ... done (1.86s, 134.82MB)
  Running img_1953.npy ... done (1.82s, 135.05MB)
  Running img_19530.npy ... done (1.79s, 134.86MB)
  Running img_19531.npy ... done (1.83s, 134.82MB)
  Running img_19532.npy ... done (1.88s, 133.27MB)
  Running img_19533.npy ... done (1.85s, 134.71MB)
  Running img_19534.npy ... done (1.89s, 134.67MB)
  Running img_19535.npy ... done (1.84s, 134.72MB)
  Running img_19536.npy ... done (1.93s, 133.16MB)
  Running img_19537.npy ... done (1.88s, 133.14MB)
  Running img_19538.npy ... done (1.92s, 131.74MB)
  Running img_19539.npy ... done (1.88s, 131.91MB)
  Running img_1954.npy ... done (2.07s, 132.20MB)
  Running img_19540.npy ... done (2.03s, 132.22MB)
  Running img_19541.npy ... done (1.94s, 132.74MB)
  Running img_19542.npy ... done (1.92s, 129.36MB)
  Running img_19543.npy ... done (1.91s, 129.07MB)
  Running img_19544.npy ... done (1.93s, 128.18MB)
  Running img_19545.npy ... done (1.87s, 127.82MB)
  Running img_19546.npy ... done (1.92s, 127.62MB)
  Running img_19547.npy ... done (1.91s, 127.29MB)
  Running img_19548.npy ... done (1.93s, 127.07MB)
  Running img_19549.npy ... done (1.87s, 124.36MB)
  Running img_1955.npy ... done (1.85s, 122.75MB)
  Running img_19550.npy ... done (1.93s, 124.19MB)
  Running img_19551.npy ... done (1.88s, 124.76MB)
  Running img_19552.npy ... done (1.85s, 122.98MB)
  Running img_19553.npy ... done (1.86s, 123.83MB)
  Running img_19554.npy ... done (1.89s, 122.02MB)
  Running img_19555.npy ... done (1.93s, 123.40MB)
  Running img_19556.npy ... done (1.92s, 121.09MB)
  Running img_19557.npy ... done (1.91s, 119.54MB)
  Running img_19558.npy ... done (1.94s, 122.36MB)
  Running img_19559.npy ... done (1.92s, 118.92MB)
  Running img_1956.npy ... done (1.90s, 121.92MB)
  Running img_19560.npy ... done (1.88s, 118.75MB)
  Running img_19561.npy ... done (1.92s, 119.98MB)
  Running img_19562.npy ... done (1.89s, 116.36MB)
  Running img_19563.npy ... done (2.13s, 122.25MB)
  Running img_19564.npy ... done (1.88s, 118.33MB)
  Running img_19565.npy ... done (1.94s, 118.98MB)
  Running img_19566.npy ... done (1.93s, 115.44MB)
  Running img_19567.npy ... done (1.89s, 117.83MB)
  Running img_19568.npy ... done (1.84s, 114.96MB)
  Running img_19569.npy ... done (1.82s, 117.37MB)
  Running img_1957.npy ... done (1.88s, 115.51MB)
  Running img_19570.npy ... done (1.91s, 117.95MB)
  Running img_19571.npy ... done (1.93s, 114.82MB)
  Running img_19572.npy ... done (1.91s, 117.58MB)
  Running img_19573.npy ... done (1.87s, 115.91MB)
  Running img_19574.npy ... done (1.90s, 117.71MB)
  Running img_19575.npy ... done (1.90s, 124.54MB)
  Running img_19576.npy ... done (1.92s, 135.09MB)
  Running img_19577.npy ... done (1.92s, 134.16MB)
  Running img_19578.npy ... done (1.91s, 135.24MB)
  Running img_19579.npy ... done (1.94s, 133.95MB)
  Running img_1958.npy ... done (1.93s, 132.70MB)
  Running img_19580.npy ... done (1.91s, 132.26MB)
  Running img_19581.npy ... done (1.92s, 133.52MB)
  Running img_19582.npy ... done (1.90s, 133.40MB)
  Running img_19583.npy ... done (1.84s, 133.93MB)
  Running img_19584.npy ... done (1.87s, 133.21MB)
  Running img_19585.npy ... done (1.87s, 133.75MB)
  Running img_19586.npy ... done (2.15s, 134.97MB)
  Running img_19587.npy ... done (1.85s, 134.90MB)
  Running img_19588.npy ... done (1.87s, 135.20MB)
  Running img_19589.npy ... done (1.94s, 135.11MB)
  Running img_1959.npy ... done (1.92s, 134.89MB)
  Running img_19590.npy ... done (1.79s, 134.83MB)
  Running img_19591.npy ... done (1.92s, 135.01MB)
  Running img_19592.npy ... done (1.88s, 134.94MB)
  Running img_19593.npy ... done (1.92s, 134.00MB)
  Running img_19594.npy ... done (1.93s, 134.89MB)
  Running img_19595.npy ... done (1.91s, 133.32MB)
  Running img_19596.npy ... done (1.91s, 133.15MB)
  Running img_19597.npy ... done (1.89s, 133.24MB)
  Running img_19598.npy ... done (1.89s, 134.84MB)
  Running img_19599.npy ... done (1.86s, 134.32MB)
  Running img_196.npy ... done (1.87s, 133.34MB)
  Running img_1960.npy ... done (1.88s, 132.77MB)
  Running img_19600.npy ... done (1.91s, 132.97MB)
  Running img_19601.npy ... done (1.86s, 133.02MB)
  Running img_19602.npy ... done (1.85s, 132.83MB)
  Running img_19603.npy ... done (1.87s, 131.98MB)
  Running img_19604.npy ... done (1.92s, 130.82MB)
  Running img_19605.npy ... done (1.93s, 129.27MB)
  Running img_19606.npy ... done (1.91s, 128.90MB)
  Running img_19607.npy ... done (1.92s, 127.37MB)
  Running img_19608.npy ... done (1.78s, 128.64MB)
  Running img_19609.npy ... done (2.00s, 127.64MB)
  Running img_1961.npy ... done (1.88s, 129.14MB)
  Running img_19610.npy ... done (1.92s, 127.13MB)
  Running img_19611.npy ... done (1.90s, 128.17MB)
  Running img_19612.npy ... done (1.91s, 126.85MB)
  Running img_19613.npy ... done (1.90s, 128.07MB)
  Running img_19614.npy ... done (1.91s, 126.65MB)
  Running img_19615.npy ... done (1.86s, 126.61MB)
  Running img_19616.npy ... done (1.90s, 124.38MB)
  Running img_19617.npy ... done (1.89s, 125.76MB)
  Running img_19618.npy ... done (1.80s, 123.86MB)
  Running img_19619.npy ... done (1.84s, 125.54MB)
  Running img_1962.npy ... done (1.91s, 122.90MB)
  Running img_19620.npy ... done (1.89s, 124.14MB)
  Running img_19621.npy ... done (1.93s, 121.88MB)
  Running img_19622.npy ... done (1.90s, 123.67MB)
  Running img_19623.npy ... done (1.94s, 121.34MB)
  Running img_19624.npy ... done (1.89s, 122.91MB)
  Running img_19625.npy ... done (1.92s, 121.65MB)
  Running img_19626.npy ... done (1.91s, 122.30MB)
  Running img_19627.npy ... done (1.95s, 121.70MB)
  Running img_19628.npy ... done (1.94s, 118.65MB)
  Running img_19629.npy ... done (1.90s, 116.67MB)
  Running img_1963.npy ... done (1.89s, 114.75MB)
  Running img_19630.npy ... done (1.94s, 116.20MB)
  Running img_19631.npy ... done (1.92s, 117.20MB)
  Running img_19632.npy ... done (2.03s, 115.60MB)
  Running img_19633.npy ... done (1.91s, 114.45MB)
  Running img_19634.npy ... done (1.92s, 116.33MB)
  Running img_19635.npy ... done (1.86s, 112.89MB)
  Running img_19636.npy ... done (1.86s, 116.05MB)
  Running img_19637.npy ... done (1.92s, 115.91MB)
  Running img_19638.npy ... done (1.89s, 134.14MB)
  Running img_19639.npy ... done (1.84s, 132.13MB)
  Running img_1964.npy ... done (1.91s, 134.27MB)
  Running img_19640.npy ... done (1.87s, 132.05MB)
  Running img_19641.npy ... done (1.93s, 132.80MB)
  Running img_19642.npy ... done (1.88s, 133.06MB)
  Running img_19643.npy ... done (1.90s, 133.66MB)
  Running img_19644.npy ... done (1.88s, 134.34MB)
  Running img_19645.npy ... done (1.89s, 134.71MB)
  Running img_19646.npy ... done (1.75s, 134.48MB)
  Running img_19647.npy ... done (1.87s, 134.91MB)
  Running img_19648.npy ... done (1.90s, 134.82MB)
  Running img_19649.npy ... done (1.78s, 134.79MB)
  Running img_1965.npy ... done (1.87s, 134.12MB)
  Running img_19650.npy ... done (1.90s, 134.85MB)
  Running img_19651.npy ... done (1.84s, 133.73MB)
  Running img_19652.npy ... done (1.86s, 134.54MB)
  Running img_19653.npy ... done (1.90s, 133.80MB)
  Running img_19654.npy ... done (1.94s, 134.32MB)
  Running img_19655.npy ... done (1.93s, 132.55MB)
  Running img_19656.npy ... done (2.28s, 133.45MB)
  Running img_19657.npy ... done (1.90s, 134.40MB)
  Running img_19658.npy ... done (1.90s, 133.18MB)
  Running img_19659.npy ... done (1.84s, 133.57MB)
  Running img_1966.npy ... done (1.91s, 134.18MB)
  Running img_19660.npy ... done (1.91s, 132.23MB)
  Running img_19661.npy ... done (1.94s, 132.68MB)
  Running img_19662.npy ... done (1.90s, 132.18MB)
  Running img_19663.npy ... done (1.95s, 132.97MB)
  Running img_19664.npy ... done (1.93s, 132.36MB)
  Running img_19665.npy ... done (1.82s, 132.52MB)
  Running img_19666.npy ... done (1.91s, 132.34MB)
  Running img_19667.npy ... done (1.90s, 130.68MB)
  Running img_19668.npy ... done (1.93s, 129.87MB)
  Running img_19669.npy ... done (1.92s, 129.21MB)
  Running img_1967.npy ... done (1.89s, 128.00MB)
  Running img_19670.npy ... done (1.94s, 127.43MB)
  Running img_19671.npy ... done (1.89s, 128.08MB)
  Running img_19672.npy ... done (1.87s, 126.97MB)
  Running img_19673.npy ... done (1.91s, 127.97MB)
  Running img_19674.npy ... done (1.92s, 126.10MB)
  Running img_19675.npy ... done (1.91s, 126.09MB)
  Running img_19676.npy ... done (1.90s, 124.71MB)
  Running img_19677.npy ... done (1.84s, 125.21MB)
  Running img_19678.npy ... done (1.93s, 123.76MB)
  Running img_19679.npy ... done (1.99s, 123.10MB)
  Running img_1968.npy ... done (1.99s, 123.61MB)
  Running img_19680.npy ... done (1.91s, 125.44MB)
  Running img_19681.npy ... done (1.91s, 124.66MB)
  Running img_19682.npy ... done (1.89s, 123.48MB)
  Running img_19683.npy ... done (1.85s, 123.20MB)
  Running img_19684.npy ... done (1.92s, 122.55MB)
  Running img_19685.npy ... done (1.95s, 121.46MB)
  Running img_19686.npy ... done (1.90s, 122.39MB)
  Running img_19687.npy ... done (1.95s, 121.53MB)
  Running img_19688.npy ... done (1.93s, 122.67MB)
  Running img_19689.npy ... done (1.93s, 120.71MB)
  Running img_1969.npy ... done (1.94s, 122.24MB)
  Running img_19690.npy ... done (1.95s, 117.88MB)
  Running img_19691.npy ... done (1.90s, 118.34MB)
  Running img_19692.npy ... done (1.94s, 116.73MB)
  Running img_19693.npy ... done (1.91s, 118.00MB)
  Running img_19694.npy ... done (1.92s, 116.15MB)
  Running img_19695.npy ... done (1.90s, 117.48MB)
  Running img_19696.npy ... done (1.93s, 116.33MB)
  Running img_19697.npy ... done (1.90s, 112.83MB)
  Running img_19698.npy ... done (1.96s, 115.66MB)
  Running img_19699.npy ... done (1.86s, 114.64MB)
  Running img_197.npy ... done (1.88s, 117.21MB)
  Running img_1970.npy ... done (1.95s, 113.29MB)
  Running img_19700.npy ... done (1.88s, 116.62MB)
  Running img_19701.npy ... done (2.00s, 113.34MB)
  Running img_19702.npy ... done (1.87s, 118.96MB)
  Running img_19703.npy ... done (1.94s, 131.91MB)
  Running img_19704.npy ... done (1.92s, 134.06MB)
  Running img_19705.npy ... done (1.89s, 132.88MB)
  Running img_19706.npy ... done (1.93s, 134.46MB)
  Running img_19707.npy ... done (1.92s, 132.52MB)
  Running img_19708.npy ... done (1.89s, 134.34MB)
  Running img_19709.npy ... done (1.90s, 135.25MB)
  Running img_1971.npy ... done (1.91s, 133.62MB)
  Running img_19710.npy ... done (1.94s, 133.14MB)
  Running img_19711.npy ... done (1.94s, 132.93MB)
  Running img_19712.npy ... done (1.91s, 133.50MB)
  Running img_19713.npy ... done (1.90s, 134.33MB)
  Running img_19714.npy ... done (1.91s, 134.73MB)
  Running img_19715.npy ... done (1.92s, 135.02MB)
  Running img_19716.npy ... done (1.92s, 134.51MB)
  Running img_19717.npy ... done (1.91s, 135.03MB)
  Running img_19718.npy ... done (1.92s, 134.41MB)
  Running img_19719.npy ... done (1.95s, 134.98MB)
  Running img_1972.npy ... done (1.92s, 134.59MB)
  Running img_19720.npy ... done (1.90s, 133.16MB)
  Running img_19721.npy ... done (1.80s, 134.43MB)
  Running img_19722.npy ... done (1.92s, 134.51MB)
  Running img_19723.npy ... done (1.91s, 132.18MB)
  Running img_19724.npy ... done (1.89s, 133.25MB)
  Running img_19725.npy ... done (1.99s, 134.29MB)
  Running img_19726.npy ... done (1.94s, 134.42MB)
  Running img_19727.npy ... done (1.95s, 134.00MB)
  Running img_19728.npy ... done (1.89s, 134.12MB)
  Running img_19729.npy ... done (1.89s, 132.56MB)
  Running img_1973.npy ... done (1.93s, 132.87MB)
  Running img_19730.npy ... done (1.88s, 132.33MB)
  Running img_19731.npy ... done (1.89s, 133.09MB)
  Running img_19732.npy ... done (1.88s, 131.98MB)
  Running img_19733.npy ... done (1.89s, 132.62MB)
  Running img_19734.npy ... done (1.91s, 128.72MB)
  Running img_19735.npy ... done (1.88s, 129.22MB)
  Running img_19736.npy ... done (1.92s, 128.37MB)
  Running img_19737.npy ... done (1.91s, 127.70MB)
  Running img_19738.npy ... done (1.89s, 128.07MB)
  Running img_19739.npy ... done (1.85s, 127.06MB)
  Running img_1974.npy ... done (1.86s, 126.50MB)
  Running img_19740.npy ... done (1.83s, 125.39MB)
  Running img_19741.npy ... done (1.88s, 126.27MB)
  Running img_19742.npy ... done (1.89s, 125.60MB)
  Running img_19743.npy ... done (1.93s, 122.41MB)
  Running img_19744.npy ... done (1.91s, 123.98MB)
  Running img_19745.npy ... done (1.84s, 124.81MB)
  Running img_19746.npy ... done (1.92s, 124.15MB)
  Running img_19747.npy ... done (1.91s, 123.47MB)
  Running img_19748.npy ... done (2.35s, 123.36MB)
  Running img_19749.npy ... done (1.89s, 119.98MB)
  Running img_1975.npy ... done (1.92s, 122.77MB)
  Running img_19750.npy ... done (1.92s, 119.89MB)
  Running img_19751.npy ... done (1.87s, 122.52MB)
  Running img_19752.npy ... done (1.89s, 119.82MB)
  Running img_19753.npy ... done (1.93s, 122.14MB)
  Running img_19754.npy ... done (1.95s, 119.84MB)
  Running img_19755.npy ... done (1.92s, 119.33MB)
  Running img_19756.npy ... done (1.90s, 117.12MB)
  Running img_19757.npy ... done (1.84s, 118.59MB)
  Running img_19758.npy ... done (1.86s, 116.46MB)
  Running img_19759.npy ... done (1.93s, 117.81MB)
  Running img_1976.npy ... done (1.92s, 116.59MB)
  Running img_19760.npy ... done (1.94s, 117.20MB)
  Running img_19761.npy ... done (1.91s, 115.96MB)
  Running img_19762.npy ... done (1.95s, 116.77MB)
  Running img_19763.npy ... done (1.95s, 115.45MB)
  Running img_19764.npy ... done (1.89s, 118.46MB)
  Running img_19765.npy ... done (1.96s, 132.34MB)
  Running img_19766.npy ... done (1.94s, 135.83MB)
  Running img_19767.npy ... done (1.96s, 134.57MB)
  Running img_19768.npy ... done (1.92s, 135.01MB)
  Running img_19769.npy ... done (1.98s, 133.23MB)
  Running img_1977.npy ... done (1.94s, 132.68MB)
  Running img_19770.npy ... done (1.98s, 133.58MB)
  Running img_19771.npy ... done (1.92s, 133.46MB)
  Running img_19772.npy ... done (1.98s, 132.69MB)
  Running img_19773.npy ... done (1.91s, 133.92MB)
  Running img_19774.npy ... done (1.91s, 133.25MB)
  Running img_19775.npy ... done (1.90s, 134.46MB)
  Running img_19776.npy ... done (1.95s, 134.88MB)
  Running img_19777.npy ... done (1.91s, 134.36MB)
  Running img_19778.npy ... done (1.90s, 134.68MB)
  Running img_19779.npy ... done (1.90s, 130.75MB)
  Running img_1978.npy ... done (1.91s, 134.94MB)
  Running img_19780.npy ... done (1.91s, 132.46MB)
  Running img_19781.npy ... done (1.93s, 134.66MB)
  Running img_19782.npy ... done (1.89s, 134.62MB)
  Running img_19783.npy ... done (1.95s, 134.57MB)
  Running img_19784.npy ... done (1.90s, 132.53MB)
  Running img_19785.npy ... done (1.91s, 135.00MB)
  Running img_19786.npy ... done (1.89s, 131.08MB)
  Running img_19787.npy ... done (1.94s, 134.42MB)
  Running img_19788.npy ... done (1.91s, 131.28MB)
  Running img_19789.npy ... done (1.91s, 134.52MB)
  Running img_1979.npy ... done (1.93s, 131.33MB)
  Running img_19790.npy ... done (1.91s, 133.34MB)
  Running img_19791.npy ... done (1.90s, 132.75MB)
  Running img_19792.npy ... done (1.95s, 133.20MB)
  Running img_19793.npy ... done (1.90s, 131.64MB)
  Running img_19794.npy ... done (2.16s, 133.16MB)
  Running img_19795.npy ... done (1.92s, 130.76MB)
  Running img_19796.npy ... done (1.91s, 132.89MB)
  Running img_19797.npy ... done (1.80s, 131.66MB)
  Running img_19798.npy ... done (1.94s, 133.13MB)
  Running img_19799.npy ... done (1.92s, 131.38MB)
  Running img_198.npy ... done (1.90s, 132.67MB)
  Running img_1980.npy ... done (1.89s, 131.34MB)
  Running img_19800.npy ... done (1.94s, 133.17MB)
  Running img_19801.npy ... done (1.92s, 131.61MB)
  Running img_19802.npy ... done (1.94s, 130.48MB)
  Running img_19803.npy ... done (1.89s, 129.09MB)
  Running img_19804.npy ... done (1.87s, 129.63MB)
  Running img_19805.npy ... done (1.82s, 127.88MB)
  Running img_19806.npy ... done (1.83s, 128.96MB)
  Running img_19807.npy ... done (1.81s, 127.29MB)
  Running img_19808.npy ... done (1.86s, 128.45MB)
  Running img_19809.npy ... done (1.80s, 126.80MB)
  Running img_1981.npy ... done (1.81s, 127.68MB)
  Running img_19810.npy ... done (1.80s, 125.65MB)
  Running img_19811.npy ... done (1.83s, 126.43MB)
  Running img_19812.npy ... done (1.87s, 124.39MB)
  Running img_19813.npy ... done (1.82s, 125.21MB)
  Running img_19814.npy ... done (1.81s, 124.24MB)
  Running img_19815.npy ... done (1.78s, 123.83MB)
  Running img_19816.npy ... done (1.78s, 122.20MB)
  Running img_19817.npy ... done (1.92s, 123.20MB)
  Running img_19818.npy ... done (1.79s, 121.13MB)
  Running img_19819.npy ... done (1.83s, 122.55MB)
  Running img_1982.npy ... done (1.81s, 121.63MB)
  Running img_19820.npy ... done (1.80s, 122.97MB)
  Running img_19821.npy ... done (1.82s, 121.37MB)
  Running img_19822.npy ... done (1.82s, 122.31MB)
  Running img_19823.npy ... done (1.82s, 121.80MB)
  Running img_19824.npy ... done (1.79s, 119.84MB)
  Running img_19825.npy ... done (1.84s, 116.99MB)
  Running img_19826.npy ... done (1.81s, 117.99MB)
  Running img_19827.npy ... done (1.83s, 117.00MB)
  Running img_19828.npy ... done (1.82s, 118.14MB)
  Running img_19829.npy ... done (1.83s, 116.68MB)
  Running img_1983.npy ... done (1.81s, 117.46MB)
  Running img_19830.npy ... done (1.81s, 116.32MB)
  Running img_19831.npy ... done (1.80s, 117.35MB)
  Running img_19832.npy ... done (1.82s, 116.61MB)
  Running img_19833.npy ... done (1.82s, 117.00MB)
  Running img_19834.npy ... done (1.88s, 117.38MB)
  Running img_19835.npy ... done (1.79s, 132.81MB)
  Running img_19836.npy ... done (1.82s, 133.24MB)
  Running img_19837.npy ... done (1.82s, 133.47MB)
  Running img_19838.npy ... done (1.81s, 133.63MB)
  Running img_19839.npy ... done (1.81s, 133.16MB)
  Running img_1984.npy ... done (1.83s, 134.65MB)
  Running img_19840.npy ... done (1.79s, 134.25MB)
  Running img_19841.npy ... done (1.96s, 134.30MB)
  Running img_19842.npy ... done (1.78s, 130.09MB)
  Running img_19843.npy ... done (1.79s, 134.81MB)
  Running img_19844.npy ... done (1.80s, 134.15MB)
  Running img_19845.npy ... done (1.82s, 134.45MB)
  Running img_19846.npy ... done (1.82s, 134.67MB)
  Running img_19847.npy ... done (1.82s, 134.78MB)
  Running img_19848.npy ... done (1.80s, 133.87MB)
  Running img_19849.npy ... done (1.81s, 133.34MB)
  Running img_1985.npy ... done (1.82s, 134.11MB)
  Running img_19850.npy ... done (1.83s, 133.12MB)
  Running img_19851.npy ... done (1.80s, 133.29MB)
  Running img_19852.npy ... done (1.82s, 132.91MB)
  Running img_19853.npy ... done (1.78s, 134.09MB)
  Running img_19854.npy ... done (1.84s, 133.21MB)
  Running img_19855.npy ... done (1.82s, 132.39MB)
  Running img_19856.npy ... done (1.81s, 133.02MB)
  Running img_19857.npy ... done (1.82s, 132.35MB)
  Running img_19858.npy ... done (1.80s, 132.35MB)
  Running img_19859.npy ... done (1.80s, 129.91MB)
  Running img_1986.npy ... done (1.82s, 129.60MB)
  Running img_19860.npy ... done (1.86s, 128.97MB)
  Running img_19861.npy ... done (1.87s, 127.82MB)
  Running img_19862.npy ... done (1.81s, 128.21MB)
  Running img_19863.npy ... done (1.85s, 126.85MB)
  Running img_19864.npy ... done (1.85s, 127.98MB)
  Running img_19865.npy ... done (1.98s, 126.73MB)
  Running img_19866.npy ... done (2.06s, 126.44MB)
  Running img_19867.npy ... done (1.86s, 126.75MB)
  Running img_19868.npy ... done (1.84s, 125.07MB)
  Running img_19869.npy ... done (1.85s, 127.55MB)
  Running img_1987.npy ... done (1.82s, 123.54MB)
  Running img_19870.npy ... done (1.92s, 125.57MB)
  Running img_19871.npy ... done (1.91s, 124.31MB)
  Running img_19872.npy ... done (1.86s, 126.84MB)
  Running img_19873.npy ... done (1.91s, 126.32MB)
  Running img_19874.npy ... done (1.90s, 124.27MB)
  Running img_19875.npy ... done (1.80s, 125.24MB)
  Running img_19876.npy ... done (1.91s, 124.11MB)
  Running img_19877.npy ... done (1.92s, 123.82MB)
  Running img_19878.npy ... done (1.93s, 122.53MB)
  Running img_19879.npy ... done (1.91s, 120.09MB)
  Running img_1988.npy ... done (1.90s, 120.59MB)
  Running img_19880.npy ... done (1.92s, 119.09MB)
  Running img_19881.npy ... done (1.91s, 121.18MB)
  Running img_19882.npy ... done (1.90s, 122.00MB)
  Running img_19883.npy ... done (1.93s, 121.65MB)
  Running img_19884.npy ... done (1.95s, 118.77MB)
  Running img_19885.npy ... done (1.96s, 121.29MB)
  Running img_19886.npy ... done (1.90s, 118.27MB)
  Running img_19887.npy ... done (1.93s, 117.93MB)
  Running img_19888.npy ... done (1.94s, 115.48MB)
  Running img_19889.npy ... done (2.13s, 119.19MB)
  Running img_1989.npy ... done (1.94s, 114.00MB)
  Running img_19890.npy ... done (1.96s, 117.93MB)
  Running img_19891.npy ... done (1.92s, 115.81MB)
  Running img_19892.npy ... done (1.96s, 117.10MB)
  Running img_19893.npy ... done (1.91s, 114.72MB)
  Running img_19894.npy ... done (1.87s, 117.73MB)
  Running img_19895.npy ... done (1.94s, 115.28MB)
  Running img_19896.npy ... done (1.91s, 117.57MB)
  Running img_19897.npy ... done (1.92s, 115.21MB)
  Running img_19898.npy ... done (1.82s, 117.05MB)
  Running img_19899.npy ... done (1.91s, 117.42MB)
  Running img_199.npy ... done (1.91s, 130.89MB)
  Running img_1990.npy ... done (1.95s, 132.50MB)
  Running img_19900.npy ... done (1.92s, 135.30MB)
  Running img_19901.npy ... done (1.93s, 133.20MB)
  Running img_19902.npy ... done (1.93s, 132.94MB)
  Running img_19903.npy ... done (1.94s, 133.80MB)
  Running img_19904.npy ... done (1.91s, 133.87MB)
  Running img_19905.npy ... done (1.92s, 133.21MB)
  Running img_19906.npy ... done (1.92s, 133.74MB)
  Running img_19907.npy ... done (1.94s, 134.97MB)
  Running img_19908.npy ... done (1.87s, 134.85MB)
  Running img_19909.npy ... done (1.92s, 135.14MB)
  Running img_1991.npy ... done (1.87s, 134.88MB)
  Running img_19910.npy ... done (2.13s, 134.85MB)
  Running img_19911.npy ... done (1.93s, 134.89MB)
  Running img_19912.npy ... done (1.93s, 134.82MB)
  Running img_19913.npy ... done (1.84s, 134.93MB)
  Running img_19914.npy ... done (1.94s, 133.59MB)
  Running img_19915.npy ... done (1.92s, 134.61MB)
  Running img_19916.npy ... done (1.90s, 134.93MB)
  Running img_19917.npy ... done (1.91s, 134.55MB)
  Running img_19918.npy ... done (1.94s, 132.84MB)
  Running img_19919.npy ... done (1.91s, 132.92MB)
  Running img_1992.npy ... done (1.91s, 132.75MB)
  Running img_19920.npy ... done (1.85s, 133.14MB)
  Running img_19921.npy ... done (1.94s, 132.74MB)
  Running img_19922.npy ... done (1.88s, 132.77MB)
  Running img_19923.npy ... done (1.95s, 132.18MB)
  Running img_19924.npy ... done (1.89s, 129.88MB)
  Running img_19925.npy ... done (1.94s, 129.57MB)
  Running img_19926.npy ... done (1.94s, 128.05MB)
  Running img_19927.npy ... done (1.92s, 127.38MB)
  Running img_19928.npy ... done (1.92s, 127.36MB)
  Running img_19929.npy ... done (1.89s, 126.80MB)
  Running img_1993.npy ... done (1.87s, 126.39MB)
  Running img_19930.npy ... done (1.94s, 124.42MB)
  Running img_19931.npy ... done (1.89s, 125.52MB)
  Running img_19932.npy ... done (1.86s, 122.90MB)
  Running img_19933.npy ... done (1.86s, 120.39MB)
  Running img_19934.npy ... done (2.07s, 123.09MB)
  Running img_19935.npy ... done (1.86s, 120.58MB)
  Running img_19936.npy ... done (1.87s, 122.90MB)
  Running img_19937.npy ... done (1.91s, 119.86MB)
  Running img_19938.npy ... done (1.91s, 122.54MB)
  Running img_19939.npy ... done (1.93s, 119.05MB)
  Running img_1994.npy ... done (1.93s, 122.32MB)
  Running img_19940.npy ... done (1.85s, 119.92MB)
  Running img_19941.npy ... done (1.90s, 122.05MB)
  Running img_19942.npy ... done (1.91s, 119.88MB)
  Running img_19943.npy ... done (1.95s, 119.21MB)
  Running img_19944.npy ... done (1.89s, 115.98MB)
  Running img_19945.npy ... done (1.94s, 118.06MB)
  Running img_19946.npy ... done (1.94s, 116.79MB)
  Running img_19947.npy ... done (1.93s, 117.72MB)
  Running img_19948.npy ... done (1.85s, 115.98MB)
  Running img_19949.npy ... done (1.90s, 117.53MB)
  Running img_1995.npy ... done (1.91s, 116.04MB)
  Running img_19950.npy ... done (1.89s, 117.72MB)
  Running img_19951.npy ... done (1.83s, 116.70MB)
  Running img_19952.npy ... done (1.89s, 117.14MB)
  Running img_19953.npy ... done (1.93s, 116.04MB)
  Running img_19954.npy ... done (1.94s, 124.66MB)
  Running img_19955.npy ... done (1.92s, 134.33MB)
  Running img_19956.npy ... done (1.91s, 132.70MB)
  Running img_19957.npy ... done (2.08s, 132.82MB)
  Running img_19958.npy ... done (1.82s, 131.78MB)
  Running img_19959.npy ... done (1.90s, 132.20MB)
  Running img_1996.npy ... done (1.90s, 133.64MB)
  Running img_19960.npy ... done (1.91s, 133.69MB)
  Running img_19961.npy ... done (1.84s, 133.78MB)
  Running img_19962.npy ... done (1.89s, 133.73MB)
  Running img_19963.npy ... done (1.87s, 133.80MB)
  Running img_19964.npy ... done (1.92s, 134.31MB)
  Running img_19965.npy ... done (1.89s, 135.00MB)
  Running img_19966.npy ... done (1.95s, 134.72MB)
  Running img_19967.npy ... done (1.94s, 135.20MB)
  Running img_19968.npy ... done (1.86s, 134.89MB)
  Running img_19969.npy ... done (1.85s, 134.73MB)
  Running img_1997.npy ... done (1.89s, 134.54MB)
  Running img_19970.npy ... done (1.85s, 133.81MB)
  Running img_19971.npy ... done (1.82s, 133.17MB)
  Running img_19972.npy ... done (1.89s, 132.57MB)
  Running img_19973.npy ... done (1.93s, 133.20MB)
  Running img_19974.npy ... done (1.89s, 132.31MB)
  Running img_19975.npy ... done (1.93s, 132.99MB)
  Running img_19976.npy ... done (2.23s, 131.67MB)
  Running img_19977.npy ... done (1.91s, 133.23MB)
  Running img_19978.npy ... done (1.91s, 132.02MB)
  Running img_19979.npy ... done (1.90s, 132.84MB)
  Running img_1998.npy ... done (1.87s, 132.06MB)
  Running img_19980.npy ... done (1.93s, 130.67MB)
  Running img_19981.npy ... done (1.90s, 128.73MB)
  Running img_19982.npy ... done (1.89s, 127.64MB)
  Running img_19983.npy ... done (1.93s, 127.89MB)
  Running img_19984.npy ... done (1.93s, 127.04MB)
  Running img_19985.npy ... done (1.90s, 124.58MB)
  Running img_19986.npy ... done (1.90s, 126.90MB)
  Running img_19987.npy ... done (1.92s, 127.28MB)
  Running img_19988.npy ... done (1.92s, 125.11MB)
  Running img_19989.npy ... done (1.89s, 125.95MB)
  Running img_1999.npy ... done (1.84s, 123.76MB)
  Running img_19990.npy ... done (1.90s, 124.58MB)
  Running img_19991.npy ... done (1.92s, 123.28MB)
  Running img_19992.npy ... done (1.90s, 124.04MB)
  Running img_19993.npy ... done (1.90s, 121.89MB)
  Running img_19994.npy ... done (1.93s, 119.67MB)
  Running img_19995.npy ... done (1.89s, 121.37MB)
  Running img_19996.npy ... done (1.88s, 118.96MB)
  Running img_19997.npy ... done (1.91s, 122.50MB)
  Running img_19998.npy ... done (1.89s, 119.07MB)
  Running img_19999.npy ... done (1.84s, 121.45MB)
  Running img_2.npy ... done (1.81s, 119.09MB)
  Running img_20.npy ... done (1.85s, 119.78MB)
  Running img_200.npy ... done (1.85s, 116.15MB)
  Running img_2000.npy ... done (1.82s, 118.33MB)
  Running img_20000.npy ... done (2.03s, 116.23MB)
  Running img_20001.npy ... done (1.84s, 118.39MB)
  Running img_20002.npy ... done (1.80s, 115.36MB)
  Running img_20003.npy ... done (1.85s, 117.84MB)
  Running img_20004.npy ... done (1.82s, 114.71MB)
  Running img_20005.npy ... done (1.85s, 117.51MB)
  Running img_20006.npy ... done (1.83s, 115.15MB)
  Running img_20007.npy ... done (1.76s, 117.49MB)
  Running img_20008.npy ... done (1.83s, 114.99MB)
  Running img_20009.npy ... done (1.86s, 117.47MB)
  Running img_2001.npy ... done (1.84s, 115.83MB)
  Running img_20010.npy ... done (1.85s, 117.12MB)
  Running img_20011.npy ... done (1.82s, 115.68MB)
  Running img_20012.npy ... done (1.89s, 119.23MB)
  Running img_20013.npy ... done (1.82s, 133.86MB)
  Running img_20014.npy ... done (1.86s, 130.88MB)
  Running img_20015.npy ... done (1.82s, 133.18MB)
  Running img_20016.npy ... done (1.89s, 135.59MB)
  Running img_20017.npy ... done (1.88s, 134.33MB)
  Running img_20018.npy ... done (1.84s, 133.13MB)
  Running img_20019.npy ... done (1.90s, 133.61MB)
  Running img_2002.npy ... done (1.92s, 133.92MB)
  Running img_20020.npy ... done (1.89s, 135.02MB)
  Running img_20021.npy ... done (1.89s, 134.86MB)
  Running img_20022.npy ... done (1.92s, 135.14MB)
  Running img_20023.npy ... done (1.90s, 134.98MB)
  Running img_20024.npy ... done (2.28s, 135.20MB)
  Running img_20025.npy ... done (1.81s, 135.06MB)
  Running img_20026.npy ... done (1.90s, 134.50MB)
  Running img_20027.npy ... done (1.90s, 135.18MB)
  Running img_20028.npy ... done (1.91s, 134.89MB)
  Running img_20029.npy ... done (1.86s, 134.49MB)
  Running img_2003.npy ... done (1.85s, 134.85MB)
  Running img_20030.npy ... done (1.80s, 134.64MB)
  Running img_20031.npy ... done (1.91s, 134.60MB)
  Running img_20032.npy ... done (1.90s, 134.79MB)
  Running img_20033.npy ... done (1.88s, 134.86MB)
  Running img_20034.npy ... done (1.90s, 134.61MB)
  Running img_20035.npy ... done (1.90s, 133.09MB)
  Running img_20036.npy ... done (1.92s, 133.32MB)
  Running img_20037.npy ... done (1.90s, 134.86MB)
  Running img_20038.npy ... done (1.90s, 133.29MB)
  Running img_20039.npy ... done (1.91s, 133.20MB)
  Running img_2004.npy ... done (1.87s, 133.22MB)
  Running img_20040.npy ... done (1.87s, 133.20MB)
  Running img_20041.npy ... done (1.79s, 133.21MB)
  Running img_20042.npy ... done (1.90s, 133.21MB)
  Running img_20043.npy ... done (1.91s, 133.63MB)
  Running img_20044.npy ... done (1.96s, 133.31MB)
  Running img_20045.npy ... done (1.87s, 132.73MB)
  Running img_20046.npy ... done (1.91s, 132.89MB)
  Running img_20047.npy ... done (1.90s, 132.73MB)
  Running img_20048.npy ... done (2.16s, 133.00MB)
  Running img_20049.npy ... done (1.86s, 133.14MB)
  Running img_2005.npy ... done (1.91s, 133.30MB)
  Running img_20050.npy ... done (1.89s, 133.00MB)
  Running img_20051.npy ... done (1.92s, 132.99MB)
  Running img_20052.npy ... done (1.88s, 133.27MB)
  Running img_20053.npy ... done (1.92s, 133.10MB)
  Running img_20054.npy ... done (1.89s, 132.62MB)
  Running img_20055.npy ... done (1.87s, 132.76MB)
  Running img_20056.npy ... done (1.85s, 132.67MB)
  Running img_20057.npy ... done (1.93s, 132.34MB)
  Running img_20058.npy ... done (1.90s, 130.38MB)
  Running img_20059.npy ... done (1.93s, 129.29MB)
  Running img_2006.npy ... done (1.87s, 130.87MB)
  Running img_20060.npy ... done (1.91s, 127.81MB)
  Running img_20061.npy ... done (1.81s, 128.06MB)
  Running img_20062.npy ... done (1.86s, 127.35MB)
  Running img_20063.npy ... done (1.87s, 127.52MB)
  Running img_20064.npy ... done (1.88s, 125.34MB)
  Running img_20065.npy ... done (1.88s, 126.07MB)
  Running img_20066.npy ... done (1.90s, 124.73MB)
  Running img_20067.npy ... done (1.90s, 125.85MB)
  Running img_20068.npy ... done (1.95s, 122.95MB)
  Running img_20069.npy ... done (1.87s, 124.34MB)
  Running img_2007.npy ... done (1.88s, 121.17MB)
  Running img_20070.npy ... done (1.88s, 124.09MB)
  Running img_20071.npy ... done (2.10s, 121.77MB)
  Running img_20072.npy ... done (1.93s, 122.16MB)
  Running img_20073.npy ... done (1.92s, 121.57MB)
  Running img_20074.npy ... done (1.88s, 121.87MB)
  Running img_20075.npy ... done (1.92s, 120.82MB)
  Running img_20076.npy ... done (1.91s, 119.33MB)
  Running img_20077.npy ... done (1.92s, 121.52MB)
  Running img_20078.npy ... done (1.88s, 116.75MB)
  Running img_20079.npy ... done (1.89s, 117.95MB)
  Running img_2008.npy ... done (1.90s, 114.88MB)
  Running img_20080.npy ... done (1.91s, 116.95MB)
  Running img_20081.npy ... done (1.88s, 114.63MB)
  Running img_20082.npy ... done (1.96s, 117.23MB)
  Running img_20083.npy ... done (1.94s, 114.38MB)
  Running img_20084.npy ... done (1.94s, 117.65MB)
  Running img_20085.npy ... done (1.85s, 113.25MB)
  Running img_20086.npy ... done (1.93s, 116.85MB)
  Running img_20087.npy ... done (1.87s, 114.16MB)
  Running img_20088.npy ... done (1.91s, 117.39MB)
  Running img_20089.npy ... done (1.91s, 113.35MB)
  Running img_2009.npy ... done (1.91s, 116.34MB)
  Running img_20090.npy ... done (1.92s, 115.06MB)
  Running img_20091.npy ... done (1.95s, 119.70MB)
  Running img_20092.npy ... done (1.90s, 132.90MB)
  Running img_20093.npy ... done (1.84s, 132.73MB)
  Running img_20094.npy ... done (1.98s, 132.99MB)
  Running img_20095.npy ... done (1.84s, 133.10MB)
  Running img_20096.npy ... done (1.81s, 133.22MB)
  Running img_20097.npy ... done (1.81s, 133.73MB)
  Running img_20098.npy ... done (1.78s, 133.09MB)
  Running img_20099.npy ... done (1.83s, 135.06MB)
  Running img_201.npy ... done (1.80s, 133.17MB)
  Running img_2010.npy ... done (1.83s, 135.22MB)
  Running img_20100.npy ... done (1.79s, 132.55MB)
  Running img_20101.npy ... done (1.85s, 134.97MB)
  Running img_20102.npy ... done (1.81s, 133.03MB)
  Running img_20103.npy ... done (1.84s, 134.81MB)
  Running img_20104.npy ... done (1.75s, 131.98MB)
  Running img_20105.npy ... done (1.81s, 133.35MB)
  Running img_20106.npy ... done (1.78s, 131.73MB)
  Running img_20107.npy ... done (1.81s, 133.04MB)
  Running img_20108.npy ... done (1.78s, 131.43MB)
  Running img_20109.npy ... done (1.83s, 132.93MB)
  Running img_2011.npy ... done (1.82s, 131.83MB)
  Running img_20110.npy ... done (1.83s, 132.81MB)
  Running img_20111.npy ... done (1.82s, 132.33MB)
  Running img_20112.npy ... done (1.86s, 130.12MB)
  Running img_20113.npy ... done (1.83s, 129.20MB)
  Running img_20114.npy ... done (1.83s, 128.65MB)
  Running img_20115.npy ... done (1.84s, 127.13MB)
  Running img_20116.npy ... done (1.83s, 128.43MB)
  Running img_20117.npy ... done (1.96s, 127.21MB)
  Running img_20118.npy ... done (1.87s, 128.55MB)
  Running img_20119.npy ... done (1.81s, 127.23MB)
  Running img_2012.npy ... done (1.84s, 128.87MB)
  Running img_20120.npy ... done (1.82s, 126.54MB)
  Running img_20121.npy ... done (1.84s, 126.23MB)
  Running img_20122.npy ... done (1.83s, 124.50MB)
  Running img_20123.npy ... done (1.81s, 126.08MB)
  Running img_20124.npy ... done (1.86s, 124.11MB)
  Running img_20125.npy ... done (1.88s, 126.12MB)
  Running img_20126.npy ... done (1.80s, 123.91MB)
  Running img_20127.npy ... done (1.89s, 124.27MB)
  Running img_20128.npy ... done (1.86s, 122.79MB)
  Running img_20129.npy ... done (1.89s, 123.66MB)
  Running img_2013.npy ... done (1.92s, 122.04MB)
  Running img_20130.npy ... done (1.94s, 122.68MB)
  Running img_20131.npy ... done (1.95s, 121.63MB)
  Running img_20132.npy ... done (1.94s, 122.07MB)
  Running img_20133.npy ... done (1.96s, 119.19MB)
  Running img_20134.npy ... done (1.93s, 117.77MB)
  Running img_20135.npy ... done (1.95s, 116.97MB)
  Running img_20136.npy ... done (1.90s, 114.04MB)
  Running img_20137.npy ... done (1.92s, 115.93MB)
  Running img_20138.npy ... done (1.92s, 114.50MB)
  Running img_20139.npy ... done (1.90s, 116.95MB)
  Running img_2014.npy ... done (2.06s, 114.66MB)
  Running img_20140.npy ... done (1.92s, 117.50MB)
  Running img_20141.npy ... done (1.89s, 114.09MB)
  Running img_20142.npy ... done (1.92s, 117.13MB)
  Running img_20143.npy ... done (1.82s, 114.43MB)
  Running img_20144.npy ... done (1.84s, 116.80MB)
  Running img_20145.npy ... done (1.75s, 115.04MB)
  Running img_20146.npy ... done (1.83s, 118.82MB)
  Running img_20147.npy ... done (1.85s, 127.43MB)
  Running img_20148.npy ... done (1.82s, 134.35MB)
  Running img_20149.npy ... done (1.80s, 134.47MB)
  Running img_2015.npy ... done (1.81s, 135.89MB)
  Running img_20150.npy ... done (1.83s, 132.61MB)
  Running img_20151.npy ... done (1.83s, 133.74MB)
  Running img_20152.npy ... done (1.80s, 133.11MB)
  Running img_20153.npy ... done (1.82s, 133.09MB)
  Running img_20154.npy ... done (1.80s, 134.32MB)
  Running img_20155.npy ... done (1.81s, 134.94MB)
  Running img_20156.npy ... done (1.83s, 134.90MB)
  Running img_20157.npy ... done (1.82s, 134.85MB)
  Running img_20158.npy ... done (1.83s, 135.02MB)
  Running img_20159.npy ... done (1.92s, 134.76MB)
  Running img_2016.npy ... done (1.91s, 134.85MB)
  Running img_20160.npy ... done (1.86s, 134.70MB)
  Running img_20161.npy ... done (1.90s, 134.66MB)
  Running img_20162.npy ... done (1.93s, 133.44MB)
  Running img_20163.npy ... done (1.89s, 133.61MB)
  Running img_20164.npy ... done (1.85s, 134.64MB)
  Running img_20165.npy ... done (2.20s, 134.68MB)
  Running img_20166.npy ... done (1.92s, 134.64MB)
  Running img_20167.npy ... done (1.87s, 132.75MB)
  Running img_20168.npy ... done (1.89s, 134.58MB)
  Running img_20169.npy ... done (1.91s, 134.73MB)
  Running img_2017.npy ... done (1.90s, 133.11MB)
  Running img_20170.npy ... done (1.92s, 134.55MB)
  Running img_20171.npy ... done (1.84s, 133.16MB)
  Running img_20172.npy ... done (1.92s, 133.07MB)
  Running img_20173.npy ... done (1.90s, 133.03MB)
  Running img_20174.npy ... done (1.90s, 133.07MB)
  Running img_20175.npy ... done (1.88s, 132.80MB)
  Running img_20176.npy ... done (1.91s, 132.46MB)
  Running img_20177.npy ... done (1.90s, 132.79MB)
  Running img_20178.npy ... done (1.95s, 132.13MB)
  Running img_20179.npy ... done (1.90s, 130.63MB)
  Running img_2018.npy ... done (1.97s, 129.57MB)
  Running img_20180.npy ... done (1.89s, 128.82MB)
  Running img_20181.npy ... done (1.93s, 127.88MB)
  Running img_20182.npy ... done (1.90s, 128.59MB)
  Running img_20183.npy ... done (1.85s, 126.91MB)
  Running img_20184.npy ... done (1.90s, 126.44MB)
  Running img_20185.npy ... done (1.91s, 126.96MB)
  Running img_20186.npy ... done (1.93s, 124.88MB)
  Running img_20187.npy ... done (1.94s, 124.92MB)
  Running img_20188.npy ... done (2.20s, 127.98MB)
  Running img_20189.npy ... done (1.92s, 127.19MB)
  Running img_2019.npy ... done (1.91s, 125.03MB)
  Running img_20190.npy ... done (1.91s, 126.93MB)
  Running img_20191.npy ... done (1.88s, 128.07MB)
  Running img_20192.npy ... done (1.92s, 126.61MB)
  Running img_20193.npy ... done (1.88s, 127.81MB)
  Running img_20194.npy ... done (1.92s, 124.30MB)
  Running img_20195.npy ... done (1.91s, 122.16MB)
  Running img_20196.npy ... done (1.94s, 123.71MB)
  Running img_20197.npy ... done (1.90s, 120.21MB)
  Running img_20198.npy ... done (1.94s, 123.37MB)
  Running img_20199.npy ... done (1.91s, 120.74MB)
  Running img_202.npy ... done (1.95s, 122.66MB)
  Running img_2020.npy ... done (1.93s, 121.61MB)
  Running img_20200.npy ... done (1.93s, 123.09MB)
  Running img_20201.npy ... done (1.87s, 120.73MB)
  Running img_20202.npy ... done (1.90s, 122.54MB)
  Running img_20203.npy ... done (1.93s, 118.46MB)
  Running img_20204.npy ... done (1.95s, 119.27MB)
  Running img_20205.npy ... done (1.91s, 116.71MB)
  Running img_20206.npy ... done (1.92s, 117.92MB)
  Running img_20207.npy ... done (1.90s, 116.65MB)
  Running img_20208.npy ... done (1.93s, 117.61MB)
  Running img_20209.npy ... done (2.07s, 116.11MB)
  Running img_2021.npy ... done (1.91s, 117.53MB)
  Running img_20210.npy ... done (1.96s, 116.54MB)
  Running img_20211.npy ... done (1.96s, 116.07MB)
  Running img_20212.npy ... done (1.85s, 115.78MB)
  Running img_20213.npy ... done (1.94s, 115.95MB)
  Running img_20214.npy ... done (1.94s, 128.80MB)
  Running img_20215.npy ... done (1.94s, 132.25MB)
  Running img_20216.npy ... done (1.95s, 135.14MB)
  Running img_20217.npy ... done (1.86s, 133.27MB)
  Running img_20218.npy ... done (1.92s, 133.62MB)
  Running img_20219.npy ... done (1.91s, 133.56MB)
  Running img_2022.npy ... done (1.96s, 133.59MB)
  Running img_20220.npy ... done (1.92s, 133.41MB)
  Running img_20221.npy ... done (1.93s, 135.33MB)
  Running img_20222.npy ... done (1.82s, 134.99MB)
  Running img_20223.npy ... done (1.97s, 134.82MB)
  Running img_20224.npy ... done (1.92s, 134.91MB)
  Running img_20225.npy ... done (1.91s, 134.84MB)
  Running img_20226.npy ... done (1.94s, 134.98MB)
  Running img_20227.npy ... done (1.92s, 134.74MB)
  Running img_20228.npy ... done (1.94s, 134.61MB)
  Running img_20229.npy ... done (1.91s, 133.17MB)
  Running img_2023.npy ... done (1.91s, 133.28MB)
  Running img_20230.npy ... done (1.92s, 133.28MB)
  Running img_20231.npy ... done (2.25s, 133.05MB)
  Running img_20232.npy ... done (1.90s, 133.16MB)
  Running img_20233.npy ... done (1.88s, 132.73MB)
  Running img_20234.npy ... done (1.89s, 132.70MB)
  Running img_20235.npy ... done (1.92s, 132.32MB)
  Running img_20236.npy ... done (1.93s, 128.61MB)
  Running img_20237.npy ... done (1.94s, 129.45MB)
  Running img_20238.npy ... done (1.90s, 128.77MB)
  Running img_20239.npy ... done (1.92s, 127.64MB)
  Running img_2024.npy ... done (1.90s, 127.65MB)
  Running img_20240.npy ... done (1.87s, 127.11MB)
  Running img_20241.npy ... done (1.81s, 127.84MB)
  Running img_20242.npy ... done (1.91s, 127.16MB)
  Running img_20243.npy ... done (1.91s, 127.62MB)
  Running img_20244.npy ... done (1.90s, 125.55MB)
  Running img_20245.npy ... done (1.88s, 122.12MB)
  Running img_20246.npy ... done (1.90s, 124.11MB)
  Running img_20247.npy ... done (1.88s, 122.83MB)
  Running img_20248.npy ... done (1.90s, 124.12MB)
  Running img_20249.npy ... done (1.91s, 124.71MB)
  Running img_2025.npy ... done (1.93s, 122.28MB)
  Running img_20250.npy ... done (1.93s, 121.16MB)
  Running img_20251.npy ... done (1.92s, 122.03MB)
  Running img_20252.npy ... done (1.85s, 119.57MB)
  Running img_20253.npy ... done (1.94s, 122.34MB)
  Running img_20254.npy ... done (2.16s, 119.93MB)
  Running img_20255.npy ... done (2.10s, 122.47MB)
  Running img_20256.npy ... done (1.93s, 120.96MB)
  Running img_20257.npy ... done (1.92s, 122.88MB)
  Running img_20258.npy ... done (1.93s, 121.49MB)
  Running img_20259.npy ... done (1.94s, 122.04MB)
  Running img_2026.npy ... done (1.85s, 121.39MB)
  Running img_20260.npy ... done (1.88s, 119.48MB)
  Running img_20261.npy ... done (1.93s, 117.41MB)
  Running img_20262.npy ... done (1.88s, 118.30MB)
  Running img_20263.npy ... done (1.91s, 116.93MB)
  Running img_20264.npy ... done (1.94s, 117.93MB)
  Running img_20265.npy ... done (1.96s, 116.50MB)
  Running img_20266.npy ... done (1.84s, 117.51MB)
  Running img_20267.npy ... done (1.94s, 115.84MB)
  Running img_20268.npy ... done (1.87s, 114.45MB)
  Running img_20269.npy ... done (1.91s, 115.80MB)
  Running img_2027.npy ... done (1.88s, 116.51MB)
  Running img_20270.npy ... done (1.93s, 116.49MB)
  Running img_20271.npy ... done (1.89s, 117.74MB)
  Running img_20272.npy ... done (1.92s, 134.62MB)
  Running img_20273.npy ... done (2.07s, 132.66MB)
  Running img_20274.npy ... done (1.94s, 135.20MB)
  Running img_20275.npy ... done (1.88s, 133.26MB)
  Running img_20276.npy ... done (1.92s, 133.50MB)
  Running img_20277.npy ... done (1.91s, 134.86MB)
  Running img_20278.npy ... done (1.91s, 134.90MB)
  Running img_20279.npy ... done (1.82s, 135.08MB)
  Running img_2028.npy ... done (1.89s, 135.00MB)
  Running img_20280.npy ... done (1.95s, 135.02MB)
  Running img_20281.npy ... done (1.94s, 134.93MB)
  Running img_20282.npy ... done (1.93s, 134.30MB)
  Running img_20283.npy ... done (1.92s, 134.94MB)
  Running img_20284.npy ... done (1.86s, 134.98MB)
  Running img_20285.npy ... done (1.92s, 134.98MB)
  Running img_20286.npy ... done (1.90s, 134.83MB)
  Running img_20287.npy ... done (1.86s, 134.73MB)
  Running img_20288.npy ... done (1.94s, 134.71MB)
  Running img_20289.npy ... done (1.93s, 134.81MB)
  Running img_2029.npy ... done (1.89s, 134.57MB)
  Running img_20290.npy ... done (1.89s, 133.52MB)
  Running img_20291.npy ... done (1.91s, 134.67MB)
  Running img_20292.npy ... done (1.90s, 134.57MB)
  Running img_20293.npy ... done (1.92s, 134.82MB)
  Running img_20294.npy ... done (1.91s, 134.40MB)
  Running img_20295.npy ... done (1.93s, 134.80MB)
  Running img_20296.npy ... done (1.93s, 133.36MB)
  Running img_20297.npy ... done (1.91s, 133.03MB)
  Running img_20298.npy ... done (1.87s, 133.04MB)
  Running img_20299.npy ... done (1.83s, 133.00MB)
  Running img_203.npy ... done (1.91s, 133.23MB)
  Running img_2030.npy ... done (2.09s, 132.98MB)
  Running img_20300.npy ... done (1.88s, 134.46MB)
  Running img_20301.npy ... done (1.96s, 133.30MB)
  Running img_20302.npy ... done (1.90s, 133.07MB)
  Running img_20303.npy ... done (1.97s, 133.06MB)
  Running img_20304.npy ... done (1.91s, 132.68MB)
  Running img_20305.npy ... done (1.97s, 129.38MB)
  Running img_20306.npy ... done (1.92s, 129.13MB)
  Running img_20307.npy ... done (1.92s, 127.36MB)
  Running img_20308.npy ... done (1.89s, 128.40MB)
  Running img_20309.npy ... done (1.92s, 126.84MB)
  Running img_2031.npy ... done (1.92s, 127.72MB)
  Running img_20310.npy ... done (1.89s, 127.21MB)
  Running img_20311.npy ... done (1.88s, 125.71MB)
  Running img_20312.npy ... done (1.82s, 124.27MB)
  Running img_20313.npy ... done (1.89s, 125.70MB)
  Running img_20314.npy ... done (1.93s, 123.45MB)
  Running img_20315.npy ... done (1.89s, 123.87MB)
  Running img_20316.npy ... done (1.93s, 123.16MB)
  Running img_20317.npy ... done (1.92s, 120.84MB)
  Running img_20318.npy ... done (1.86s, 122.52MB)
  Running img_20319.npy ... done (1.84s, 119.38MB)
  Running img_2032.npy ... done (1.92s, 121.27MB)
  Running img_20320.npy ... done (1.93s, 119.33MB)
  Running img_20321.npy ... done (1.92s, 121.68MB)
  Running img_20322.npy ... done (1.90s, 119.66MB)
  Running img_20323.npy ... done (2.04s, 122.29MB)
  Running img_20324.npy ... done (1.86s, 118.89MB)
  Running img_20325.npy ... done (1.90s, 118.47MB)
  Running img_20326.npy ... done (1.90s, 115.96MB)
  Running img_20327.npy ... done (1.91s, 117.96MB)
  Running img_20328.npy ... done (1.91s, 115.34MB)
  Running img_20329.npy ... done (1.90s, 117.50MB)
  Running img_2033.npy ... done (1.91s, 116.51MB)
  Running img_20330.npy ... done (1.88s, 117.76MB)
  Running img_20331.npy ... done (1.87s, 116.12MB)
  Running img_20332.npy ... done (1.90s, 117.23MB)
  Running img_20333.npy ... done (1.93s, 116.45MB)
  Running img_20334.npy ... done (1.89s, 117.75MB)
  Running img_20335.npy ... done (1.95s, 116.03MB)
  Running img_20336.npy ... done (1.93s, 118.46MB)
  Running img_20337.npy ... done (1.87s, 133.79MB)
  Running img_20338.npy ... done (1.87s, 135.11MB)
  Running img_20339.npy ... done (1.90s, 133.71MB)
  Running img_2034.npy ... done (1.88s, 135.18MB)
  Running img_20340.npy ... done (1.89s, 133.07MB)
  Running img_20341.npy ... done (1.93s, 132.07MB)
  Running img_20342.npy ... done (1.96s, 133.42MB)
  Running img_20343.npy ... done (1.92s, 132.88MB)
  Running img_20344.npy ... done (1.84s, 133.48MB)
  Running img_20345.npy ... done (1.93s, 133.48MB)
  Running img_20346.npy ... done (2.04s, 133.63MB)
  Running img_20347.npy ... done (1.89s, 132.96MB)
  Running img_20348.npy ... done (1.94s, 135.20MB)
  Running img_20349.npy ... done (1.94s, 133.01MB)
  Running img_2035.npy ... done (1.92s, 134.68MB)
  Running img_20350.npy ... done (1.91s, 133.41MB)
  Running img_20351.npy ... done (1.93s, 134.83MB)
  Running img_20352.npy ... done (1.94s, 133.76MB)
  Running img_20353.npy ... done (1.88s, 134.88MB)
  Running img_20354.npy ... done (1.91s, 134.69MB)
  Running img_20355.npy ... done (1.86s, 135.01MB)
  Running img_20356.npy ... done (1.79s, 134.50MB)
  Running img_20357.npy ... done (1.94s, 133.27MB)
  Running img_20358.npy ... done (1.90s, 134.56MB)
  Running img_20359.npy ... done (1.94s, 133.37MB)
  Running img_2036.npy ... done (1.92s, 133.04MB)
  Running img_20360.npy ... done (1.92s, 133.12MB)
  Running img_20361.npy ... done (1.87s, 133.19MB)
  Running img_20362.npy ... done (1.95s, 132.74MB)
  Running img_20363.npy ... done (1.94s, 132.57MB)
  Running img_20364.npy ... done (1.93s, 132.91MB)
  Running img_20365.npy ... done (1.94s, 132.48MB)
  Running img_20366.npy ... done (1.97s, 130.58MB)
  Running img_20367.npy ... done (1.98s, 127.95MB)
  Running img_20368.npy ... done (1.93s, 128.67MB)
  Running img_20369.npy ... done (1.93s, 127.29MB)
  Running img_2037.npy ... done (2.32s, 132.66MB)
  Running img_20370.npy ... done (1.93s, 130.65MB)
  Running img_20371.npy ... done (1.92s, 130.27MB)
  Running img_20372.npy ... done (1.95s, 129.20MB)
  Running img_20373.npy ... done (1.92s, 129.55MB)
  Running img_20374.npy ... done (1.96s, 127.57MB)
  Running img_20375.npy ... done (1.90s, 128.68MB)
  Running img_20376.npy ... done (1.87s, 127.07MB)
  Running img_20377.npy ... done (1.84s, 128.83MB)
  Running img_20378.npy ... done (1.94s, 127.40MB)
  Running img_20379.npy ... done (1.80s, 128.45MB)
  Running img_2038.npy ... done (1.97s, 126.73MB)
  Running img_20380.npy ... done (1.92s, 126.87MB)
  Running img_20381.npy ... done (1.92s, 123.94MB)
  Running img_20382.npy ... done (1.90s, 124.27MB)
  Running img_20383.npy ... done (1.91s, 122.53MB)
  Running img_20384.npy ... done (1.94s, 123.34MB)
  Running img_20385.npy ... done (1.94s, 121.87MB)
  Running img_20386.npy ... done (1.89s, 120.01MB)
  Running img_20387.npy ... done (1.91s, 121.55MB)
  Running img_20388.npy ... done (1.91s, 119.54MB)
  Running img_20389.npy ... done (1.94s, 121.37MB)
  Running img_2039.npy ... done (1.89s, 119.76MB)
  Running img_20390.npy ... done (1.91s, 121.82MB)
  Running img_20391.npy ... done (2.10s, 117.85MB)
  Running img_20392.npy ... done (1.93s, 118.37MB)
  Running img_20393.npy ... done (1.88s, 117.38MB)
  Running img_20394.npy ... done (1.88s, 117.34MB)
  Running img_20395.npy ... done (1.91s, 116.15MB)
  Running img_20396.npy ... done (1.92s, 117.44MB)
  Running img_20397.npy ... done (1.87s, 115.59MB)
  Running img_20398.npy ... done (1.92s, 117.77MB)
  Running img_20399.npy ... done (1.94s, 116.00MB)
  Running img_204.npy ... done (1.94s, 117.28MB)
  Running img_2040.npy ... done (1.95s, 116.81MB)
  Running img_20400.npy ... done (1.91s, 135.05MB)
  Running img_20401.npy ... done (1.92s, 133.98MB)
  Running img_20402.npy ... done (1.90s, 135.35MB)
  Running img_20403.npy ... done (1.89s, 133.86MB)
  Running img_20404.npy ... done (1.91s, 133.00MB)
  Running img_20405.npy ... done (1.93s, 132.95MB)
  Running img_20406.npy ... done (1.88s, 133.87MB)
  Running img_20407.npy ... done (1.91s, 134.01MB)
  Running img_20408.npy ... done (1.89s, 133.49MB)
  Running img_20409.npy ... done (1.99s, 134.11MB)
  Running img_2041.npy ... done (1.90s, 135.36MB)
  Running img_20410.npy ... done (1.93s, 135.02MB)
  Running img_20411.npy ... done (1.90s, 134.95MB)
  Running img_20412.npy ... done (1.96s, 134.88MB)
  Running img_20413.npy ... done (1.85s, 134.89MB)
  Running img_20414.npy ... done (2.27s, 134.61MB)
  Running img_20415.npy ... done (1.89s, 134.96MB)
  Running img_20416.npy ... done (1.92s, 133.62MB)
  Running img_20417.npy ... done (1.91s, 133.23MB)
  Running img_20418.npy ... done (1.95s, 133.32MB)
  Running img_20419.npy ... done (1.94s, 131.27MB)
  Running img_2042.npy ... done (1.93s, 132.84MB)
  Running img_20420.npy ... done (1.94s, 132.35MB)
  Running img_20421.npy ... done (1.93s, 132.83MB)
  Running img_20422.npy ... done (1.89s, 132.09MB)
  Running img_20423.npy ... done (1.91s, 132.70MB)
  Running img_20424.npy ... done (1.94s, 129.81MB)
  Running img_20425.npy ... done (1.92s, 129.75MB)
  Running img_20426.npy ... done (1.91s, 127.81MB)
  Running img_20427.npy ... done (1.92s, 127.13MB)
  Running img_20428.npy ... done (1.90s, 127.68MB)
  Running img_20429.npy ... done (1.88s, 127.36MB)
  Running img_2043.npy ... done (1.81s, 126.48MB)
  Running img_20430.npy ... done (1.86s, 127.07MB)
  Running img_20431.npy ... done (1.88s, 123.17MB)
  Running img_20432.npy ... done (1.77s, 124.70MB)
  Running img_20433.npy ... done (1.81s, 121.93MB)
  Running img_20434.npy ... done (1.85s, 124.27MB)
  Running img_20435.npy ... done (1.85s, 123.48MB)
  Running img_20436.npy ... done (1.88s, 123.96MB)
  Running img_20437.npy ... done (2.00s, 122.96MB)
  Running img_20438.npy ... done (1.86s, 125.61MB)
  Running img_20439.npy ... done (1.91s, 124.75MB)
  Running img_2044.npy ... done (1.93s, 124.03MB)
  Running img_20440.npy ... done (1.87s, 124.79MB)
  Running img_20441.npy ... done (1.95s, 123.00MB)
  Running img_20442.npy ... done (1.91s, 120.95MB)
  Running img_20443.npy ... done (1.92s, 121.88MB)
  Running img_20444.npy ... done (1.91s, 119.16MB)
  Running img_20445.npy ... done (1.92s, 121.84MB)
  Running img_20446.npy ... done (1.91s, 119.44MB)
  Running img_20447.npy ... done (1.92s, 122.44MB)
  Running img_20448.npy ... done (1.91s, 118.39MB)
  Running img_20449.npy ... done (1.93s, 122.08MB)
  Running img_2045.npy ... done (1.90s, 116.50MB)
  Running img_20450.npy ... done (1.94s, 118.55MB)
  Running img_20451.npy ... done (1.88s, 116.13MB)
  Running img_20452.npy ... done (1.90s, 117.77MB)
  Running img_20453.npy ... done (1.92s, 115.95MB)
  Running img_20454.npy ... done (1.91s, 117.82MB)
  Running img_20455.npy ... done (1.93s, 115.83MB)
  Running img_20456.npy ... done (1.81s, 117.62MB)
  Running img_20457.npy ... done (1.91s, 116.09MB)
  Running img_20458.npy ... done (1.93s, 116.84MB)
  Running img_20459.npy ... done (1.93s, 115.79MB)
  Running img_2046.npy ... done (2.19s, 120.18MB)
  Running img_20460.npy ... done (1.89s, 133.02MB)
  Running img_20461.npy ... done (1.90s, 134.94MB)
  Running img_20462.npy ... done (1.93s, 133.28MB)
  Running img_20463.npy ... done (1.89s, 135.37MB)
  Running img_20464.npy ... done (1.91s, 134.13MB)
  Running img_20465.npy ... done (1.89s, 134.92MB)
  Running img_20466.npy ... done (1.87s, 133.12MB)
  Running img_20467.npy ... done (1.85s, 133.18MB)
  Running img_20468.npy ... done (1.85s, 133.19MB)
  Running img_20469.npy ... done (1.85s, 133.75MB)
  Running img_2047.npy ... done (1.93s, 133.61MB)
  Running img_20470.npy ... done (1.90s, 134.21MB)
  Running img_20471.npy ... done (1.90s, 134.98MB)
  Running img_20472.npy ... done (1.81s, 134.95MB)
  Running img_20473.npy ... done (1.85s, 134.96MB)
  Running img_20474.npy ... done (1.88s, 135.00MB)
  Running img_20475.npy ... done (1.93s, 134.66MB)
  Running img_20476.npy ... done (1.91s, 134.98MB)
  Running img_20477.npy ... done (1.96s, 134.91MB)
  Running img_20478.npy ... done (1.91s, 134.95MB)
  Running img_20479.npy ... done (2.00s, 134.40MB)
  Running img_2048.npy ... done (1.93s, 134.59MB)
  Running img_20480.npy ... done (1.96s, 132.85MB)
  Running img_20481.npy ... done (1.87s, 134.68MB)
  Running img_20482.npy ... done (2.30s, 134.84MB)
  Running img_20483.npy ... done (1.94s, 133.74MB)
  Running img_20484.npy ... done (1.94s, 134.49MB)
  Running img_20485.npy ... done (1.90s, 132.59MB)
  Running img_20486.npy ... done (1.89s, 132.95MB)
  Running img_20487.npy ... done (1.91s, 131.98MB)
  Running img_20488.npy ... done (1.92s, 133.03MB)
  Running img_20489.npy ... done (1.88s, 132.61MB)
  Running img_2049.npy ... done (1.84s, 132.64MB)
  Running img_20490.npy ... done (1.90s, 130.26MB)
  Running img_20491.npy ... done (1.78s, 130.64MB)
  Running img_20492.npy ... done (1.89s, 128.89MB)
  Running img_20493.npy ... done (1.92s, 129.35MB)
  Running img_20494.npy ... done (1.90s, 128.41MB)
  Running img_20495.npy ... done (1.89s, 126.78MB)
  Running img_20496.npy ... done (1.90s, 124.99MB)
  Running img_20497.npy ... done (1.93s, 126.92MB)
  Running img_20498.npy ... done (1.86s, 125.43MB)
  Running img_20499.npy ... done (1.92s, 126.73MB)
  Running img_205.npy ... done (1.90s, 123.18MB)
  Running img_2050.npy ... done (1.96s, 125.25MB)
  Running img_20500.npy ... done (1.90s, 122.51MB)
  Running img_20501.npy ... done (1.89s, 123.84MB)
  Running img_20502.npy ... done (1.89s, 122.00MB)
  Running img_20503.npy ... done (1.92s, 123.35MB)
  Running img_20504.npy ... done (2.34s, 120.98MB)
  Running img_20505.npy ... done (1.89s, 122.93MB)
  Running img_20506.npy ... done (1.96s, 121.44MB)
  Running img_20507.npy ... done (1.90s, 122.61MB)
  Running img_20508.npy ... done (1.92s, 121.07MB)
  Running img_20509.npy ... done (1.87s, 122.56MB)
  Running img_2051.npy ... done (1.82s, 118.65MB)
  Running img_20510.npy ... done (1.88s, 118.89MB)
  Running img_20511.npy ... done (1.93s, 116.95MB)
  Running img_20512.npy ... done (1.90s, 117.54MB)
  Running img_20513.npy ... done (1.89s, 116.37MB)
  Running img_20514.npy ... done (1.89s, 117.32MB)
  Running img_20515.npy ... done (1.94s, 116.29MB)
  Running img_20516.npy ... done (1.89s, 117.49MB)
  Running img_20517.npy ... done (1.91s, 115.60MB)
  Running img_20518.npy ... done (1.93s, 114.19MB)
  Running img_20519.npy ... done (1.93s, 124.57MB)
  Running img_2052.npy ... done (1.91s, 135.22MB)
  Running img_20520.npy ... done (1.90s, 134.03MB)
  Running img_20521.npy ... done (1.88s, 135.88MB)
  Running img_20522.npy ... done (1.94s, 132.33MB)
  Running img_20523.npy ... done (1.88s, 133.07MB)
  Running img_20524.npy ... done (1.92s, 133.54MB)
  Running img_20525.npy ... done (1.88s, 132.14MB)
  Running img_20526.npy ... done (1.88s, 133.45MB)
  Running img_20527.npy ... done (2.17s, 133.08MB)
  Running img_20528.npy ... done (1.88s, 132.61MB)
  Running img_20529.npy ... done (1.82s, 132.06MB)
  Running img_2053.npy ... done (1.92s, 133.54MB)
  Running img_20530.npy ... done (1.86s, 133.52MB)
  Running img_20531.npy ... done (1.91s, 133.29MB)
  Running img_20532.npy ... done (1.80s, 133.36MB)
  Running img_20533.npy ... done (1.90s, 133.27MB)
  Running img_20534.npy ... done (1.90s, 133.40MB)
  Running img_20535.npy ... done (1.92s, 134.64MB)
  Running img_20536.npy ... done (1.91s, 134.56MB)
  Running img_20537.npy ... done (1.89s, 135.05MB)
  Running img_20538.npy ... done (1.90s, 133.40MB)
  Running img_20539.npy ... done (1.88s, 135.05MB)
  Running img_2054.npy ... done (1.85s, 134.35MB)
  Running img_20540.npy ... done (1.87s, 134.85MB)
  Running img_20541.npy ... done (1.94s, 134.52MB)
  Running img_20542.npy ... done (1.92s, 133.13MB)
  Running img_20543.npy ... done (1.89s, 134.63MB)
  Running img_20544.npy ... done (1.92s, 134.45MB)
  Running img_20545.npy ... done (1.92s, 130.84MB)
  Running img_20546.npy ... done (1.94s, 134.44MB)
  Running img_20547.npy ... done (1.91s, 129.86MB)
  Running img_20548.npy ... done (1.90s, 133.42MB)
  Running img_20549.npy ... done (1.85s, 131.23MB)
  Running img_2055.npy ... done (1.78s, 133.39MB)
  Running img_20550.npy ... done (1.99s, 132.17MB)
  Running img_20551.npy ... done (1.89s, 133.23MB)
  Running img_20552.npy ... done (1.90s, 131.95MB)
  Running img_20553.npy ... done (1.95s, 132.95MB)
  Running img_20554.npy ... done (1.89s, 131.71MB)
  Running img_20555.npy ... done (1.95s, 133.15MB)
  Running img_20556.npy ... done (1.89s, 129.21MB)
  Running img_20557.npy ... done (1.88s, 129.20MB)
  Running img_20558.npy ... done (1.87s, 127.51MB)
  Running img_20559.npy ... done (1.81s, 128.04MB)
  Running img_2056.npy ... done (1.84s, 127.30MB)
  Running img_20560.npy ... done (1.85s, 126.48MB)
  Running img_20561.npy ... done (1.84s, 124.82MB)
  Running img_20562.npy ... done (1.82s, 125.86MB)
  Running img_20563.npy ... done (1.83s, 124.39MB)
  Running img_20564.npy ... done (1.86s, 125.57MB)
  Running img_20565.npy ... done (1.87s, 124.37MB)
  Running img_20566.npy ... done (1.83s, 125.43MB)
  Running img_20567.npy ... done (1.87s, 123.89MB)
  Running img_20568.npy ... done (1.85s, 123.90MB)
  Running img_20569.npy ... done (1.81s, 122.96MB)
  Running img_2057.npy ... done (1.78s, 123.50MB)
  Running img_20570.npy ... done (1.86s, 122.00MB)
  Running img_20571.npy ... done (1.86s, 122.42MB)
  Running img_20572.npy ... done (1.87s, 121.83MB)
  Running img_20573.npy ... done (1.84s, 122.83MB)
  Running img_20574.npy ... done (1.93s, 120.82MB)
  Running img_20575.npy ... done (1.86s, 122.25MB)
  Running img_20576.npy ... done (1.86s, 121.30MB)
  Running img_20577.npy ... done (1.86s, 120.38MB)
  Running img_20578.npy ... done (1.91s, 117.45MB)
  Running img_20579.npy ... done (1.85s, 119.05MB)
  Running img_2058.npy ... done (1.90s, 116.61MB)
  Running img_20580.npy ... done (1.81s, 117.95MB)
  Running img_20581.npy ... done (1.91s, 116.18MB)
  Running img_20582.npy ... done (1.86s, 114.62MB)
  Running img_20583.npy ... done (1.86s, 116.11MB)
  Running img_20584.npy ... done (1.86s, 115.67MB)
  Running img_20585.npy ... done (1.87s, 115.62MB)
  Running img_20586.npy ... done (1.91s, 116.43MB)
  Running img_20587.npy ... done (1.86s, 133.52MB)
  Running img_20588.npy ... done (1.71s, 135.02MB)
  Running img_20589.npy ... done (1.86s, 134.60MB)
  Running img_2059.npy ... done (1.86s, 132.88MB)
  Running img_20590.npy ... done (1.87s, 133.46MB)
  Running img_20591.npy ... done (1.80s, 133.32MB)
  Running img_20592.npy ... done (1.82s, 133.75MB)
  Running img_20593.npy ... done (1.83s, 132.95MB)
  Running img_20594.npy ... done (1.82s, 134.41MB)
  Running img_20595.npy ... done (1.83s, 134.23MB)
  Running img_20596.npy ... done (1.81s, 134.64MB)
  Running img_20597.npy ... done (1.83s, 134.34MB)
  Running img_20598.npy ... done (2.02s, 134.67MB)
  Running img_20599.npy ... done (1.78s, 131.80MB)
  Running img_206.npy ... done (1.83s, 134.66MB)
  Running img_2060.npy ... done (1.77s, 134.26MB)
  Running img_20600.npy ... done (1.81s, 134.47MB)
  Running img_20601.npy ... done (1.81s, 134.04MB)
  Running img_20602.npy ... done (1.80s, 133.21MB)
  Running img_20603.npy ... done (1.79s, 133.73MB)
  Running img_20604.npy ... done (1.81s, 132.69MB)
  Running img_20605.npy ... done (1.80s, 132.12MB)
  Running img_20606.npy ... done (1.77s, 132.59MB)
  Running img_20607.npy ... done (1.80s, 132.18MB)
  Running img_20608.npy ... done (1.70s, 132.89MB)
  Running img_20609.npy ... done (1.79s, 129.18MB)
  Running img_2061.npy ... done (1.78s, 129.15MB)
  Running img_20610.npy ... done (1.80s, 128.41MB)
  Running img_20611.npy ... done (1.81s, 127.10MB)
  Running img_20612.npy ... done (1.80s, 126.90MB)
  Running img_20613.npy ... done (1.81s, 127.22MB)
  Running img_20614.npy ... done (1.79s, 124.74MB)
  Running img_20615.npy ... done (1.79s, 125.39MB)
  Running img_20616.npy ... done (1.79s, 125.90MB)
  Running img_20617.npy ... done (1.80s, 124.30MB)
  Running img_20618.npy ... done (1.81s, 124.55MB)
  Running img_20619.npy ... done (1.81s, 124.44MB)
  Running img_2062.npy ... done (1.79s, 123.68MB)
  Running img_20620.npy ... done (1.81s, 122.23MB)
  Running img_20621.npy ... done (1.94s, 122.60MB)
  Running img_20622.npy ... done (1.79s, 122.05MB)
  Running img_20623.npy ... done (1.81s, 122.32MB)
  Running img_20624.npy ... done (1.83s, 121.46MB)
  Running img_20625.npy ... done (1.72s, 119.49MB)
  Running img_20626.npy ... done (1.78s, 121.45MB)
  Running img_20627.npy ... done (1.80s, 118.45MB)
  Running img_20628.npy ... done (1.77s, 121.51MB)
  Running img_20629.npy ... done (1.73s, 118.84MB)
  Running img_2063.npy ... done (1.78s, 117.59MB)
  Running img_20630.npy ... done (1.77s, 115.07MB)
  Running img_20631.npy ... done (1.78s, 117.14MB)
  Running img_20632.npy ... done (1.76s, 115.46MB)
  Running img_20633.npy ... done (1.77s, 118.03MB)
  Running img_20634.npy ... done (1.75s, 114.05MB)
  Running img_20635.npy ... done (1.76s, 117.53MB)
  Running img_20636.npy ... done (1.77s, 114.56MB)
  Running img_20637.npy ... done (1.76s, 117.36MB)
  Running img_20638.npy ... done (1.76s, 115.58MB)
  Running img_20639.npy ... done (1.78s, 131.93MB)
  Running img_2064.npy ... done (1.74s, 131.36MB)
  Running img_20640.npy ... done (1.75s, 134.43MB)
  Running img_20641.npy ... done (1.79s, 134.14MB)
  Running img_20642.npy ... done (1.76s, 135.72MB)
  Running img_20643.npy ... done (1.77s, 133.02MB)
  Running img_20644.npy ... done (1.76s, 133.41MB)
  Running img_20645.npy ... done (1.75s, 133.28MB)
  Running img_20646.npy ... done (1.95s, 133.21MB)
  Running img_20647.npy ... done (1.71s, 133.78MB)
  Running img_20648.npy ... done (1.76s, 133.78MB)
  Running img_20649.npy ... done (1.75s, 133.64MB)
  Running img_2065.npy ... done (1.74s, 134.70MB)
  Running img_20650.npy ... done (1.75s, 134.99MB)
  Running img_20651.npy ... done (1.77s, 135.09MB)
  Running img_20652.npy ... done (1.75s, 134.87MB)
  Running img_20653.npy ... done (1.76s, 134.55MB)
  Running img_20654.npy ... done (1.75s, 134.75MB)
  Running img_20655.npy ... done (1.74s, 133.54MB)
  Running img_20656.npy ... done (1.74s, 134.78MB)
  Running img_20657.npy ... done (1.73s, 134.56MB)
  Running img_20658.npy ... done (1.72s, 134.39MB)
  Running img_20659.npy ... done (1.74s, 133.70MB)
  Running img_2066.npy ... done (1.74s, 132.96MB)
  Running img_20660.npy ... done (1.75s, 134.46MB)
  Running img_20661.npy ... done (1.77s, 132.86MB)
  Running img_20662.npy ... done (1.77s, 133.21MB)
  Running img_20663.npy ... done (1.75s, 132.90MB)
  Running img_20664.npy ... done (1.76s, 133.17MB)
  Running img_20665.npy ... done (1.75s, 132.85MB)
  Running img_20666.npy ... done (1.72s, 133.08MB)
  Running img_20667.npy ... done (1.74s, 132.84MB)
  Running img_20668.npy ... done (1.77s, 132.60MB)
  Running img_20669.npy ... done (1.77s, 129.37MB)
  Running img_2067.npy ... done (1.74s, 130.29MB)
  Running img_20670.npy ... done (1.75s, 127.81MB)
  Running img_20671.npy ... done (1.88s, 128.75MB)
  Running img_20672.npy ... done (1.76s, 126.95MB)
  Running img_20673.npy ... done (1.75s, 128.33MB)
  Running img_20674.npy ... done (1.74s, 125.81MB)
  Running img_20675.npy ... done (1.73s, 126.34MB)
  Running img_20676.npy ... done (1.75s, 125.34MB)
  Running img_20677.npy ... done (1.75s, 126.10MB)
  Running img_20678.npy ... done (1.73s, 123.78MB)
  Running img_20679.npy ... done (1.69s, 123.86MB)
  Running img_2068.npy ... done (1.71s, 123.20MB)
  Running img_20680.npy ... done (1.69s, 123.21MB)
  Running img_20681.npy ... done (1.70s, 121.74MB)
  Running img_20682.npy ... done (1.69s, 122.40MB)
  Running img_20683.npy ... done (1.73s, 121.61MB)
  Running img_20684.npy ... done (1.71s, 123.28MB)
  Running img_20685.npy ... done (1.73s, 121.57MB)
  Running img_20686.npy ... done (1.70s, 122.77MB)
  Running img_20687.npy ... done (1.74s, 121.33MB)
  Running img_20688.npy ... done (1.68s, 122.69MB)
  Running img_20689.npy ... done (1.70s, 117.99MB)
  Running img_2069.npy ... done (1.74s, 117.62MB)
  Running img_20690.npy ... done (1.72s, 115.98MB)
  Running img_20691.npy ... done (1.74s, 112.06MB)
  Running img_20692.npy ... done (1.72s, 116.59MB)
  Running img_20693.npy ... done (1.70s, 117.21MB)
  Running img_20694.npy ... done (1.72s, 116.28MB)
  Running img_20695.npy ... done (1.71s, 114.05MB)
  Running img_20696.npy ... done (1.72s, 117.26MB)
  Running img_20697.npy ... done (2.05s, 114.36MB)
  Running img_20698.npy ... done (1.74s, 116.89MB)
  Running img_20699.npy ... done (1.74s, 118.75MB)
  Running img_207.npy ... done (1.76s, 126.67MB)
  Running img_2070.npy ... done (1.73s, 134.55MB)
  Running img_20700.npy ... done (1.70s, 132.38MB)
  Running img_20701.npy ... done (1.71s, 133.43MB)
  Running img_20702.npy ... done (1.70s, 133.67MB)
  Running img_20703.npy ... done (1.73s, 133.93MB)
  Running img_20704.npy ... done (1.71s, 133.46MB)
  Running img_20705.npy ... done (1.69s, 134.92MB)
  Running img_20706.npy ... done (1.68s, 134.75MB)
  Running img_20707.npy ... done (1.73s, 134.89MB)
  Running img_20708.npy ... done (1.69s, 134.77MB)
  Running img_20709.npy ... done (1.73s, 134.88MB)
  Running img_2071.npy ... done (1.68s, 134.89MB)
  Running img_20710.npy ... done (1.68s, 134.35MB)
  Running img_20711.npy ... done (1.70s, 135.14MB)
  Running img_20712.npy ... done (1.70s, 135.13MB)
  Running img_20713.npy ... done (1.69s, 133.23MB)
  Running img_20714.npy ... done (1.72s, 134.79MB)
  Running img_20715.npy ... done (1.69s, 134.55MB)
  Running img_20716.npy ... done (1.75s, 134.73MB)
  Running img_20717.npy ... done (1.69s, 133.47MB)
  Running img_20718.npy ... done (1.74s, 133.11MB)
  Running img_20719.npy ... done (1.69s, 134.42MB)
  Running img_2072.npy ... done (1.72s, 133.29MB)
  Running img_20720.npy ... done (1.68s, 133.34MB)
  Running img_20721.npy ... done (1.94s, 132.99MB)
  Running img_20722.npy ... done (1.68s, 133.30MB)
  Running img_20723.npy ... done (1.73s, 133.06MB)
  Running img_20724.npy ... done (1.70s, 133.22MB)
  Running img_20725.npy ... done (1.71s, 132.93MB)
  Running img_20726.npy ... done (1.69s, 132.96MB)
  Running img_20727.npy ... done (1.71s, 133.34MB)
  Running img_20728.npy ... done (1.64s, 133.07MB)
  Running img_20729.npy ... done (1.72s, 132.93MB)
  Running img_2073.npy ... done (1.69s, 132.76MB)
  Running img_20730.npy ... done (1.72s, 132.93MB)
  Running img_20731.npy ... done (1.70s, 132.66MB)
  Running img_20732.npy ... done (1.72s, 132.57MB)
  Running img_20733.npy ... done (1.70s, 129.55MB)
  Running img_20734.npy ... done (1.72s, 128.91MB)
  Running img_20735.npy ... done (1.69s, 128.65MB)
  Running img_20736.npy ... done (1.75s, 127.04MB)
  Running img_20737.npy ... done (1.71s, 127.20MB)
  Running img_20738.npy ... done (1.71s, 126.73MB)
  Running img_20739.npy ... done (1.70s, 125.37MB)
  Running img_2074.npy ... done (1.69s, 124.04MB)
  Running img_20740.npy ... done (1.70s, 124.05MB)
  Running img_20741.npy ... done (1.73s, 122.73MB)
  Running img_20742.npy ... done (1.71s, 123.28MB)
  Running img_20743.npy ... done (1.70s, 122.33MB)
  Running img_20744.npy ... done (1.71s, 122.66MB)
  Running img_20745.npy ... done (1.69s, 121.32MB)
  Running img_20746.npy ... done (1.73s, 121.56MB)
  Running img_20747.npy ... done (2.06s, 121.51MB)
  Running img_20748.npy ... done (1.67s, 116.31MB)
  Running img_20749.npy ... done (1.73s, 121.54MB)
  Running img_2075.npy ... done (1.70s, 116.66MB)
  Running img_20750.npy ... done (1.71s, 120.86MB)
  Running img_20751.npy ... done (1.69s, 122.31MB)
  Running img_20752.npy ... done (1.71s, 118.51MB)
  Running img_20753.npy ... done (1.70s, 117.69MB)
  Running img_20754.npy ... done (1.72s, 116.82MB)
  Running img_20755.npy ... done (1.70s, 117.69MB)
  Running img_20756.npy ... done (1.72s, 116.16MB)
  Running img_20757.npy ... done (1.70s, 117.23MB)
  Running img_20758.npy ... done (1.71s, 116.59MB)
  Running img_20759.npy ... done (1.70s, 111.43MB)
  Running img_2076.npy ... done (1.72s, 116.20MB)
  Running img_20760.npy ... done (1.69s, 114.29MB)
  Running img_20761.npy ... done (1.71s, 116.28MB)
  Running img_20762.npy ... done (1.70s, 114.25MB)
  Running img_20763.npy ... done (1.72s, 117.65MB)
  Running img_20764.npy ... done (1.72s, 132.72MB)
  Running img_20765.npy ... done (1.72s, 133.16MB)
  Running img_20766.npy ... done (1.70s, 133.33MB)
  Running img_20767.npy ... done (1.72s, 133.02MB)
  Running img_20768.npy ... done (1.71s, 133.55MB)
  Running img_20769.npy ... done (1.73s, 134.97MB)
  Running img_2077.npy ... done (1.65s, 133.80MB)
  Running img_20770.npy ... done (1.71s, 135.02MB)
  Running img_20771.npy ... done (1.72s, 133.72MB)
  Running img_20772.npy ... done (1.85s, 134.93MB)
  Running img_20773.npy ... done (1.87s, 134.80MB)
  Running img_20774.npy ... done (1.70s, 134.68MB)
  Running img_20775.npy ... done (1.70s, 134.87MB)
  Running img_20776.npy ... done (1.71s, 134.96MB)
  Running img_20777.npy ... done (1.73s, 134.33MB)
  Running img_20778.npy ... done (1.70s, 134.52MB)
  Running img_20779.npy ... done (1.72s, 134.57MB)
  Running img_2078.npy ... done (1.72s, 134.66MB)
  Running img_20780.npy ... done (1.70s, 133.52MB)
  Running img_20781.npy ... done (1.73s, 133.03MB)
  Running img_20782.npy ... done (1.71s, 133.06MB)
  Running img_20783.npy ... done (1.69s, 133.07MB)
  Running img_20784.npy ... done (1.71s, 133.14MB)
  Running img_20785.npy ... done (1.70s, 132.52MB)
  Running img_20786.npy ... done (1.70s, 132.38MB)
  Running img_20787.npy ... done (1.69s, 132.79MB)
  Running img_20788.npy ... done (1.69s, 131.86MB)
  Running img_20789.npy ... done (1.70s, 129.47MB)
  Running img_2079.npy ... done (1.70s, 129.17MB)
  Running img_20790.npy ... done (1.68s, 128.82MB)
  Running img_20791.npy ... done (1.69s, 127.97MB)
  Running img_20792.npy ... done (1.70s, 128.27MB)
  Running img_20793.npy ... done (1.74s, 127.02MB)
  Running img_20794.npy ... done (1.68s, 127.94MB)
  Running img_20795.npy ... done (1.71s, 125.26MB)
  Running img_20796.npy ... done (1.71s, 125.93MB)
  Running img_20797.npy ... done (1.73s, 124.11MB)
  Running img_20798.npy ... done (1.74s, 125.55MB)
  Running img_20799.npy ... done (1.85s, 126.32MB)
  Running img_208.npy ... done (1.71s, 126.39MB)
  Running img_2080.npy ... done (1.71s, 124.36MB)
  Running img_20800.npy ... done (1.72s, 125.09MB)
  Running img_20801.npy ... done (1.70s, 122.65MB)
  Running img_20802.npy ... done (1.70s, 123.67MB)
  Running img_20803.npy ... done (1.71s, 122.67MB)
  Running img_20804.npy ... done (1.69s, 123.90MB)
  Running img_20805.npy ... done (1.71s, 121.55MB)
  Running img_20806.npy ... done (1.71s, 123.12MB)
  Running img_20807.npy ... done (1.72s, 121.64MB)
  Running img_20808.npy ... done (1.71s, 123.02MB)
  Running img_20809.npy ... done (1.71s, 121.38MB)
  Running img_2081.npy ... done (1.71s, 122.75MB)
  Running img_20810.npy ... done (1.67s, 121.48MB)
  Running img_20811.npy ... done (1.71s, 120.21MB)
  Running img_20812.npy ... done (1.72s, 118.23MB)
  Running img_20813.npy ... done (1.71s, 118.40MB)
  Running img_20814.npy ... done (1.73s, 117.18MB)
  Running img_20815.npy ... done (1.71s, 117.93MB)
  Running img_20816.npy ... done (1.74s, 116.45MB)
  Running img_20817.npy ... done (1.68s, 117.65MB)
  Running img_20818.npy ... done (1.76s, 115.70MB)
  Running img_20819.npy ... done (1.72s, 117.37MB)
  Running img_2082.npy ... done (1.73s, 115.96MB)
  Running img_20820.npy ... done (1.71s, 116.96MB)
  Running img_20821.npy ... done (1.74s, 115.63MB)
  Running img_20822.npy ... done (1.73s, 119.16MB)
  Running img_20823.npy ... done (1.94s, 124.96MB)
  Running img_20824.npy ... done (1.71s, 133.11MB)
  Running img_20825.npy ... done (1.70s, 132.77MB)
  Running img_20826.npy ... done (1.70s, 132.80MB)
  Running img_20827.npy ... done (1.71s, 133.52MB)
  Running img_20828.npy ... done (1.70s, 133.10MB)
  Running img_20829.npy ... done (1.70s, 133.96MB)
  Running img_2083.npy ... done (1.74s, 133.96MB)
  Running img_20830.npy ... done (1.69s, 134.67MB)
  Running img_20831.npy ... done (1.72s, 133.96MB)
  Running img_20832.npy ... done (1.64s, 134.64MB)
  Running img_20833.npy ... done (1.71s, 134.22MB)
  Running img_20834.npy ... done (1.72s, 134.65MB)
  Running img_20835.npy ... done (1.69s, 134.03MB)
  Running img_20836.npy ... done (1.70s, 133.38MB)
  Running img_20837.npy ... done (1.69s, 132.48MB)
  Running img_20838.npy ... done (1.69s, 132.72MB)
  Running img_20839.npy ... done (1.70s, 132.65MB)
  Running img_2084.npy ... done (1.68s, 132.86MB)
  Running img_20840.npy ... done (1.73s, 132.12MB)
  Running img_20841.npy ... done (1.71s, 132.56MB)
  Running img_20842.npy ... done (1.69s, 130.31MB)
  Running img_20843.npy ... done (1.73s, 130.03MB)
  Running img_20844.npy ... done (1.71s, 128.62MB)
  Running img_20845.npy ... done (1.72s, 127.75MB)
  Running img_20846.npy ... done (1.73s, 128.05MB)
  Running img_20847.npy ... done (1.72s, 127.27MB)
  Running img_20848.npy ... done (1.90s, 127.89MB)
  Running img_20849.npy ... done (1.74s, 127.67MB)
  Running img_2085.npy ... done (1.73s, 127.79MB)
  Running img_20850.npy ... done (1.74s, 127.06MB)
  Running img_20851.npy ... done (1.70s, 126.99MB)
  Running img_20852.npy ... done (1.71s, 125.49MB)
  Running img_20853.npy ... done (1.67s, 125.60MB)
  Running img_20854.npy ... done (1.68s, 124.27MB)
  Running img_20855.npy ... done (1.72s, 123.62MB)
  Running img_20856.npy ... done (1.71s, 122.34MB)
  Running img_20857.npy ... done (1.73s, 123.08MB)
  Running img_20858.npy ... done (1.70s, 122.14MB)
  Running img_20859.npy ... done (1.73s, 121.98MB)
  Running img_2086.npy ... done (1.72s, 121.69MB)
  Running img_20860.npy ... done (1.73s, 122.09MB)
  Running img_20861.npy ... done (1.74s, 121.57MB)
  Running img_20862.npy ... done (1.70s, 122.45MB)
  Running img_20863.npy ... done (1.71s, 120.71MB)
  Running img_20864.npy ... done (1.71s, 118.30MB)
  Running img_20865.npy ... done (1.74s, 121.11MB)
  Running img_20866.npy ... done (1.69s, 119.61MB)
  Running img_20867.npy ... done (1.72s, 117.46MB)
  Running img_20868.npy ... done (1.70s, 113.70MB)
  Running img_20869.npy ... done (1.73s, 116.18MB)
  Running img_2087.npy ... done (1.69s, 114.05MB)
  Running img_20870.npy ... done (1.72s, 116.29MB)
  Running img_20871.npy ... done (1.71s, 113.80MB)
  Running img_20872.npy ... done (1.73s, 117.25MB)
  Running img_20873.npy ... done (1.71s, 112.66MB)
  Running img_20874.npy ... done (1.72s, 117.22MB)
  Running img_20875.npy ... done (1.79s, 122.78MB)
  Running img_20876.npy ... done (1.70s, 135.63MB)
  Running img_20877.npy ... done (1.68s, 131.75MB)
  Running img_20878.npy ... done (1.71s, 133.12MB)
  Running img_20879.npy ... done (1.71s, 133.63MB)
  Running img_2088.npy ... done (1.70s, 133.68MB)
  Running img_20880.npy ... done (1.70s, 132.80MB)
  Running img_20881.npy ... done (1.72s, 135.05MB)
  Running img_20882.npy ... done (1.69s, 132.71MB)
  Running img_20883.npy ... done (1.70s, 135.16MB)
  Running img_20884.npy ... done (1.70s, 132.58MB)
  Running img_20885.npy ... done (1.71s, 135.14MB)
  Running img_20886.npy ... done (1.68s, 130.69MB)
  Running img_20887.npy ... done (1.71s, 134.80MB)
  Running img_20888.npy ... done (1.69s, 131.67MB)
  Running img_20889.npy ... done (1.70s, 134.54MB)
  Running img_2089.npy ... done (1.70s, 133.16MB)
  Running img_20890.npy ... done (1.71s, 134.14MB)
  Running img_20891.npy ... done (1.71s, 132.88MB)
  Running img_20892.npy ... done (1.73s, 132.96MB)
  Running img_20893.npy ... done (1.70s, 131.47MB)
  Running img_20894.npy ... done (1.72s, 132.67MB)
  Running img_20895.npy ... done (1.70s, 132.67MB)
  Running img_20896.npy ... done (1.64s, 132.85MB)
  Running img_20897.npy ... done (1.71s, 132.08MB)
  Running img_20898.npy ... done (1.72s, 132.57MB)
  Running img_20899.npy ... done (1.73s, 128.42MB)
  Running img_209.npy ... done (1.88s, 129.36MB)
  Running img_2090.npy ... done (1.70s, 128.67MB)
  Running img_20900.npy ... done (1.71s, 127.53MB)
  Running img_20901.npy ... done (1.71s, 128.01MB)
  Running img_20902.npy ... done (1.70s, 127.64MB)
  Running img_20903.npy ... done (1.71s, 127.90MB)
  Running img_20904.npy ... done (1.71s, 126.72MB)
  Running img_20905.npy ... done (1.70s, 126.14MB)
  Running img_20906.npy ... done (1.71s, 124.45MB)
  Running img_20907.npy ... done (1.70s, 125.27MB)
  Running img_20908.npy ... done (1.71s, 122.82MB)
  Running img_20909.npy ... done (1.72s, 123.68MB)
  Running img_2091.npy ... done (1.70s, 121.88MB)
  Running img_20910.npy ... done (1.71s, 122.62MB)
  Running img_20911.npy ... done (1.72s, 121.40MB)
  Running img_20912.npy ... done (1.71s, 122.60MB)
  Running img_20913.npy ... done (1.74s, 121.17MB)
  Running img_20914.npy ... done (1.74s, 122.33MB)
  Running img_20915.npy ... done (1.74s, 121.49MB)
  Running img_20916.npy ... done (1.67s, 119.09MB)
  Running img_20917.npy ... done (1.70s, 118.02MB)
  Running img_20918.npy ... done (1.72s, 115.16MB)
  Running img_20919.npy ... done (1.74s, 117.21MB)
  Running img_2092.npy ... done (1.73s, 114.29MB)
  Running img_20920.npy ... done (1.72s, 117.84MB)
  Running img_20921.npy ... done (1.71s, 113.59MB)
  Running img_20922.npy ... done (1.73s, 117.01MB)
  Running img_20923.npy ... done (1.74s, 114.79MB)
  Running img_20924.npy ... done (1.88s, 116.52MB)
  Running img_20925.npy ... done (1.77s, 113.92MB)
  Running img_20926.npy ... done (1.72s, 116.67MB)
  Running img_20927.npy ... done (1.72s, 116.57MB)
  Running img_20928.npy ... done (1.76s, 133.01MB)
  Running img_20929.npy ... done (1.71s, 134.07MB)
  Running img_2093.npy ... done (1.73s, 135.54MB)
  Running img_20930.npy ... done (1.72s, 132.29MB)
  Running img_20931.npy ... done (1.72s, 132.00MB)
  Running img_20932.npy ... done (1.72s, 133.12MB)
  Running img_20933.npy ... done (1.72s, 133.60MB)
  Running img_20934.npy ... done (1.71s, 133.70MB)
  Running img_20935.npy ... done (1.69s, 133.54MB)
  Running img_20936.npy ... done (1.72s, 134.22MB)
  Running img_20937.npy ... done (1.69s, 134.85MB)
  Running img_20938.npy ... done (1.69s, 135.21MB)
  Running img_20939.npy ... done (1.73s, 135.13MB)
  Running img_2094.npy ... done (1.69s, 134.85MB)
  Running img_20940.npy ... done (1.70s, 135.15MB)
  Running img_20941.npy ... done (1.70s, 134.65MB)
  Running img_20942.npy ... done (1.70s, 134.70MB)
  Running img_20943.npy ... done (1.72s, 134.34MB)
  Running img_20944.npy ... done (1.71s, 133.09MB)
  Running img_20945.npy ... done (1.74s, 134.52MB)
  Running img_20946.npy ... done (1.70s, 134.73MB)
  Running img_20947.npy ... done (1.70s, 134.68MB)
  Running img_20948.npy ... done (1.72s, 133.39MB)
  Running img_20949.npy ... done (1.73s, 132.69MB)
  Running img_2095.npy ... done (1.73s, 133.28MB)
  Running img_20950.npy ... done (1.87s, 132.90MB)
  Running img_20951.npy ... done (1.71s, 133.40MB)
  Running img_20952.npy ... done (1.73s, 132.83MB)
  Running img_20953.npy ... done (1.70s, 133.13MB)
  Running img_20954.npy ... done (1.71s, 132.72MB)
  Running img_20955.npy ... done (1.71s, 133.16MB)
  Running img_20956.npy ... done (1.70s, 132.97MB)
  Running img_20957.npy ... done (1.71s, 133.18MB)
  Running img_20958.npy ... done (1.71s, 132.56MB)
  Running img_20959.npy ... done (1.65s, 129.96MB)
  Running img_2096.npy ... done (1.70s, 129.32MB)
  Running img_20960.npy ... done (1.71s, 130.48MB)
  Running img_20961.npy ... done (1.73s, 127.70MB)
  Running img_20962.npy ... done (1.71s, 128.38MB)
  Running img_20963.npy ... done (1.70s, 127.16MB)
  Running img_20964.npy ... done (1.70s, 128.49MB)
  Running img_20965.npy ... done (1.69s, 126.99MB)
  Running img_20966.npy ... done (1.68s, 128.32MB)
  Running img_20967.npy ... done (1.70s, 125.01MB)
  Running img_20968.npy ... done (1.68s, 125.65MB)
  Running img_20969.npy ... done (1.71s, 124.45MB)
  Running img_2097.npy ... done (1.70s, 125.41MB)
  Running img_20970.npy ... done (1.73s, 122.91MB)
  Running img_20971.npy ... done (1.71s, 123.80MB)
  Running img_20972.npy ... done (1.72s, 122.98MB)
  Running img_20973.npy ... done (1.71s, 123.61MB)
  Running img_20974.npy ... done (1.71s, 122.23MB)
  Running img_20975.npy ... done (1.72s, 122.88MB)
  Running img_20976.npy ... done (1.94s, 122.54MB)
  Running img_20977.npy ... done (1.72s, 123.48MB)
  Running img_20978.npy ... done (1.72s, 121.52MB)
  Running img_20979.npy ... done (1.70s, 122.87MB)
  Running img_2098.npy ... done (1.68s, 121.66MB)
  Running img_20980.npy ... done (1.71s, 122.87MB)
  Running img_20981.npy ... done (1.73s, 120.86MB)
  Running img_20982.npy ... done (1.70s, 122.97MB)
  Running img_20983.npy ... done (1.73s, 118.39MB)
  Running img_20984.npy ... done (1.70s, 118.72MB)
  Running img_20985.npy ... done (1.75s, 117.10MB)
  Running img_20986.npy ... done (1.70s, 118.23MB)
  Running img_20987.npy ... done (1.73s, 116.41MB)
  Running img_20988.npy ... done (1.70s, 118.06MB)
  Running img_20989.npy ... done (1.74s, 114.83MB)
  Running img_2099.npy ... done (1.72s, 117.35MB)
  Running img_20990.npy ... done (1.74s, 116.55MB)
  Running img_20991.npy ... done (1.70s, 117.30MB)
  Running img_20992.npy ... done (1.74s, 116.74MB)
  Running img_20993.npy ... done (1.74s, 133.27MB)
  Running img_20994.npy ... done (1.71s, 133.23MB)
  Running img_20995.npy ... done (1.71s, 131.93MB)
  Running img_20996.npy ... done (1.74s, 133.62MB)
  Running img_20997.npy ... done (1.73s, 133.04MB)
  Running img_20998.npy ... done (1.73s, 135.07MB)
  Running img_20999.npy ... done (1.70s, 134.74MB)
  Running img_21.npy ... done (1.71s, 134.92MB)
  Running img_210.npy ... done (1.68s, 134.71MB)
  Running img_2100.npy ... done (2.00s, 134.70MB)
  Running img_21000.npy ... done (1.74s, 133.92MB)
  Running img_21001.npy ... done (1.72s, 134.74MB)
  Running img_21002.npy ... done (1.70s, 132.68MB)
  Running img_21003.npy ... done (1.70s, 134.67MB)
  Running img_21004.npy ... done (1.73s, 133.80MB)
  Running img_21005.npy ... done (1.71s, 133.44MB)
  Running img_21006.npy ... done (1.71s, 132.51MB)
  Running img_21007.npy ... done (1.71s, 133.05MB)
  Running img_21008.npy ... done (1.69s, 132.54MB)
  Running img_21009.npy ... done (1.70s, 132.82MB)
  Running img_2101.npy ... done (1.70s, 132.21MB)
  Running img_21010.npy ... done (1.73s, 132.37MB)
  Running img_21011.npy ... done (1.70s, 132.12MB)
  Running img_21012.npy ... done (1.71s, 129.48MB)
  Running img_21013.npy ... done (1.70s, 128.74MB)
  Running img_21014.npy ... done (1.71s, 127.98MB)
  Running img_21015.npy ... done (1.71s, 128.21MB)
  Running img_21016.npy ... done (1.71s, 126.79MB)
  Running img_21017.npy ... done (1.69s, 127.20MB)
  Running img_21018.npy ... done (1.70s, 126.14MB)
  Running img_21019.npy ... done (1.70s, 125.45MB)
  Running img_2102.npy ... done (1.69s, 124.18MB)
  Running img_21020.npy ... done (1.70s, 124.39MB)
  Running img_21021.npy ... done (1.71s, 122.93MB)
  Running img_21022.npy ... done (1.71s, 122.90MB)
  Running img_21023.npy ... done (1.72s, 122.27MB)
  Running img_21024.npy ... done (1.74s, 120.94MB)
  Running img_21025.npy ... done (1.91s, 124.05MB)
  Running img_21026.npy ... done (1.71s, 123.91MB)
  Running img_21027.npy ... done (1.74s, 122.09MB)
  Running img_21028.npy ... done (1.70s, 118.55MB)
  Running img_21029.npy ... done (1.72s, 121.51MB)
  Running img_2103.npy ... done (1.71s, 119.57MB)
  Running img_21030.npy ... done (1.72s, 121.81MB)
  Running img_21031.npy ... done (1.71s, 119.31MB)
  Running img_21032.npy ... done (1.73s, 120.82MB)
  Running img_21033.npy ... done (1.70s, 122.62MB)
  Running img_21034.npy ... done (1.72s, 118.92MB)
  Running img_21035.npy ... done (1.69s, 115.39MB)
  Running img_21036.npy ... done (1.72s, 117.19MB)
  Running img_21037.npy ... done (1.70s, 115.08MB)
  Running img_21038.npy ... done (1.72s, 116.15MB)
  Running img_21039.npy ... done (1.70s, 111.99MB)
  Running img_2104.npy ... done (1.72s, 116.57MB)
  Running img_21040.npy ... done (1.69s, 116.79MB)
  Running img_21041.npy ... done (1.63s, 115.66MB)
  Running img_21042.npy ... done (1.72s, 117.14MB)
  Running img_21043.npy ... done (1.73s, 115.82MB)
  Running img_21044.npy ... done (1.69s, 114.26MB)
  Running img_21045.npy ... done (1.76s, 115.90MB)
  Running img_21046.npy ... done (1.71s, 118.07MB)
  Running img_21047.npy ... done (1.72s, 130.84MB)
  Running img_21048.npy ... done (1.73s, 131.21MB)
  Running img_21049.npy ... done (1.73s, 133.38MB)
  Running img_2105.npy ... done (1.73s, 132.75MB)
  Running img_21050.npy ... done (1.75s, 133.59MB)
  Running img_21051.npy ... done (1.85s, 135.70MB)
  Running img_21052.npy ... done (1.72s, 134.53MB)
  Running img_21053.npy ... done (1.72s, 133.23MB)
  Running img_21054.npy ... done (1.72s, 133.54MB)
  Running img_21055.npy ... done (1.71s, 133.43MB)
  Running img_21056.npy ... done (1.71s, 134.79MB)
  Running img_21057.npy ... done (1.72s, 134.50MB)
  Running img_21058.npy ... done (1.73s, 134.74MB)
  Running img_21059.npy ... done (1.70s, 134.38MB)
  Running img_2106.npy ... done (1.71s, 134.73MB)
  Running img_21060.npy ... done (1.70s, 134.41MB)
  Running img_21061.npy ... done (1.70s, 134.73MB)
  Running img_21062.npy ... done (1.66s, 133.87MB)
  Running img_21063.npy ... done (1.69s, 133.55MB)
  Running img_21064.npy ... done (1.69s, 134.37MB)
  Running img_21065.npy ... done (1.70s, 133.21MB)
  Running img_21066.npy ... done (1.71s, 134.43MB)
  Running img_21067.npy ... done (1.72s, 133.30MB)
  Running img_21068.npy ... done (1.71s, 132.30MB)
  Running img_21069.npy ... done (1.72s, 132.94MB)
  Running img_2107.npy ... done (1.71s, 132.62MB)
  Running img_21070.npy ... done (1.74s, 133.09MB)
  Running img_21071.npy ... done (1.74s, 132.49MB)
  Running img_21072.npy ... done (1.74s, 132.39MB)
  Running img_21073.npy ... done (1.69s, 132.23MB)
  Running img_21074.npy ... done (1.71s, 132.50MB)
  Running img_21075.npy ... done (1.73s, 128.87MB)
  Running img_21076.npy ... done (1.71s, 129.18MB)
  Running img_21077.npy ... done (1.93s, 129.91MB)
  Running img_21078.npy ... done (1.71s, 130.11MB)
  Running img_21079.npy ... done (1.74s, 127.58MB)
  Running img_2108.npy ... done (1.74s, 127.32MB)
  Running img_21080.npy ... done (1.69s, 124.21MB)
  Running img_21081.npy ... done (1.71s, 127.28MB)
  Running img_21082.npy ... done (1.70s, 127.94MB)
  Running img_21083.npy ... done (1.68s, 125.38MB)
  Running img_21084.npy ... done (1.69s, 125.15MB)
  Running img_21085.npy ... done (1.73s, 124.16MB)
  Running img_21086.npy ... done (1.72s, 123.18MB)
  Running img_21087.npy ... done (1.70s, 122.69MB)
  Running img_21088.npy ... done (1.70s, 123.86MB)
  Running img_21089.npy ... done (1.71s, 122.09MB)
  Running img_2109.npy ... done (1.70s, 122.01MB)
  Running img_21090.npy ... done (1.71s, 121.39MB)
  Running img_21091.npy ... done (1.72s, 122.21MB)
  Running img_21092.npy ... done (1.73s, 121.47MB)
  Running img_21093.npy ... done (1.71s, 121.68MB)
  Running img_21094.npy ... done (1.71s, 121.54MB)
  Running img_21095.npy ... done (1.70s, 121.02MB)
  Running img_21096.npy ... done (1.73s, 118.79MB)
  Running img_21097.npy ... done (1.74s, 113.84MB)
  Running img_21098.npy ... done (1.71s, 117.05MB)
  Running img_21099.npy ... done (1.69s, 116.54MB)
  Running img_211.npy ... done (1.70s, 116.36MB)
  Running img_2110.npy ... done (1.68s, 117.51MB)
  Running img_21100.npy ... done (1.77s, 116.34MB)
  Running img_21101.npy ... done (1.70s, 111.98MB)
  Running img_21102.npy ... done (1.71s, 116.18MB)
  Running img_21103.npy ... done (1.70s, 113.89MB)
  Running img_21104.npy ... done (1.65s, 116.54MB)
  Running img_21105.npy ... done (1.67s, 113.21MB)
  Running img_21106.npy ... done (1.73s, 117.07MB)
  Running img_21107.npy ... done (1.75s, 122.17MB)
  Running img_21108.npy ... done (1.68s, 134.93MB)
  Running img_21109.npy ... done (1.69s, 131.95MB)
  Running img_2111.npy ... done (1.70s, 135.49MB)
  Running img_21110.npy ... done (1.68s, 132.86MB)
  Running img_21111.npy ... done (1.73s, 133.71MB)
  Running img_21112.npy ... done (1.69s, 132.99MB)
  Running img_21113.npy ... done (1.71s, 133.84MB)
  Running img_21114.npy ... done (1.71s, 133.09MB)
  Running img_21115.npy ... done (1.71s, 135.05MB)
  Running img_21116.npy ... done (1.69s, 132.99MB)
  Running img_21117.npy ... done (1.71s, 134.98MB)
  Running img_21118.npy ... done (1.68s, 132.89MB)
  Running img_21119.npy ... done (1.70s, 134.92MB)
  Running img_2112.npy ... done (1.69s, 134.55MB)
  Running img_21120.npy ... done (1.71s, 133.53MB)
  Running img_21121.npy ... done (1.73s, 132.73MB)
  Running img_21122.npy ... done (1.68s, 134.70MB)
  Running img_21123.npy ... done (1.72s, 133.78MB)
  Running img_21124.npy ... done (1.71s, 133.32MB)
  Running img_21125.npy ... done (1.66s, 132.61MB)
  Running img_21126.npy ... done (1.71s, 132.88MB)
  Running img_21127.npy ... done (1.87s, 133.60MB)
  Running img_21128.npy ... done (1.71s, 132.74MB)
  Running img_21129.npy ... done (1.72s, 132.16MB)
  Running img_2113.npy ... done (1.70s, 132.91MB)
  Running img_21130.npy ... done (1.72s, 131.77MB)
  Running img_21131.npy ... done (1.71s, 132.63MB)
  Running img_21132.npy ... done (1.72s, 128.28MB)
  Running img_21133.npy ... done (1.72s, 127.92MB)
  Running img_21134.npy ... done (1.74s, 127.93MB)
  Running img_21135.npy ... done (1.72s, 127.06MB)
  Running img_21136.npy ... done (1.71s, 125.80MB)
  Running img_21137.npy ... done (1.75s, 124.61MB)
  Running img_21138.npy ... done (1.69s, 125.43MB)
  Running img_21139.npy ... done (1.69s, 124.14MB)
  Running img_2114.npy ... done (1.73s, 123.56MB)
  Running img_21140.npy ... done (1.71s, 122.73MB)
  Running img_21141.npy ... done (1.70s, 120.72MB)
  Running img_21142.npy ... done (1.71s, 121.82MB)
  Running img_21143.npy ... done (1.69s, 122.78MB)
  Running img_21144.npy ... done (1.71s, 122.23MB)
  Running img_21145.npy ... done (1.70s, 122.55MB)
  Running img_21146.npy ... done (1.70s, 121.64MB)
  Running img_21147.npy ... done (1.70s, 119.28MB)
  Running img_21148.npy ... done (1.74s, 122.67MB)
  Running img_21149.npy ... done (1.69s, 118.68MB)
  Running img_2115.npy ... done (1.73s, 122.38MB)
  Running img_21150.npy ... done (1.82s, 116.45MB)
  Running img_21151.npy ... done (1.72s, 118.52MB)
  Running img_21152.npy ... done (1.71s, 115.81MB)
  Running img_21153.npy ... done (1.77s, 117.52MB)
  Running img_21154.npy ... done (1.73s, 114.87MB)
  Running img_21155.npy ... done (1.73s, 117.88MB)
  Running img_21156.npy ... done (1.72s, 115.77MB)
  Running img_21157.npy ... done (1.70s, 117.05MB)
  Running img_21158.npy ... done (1.72s, 116.16MB)
  Running img_21159.npy ... done (1.70s, 117.20MB)
  Running img_2116.npy ... done (1.72s, 115.86MB)
  Running img_21160.npy ... done (1.73s, 121.90MB)
  Running img_21161.npy ... done (1.68s, 133.96MB)
  Running img_21162.npy ... done (1.69s, 136.88MB)
  Running img_21163.npy ... done (1.71s, 120.49MB)
  Running img_21164.npy ... done (1.70s, 135.07MB)
  Running img_21165.npy ... done (1.69s, 134.83MB)
  Running img_21166.npy ... done (1.71s, 135.16MB)
  Running img_21167.npy ... done (1.68s, 133.38MB)
  Running img_21168.npy ... done (1.69s, 135.43MB)
  Running img_21169.npy ... done (1.69s, 133.45MB)
  Running img_2117.npy ... done (1.70s, 133.54MB)
  Running img_21170.npy ... done (1.70s, 134.02MB)
  Running img_21171.npy ... done (1.70s, 132.40MB)
  Running img_21172.npy ... done (1.76s, 135.01MB)
  Running img_21173.npy ... done (1.70s, 135.00MB)
  Running img_21174.npy ... done (1.70s, 134.69MB)
  Running img_21175.npy ... done (1.71s, 134.55MB)
  Running img_21176.npy ... done (1.72s, 134.77MB)
  Running img_21177.npy ... done (1.72s, 134.67MB)
  Running img_21178.npy ... done (1.96s, 135.29MB)
  Running img_21179.npy ... done (1.69s, 133.68MB)
  Running img_2118.npy ... done (1.69s, 135.03MB)
  Running img_21180.npy ... done (1.69s, 133.66MB)
  Running img_21181.npy ... done (1.73s, 134.49MB)
  Running img_21182.npy ... done (1.68s, 133.20MB)
  Running img_21183.npy ... done (1.71s, 133.07MB)
  Running img_21184.npy ... done (1.68s, 133.05MB)
  Running img_21185.npy ... done (1.68s, 133.04MB)
  Running img_21186.npy ... done (1.68s, 133.12MB)
  Running img_21187.npy ... done (1.69s, 132.90MB)
  Running img_21188.npy ... done (1.70s, 133.08MB)
  Running img_21189.npy ... done (1.71s, 132.80MB)
  Running img_2119.npy ... done (1.71s, 132.66MB)
  Running img_21190.npy ... done (1.72s, 129.26MB)
  Running img_21191.npy ... done (1.64s, 130.39MB)
  Running img_21192.npy ... done (1.68s, 127.93MB)
  Running img_21193.npy ... done (1.65s, 127.99MB)
  Running img_21194.npy ... done (1.68s, 127.35MB)
  Running img_21195.npy ... done (1.61s, 128.54MB)
  Running img_21196.npy ... done (1.63s, 126.50MB)
  Running img_21197.npy ... done (1.61s, 126.93MB)
  Running img_21198.npy ... done (1.63s, 124.27MB)
  Running img_21199.npy ... done (1.66s, 125.59MB)
  Running img_212.npy ... done (1.64s, 124.09MB)
  Running img_2120.npy ... done (1.62s, 125.58MB)
  Running img_21200.npy ... done (1.63s, 122.68MB)
  Running img_21201.npy ... done (1.62s, 123.68MB)
  Running img_21202.npy ... done (1.62s, 122.83MB)
  Running img_21203.npy ... done (1.87s, 123.86MB)
  Running img_21204.npy ... done (1.62s, 122.59MB)
  Running img_21205.npy ... done (1.62s, 123.66MB)
  Running img_21206.npy ... done (1.63s, 122.04MB)
  Running img_21207.npy ... done (1.61s, 122.55MB)
  Running img_21208.npy ... done (1.63s, 121.34MB)
  Running img_21209.npy ... done (1.62s, 122.60MB)
  Running img_2121.npy ... done (1.64s, 121.73MB)
  Running img_21210.npy ... done (1.63s, 122.09MB)
  Running img_21211.npy ... done (1.63s, 121.31MB)
  Running img_21212.npy ... done (1.62s, 121.26MB)
  Running img_21213.npy ... done (1.63s, 118.23MB)
  Running img_21214.npy ... done (1.64s, 118.15MB)
  Running img_21215.npy ... done (1.63s, 116.71MB)
  Running img_21216.npy ... done (1.63s, 117.59MB)
  Running img_21217.npy ... done (1.63s, 116.38MB)
  Running img_21218.npy ... done (1.63s, 117.29MB)
  Running img_21219.npy ... done (1.64s, 116.09MB)
  Running img_2122.npy ... done (1.64s, 117.60MB)
  Running img_21220.npy ... done (1.63s, 115.83MB)
  Running img_21221.npy ... done (1.63s, 116.80MB)
  Running img_21222.npy ... done (1.69s, 116.03MB)
  Running img_21223.npy ... done (1.59s, 135.42MB)
  Running img_21224.npy ... done (1.66s, 134.16MB)
  Running img_21225.npy ... done (1.63s, 135.69MB)
  Running img_21226.npy ... done (1.64s, 133.30MB)
  Running img_21227.npy ... done (1.61s, 133.41MB)
  Running img_21228.npy ... done (1.65s, 133.59MB)
  Running img_21229.npy ... done (1.62s, 134.32MB)
  Running img_2123.npy ... done (1.74s, 134.86MB)
  Running img_21230.npy ... done (1.68s, 135.06MB)
  Running img_21231.npy ... done (1.65s, 134.82MB)
  Running img_21232.npy ... done (1.64s, 134.91MB)
  Running img_21233.npy ... done (1.64s, 134.91MB)
  Running img_21234.npy ... done (1.60s, 134.96MB)
  Running img_21235.npy ... done (1.62s, 134.92MB)
  Running img_21236.npy ... done (1.63s, 134.80MB)
  Running img_21237.npy ... done (1.62s, 134.50MB)
  Running img_21238.npy ... done (1.61s, 133.52MB)
  Running img_21239.npy ... done (1.64s, 134.50MB)
  Running img_2124.npy ... done (2.17s, 134.66MB)
  Running img_21240.npy ... done (4.70s, 133.06MB)
  Running img_21241.npy ... done (1.67s, 132.24MB)
  Running img_21242.npy ... done (1.67s, 132.35MB)
  Running img_21243.npy ... done (1.60s, 133.86MB)
  Running img_21244.npy ... done (1.65s, 133.74MB)
  Running img_21245.npy ... done (1.60s, 135.11MB)
  Running img_21246.npy ... done (1.64s, 134.96MB)
  Running img_21247.npy ... done (1.64s, 133.01MB)
  Running img_21248.npy ... done (1.63s, 134.55MB)
  Running img_21249.npy ... done (1.63s, 133.82MB)
  Running img_2125.npy ... done (1.68s, 133.28MB)
  Running img_21250.npy ... done (1.64s, 132.38MB)
  Running img_21251.npy ... done (1.64s, 133.16MB)
  Running img_21252.npy ... done (1.62s, 132.41MB)
  Running img_21253.npy ... done (1.61s, 132.82MB)
  Running img_21254.npy ... done (1.65s, 130.98MB)
  Running img_21255.npy ... done (1.78s, 130.59MB)
  Running img_21256.npy ... done (1.65s, 128.14MB)
  Running img_21257.npy ... done (1.65s, 128.32MB)
  Running img_21258.npy ... done (1.66s, 127.45MB)
  Running img_21259.npy ... done (1.63s, 126.86MB)
  Running img_2126.npy ... done (1.66s, 124.79MB)
  Running img_21260.npy ... done (1.64s, 124.16MB)
  Running img_21261.npy ... done (1.66s, 123.21MB)
  Running img_21262.npy ... done (1.63s, 122.15MB)
  Running img_21263.npy ... done (1.64s, 122.08MB)
  Running img_21264.npy ... done (1.64s, 121.54MB)
  Running img_21265.npy ... done (1.65s, 121.84MB)
  Running img_21266.npy ... done (1.65s, 121.78MB)
  Running img_21267.npy ... done (1.65s, 122.23MB)
  Running img_21268.npy ... done (1.63s, 121.59MB)
  Running img_21269.npy ... done (1.64s, 120.12MB)
  Running img_2127.npy ... done (1.67s, 116.95MB)
  Running img_21270.npy ... done (1.65s, 116.50MB)
  Running img_21271.npy ... done (1.62s, 116.26MB)
  Running img_21272.npy ... done (1.64s, 117.11MB)
  Running img_21273.npy ... done (1.63s, 116.10MB)
  Running img_21274.npy ... done (1.64s, 114.58MB)
  Running img_21275.npy ... done (1.62s, 115.60MB)
  Running img_21276.npy ... done (1.64s, 113.39MB)
  Running img_21277.npy ... done (1.64s, 117.48MB)
  Running img_21278.npy ... done (1.64s, 131.71MB)
  Running img_21279.npy ... done (1.63s, 134.25MB)
  Running img_2128.npy ... done (1.63s, 132.99MB)
  Running img_21280.npy ... done (1.64s, 132.83MB)
  Running img_21281.npy ... done (1.91s, 131.76MB)
  Running img_21282.npy ... done (1.62s, 132.03MB)
  Running img_21283.npy ... done (1.64s, 133.35MB)
  Running img_21284.npy ... done (1.63s, 133.03MB)
  Running img_21285.npy ... done (1.63s, 132.18MB)
  Running img_21286.npy ... done (1.65s, 134.87MB)
  Running img_21287.npy ... done (1.63s, 134.35MB)
  Running img_21288.npy ... done (1.60s, 135.14MB)
  Running img_21289.npy ... done (1.62s, 133.94MB)
  Running img_2129.npy ... done (1.64s, 134.93MB)
  Running img_21290.npy ... done (1.65s, 132.69MB)
  Running img_21291.npy ... done (1.62s, 133.42MB)
  Running img_21292.npy ... done (1.64s, 132.69MB)
  Running img_21293.npy ... done (1.60s, 133.26MB)
  Running img_21294.npy ... done (1.64s, 132.32MB)
  Running img_21295.npy ... done (1.63s, 132.61MB)
  Running img_21296.npy ... done (1.63s, 132.42MB)
  Running img_21297.npy ... done (1.62s, 132.66MB)
  Running img_21298.npy ... done (1.61s, 131.93MB)
  Running img_21299.npy ... done (1.60s, 132.69MB)
  Running img_213.npy ... done (1.63s, 128.90MB)
  Running img_2130.npy ... done (1.61s, 128.50MB)
  Running img_21300.npy ... done (1.62s, 127.96MB)
  Running img_21301.npy ... done (1.66s, 127.26MB)
  Running img_21302.npy ... done (1.65s, 128.03MB)
  Running img_21303.npy ... done (1.62s, 125.42MB)
  Running img_21304.npy ... done (1.63s, 124.87MB)
  Running img_21305.npy ... done (1.64s, 124.04MB)
  Running img_21306.npy ... done (1.62s, 123.69MB)
  Running img_21307.npy ... done (1.93s, 124.62MB)
  Running img_21308.npy ... done (1.64s, 122.21MB)
  Running img_21309.npy ... done (1.63s, 124.01MB)
  Running img_2131.npy ... done (1.60s, 120.33MB)
  Running img_21310.npy ... done (1.63s, 121.86MB)
  Running img_21311.npy ... done (1.62s, 119.92MB)
  Running img_21312.npy ... done (1.63s, 121.67MB)
  Running img_21313.npy ... done (1.63s, 119.09MB)
  Running img_21314.npy ... done (1.66s, 121.46MB)
  Running img_21315.npy ... done (1.66s, 118.19MB)
  Running img_21316.npy ... done (1.64s, 122.17MB)
  Running img_21317.npy ... done (1.61s, 117.65MB)
  Running img_21318.npy ... done (1.66s, 117.70MB)
  Running img_21319.npy ... done (1.63s, 115.16MB)
  Running img_2132.npy ... done (1.65s, 117.18MB)
  Running img_21320.npy ... done (1.64s, 116.27MB)
  Running img_21321.npy ... done (1.62s, 117.41MB)
  Running img_21322.npy ... done (1.61s, 116.55MB)
  Running img_21323.npy ... done (1.63s, 116.84MB)
  Running img_21324.npy ... done (1.63s, 116.35MB)
  Running img_21325.npy ... done (1.64s, 119.98MB)
  Running img_21326.npy ... done (1.64s, 124.98MB)
  Running img_21327.npy ... done (1.61s, 135.85MB)
  Running img_21328.npy ... done (1.64s, 133.27MB)
  Running img_21329.npy ... done (1.64s, 133.04MB)
  Running img_2133.npy ... done (1.63s, 133.11MB)
  Running img_21330.npy ... done (1.61s, 133.34MB)
  Running img_21331.npy ... done (1.63s, 133.65MB)
  Running img_21332.npy ... done (1.65s, 133.92MB)
  Running img_21333.npy ... done (1.64s, 134.92MB)
  Running img_21334.npy ... done (1.96s, 133.69MB)
  Running img_21335.npy ... done (1.64s, 134.82MB)
  Running img_21336.npy ... done (1.66s, 135.22MB)
  Running img_21337.npy ... done (1.64s, 134.75MB)
  Running img_21338.npy ... done (1.63s, 134.98MB)
  Running img_21339.npy ... done (1.62s, 134.79MB)
  Running img_2134.npy ... done (1.62s, 134.92MB)
  Running img_21340.npy ... done (1.63s, 134.77MB)
  Running img_21341.npy ... done (1.64s, 132.93MB)
  Running img_21342.npy ... done (1.62s, 133.31MB)
  Running img_21343.npy ... done (1.63s, 133.25MB)
  Running img_21344.npy ... done (1.62s, 132.79MB)
  Running img_21345.npy ... done (1.63s, 133.07MB)
  Running img_21346.npy ... done (1.62s, 132.46MB)
  Running img_21347.npy ... done (1.62s, 132.79MB)
  Running img_21348.npy ... done (1.62s, 132.45MB)
  Running img_21349.npy ... done (1.62s, 130.91MB)
  Running img_2135.npy ... done (1.63s, 129.41MB)
  Running img_21350.npy ... done (1.63s, 128.64MB)
  Running img_21351.npy ... done (1.63s, 127.49MB)
  Running img_21352.npy ... done (1.65s, 128.03MB)
  Running img_21353.npy ... done (1.63s, 126.80MB)
  Running img_21354.npy ... done (1.62s, 127.41MB)
  Running img_21355.npy ... done (1.66s, 125.10MB)
  Running img_21356.npy ... done (1.65s, 125.57MB)
  Running img_21357.npy ... done (1.64s, 124.19MB)
  Running img_21358.npy ... done (1.61s, 125.84MB)
  Running img_21359.npy ... done (1.64s, 124.16MB)
  Running img_2136.npy ... done (1.63s, 124.61MB)
  Running img_21360.npy ... done (1.64s, 122.11MB)
  Running img_21361.npy ... done (1.80s, 124.75MB)
  Running img_21362.npy ... done (1.64s, 122.32MB)
  Running img_21363.npy ... done (1.63s, 123.03MB)
  Running img_21364.npy ... done (1.61s, 121.29MB)
  Running img_21365.npy ... done (1.64s, 122.77MB)
  Running img_21366.npy ... done (1.63s, 121.34MB)
  Running img_21367.npy ... done (1.63s, 122.45MB)
  Running img_21368.npy ... done (1.63s, 121.34MB)
  Running img_21369.npy ... done (1.65s, 122.76MB)
  Running img_2137.npy ... done (1.66s, 118.13MB)
  Running img_21370.npy ... done (1.63s, 118.15MB)
  Running img_21371.npy ... done (1.65s, 115.94MB)
  Running img_21372.npy ... done (1.63s, 117.65MB)
  Running img_21373.npy ... done (1.64s, 116.53MB)
  Running img_21374.npy ... done (1.62s, 117.35MB)
  Running img_21375.npy ... done (1.65s, 116.55MB)
  Running img_21376.npy ... done (1.62s, 116.23MB)
  Running img_21377.npy ... done (1.64s, 116.59MB)
  Running img_21378.npy ... done (1.65s, 119.57MB)
  Running img_21379.npy ... done (1.65s, 134.47MB)
  Running img_2138.npy ... done (1.61s, 132.42MB)
  Running img_21380.npy ... done (1.63s, 133.24MB)
  Running img_21381.npy ... done (1.64s, 133.44MB)
  Running img_21382.npy ... done (1.69s, 134.61MB)
  Running img_21383.npy ... done (1.61s, 135.18MB)
  Running img_21384.npy ... done (1.64s, 134.64MB)
  Running img_21385.npy ... done (1.61s, 134.98MB)
  Running img_21386.npy ... done (1.66s, 133.21MB)
  Running img_21387.npy ... done (1.65s, 131.74MB)
  Running img_21388.npy ... done (1.83s, 133.33MB)
  Running img_21389.npy ... done (1.63s, 134.08MB)
  Running img_2139.npy ... done (1.65s, 134.50MB)
  Running img_21390.npy ... done (1.65s, 133.86MB)
  Running img_21391.npy ... done (1.63s, 134.54MB)
  Running img_21392.npy ... done (1.64s, 133.73MB)
  Running img_21393.npy ... done (1.63s, 133.29MB)
  Running img_21394.npy ... done (1.64s, 132.11MB)
  Running img_21395.npy ... done (1.63s, 132.88MB)
  Running img_21396.npy ... done (1.65s, 131.30MB)
  Running img_21397.npy ... done (1.63s, 129.90MB)
  Running img_21398.npy ... done (1.64s, 128.67MB)
  Running img_21399.npy ... done (1.62s, 129.40MB)
  Running img_214.npy ... done (1.63s, 128.04MB)
  Running img_2140.npy ... done (1.64s, 126.69MB)
  Running img_21400.npy ... done (1.62s, 126.74MB)
  Running img_21401.npy ... done (1.64s, 127.35MB)
  Running img_21402.npy ... done (1.62s, 125.12MB)
  Running img_21403.npy ... done (1.63s, 125.88MB)
  Running img_21404.npy ... done (1.62s, 121.78MB)
  Running img_21405.npy ... done (1.63s, 123.36MB)
  Running img_21406.npy ... done (1.62s, 123.82MB)
  Running img_21407.npy ... done (1.61s, 122.31MB)
  Running img_21408.npy ... done (1.68s, 122.14MB)
  Running img_21409.npy ... done (1.61s, 122.10MB)
  Running img_2141.npy ... done (1.62s, 122.50MB)
  Running img_21410.npy ... done (1.62s, 121.45MB)
  Running img_21411.npy ... done (1.63s, 119.98MB)
  Running img_21412.npy ... done (1.64s, 121.55MB)
  Running img_21413.npy ... done (1.62s, 116.86MB)
  Running img_21414.npy ... done (1.86s, 120.42MB)
  Running img_21415.npy ... done (1.62s, 119.13MB)
  Running img_21416.npy ... done (1.64s, 119.40MB)
  Running img_21417.npy ... done (1.60s, 116.18MB)
  Running img_21418.npy ... done (1.64s, 117.52MB)
  Running img_21419.npy ... done (1.62s, 114.70MB)
  Running img_2142.npy ... done (1.63s, 116.31MB)
  Running img_21420.npy ... done (1.64s, 113.38MB)
  Running img_21421.npy ... done (1.65s, 115.96MB)
  Running img_21422.npy ... done (1.63s, 114.44MB)
  Running img_21423.npy ... done (1.65s, 116.48MB)
  Running img_21424.npy ... done (1.63s, 113.45MB)
  Running img_21425.npy ... done (1.64s, 115.84MB)
  Running img_21426.npy ... done (1.63s, 113.39MB)
  Running img_21427.npy ... done (1.66s, 118.14MB)
  Running img_21428.npy ... done (1.62s, 135.58MB)
  Running img_21429.npy ... done (1.60s, 134.21MB)
  Running img_2143.npy ... done (1.63s, 133.01MB)
  Running img_21430.npy ... done (1.61s, 132.98MB)
  Running img_21431.npy ... done (1.62s, 132.03MB)
  Running img_21432.npy ... done (1.62s, 133.45MB)
  Running img_21433.npy ... done (1.62s, 134.43MB)
  Running img_21434.npy ... done (1.61s, 135.14MB)
  Running img_21435.npy ... done (1.68s, 132.25MB)
  Running img_21436.npy ... done (1.63s, 134.79MB)
  Running img_21437.npy ... done (1.63s, 133.89MB)
  Running img_21438.npy ... done (1.63s, 134.97MB)
  Running img_21439.npy ... done (1.65s, 133.87MB)
  Running img_2144.npy ... done (1.61s, 133.11MB)
  Running img_21440.npy ... done (1.81s, 133.54MB)
  Running img_21441.npy ... done (1.63s, 134.29MB)
  Running img_21442.npy ... done (1.64s, 133.87MB)
  Running img_21443.npy ... done (1.62s, 133.07MB)
  Running img_21444.npy ... done (1.63s, 132.32MB)
  Running img_21445.npy ... done (1.61s, 133.24MB)
  Running img_21446.npy ... done (1.64s, 132.07MB)
  Running img_21447.npy ... done (1.63s, 132.54MB)
  Running img_21448.npy ... done (1.65s, 128.54MB)
  Running img_21449.npy ... done (1.63s, 127.88MB)
  Running img_2145.npy ... done (1.63s, 128.21MB)
  Running img_21450.npy ... done (1.63s, 127.52MB)
  Running img_21451.npy ... done (1.64s, 127.71MB)
  Running img_21452.npy ... done (1.61s, 126.45MB)
  Running img_21453.npy ... done (1.62s, 126.19MB)
  Running img_21454.npy ... done (1.61s, 125.48MB)
  Running img_21455.npy ... done (1.62s, 125.03MB)
  Running img_21456.npy ... done (1.68s, 122.96MB)
  Running img_21457.npy ... done (1.61s, 119.21MB)
  Running img_21458.npy ... done (1.62s, 121.94MB)
  Running img_21459.npy ... done (1.61s, 120.89MB)
  Running img_2146.npy ... done (1.64s, 121.62MB)
  Running img_21460.npy ... done (1.62s, 119.09MB)
  Running img_21461.npy ... done (1.65s, 121.47MB)
  Running img_21462.npy ... done (1.65s, 119.23MB)
  Running img_21463.npy ... done (1.63s, 121.90MB)
  Running img_21464.npy ... done (1.63s, 119.56MB)
  Running img_21465.npy ... done (1.64s, 118.55MB)
  Running img_21466.npy ... done (1.63s, 114.87MB)
  Running img_21467.npy ... done (1.87s, 116.44MB)
  Running img_21468.npy ... done (1.65s, 115.11MB)
  Running img_21469.npy ... done (1.65s, 117.11MB)
  Running img_2147.npy ... done (1.65s, 116.29MB)
  Running img_21470.npy ... done (1.63s, 117.27MB)
  Running img_21471.npy ... done (1.63s, 115.68MB)
  Running img_21472.npy ... done (1.62s, 117.05MB)
  Running img_21473.npy ... done (1.66s, 123.11MB)
  Running img_21474.npy ... done (1.61s, 135.91MB)
  Running img_21475.npy ... done (1.62s, 133.39MB)
  Running img_21476.npy ... done (1.62s, 133.27MB)
  Running img_21477.npy ... done (1.63s, 133.70MB)
  Running img_21478.npy ... done (1.63s, 133.58MB)
  Running img_21479.npy ... done (1.61s, 133.79MB)
  Running img_2148.npy ... done (1.63s, 135.16MB)
  Running img_21480.npy ... done (1.62s, 133.52MB)
  Running img_21481.npy ... done (1.61s, 134.84MB)
  Running img_21482.npy ... done (1.61s, 133.16MB)
  Running img_21483.npy ... done (1.63s, 134.93MB)
  Running img_21484.npy ... done (1.62s, 132.78MB)
  Running img_21485.npy ... done (1.64s, 133.21MB)
  Running img_21486.npy ... done (1.63s, 133.34MB)
  Running img_21487.npy ... done (1.63s, 133.37MB)
  Running img_21488.npy ... done (1.62s, 131.73MB)
  Running img_21489.npy ... done (1.65s, 133.12MB)
  Running img_2149.npy ... done (1.86s, 131.06MB)
  Running img_21490.npy ... done (1.62s, 132.86MB)
  Running img_21491.npy ... done (1.62s, 130.76MB)
  Running img_21492.npy ... done (1.63s, 133.12MB)
  Running img_21493.npy ... done (1.60s, 130.88MB)
  Running img_21494.npy ... done (1.67s, 132.84MB)
  Running img_21495.npy ... done (1.63s, 128.80MB)
  Running img_21496.npy ... done (1.63s, 129.26MB)
  Running img_21497.npy ... done (1.63s, 128.59MB)
  Running img_21498.npy ... done (1.62s, 127.97MB)
  Running img_21499.npy ... done (1.60s, 127.73MB)
  Running img_215.npy ... done (1.63s, 127.28MB)
  Running img_2150.npy ... done (1.65s, 127.24MB)
  Running img_21500.npy ... done (1.63s, 127.08MB)
  Running img_21501.npy ... done (1.63s, 125.38MB)
  Running img_21502.npy ... done (1.61s, 124.14MB)
  Running img_21503.npy ... done (1.63s, 124.52MB)
  Running img_21504.npy ... done (1.62s, 123.80MB)
  Running img_21505.npy ... done (1.64s, 122.59MB)
  Running img_21506.npy ... done (1.63s, 121.78MB)
  Running img_21507.npy ... done (1.63s, 121.84MB)
  Running img_21508.npy ... done (1.63s, 121.49MB)
  Running img_21509.npy ... done (1.63s, 123.21MB)
  Running img_2151.npy ... done (1.65s, 121.25MB)
  Running img_21510.npy ... done (1.64s, 121.43MB)
  Running img_21511.npy ... done (1.63s, 118.84MB)
  Running img_21512.npy ... done (1.66s, 115.88MB)
  Running img_21513.npy ... done (1.63s, 116.71MB)
  Running img_21514.npy ... done (1.68s, 114.77MB)
  Running img_21515.npy ... done (1.63s, 115.75MB)
  Running img_21516.npy ... done (1.65s, 115.14MB)
  Running img_21517.npy ... done (1.64s, 116.50MB)
  Running img_21518.npy ... done (1.64s, 116.38MB)
  Running img_21519.npy ... done (1.66s, 115.64MB)
  Running img_2152.npy ... done (1.83s, 113.68MB)
  Running img_21520.npy ... done (1.65s, 126.39MB)
  Running img_21521.npy ... done (1.61s, 135.46MB)
  Running img_21522.npy ... done (1.62s, 133.54MB)
  Running img_21523.npy ... done (1.63s, 132.74MB)
  Running img_21524.npy ... done (1.62s, 133.18MB)
  Running img_21525.npy ... done (1.63s, 132.62MB)
  Running img_21526.npy ... done (1.63s, 133.51MB)
  Running img_21527.npy ... done (1.60s, 134.01MB)
  Running img_21528.npy ... done (1.63s, 134.47MB)
  Running img_21529.npy ... done (1.60s, 135.03MB)
  Running img_2153.npy ... done (1.66s, 134.84MB)
  Running img_21530.npy ... done (1.62s, 134.66MB)
  Running img_21531.npy ... done (1.65s, 134.42MB)
  Running img_21532.npy ... done (1.61s, 134.45MB)
  Running img_21533.npy ... done (1.66s, 133.32MB)
  Running img_21534.npy ... done (1.60s, 133.27MB)
  Running img_21535.npy ... done (1.63s, 132.98MB)
  Running img_21536.npy ... done (1.63s, 133.33MB)
  Running img_21537.npy ... done (1.63s, 132.71MB)
  Running img_21538.npy ... done (1.62s, 133.26MB)
  Running img_21539.npy ... done (1.62s, 132.82MB)
  Running img_2154.npy ... done (1.62s, 132.68MB)
  Running img_21540.npy ... done (1.65s, 130.71MB)
  Running img_21541.npy ... done (1.66s, 129.86MB)
  Running img_21542.npy ... done (1.66s, 128.22MB)
  Running img_21543.npy ... done (1.62s, 128.96MB)
  Running img_21544.npy ... done (1.65s, 126.78MB)
  Running img_21545.npy ... done (1.62s, 127.59MB)
  Running img_21546.npy ... done (1.62s, 125.63MB)
  Running img_21547.npy ... done (1.79s, 125.67MB)
  Running img_21548.npy ... done (1.63s, 123.33MB)
  Running img_21549.npy ... done (1.66s, 122.89MB)
  Running img_2155.npy ... done (1.62s, 122.56MB)
  Running img_21550.npy ... done (1.66s, 122.67MB)
  Running img_21551.npy ... done (1.66s, 121.04MB)
  Running img_21552.npy ... done (1.64s, 123.23MB)
  Running img_21553.npy ... done (1.66s, 121.64MB)
  Running img_21554.npy ... done (1.65s, 123.07MB)
  Running img_21555.npy ... done (1.65s, 120.59MB)
  Running img_21556.npy ... done (1.64s, 122.61MB)
  Running img_21557.npy ... done (1.72s, 119.87MB)
  Running img_21558.npy ... done (1.66s, 118.39MB)
  Running img_21559.npy ... done (1.65s, 116.70MB)
  Running img_2156.npy ... done (1.65s, 116.57MB)
  Running img_21560.npy ... done (1.66s, 116.59MB)
  Running img_21561.npy ... done (1.66s, 117.07MB)
  Running img_21562.npy ... done (1.62s, 116.23MB)
  Running img_21563.npy ... done (1.62s, 116.62MB)
  Running img_21564.npy ... done (1.62s, 115.90MB)
  Running img_21565.npy ... done (1.69s, 116.82MB)
  Running img_21566.npy ... done (1.66s, 130.70MB)
  Running img_21567.npy ... done (1.63s, 135.51MB)
  Running img_21568.npy ... done (1.64s, 133.25MB)
  Running img_21569.npy ... done (1.63s, 132.86MB)
  Running img_2157.npy ... done (1.63s, 132.39MB)
  Running img_21570.npy ... done (1.61s, 133.45MB)
  Running img_21571.npy ... done (1.64s, 133.63MB)
  Running img_21572.npy ... done (1.62s, 132.96MB)
  Running img_21573.npy ... done (2.06s, 134.07MB)
  Running img_21574.npy ... done (1.62s, 132.14MB)
  Running img_21575.npy ... done (1.67s, 132.91MB)
  Running img_21576.npy ... done (1.64s, 133.21MB)
  Running img_21577.npy ... done (1.62s, 133.60MB)
  Running img_21578.npy ... done (1.63s, 133.38MB)
  Running img_21579.npy ... done (1.61s, 134.88MB)
  Running img_2158.npy ... done (1.63s, 134.86MB)
  Running img_21580.npy ... done (1.63s, 134.85MB)
  Running img_21581.npy ... done (1.60s, 134.89MB)
  Running img_21582.npy ... done (1.64s, 134.70MB)
  Running img_21583.npy ... done (1.64s, 135.05MB)
  Running img_21584.npy ... done (1.66s, 134.68MB)
  Running img_21585.npy ... done (1.61s, 134.57MB)
  Running img_21586.npy ... done (1.67s, 133.31MB)
  Running img_21587.npy ... done (1.61s, 134.78MB)
  Running img_21588.npy ... done (1.64s, 133.03MB)
  Running img_21589.npy ... done (1.59s, 134.53MB)
  Running img_2159.npy ... done (1.64s, 132.74MB)
  Running img_21590.npy ... done (1.60s, 133.23MB)
  Running img_21591.npy ... done (1.65s, 132.69MB)
  Running img_21592.npy ... done (1.61s, 132.48MB)
  Running img_21593.npy ... done (1.64s, 128.18MB)
  Running img_21594.npy ... done (1.64s, 130.55MB)
  Running img_21595.npy ... done (1.65s, 127.50MB)
  Running img_21596.npy ... done (1.62s, 128.39MB)
  Running img_21597.npy ... done (1.65s, 127.32MB)
  Running img_21598.npy ... done (1.61s, 128.01MB)
  Running img_21599.npy ... done (1.65s, 125.72MB)
  Running img_216.npy ... done (1.99s, 127.30MB)
  Running img_2160.npy ... done (1.65s, 124.16MB)
  Running img_21600.npy ... done (1.65s, 123.93MB)
  Running img_21601.npy ... done (1.63s, 122.75MB)
  Running img_21602.npy ... done (1.61s, 123.56MB)
  Running img_21603.npy ... done (1.63s, 122.02MB)
  Running img_21604.npy ... done (1.60s, 122.74MB)
  Running img_21605.npy ... done (1.63s, 121.63MB)
  Running img_21606.npy ... done (1.61s, 122.90MB)
  Running img_21607.npy ... done (1.65s, 121.50MB)
  Running img_21608.npy ... done (1.61s, 122.99MB)
  Running img_21609.npy ... done (1.65s, 121.50MB)
  Running img_2161.npy ... done (1.64s, 118.77MB)
  Running img_21610.npy ... done (1.63s, 117.13MB)
  Running img_21611.npy ... done (1.64s, 117.37MB)
  Running img_21612.npy ... done (1.65s, 116.50MB)
  Running img_21613.npy ... done (1.65s, 117.27MB)
  Running img_21614.npy ... done (1.63s, 115.92MB)
  Running img_21615.npy ... done (1.66s, 117.25MB)
  Running img_21616.npy ... done (1.63s, 116.50MB)
  Running img_21617.npy ... done (1.63s, 116.62MB)
  Running img_21618.npy ... done (1.63s, 115.62MB)
  Running img_21619.npy ... done (1.65s, 119.54MB)
  Running img_2162.npy ... done (1.62s, 132.61MB)
  Running img_21620.npy ... done (1.68s, 135.74MB)
  Running img_21621.npy ... done (1.61s, 132.70MB)
  Running img_21622.npy ... done (1.63s, 133.09MB)
  Running img_21623.npy ... done (1.62s, 133.35MB)
  Running img_21624.npy ... done (1.64s, 133.75MB)
  Running img_21625.npy ... done (1.76s, 135.12MB)
  Running img_21626.npy ... done (1.78s, 132.86MB)
  Running img_21627.npy ... done (1.63s, 133.34MB)
  Running img_21628.npy ... done (1.62s, 134.83MB)
  Running img_21629.npy ... done (1.64s, 134.87MB)
  Running img_2163.npy ... done (1.60s, 135.21MB)
  Running img_21630.npy ... done (1.66s, 134.72MB)
  Running img_21631.npy ... done (1.61s, 134.78MB)
  Running img_21632.npy ... done (1.69s, 133.45MB)
  Running img_21633.npy ... done (1.62s, 133.06MB)
  Running img_21634.npy ... done (1.66s, 133.19MB)
  Running img_21635.npy ... done (1.61s, 133.40MB)
  Running img_21636.npy ... done (1.63s, 132.96MB)
  Running img_21637.npy ... done (1.61s, 132.98MB)
  Running img_21638.npy ... done (1.63s, 132.89MB)
  Running img_21639.npy ... done (1.60s, 133.05MB)
  Running img_2164.npy ... done (1.65s, 132.57MB)
  Running img_21640.npy ... done (1.62s, 130.05MB)
  Running img_21641.npy ... done (1.64s, 129.04MB)
  Running img_21642.npy ... done (1.60s, 128.68MB)
  Running img_21643.npy ... done (1.66s, 127.45MB)
  Running img_21644.npy ... done (1.61s, 128.62MB)
  Running img_21645.npy ... done (1.65s, 126.57MB)
  Running img_21646.npy ... done (1.61s, 126.39MB)
  Running img_21647.npy ... done (1.70s, 124.50MB)
  Running img_21648.npy ... done (1.62s, 125.20MB)
  Running img_21649.npy ... done (1.66s, 123.04MB)
  Running img_2165.npy ... done (1.62s, 124.80MB)
  Running img_21650.npy ... done (1.64s, 122.75MB)
  Running img_21651.npy ... done (1.62s, 122.76MB)
  Running img_21652.npy ... done (1.74s, 122.76MB)
  Running img_21653.npy ... done (1.62s, 123.62MB)
  Running img_21654.npy ... done (2.05s, 121.77MB)
  Running img_21655.npy ... done (1.60s, 122.84MB)
  Running img_21656.npy ... done (1.65s, 121.51MB)
  Running img_21657.npy ... done (1.63s, 122.65MB)
  Running img_21658.npy ... done (1.66s, 121.88MB)
  Running img_21659.npy ... done (1.62s, 122.31MB)
  Running img_2166.npy ... done (1.65s, 120.59MB)
  Running img_21660.npy ... done (1.62s, 119.47MB)
  Running img_21661.npy ... done (1.65s, 116.87MB)
  Running img_21662.npy ... done (1.61s, 118.36MB)
  Running img_21663.npy ... done (1.65s, 115.75MB)
  Running img_21664.npy ... done (1.62s, 117.82MB)
  Running img_21665.npy ... done (1.66s, 116.46MB)
  Running img_21666.npy ... done (1.62s, 117.11MB)
  Running img_21667.npy ... done (1.64s, 115.80MB)
  Running img_21668.npy ... done (1.61s, 117.26MB)
  Running img_21669.npy ... done (1.65s, 117.29MB)
  Running img_2167.npy ... done (1.62s, 134.74MB)
  Running img_21670.npy ... done (1.63s, 133.62MB)
  Running img_21671.npy ... done (1.60s, 135.50MB)
  Running img_21672.npy ... done (1.63s, 133.19MB)
  Running img_21673.npy ... done (1.65s, 133.03MB)
  Running img_21674.npy ... done (1.67s, 133.48MB)
  Running img_21675.npy ... done (1.60s, 135.25MB)
  Running img_21676.npy ... done (1.65s, 134.69MB)
  Running img_21677.npy ... done (1.61s, 134.98MB)
  Running img_21678.npy ... done (1.65s, 134.68MB)
  Running img_21679.npy ... done (1.62s, 134.81MB)
  Running img_2168.npy ... done (1.98s, 134.53MB)
  Running img_21680.npy ... done (1.63s, 132.70MB)
  Running img_21681.npy ... done (1.65s, 132.89MB)
  Running img_21682.npy ... done (1.65s, 132.39MB)
  Running img_21683.npy ... done (1.62s, 132.95MB)
  Running img_21684.npy ... done (1.62s, 132.32MB)
  Running img_21685.npy ... done (1.63s, 132.98MB)
  Running img_21686.npy ... done (1.63s, 131.60MB)
  Running img_21687.npy ... done (1.62s, 132.70MB)
  Running img_21688.npy ... done (1.60s, 129.19MB)
  Running img_21689.npy ... done (1.66s, 127.78MB)
  Running img_2169.npy ... done (1.62s, 128.41MB)
  Running img_21690.npy ... done (1.65s, 127.03MB)
  Running img_21691.npy ... done (1.62s, 127.33MB)
  Running img_21692.npy ... done (1.64s, 125.06MB)
  Running img_21693.npy ... done (1.61s, 125.15MB)
  Running img_21694.npy ... done (1.63s, 123.69MB)
  Running img_21695.npy ... done (1.64s, 124.43MB)
  Running img_21696.npy ... done (1.66s, 121.91MB)
  Running img_21697.npy ... done (1.61s, 123.57MB)
  Running img_21698.npy ... done (1.64s, 121.62MB)
  Running img_21699.npy ... done (1.64s, 120.32MB)
  Running img_217.npy ... done (1.66s, 120.67MB)
  Running img_2170.npy ... done (1.67s, 121.67MB)
  Running img_21700.npy ... done (1.66s, 117.82MB)
  Running img_21701.npy ... done (1.62s, 114.80MB)
  Running img_21702.npy ... done (1.64s, 116.87MB)
  Running img_21703.npy ... done (1.64s, 112.11MB)
  Running img_21704.npy ... done (1.63s, 116.57MB)
  Running img_21705.npy ... done (1.65s, 113.30MB)
  Running img_21706.npy ... done (1.98s, 116.80MB)
  Running img_21707.npy ... done (1.65s, 114.54MB)
  Running img_21708.npy ... done (1.65s, 117.32MB)
  Running img_21709.npy ... done (1.61s, 114.07MB)
  Running img_2171.npy ... done (1.62s, 116.23MB)
  Running img_21710.npy ... done (1.60s, 113.98MB)
  Running img_21711.npy ... done (1.63s, 117.17MB)
  Running img_21712.npy ... done (1.65s, 119.34MB)
  Running img_21713.npy ... done (1.63s, 133.27MB)
  Running img_21714.npy ... done (1.63s, 136.07MB)
  Running img_21715.npy ... done (1.60s, 133.21MB)
  Running img_21716.npy ... done (1.62s, 132.94MB)
  Running img_21717.npy ... done (1.62s, 133.33MB)
  Running img_21718.npy ... done (1.62s, 134.12MB)
  Running img_21719.npy ... done (1.63s, 133.71MB)
  Running img_2172.npy ... done (1.60s, 134.66MB)
  Running img_21720.npy ... done (1.62s, 134.67MB)
  Running img_21721.npy ... done (1.60s, 135.16MB)
  Running img_21722.npy ... done (1.64s, 134.73MB)
  Running img_21723.npy ... done (1.60s, 134.34MB)
  Running img_21724.npy ... done (1.64s, 133.44MB)
  Running img_21725.npy ... done (1.62s, 134.66MB)
  Running img_21726.npy ... done (1.67s, 134.45MB)
  Running img_21727.npy ... done (1.60s, 134.61MB)
  Running img_21728.npy ... done (1.65s, 132.86MB)
  Running img_21729.npy ... done (1.61s, 133.38MB)
  Running img_2173.npy ... done (1.66s, 132.73MB)
  Running img_21730.npy ... done (1.63s, 133.03MB)
  Running img_21731.npy ... done (1.78s, 132.66MB)
  Running img_21732.npy ... done (1.63s, 129.86MB)
  Running img_21733.npy ... done (1.63s, 129.62MB)
  Running img_21734.npy ... done (1.63s, 128.76MB)
  Running img_21735.npy ... done (1.64s, 127.28MB)
  Running img_21736.npy ... done (1.61s, 128.31MB)
  Running img_21737.npy ... done (1.62s, 125.12MB)
  Running img_21738.npy ... done (1.61s, 125.78MB)
  Running img_21739.npy ... done (1.66s, 122.66MB)
  Running img_2174.npy ... done (1.63s, 123.67MB)
  Running img_21740.npy ... done (1.64s, 121.99MB)
  Running img_21741.npy ... done (1.62s, 122.63MB)
  Running img_21742.npy ... done (1.64s, 121.70MB)
  Running img_21743.npy ... done (1.61s, 123.02MB)
  Running img_21744.npy ... done (1.64s, 121.21MB)
  Running img_21745.npy ... done (1.65s, 120.25MB)
  Running img_21746.npy ... done (1.64s, 120.82MB)
  Running img_21747.npy ... done (1.65s, 120.64MB)
  Running img_21748.npy ... done (1.64s, 117.38MB)
  Running img_21749.npy ... done (1.65s, 115.93MB)
  Running img_2175.npy ... done (1.62s, 116.54MB)
  Running img_21750.npy ... done (1.63s, 115.85MB)
  Running img_21751.npy ... done (1.63s, 116.46MB)
  Running img_21752.npy ... done (1.62s, 113.04MB)
  Running img_21753.npy ... done (1.65s, 116.21MB)
  Running img_21754.npy ... done (1.63s, 114.16MB)
  Running img_21755.npy ... done (1.63s, 115.65MB)
  Running img_21756.npy ... done (1.72s, 113.74MB)
  Running img_21757.npy ... done (1.65s, 118.97MB)
  Running img_21758.npy ... done (1.61s, 131.23MB)
  Running img_21759.npy ... done (1.64s, 134.25MB)
  Running img_2176.npy ... done (1.61s, 135.83MB)
  Running img_21760.npy ... done (1.62s, 134.12MB)
  Running img_21761.npy ... done (1.60s, 133.31MB)
  Running img_21762.npy ... done (1.62s, 132.99MB)
  Running img_21763.npy ... done (1.61s, 133.04MB)
  Running img_21764.npy ... done (1.64s, 132.65MB)
  Running img_21765.npy ... done (1.62s, 133.17MB)
  Running img_21766.npy ... done (1.61s, 133.44MB)
  Running img_21767.npy ... done (1.64s, 133.09MB)
  Running img_21768.npy ... done (1.62s, 134.65MB)
  Running img_21769.npy ... done (1.62s, 134.55MB)
  Running img_2177.npy ... done (1.61s, 134.78MB)
  Running img_21770.npy ... done (1.61s, 134.66MB)
  Running img_21771.npy ... done (1.61s, 134.48MB)
  Running img_21772.npy ... done (1.59s, 134.46MB)
  Running img_21773.npy ... done (1.62s, 134.36MB)
  Running img_21774.npy ... done (1.60s, 132.96MB)
  Running img_21775.npy ... done (1.61s, 133.00MB)
  Running img_21776.npy ... done (1.59s, 133.05MB)
  Running img_21777.npy ... done (1.63s, 133.47MB)
  Running img_21778.npy ... done (1.59s, 133.46MB)
  Running img_21779.npy ... done (1.65s, 133.03MB)
  Running img_2178.npy ... done (1.60s, 132.98MB)
  Running img_21780.npy ... done (1.68s, 132.10MB)
  Running img_21781.npy ... done (1.62s, 132.48MB)
  Running img_21782.npy ... done (1.64s, 132.69MB)
  Running img_21783.npy ... done (1.61s, 129.22MB)
  Running img_21784.npy ... done (1.66s, 128.18MB)
  Running img_21785.npy ... done (1.65s, 127.94MB)
  Running img_21786.npy ... done (1.81s, 129.91MB)
  Running img_21787.npy ... done (1.62s, 128.67MB)
  Running img_21788.npy ... done (1.62s, 127.73MB)
  Running img_21789.npy ... done (1.63s, 128.03MB)
  Running img_2179.npy ... done (1.62s, 127.13MB)
  Running img_21790.npy ... done (1.65s, 125.88MB)
  Running img_21791.npy ... done (1.60s, 125.03MB)
  Running img_21792.npy ... done (1.62s, 124.23MB)
  Running img_21793.npy ... done (1.62s, 123.65MB)
  Running img_21794.npy ... done (1.61s, 122.96MB)
  Running img_21795.npy ... done (1.61s, 123.01MB)
  Running img_21796.npy ... done (1.63s, 121.95MB)
  Running img_21797.npy ... done (1.63s, 121.88MB)
  Running img_21798.npy ... done (1.65s, 122.34MB)
  Running img_21799.npy ... done (1.63s, 121.69MB)
  Running img_218.npy ... done (1.64s, 121.89MB)
  Running img_2180.npy ... done (1.63s, 120.93MB)
  Running img_21800.npy ... done (1.62s, 122.15MB)
  Running img_21801.npy ... done (1.62s, 120.38MB)
  Running img_21802.npy ... done (1.63s, 117.46MB)
  Running img_21803.npy ... done (1.63s, 116.91MB)
  Running img_21804.npy ... done (1.64s, 117.87MB)
  Running img_21805.npy ... done (1.61s, 116.39MB)
  Running img_21806.npy ... done (1.66s, 117.29MB)
  Running img_21807.npy ... done (1.62s, 115.88MB)
  Running img_21808.npy ... done (1.64s, 116.57MB)
  Running img_21809.npy ... done (1.64s, 114.86MB)
  Running img_2181.npy ... done (1.68s, 116.55MB)
  Running img_21810.npy ... done (1.66s, 128.41MB)
  Running img_21811.npy ... done (1.95s, 127.78MB)
  Running img_21812.npy ... done (1.63s, 134.52MB)
  Running img_21813.npy ... done (1.63s, 131.92MB)
  Running img_21814.npy ... done (1.62s, 133.16MB)
  Running img_21815.npy ... done (1.63s, 132.62MB)
  Running img_21816.npy ... done (1.63s, 133.76MB)
  Running img_21817.npy ... done (1.61s, 133.18MB)
  Running img_21818.npy ... done (1.63s, 132.95MB)
  Running img_21819.npy ... done (1.64s, 132.89MB)
  Running img_2182.npy ... done (1.63s, 134.79MB)
  Running img_21820.npy ... done (1.63s, 134.38MB)
  Running img_21821.npy ... done (1.61s, 134.68MB)
  Running img_21822.npy ... done (1.65s, 134.05MB)
  Running img_21823.npy ... done (1.63s, 133.82MB)
  Running img_21824.npy ... done (1.63s, 133.94MB)
  Running img_21825.npy ... done (1.62s, 134.75MB)
  Running img_21826.npy ... done (1.62s, 132.37MB)
  Running img_21827.npy ... done (1.61s, 133.29MB)
  Running img_21828.npy ... done (1.59s, 133.53MB)
  Running img_21829.npy ... done (1.65s, 132.84MB)
  Running img_2183.npy ... done (1.61s, 133.28MB)
  Running img_21830.npy ... done (1.64s, 132.75MB)
  Running img_21831.npy ... done (1.61s, 133.12MB)
  Running img_21832.npy ... done (1.66s, 132.83MB)
  Running img_21833.npy ... done (1.60s, 132.74MB)
  Running img_21834.npy ... done (1.65s, 129.53MB)
  Running img_21835.npy ... done (1.73s, 129.46MB)
  Running img_21836.npy ... done (1.64s, 128.34MB)
  Running img_21837.npy ... done (1.63s, 128.82MB)
  Running img_21838.npy ... done (1.65s, 127.24MB)
  Running img_21839.npy ... done (1.67s, 128.67MB)
  Running img_2184.npy ... done (1.64s, 125.62MB)
  Running img_21840.npy ... done (1.61s, 126.50MB)
  Running img_21841.npy ... done (1.65s, 124.63MB)
  Running img_21842.npy ... done (1.61s, 125.21MB)
  Running img_21843.npy ... done (1.65s, 122.36MB)
  Running img_21844.npy ... done (1.60s, 123.56MB)
  Running img_21845.npy ... done (1.65s, 121.88MB)
  Running img_21846.npy ... done (1.63s, 123.08MB)
  Running img_21847.npy ... done (1.63s, 121.46MB)
  Running img_21848.npy ... done (1.62s, 122.57MB)
  Running img_21849.npy ... done (1.62s, 119.80MB)
  Running img_2185.npy ... done (1.62s, 122.59MB)
  Running img_21850.npy ... done (1.65s, 120.43MB)
  Running img_21851.npy ... done (1.62s, 123.01MB)
  Running img_21852.npy ... done (1.63s, 120.14MB)
  Running img_21853.npy ... done (1.64s, 117.45MB)
  Running img_21854.npy ... done (1.61s, 116.78MB)
  Running img_21855.npy ... done (1.64s, 116.77MB)
  Running img_21856.npy ... done (1.61s, 116.50MB)
  Running img_21857.npy ... done (1.63s, 116.18MB)
  Running img_21858.npy ... done (1.63s, 116.48MB)
  Running img_21859.npy ... done (1.64s, 116.54MB)
  Running img_2186.npy ... done (1.66s, 115.79MB)
  Running img_21860.npy ... done (1.65s, 118.61MB)
  Running img_21861.npy ... done (1.63s, 133.87MB)
  Running img_21862.npy ... done (1.63s, 135.98MB)
  Running img_21863.npy ... done (1.62s, 132.06MB)
  Running img_21864.npy ... done (1.63s, 133.27MB)
  Running img_21865.npy ... done (1.94s, 132.44MB)
  Running img_21866.npy ... done (1.73s, 133.01MB)
  Running img_21867.npy ... done (1.63s, 133.41MB)
  Running img_21868.npy ... done (1.63s, 131.07MB)
  Running img_21869.npy ... done (1.62s, 133.34MB)
  Running img_2187.npy ... done (1.63s, 134.56MB)
  Running img_21870.npy ... done (1.62s, 134.79MB)
  Running img_21871.npy ... done (1.63s, 134.11MB)
  Running img_21872.npy ... done (1.59s, 134.56MB)
  Running img_21873.npy ... done (1.62s, 133.73MB)
  Running img_21874.npy ... done (1.61s, 134.71MB)
  Running img_21875.npy ... done (1.62s, 132.66MB)
  Running img_21876.npy ... done (1.62s, 133.50MB)
  Running img_21877.npy ... done (1.62s, 133.60MB)
  Running img_21878.npy ... done (1.63s, 133.20MB)
  Running img_21879.npy ... done (1.64s, 132.18MB)
  Running img_2188.npy ... done (1.64s, 132.95MB)
  Running img_21880.npy ... done (1.63s, 132.14MB)
  Running img_21881.npy ... done (1.62s, 132.44MB)
  Running img_21882.npy ... done (1.63s, 128.02MB)
  Running img_21883.npy ... done (1.63s, 129.56MB)
  Running img_21884.npy ... done (1.64s, 128.65MB)
  Running img_21885.npy ... done (1.61s, 127.52MB)
  Running img_21886.npy ... done (1.66s, 127.41MB)
  Running img_21887.npy ... done (1.65s, 126.41MB)
  Running img_21888.npy ... done (1.64s, 123.78MB)
  Running img_21889.npy ... done (1.63s, 125.27MB)
  Running img_2189.npy ... done (1.64s, 124.78MB)
  Running img_21890.npy ... done (1.62s, 124.14MB)
  Running img_21891.npy ... done (1.64s, 123.58MB)
  Running img_21892.npy ... done (1.85s, 124.16MB)
  Running img_21893.npy ... done (1.61s, 122.48MB)
  Running img_21894.npy ... done (1.65s, 122.50MB)
  Running img_21895.npy ... done (1.63s, 122.48MB)
  Running img_21896.npy ... done (1.63s, 121.75MB)
  Running img_21897.npy ... done (1.61s, 123.64MB)
  Running img_21898.npy ... done (1.63s, 120.93MB)
  Running img_21899.npy ... done (1.63s, 122.98MB)
  Running img_219.npy ... done (1.64s, 121.13MB)
  Running img_2190.npy ... done (1.64s, 121.12MB)
  Running img_21900.npy ... done (1.63s, 121.25MB)
  Running img_21901.npy ... done (1.63s, 119.24MB)
  Running img_21902.npy ... done (1.62s, 117.06MB)
  Running img_21903.npy ... done (1.65s, 117.62MB)
  Running img_21904.npy ... done (1.64s, 115.75MB)
  Running img_21905.npy ... done (1.63s, 113.20MB)
  Running img_21906.npy ... done (1.61s, 116.04MB)
  Running img_21907.npy ... done (1.61s, 113.53MB)
  Running img_21908.npy ... done (1.63s, 116.72MB)
  Running img_21909.npy ... done (1.63s, 116.73MB)
  Running img_2191.npy ... done (1.63s, 115.65MB)
  Running img_21910.npy ... done (1.61s, 115.66MB)
  Running img_21911.npy ... done (1.65s, 129.69MB)
  Running img_21912.npy ... done (1.65s, 134.88MB)
  Running img_21913.npy ... done (1.62s, 134.04MB)
  Running img_21914.npy ... done (1.63s, 133.13MB)
  Running img_21915.npy ... done (1.60s, 133.04MB)
  Running img_21916.npy ... done (1.64s, 133.50MB)
  Running img_21917.npy ... done (1.64s, 133.74MB)
  Running img_21918.npy ... done (2.03s, 133.27MB)
  Running img_21919.npy ... done (1.62s, 133.97MB)
  Running img_2192.npy ... done (1.62s, 132.67MB)
  Running img_21920.npy ... done (1.62s, 133.70MB)
  Running img_21921.npy ... done (1.62s, 133.43MB)
  Running img_21922.npy ... done (1.64s, 134.89MB)
  Running img_21923.npy ... done (1.61s, 132.37MB)
  Running img_21924.npy ... done (1.64s, 134.86MB)
  Running img_21925.npy ... done (1.62s, 132.68MB)
  Running img_21926.npy ... done (1.63s, 135.00MB)
  Running img_21927.npy ... done (1.62s, 133.05MB)
  Running img_21928.npy ... done (1.63s, 133.30MB)
  Running img_21929.npy ... done (1.63s, 134.26MB)
  Running img_2193.npy ... done (1.62s, 134.50MB)
  Running img_21930.npy ... done (1.62s, 134.11MB)
  Running img_21931.npy ... done (1.61s, 134.26MB)
  Running img_21932.npy ... done (1.62s, 132.05MB)
  Running img_21933.npy ... done (1.62s, 132.64MB)
  Running img_21934.npy ... done (1.62s, 131.51MB)
  Running img_21935.npy ... done (1.60s, 132.24MB)
  Running img_21936.npy ... done (1.61s, 129.28MB)
  Running img_21937.npy ... done (1.63s, 129.01MB)
  Running img_21938.npy ... done (1.62s, 128.85MB)
  Running img_21939.npy ... done (1.64s, 127.59MB)
  Running img_2194.npy ... done (1.65s, 127.67MB)
  Running img_21940.npy ... done (1.62s, 126.75MB)
  Running img_21941.npy ... done (1.63s, 124.51MB)
  Running img_21942.npy ... done (1.66s, 123.96MB)
  Running img_21943.npy ... done (1.65s, 123.22MB)
  Running img_21944.npy ... done (2.02s, 122.16MB)
  Running img_21945.npy ... done (1.63s, 120.40MB)
  Running img_21946.npy ... done (1.62s, 123.54MB)
  Running img_21947.npy ... done (1.62s, 119.94MB)
  Running img_21948.npy ... done (1.64s, 121.46MB)
  Running img_21949.npy ... done (1.63s, 119.23MB)
  Running img_2195.npy ... done (1.65s, 122.34MB)
  Running img_21950.npy ... done (1.63s, 118.46MB)
  Running img_21951.npy ... done (1.63s, 122.59MB)
  Running img_21952.npy ... done (1.63s, 117.01MB)
  Running img_21953.npy ... done (1.63s, 118.17MB)
  Running img_21954.npy ... done (1.62s, 115.51MB)
  Running img_21955.npy ... done (1.63s, 117.85MB)
  Running img_21956.npy ... done (1.64s, 114.31MB)
  Running img_21957.npy ... done (1.62s, 117.43MB)
  Running img_21958.npy ... done (1.62s, 113.84MB)
  Running img_21959.npy ... done (1.63s, 116.69MB)
  Running img_2196.npy ... done (1.61s, 113.79MB)
  Running img_21960.npy ... done (1.63s, 116.54MB)
  Running img_21961.npy ... done (1.61s, 113.72MB)
  Running img_21962.npy ... done (1.68s, 124.41MB)
  Running img_21963.npy ... done (1.60s, 132.32MB)
  Running img_21964.npy ... done (1.61s, 135.09MB)
  Running img_21965.npy ... done (1.60s, 136.04MB)
  Running img_21966.npy ... done (1.65s, 132.57MB)
  Running img_21967.npy ... done (1.62s, 133.18MB)
  Running img_21968.npy ... done (1.62s, 134.06MB)
  Running img_21969.npy ... done (1.65s, 133.12MB)
  Running img_2197.npy ... done (1.65s, 134.86MB)
  Running img_21970.npy ... done (1.66s, 134.52MB)
  Running img_21971.npy ... done (1.74s, 134.72MB)
  Running img_21972.npy ... done (1.61s, 134.28MB)
  Running img_21973.npy ... done (1.63s, 134.87MB)
  Running img_21974.npy ... done (1.62s, 133.47MB)
  Running img_21975.npy ... done (1.62s, 133.30MB)
  Running img_21976.npy ... done (1.61s, 132.85MB)
  Running img_21977.npy ... done (1.63s, 133.50MB)
  Running img_21978.npy ... done (1.63s, 132.67MB)
  Running img_21979.npy ... done (1.65s, 133.25MB)
  Running img_2198.npy ... done (1.60s, 132.88MB)
  Running img_21980.npy ... done (1.61s, 134.32MB)
  Running img_21981.npy ... done (1.62s, 132.50MB)
  Running img_21982.npy ... done (1.63s, 133.22MB)
  Running img_21983.npy ... done (1.62s, 132.28MB)
  Running img_21984.npy ... done (1.61s, 132.71MB)
  Running img_21985.npy ... done (1.62s, 131.68MB)
  Running img_21986.npy ... done (1.60s, 132.78MB)
  Running img_21987.npy ... done (1.59s, 129.55MB)
  Running img_21988.npy ... done (1.64s, 127.73MB)
  Running img_21989.npy ... done (1.63s, 128.13MB)
  Running img_2199.npy ... done (1.63s, 127.27MB)
  Running img_21990.npy ... done (1.63s, 127.45MB)
  Running img_21991.npy ... done (1.62s, 125.06MB)
  Running img_21992.npy ... done (1.63s, 124.59MB)
  Running img_21993.npy ... done (1.67s, 122.40MB)
  Running img_21994.npy ... done (1.61s, 123.20MB)
  Running img_21995.npy ... done (1.66s, 122.62MB)
  Running img_21996.npy ... done (1.61s, 119.85MB)
  Running img_21997.npy ... done (1.63s, 121.92MB)
  Running img_21998.npy ... done (1.62s, 122.19MB)
  Running img_21999.npy ... done (1.85s, 121.84MB)
  Running img_22.npy ... done (1.65s, 119.37MB)
  Running img_220.npy ... done (1.64s, 121.56MB)
  Running img_2200.npy ... done (1.63s, 119.47MB)
  Running img_22000.npy ... done (1.64s, 121.65MB)
  Running img_22001.npy ... done (1.62s, 119.12MB)
  Running img_22002.npy ... done (1.63s, 120.70MB)
  Running img_22003.npy ... done (1.62s, 119.48MB)
  Running img_22004.npy ... done (1.64s, 119.53MB)
  Running img_22005.npy ... done (1.61s, 115.05MB)
  Running img_22006.npy ... done (1.65s, 117.69MB)
  Running img_22007.npy ... done (1.64s, 113.93MB)
  Running img_22008.npy ... done (1.64s, 117.73MB)
  Running img_22009.npy ... done (1.64s, 114.91MB)
  Running img_2201.npy ... done (1.65s, 116.84MB)
  Running img_22010.npy ... done (1.67s, 115.14MB)
  Running img_22011.npy ... done (1.62s, 117.44MB)
  Running img_22012.npy ... done (1.63s, 116.87MB)
  Running img_22013.npy ... done (1.63s, 133.61MB)
  Running img_22014.npy ... done (1.62s, 133.19MB)
  Running img_22015.npy ... done (1.62s, 134.90MB)
  Running img_22016.npy ... done (1.62s, 134.19MB)
  Running img_22017.npy ... done (1.63s, 133.14MB)
  Running img_22018.npy ... done (1.65s, 133.53MB)
  Running img_22019.npy ... done (1.61s, 133.73MB)
  Running img_2202.npy ... done (1.63s, 134.52MB)
  Running img_22020.npy ... done (1.65s, 134.88MB)
  Running img_22021.npy ... done (1.64s, 134.86MB)
  Running img_22022.npy ... done (1.62s, 135.02MB)
  Running img_22023.npy ... done (1.85s, 135.06MB)
  Running img_22024.npy ... done (1.60s, 135.05MB)
  Running img_22025.npy ... done (1.60s, 134.79MB)
  Running img_22026.npy ... done (1.61s, 134.68MB)
  Running img_22027.npy ... done (1.66s, 134.55MB)
  Running img_22028.npy ... done (1.62s, 134.39MB)
  Running img_22029.npy ... done (1.64s, 133.10MB)
  Running img_2203.npy ... done (1.64s, 133.16MB)
  Running img_22030.npy ... done (1.62s, 133.06MB)
  Running img_22031.npy ... done (1.63s, 133.21MB)
  Running img_22032.npy ... done (1.63s, 132.82MB)
  Running img_22033.npy ... done (1.60s, 132.57MB)
  Running img_22034.npy ... done (1.61s, 132.73MB)
  Running img_22035.npy ... done (1.61s, 132.83MB)
  Running img_22036.npy ... done (1.62s, 132.81MB)
  Running img_22037.npy ... done (1.61s, 132.77MB)
  Running img_22038.npy ... done (1.61s, 127.68MB)
  Running img_22039.npy ... done (1.62s, 129.61MB)
  Running img_2204.npy ... done (1.65s, 126.92MB)
  Running img_22040.npy ... done (1.63s, 128.26MB)
  Running img_22041.npy ... done (1.63s, 126.93MB)
  Running img_22042.npy ... done (1.63s, 126.69MB)
  Running img_22043.npy ... done (1.63s, 125.38MB)
  Running img_22044.npy ... done (1.62s, 125.36MB)
  Running img_22045.npy ... done (1.65s, 123.89MB)
  Running img_22046.npy ... done (1.64s, 125.20MB)
  Running img_22047.npy ... done (1.63s, 123.13MB)
  Running img_22048.npy ... done (1.64s, 123.75MB)
  Running img_22049.npy ... done (1.60s, 122.70MB)
  Running img_2205.npy ... done (1.63s, 123.26MB)
  Running img_22050.npy ... done (1.81s, 123.33MB)
  Running img_22051.npy ... done (1.61s, 122.84MB)
  Running img_22052.npy ... done (1.63s, 122.17MB)
  Running img_22053.npy ... done (1.62s, 122.56MB)
  Running img_22054.npy ... done (1.62s, 121.52MB)
  Running img_22055.npy ... done (1.62s, 122.73MB)
  Running img_22056.npy ... done (1.63s, 121.09MB)
  Running img_22057.npy ... done (1.61s, 123.02MB)
  Running img_22058.npy ... done (1.63s, 121.41MB)
  Running img_22059.npy ... done (1.62s, 122.59MB)
  Running img_2206.npy ... done (1.63s, 118.91MB)
  Running img_22060.npy ... done (1.63s, 118.93MB)
  Running img_22061.npy ... done (1.65s, 117.24MB)
  Running img_22062.npy ... done (1.62s, 117.67MB)
  Running img_22063.npy ... done (1.63s, 116.07MB)
  Running img_22064.npy ... done (1.62s, 117.73MB)
  Running img_22065.npy ... done (1.64s, 116.75MB)
  Running img_22066.npy ... done (1.62s, 117.01MB)
  Running img_22067.npy ... done (1.65s, 116.17MB)
  Running img_22068.npy ... done (1.62s, 117.15MB)
  Running img_22069.npy ... done (1.64s, 115.33MB)
  Running img_2207.npy ... done (1.64s, 121.60MB)
  Running img_22070.npy ... done (1.65s, 134.45MB)
  Running img_22071.npy ... done (1.64s, 132.88MB)
  Running img_22072.npy ... done (1.64s, 133.07MB)
  Running img_22073.npy ... done (1.60s, 133.57MB)
  Running img_22074.npy ... done (1.64s, 133.69MB)
  Running img_22075.npy ... done (1.63s, 133.86MB)
  Running img_22076.npy ... done (1.63s, 134.89MB)
  Running img_22077.npy ... done (1.62s, 135.05MB)
  Running img_22078.npy ... done (1.84s, 133.69MB)
  Running img_22079.npy ... done (1.61s, 134.92MB)
  Running img_2208.npy ... done (1.65s, 135.25MB)
  Running img_22080.npy ... done (1.61s, 135.09MB)
  Running img_22081.npy ... done (1.63s, 134.82MB)
  Running img_22082.npy ... done (1.61s, 134.88MB)
  Running img_22083.npy ... done (1.63s, 135.17MB)
  Running img_22084.npy ... done (1.60s, 134.69MB)
  Running img_22085.npy ... done (1.65s, 134.53MB)
  Running img_22086.npy ... done (1.62s, 134.66MB)
  Running img_22087.npy ... done (1.64s, 133.42MB)
  Running img_22088.npy ... done (1.62s, 132.98MB)
  Running img_22089.npy ... done (1.64s, 133.26MB)
  Running img_2209.npy ... done (1.60s, 133.06MB)
  Running img_22090.npy ... done (1.62s, 132.84MB)
  Running img_22091.npy ... done (1.60s, 133.18MB)
  Running img_22092.npy ... done (1.62s, 133.00MB)
  Running img_22093.npy ... done (1.63s, 132.98MB)
  Running img_22094.npy ... done (1.64s, 131.00MB)
  Running img_22095.npy ... done (1.61s, 129.31MB)
  Running img_22096.npy ... done (1.67s, 127.61MB)
  Running img_22097.npy ... done (1.60s, 128.28MB)
  Running img_22098.npy ... done (1.65s, 127.07MB)
  Running img_22099.npy ... done (1.63s, 128.17MB)
  Running img_221.npy ... done (1.64s, 125.60MB)
  Running img_2210.npy ... done (1.59s, 126.13MB)
  Running img_22100.npy ... done (1.65s, 124.32MB)
  Running img_22101.npy ... done (1.62s, 123.19MB)
  Running img_22102.npy ... done (1.63s, 122.28MB)
  Running img_22103.npy ... done (1.86s, 121.98MB)
  Running img_22104.npy ... done (1.60s, 121.77MB)
  Running img_22105.npy ... done (1.65s, 121.72MB)
  Running img_22106.npy ... done (1.61s, 121.36MB)
  Running img_22107.npy ... done (1.62s, 122.96MB)
  Running img_22108.npy ... done (1.64s, 121.11MB)
  Running img_22109.npy ... done (1.63s, 122.21MB)
  Running img_2211.npy ... done (1.63s, 120.85MB)
  Running img_22110.npy ... done (1.65s, 121.92MB)
  Running img_22111.npy ... done (1.63s, 118.49MB)
  Running img_22112.npy ... done (1.65s, 117.64MB)
  Running img_22113.npy ... done (1.66s, 115.94MB)
  Running img_22114.npy ... done (1.62s, 113.88MB)
  Running img_22115.npy ... done (1.63s, 116.70MB)
  Running img_22116.npy ... done (1.65s, 113.90MB)
  Running img_22117.npy ... done (1.65s, 117.23MB)
  Running img_22118.npy ... done (1.62s, 113.57MB)
  Running img_22119.npy ... done (1.65s, 116.89MB)
  Running img_2212.npy ... done (1.63s, 126.91MB)
  Running img_22120.npy ... done (1.63s, 134.31MB)
  Running img_22121.npy ... done (1.61s, 133.06MB)
  Running img_22122.npy ... done (1.64s, 131.74MB)
  Running img_22123.npy ... done (1.61s, 133.14MB)
  Running img_22124.npy ... done (1.68s, 133.63MB)
  Running img_22125.npy ... done (1.63s, 133.81MB)
  Running img_22126.npy ... done (1.66s, 134.68MB)
  Running img_22127.npy ... done (1.62s, 133.27MB)
  Running img_22128.npy ... done (1.65s, 134.88MB)
  Running img_22129.npy ... done (1.65s, 133.48MB)
  Running img_2213.npy ... done (1.80s, 134.60MB)
  Running img_22130.npy ... done (1.65s, 133.59MB)
  Running img_22131.npy ... done (1.64s, 134.68MB)
  Running img_22132.npy ... done (1.61s, 133.12MB)
  Running img_22133.npy ... done (1.63s, 134.74MB)
  Running img_22134.npy ... done (1.61s, 132.64MB)
  Running img_22135.npy ... done (1.62s, 134.88MB)
  Running img_22136.npy ... done (1.63s, 131.45MB)
  Running img_22137.npy ... done (1.62s, 134.61MB)
  Running img_22138.npy ... done (1.63s, 132.71MB)
  Running img_22139.npy ... done (1.64s, 134.59MB)
  Running img_2214.npy ... done (1.61s, 130.81MB)
  Running img_22140.npy ... done (1.62s, 134.54MB)
  Running img_22141.npy ... done (1.62s, 130.66MB)
  Running img_22142.npy ... done (1.62s, 132.85MB)
  Running img_22143.npy ... done (1.62s, 132.50MB)
  Running img_22144.npy ... done (1.61s, 132.53MB)
  Running img_22145.npy ... done (1.62s, 132.86MB)
  Running img_22146.npy ... done (1.61s, 132.82MB)
  Running img_22147.npy ... done (1.64s, 129.99MB)
  Running img_22148.npy ... done (1.66s, 129.08MB)
  Running img_22149.npy ... done (1.64s, 127.91MB)
  Running img_2215.npy ... done (1.62s, 127.15MB)
  Running img_22150.npy ... done (1.62s, 127.74MB)
  Running img_22151.npy ... done (1.63s, 126.79MB)
  Running img_22152.npy ... done (1.62s, 125.38MB)
  Running img_22153.npy ... done (1.62s, 124.60MB)
  Running img_22154.npy ... done (1.64s, 124.45MB)
  Running img_22155.npy ... done (1.63s, 122.62MB)
  Running img_22156.npy ... done (1.64s, 122.92MB)
  Running img_22157.npy ... done (1.72s, 121.99MB)
  Running img_22158.npy ... done (1.63s, 121.61MB)
  Running img_22159.npy ... done (1.64s, 121.66MB)
  Running img_2216.npy ... done (1.67s, 122.58MB)
  Running img_22160.npy ... done (1.63s, 121.38MB)
  Running img_22161.npy ... done (1.64s, 121.43MB)
  Running img_22162.npy ... done (1.63s, 121.42MB)
  Running img_22163.npy ... done (1.62s, 119.60MB)
  Running img_22164.npy ... done (1.64s, 117.14MB)
  Running img_22165.npy ... done (1.63s, 116.37MB)
  Running img_22166.npy ... done (1.63s, 116.27MB)
  Running img_22167.npy ... done (1.62s, 112.48MB)
  Running img_22168.npy ... done (1.64s, 115.77MB)
  Running img_22169.npy ... done (1.64s, 113.52MB)
  Running img_2217.npy ... done (1.62s, 116.57MB)
  Running img_22170.npy ... done (1.61s, 114.54MB)
  Running img_22171.npy ... done (1.62s, 116.53MB)
  Running img_22172.npy ... done (1.63s, 114.81MB)
  Running img_22173.npy ... done (1.64s, 119.99MB)
  Running img_22174.npy ... done (1.63s, 135.24MB)
  Running img_22175.npy ... done (1.60s, 134.11MB)
  Running img_22176.npy ... done (1.65s, 133.27MB)
  Running img_22177.npy ... done (1.62s, 133.24MB)
  Running img_22178.npy ... done (1.62s, 132.16MB)
  Running img_22179.npy ... done (1.62s, 133.59MB)
  Running img_2218.npy ... done (1.62s, 133.19MB)
  Running img_22180.npy ... done (1.63s, 134.81MB)
  Running img_22181.npy ... done (1.63s, 133.98MB)
  Running img_22182.npy ... done (1.65s, 134.72MB)
  Running img_22183.npy ... done (1.63s, 134.14MB)
  Running img_22184.npy ... done (1.86s, 134.48MB)
  Running img_22185.npy ... done (1.62s, 133.93MB)
  Running img_22186.npy ... done (1.64s, 133.46MB)
  Running img_22187.npy ... done (1.63s, 133.32MB)
  Running img_22188.npy ... done (1.62s, 134.53MB)
  Running img_22189.npy ... done (1.63s, 132.71MB)
  Running img_2219.npy ... done (1.61s, 133.15MB)
  Running img_22190.npy ... done (1.63s, 131.96MB)
  Running img_22191.npy ... done (1.63s, 132.86MB)
  Running img_22192.npy ... done (1.65s, 131.34MB)
  Running img_22193.npy ... done (1.62s, 130.33MB)
  Running img_22194.npy ... done (1.63s, 128.39MB)
  Running img_22195.npy ... done (1.63s, 127.46MB)
  Running img_22196.npy ... done (1.64s, 127.23MB)
  Running img_22197.npy ... done (1.62s, 126.91MB)
  Running img_22198.npy ... done (1.61s, 124.50MB)
  Running img_22199.npy ... done (1.62s, 123.83MB)
  Running img_222.npy ... done (1.59s, 125.59MB)
  Running img_2220.npy ... done (1.63s, 124.14MB)
  Running img_22200.npy ... done (1.61s, 124.82MB)
  Running img_22201.npy ... done (1.63s, 121.55MB)
  Running img_22202.npy ... done (1.61s, 123.36MB)
  Running img_22203.npy ... done (1.62s, 121.37MB)
  Running img_22204.npy ... done (1.65s, 123.13MB)
  Running img_22205.npy ... done (1.63s, 121.39MB)
  Running img_22206.npy ... done (1.62s, 122.91MB)
  Running img_22207.npy ... done (1.66s, 121.19MB)
  Running img_22208.npy ... done (1.62s, 122.52MB)
  Running img_22209.npy ... done (1.68s, 118.39MB)
  Running img_2221.npy ... done (2.04s, 114.91MB)
  Running img_22210.npy ... done (1.66s, 117.30MB)
  Running img_22211.npy ... done (1.66s, 114.90MB)
  Running img_22212.npy ... done (1.65s, 117.74MB)
  Running img_22213.npy ... done (1.62s, 113.70MB)
  Running img_22214.npy ... done (1.62s, 117.33MB)
  Running img_22215.npy ... done (1.63s, 113.01MB)
  Running img_22216.npy ... done (1.64s, 116.29MB)
  Running img_22217.npy ... done (1.63s, 114.29MB)
  Running img_22218.npy ... done (1.65s, 133.86MB)
  Running img_22219.npy ... done (1.61s, 132.38MB)
  Running img_2222.npy ... done (1.61s, 136.00MB)
  Running img_22220.npy ... done (1.60s, 132.80MB)
  Running img_22221.npy ... done (1.61s, 133.21MB)
  Running img_22222.npy ... done (1.60s, 132.80MB)
  Running img_22223.npy ... done (1.62s, 133.84MB)
  Running img_22224.npy ...