[Tue Nov  4 22:33:19 CET 2025] Running METHOD=ttk, DATASET=imagenet, DIM=0
Saving to results/ttk/imagenet/dim0.csv
Running ttk on datasets/imagenet_npy (maxdim=0)...
  Running img_0.npy ... done (3.76s, 130.95MB)
  Running img_1.npy ... done (3.14s, 124.18MB)
  Running img_10.npy ... done (3.28s, 116.86MB)
  Running img_100.npy ... done (3.24s, 125.25MB)
  Running img_1000.npy ... done (3.50s, 130.25MB)
  Running img_1001.npy ... done (3.13s, 130.33MB)
  Running img_1002.npy ... done (3.48s, 135.41MB)
  Running img_1003.npy ... done (3.31s, 129.86MB)
  Running img_1004.npy ... done (3.39s, 130.30MB)
  Running img_1005.npy ... done (3.16s, 123.93MB)
  Running img_1006.npy ... done (3.13s, 171.07MB)
  Running img_1007.npy ... done (2.90s, 190.57MB)
  Running img_1008.npy ... done (3.27s, 129.48MB)
  Running img_1009.npy ... done (3.35s, 121.55MB)
  Running img_101.npy ... done (3.15s, 135.69MB)
  Running img_1010.npy ... done (3.13s, 190.39MB)
  Running img_1011.npy ... done (3.39s, 127.03MB)
  Running img_1012.npy ... done (3.22s, 122.57MB)
  Running img_1013.npy ... done (3.24s, 145.87MB)
  Running img_1014.npy ... done (3.10s, 199.37MB)
  Running img_1015.npy ... done (2.92s, 188.83MB)
  Running img_1016.npy ... done (3.18s, 131.27MB)
  Running img_1017.npy ... done (2.76s, 177.68MB)
  Running img_1018.npy ... done (3.07s, 142.18MB)
  Running img_1019.npy ... done (3.40s, 125.93MB)
  Running img_102.npy ... done (3.47s, 124.90MB)
  Running img_1020.npy ... done (3.15s, 147.23MB)
  Running img_1021.npy ... done (3.01s, 161.16MB)
  Running img_1022.npy ... done (3.22s, 123.23MB)
  Running img_1023.npy ... done (3.23s, 123.71MB)
  Running img_1024.npy ... done (3.29s, 132.72MB)
  Running img_1025.npy ... done (3.07s, 191.27MB)
  Running img_1026.npy ... done (3.04s, 128.18MB)
  Running img_1027.npy ... done (3.10s, 121.17MB)
  Running img_1028.npy ... done (3.45s, 126.59MB)
  Running img_1029.npy ... done (3.25s, 136.70MB)
  Running img_103.npy ... done (3.07s, 133.35MB)
  Running img_1030.npy ... done (3.05s, 130.43MB)
  Running img_1031.npy ... done (3.10s, 115.23MB)
  Running img_1032.npy ... done (3.14s, 136.11MB)
  Running img_1033.npy ... done (3.24s, 130.74MB)
  Running img_1034.npy ... done (3.43s, 122.16MB)
  Running img_1035.npy ... done (3.18s, 121.41MB)
  Running img_1036.npy ... done (2.92s, 165.32MB)
  Running img_1037.npy ... done (2.97s, 134.92MB)
  Running img_1038.npy ... done (3.43s, 115.45MB)
  Running img_1039.npy ... done (3.27s, 137.54MB)
  Running img_104.npy ... done (3.37s, 197.83MB)
  Running img_1040.npy ... done (2.87s, 199.37MB)
  Running img_1041.npy ... done (3.25s, 131.51MB)
  Running img_1042.npy ... done (3.10s, 161.94MB)
  Running img_1043.npy ... done (2.82s, 174.29MB)
  Running img_1044.npy ... done (3.36s, 128.58MB)
  Running img_1045.npy ... done (3.86s, 116.95MB)
  Running img_1046.npy ... done (3.36s, 122.16MB)
  Running img_1047.npy ... done (3.08s, 166.18MB)
  Running img_1048.npy ... done (3.20s, 153.56MB)
  Running img_1049.npy ... done (3.09s, 120.00MB)
  Running img_105.npy ... done (3.22s, 130.57MB)
  Running img_1050.npy ... done (3.21s, 169.66MB)
  Running img_1051.npy ... done (3.06s, 168.26MB)
  Running img_1052.npy ... done (3.37s, 135.00MB)
  Running img_1053.npy ... done (3.16s, 127.21MB)
  Running img_1054.npy ... done (3.14s, 176.37MB)
  Running img_1055.npy ... done (3.20s, 128.73MB)
  Running img_1056.npy ... done (3.28s, 118.51MB)
  Running img_1057.npy ... done (3.16s, 132.42MB)
  Running img_1058.npy ... done (3.11s, 143.33MB)
  Running img_1059.npy ... done (3.36s, 146.18MB)
  Running img_106.npy ... done (3.16s, 125.14MB)
  Running img_1060.npy ... done (3.04s, 128.76MB)
  Running img_1061.npy ... done (3.05s, 171.87MB)
  Running img_1062.npy ... done (3.48s, 126.69MB)
  Running img_1063.npy ... done (3.08s, 117.40MB)
  Running img_1064.npy ... done (3.09s, 185.06MB)
  Running img_1065.npy ... done (3.06s, 199.65MB)
  Running img_1066.npy ... done (3.22s, 137.92MB)
  Running img_1067.npy ... done (2.82s, 196.80MB)
  Running img_1068.npy ... done (3.22s, 143.74MB)
  Running img_1069.npy ... done (3.50s, 128.30MB)
  Running img_107.npy ... done (3.66s, 120.28MB)
  Running img_1070.npy ... done (3.00s, 147.06MB)
  Running img_1071.npy ... done (3.18s, 170.01MB)
  Running img_1072.npy ... done (3.23s, 128.45MB)
  Running img_1073.npy ... done (3.34s, 122.30MB)
  Running img_1074.npy ... done (3.30s, 127.37MB)
  Running img_1075.npy ... done (3.67s, 148.03MB)
  Running img_1076.npy ... done (2.94s, 168.59MB)
  Running img_1077.npy ... done (3.47s, 126.89MB)
  Running img_1078.npy ... done (3.24s, 122.33MB)
  Running img_1079.npy ... done (3.13s, 141.39MB)
  Running img_108.npy ... done (3.04s, 130.34MB)
  Running img_1080.npy ... done (3.52s, 131.53MB)
  Running img_1081.npy ... done (3.45s, 120.89MB)
  Running img_1082.npy ... done (3.13s, 145.92MB)
  Running img_1083.npy ... done (3.17s, 191.70MB)
  Running img_1084.npy ... done (3.46s, 128.79MB)
  Running img_1085.npy ... done (3.15s, 122.39MB)
  Running img_1086.npy ... done (3.06s, 126.02MB)
  Running img_1087.npy ... done (3.11s, 157.74MB)
  Running img_1088.npy ... done (3.44s, 130.82MB)
  Running img_1089.npy ... done (3.15s, 125.49MB)
  Running img_109.npy ... done (3.17s, 147.48MB)
  Running img_1090.npy ... done (3.08s, 133.84MB)
  Running img_1091.npy ... done (3.47s, 128.71MB)
  Running img_1092.npy ... done (3.23s, 126.28MB)
  Running img_1093.npy ... done (2.79s, 131.79MB)
  Running img_1094.npy ... done (3.30s, 144.43MB)
  Running img_1095.npy ... done (3.38s, 123.91MB)
  Running img_1096.npy ... done (2.97s, 127.71MB)
  Running img_1097.npy ... done (3.13s, 136.33MB)
  Running img_1098.npy ... done (3.26s, 130.79MB)
  Running img_1099.npy ... done (2.88s, 129.93MB)
  Running img_11.npy ... done (3.11s, 146.99MB)
  Running img_110.npy ... done (3.18s, 144.29MB)
  Running img_1100.npy ... done (3.26s, 131.23MB)
  Running img_1101.npy ... done (3.19s, 118.00MB)
  Running img_1102.npy ... done (3.17s, 137.19MB)
  Running img_1103.npy ... done (3.45s, 177.81MB)
  Running img_1104.npy ... done (3.23s, 126.08MB)
  Running img_1105.npy ... done (3.21s, 130.80MB)
  Running img_1106.npy ... done (3.04s, 181.86MB)
  Running img_1107.npy ... done (3.02s, 130.33MB)
  Running img_1108.npy ... done (3.36s, 134.00MB)
  Running img_1109.npy ... done (3.05s, 127.91MB)
  Running img_111.npy ... done (2.91s, 183.93MB)
  Running img_1110.npy ... done (3.34s, 135.86MB)
  Running img_1111.npy ... done (3.13s, 117.45MB)
  Running img_1112.npy ... done (3.21s, 117.50MB)
  Running img_1113.npy ... done (3.27s, 147.79MB)
  Running img_1114.npy ... done (3.37s, 155.73MB)
  Running img_1115.npy ... done (3.26s, 134.60MB)
  Running img_1116.npy ... done (3.16s, 176.61MB)
  Running img_1117.npy ... done (2.92s, 136.16MB)
  Running img_1118.npy ... done (3.33s, 125.25MB)
  Running img_1119.npy ... done (3.12s, 122.95MB)
  Running img_112.npy ... done (3.33s, 164.60MB)
  Running img_1120.npy ... done (3.15s, 199.78MB)
  Running img_1121.npy ... done (3.13s, 119.98MB)
  Running img_1122.npy ... done (2.91s, 136.48MB)
  Running img_1123.npy ... done (2.97s, 155.49MB)
  Running img_1124.npy ... done (3.31s, 125.12MB)
  Running img_1125.npy ... done (2.99s, 118.12MB)
  Running img_1126.npy ... done (3.18s, 130.94MB)
  Running img_1127.npy ... done (2.78s, 129.10MB)
  Running img_1128.npy ... done (3.12s, 123.52MB)
  Running img_1129.npy ... done (3.10s, 127.94MB)
  Running img_113.npy ... done (3.32s, 137.61MB)
  Running img_1130.npy ... done (3.12s, 127.31MB)
  Running img_1131.npy ... done (2.97s, 116.99MB)
  Running img_1132.npy ... done (3.23s, 124.34MB)
  Running img_1133.npy ... done (3.20s, 138.00MB)
  Running img_1134.npy ... done (2.95s, 123.72MB)
  Running img_1135.npy ... done (3.50s, 126.04MB)
  Running img_1136.npy ... done (2.95s, 137.59MB)
  Running img_1137.npy ... done (3.02s, 160.36MB)
  Running img_1138.npy ... done (2.97s, 124.75MB)
  Running img_1139.npy ... done (2.90s, 120.95MB)
  Running img_114.npy ... done (2.78s, 143.45MB)
  Running img_1140.npy ... done (2.96s, 162.74MB)
  Running img_1141.npy ... done (3.23s, 127.23MB)
  Running img_1142.npy ... done (2.84s, 114.98MB)
  Running img_1143.npy ... done (3.00s, 144.03MB)
  Running img_1144.npy ... done (3.14s, 132.42MB)
  Running img_1145.npy ... done (3.06s, 126.47MB)
  Running img_1146.npy ... done (2.96s, 123.84MB)
  Running img_1147.npy ... done (3.21s, 144.43MB)
  Running img_1148.npy ... done (3.37s, 122.68MB)
  Running img_1149.npy ... done (3.21s, 127.24MB)
  Running img_115.npy ... done (3.20s, 137.74MB)
  Running img_1150.npy ... done (3.02s, 177.67MB)
  Running img_1151.npy ... done (3.23s, 122.98MB)
  Running img_1152.npy ... done (3.06s, 124.28MB)
  Running img_1153.npy ... done (2.73s, 125.76MB)
  Running img_1154.npy ... done (3.07s, 119.73MB)
  Running img_1155.npy ... done (3.06s, 125.70MB)
  Running img_1156.npy ... done (3.03s, 126.46MB)
  Running img_1157.npy ... done (2.98s, 144.31MB)
  Running img_1158.npy ... done (3.28s, 132.23MB)
  Running img_1159.npy ... done (3.10s, 141.94MB)
  Running img_116.npy ... done (2.94s, 133.45MB)
  Running img_1160.npy ... done (3.01s, 140.80MB)
  Running img_1161.npy ... done (2.90s, 127.19MB)
  Running img_1162.npy ... done (3.24s, 146.17MB)
  Running img_1163.npy ... done (2.84s, 136.57MB)
  Running img_1164.npy ... done (3.34s, 123.24MB)
  Running img_1165.npy ... done (3.16s, 130.21MB)
  Running img_1166.npy ... done (3.26s, 137.55MB)
  Running img_1167.npy ... done (3.28s, 123.63MB)
  Running img_1168.npy ... done (3.14s, 126.03MB)
  Running img_1169.npy ... done (3.24s, 129.81MB)
  Running img_117.npy ... done (3.27s, 122.05MB)
  Running img_1170.npy ... done (3.16s, 126.38MB)
  Running img_1171.npy ... done (3.16s, 165.18MB)
  Running img_1172.npy ... done (2.97s, 119.21MB)
  Running img_1173.npy ... done (3.31s, 126.67MB)
  Running img_1174.npy ... done (3.40s, 125.17MB)
  Running img_1175.npy ... done (3.27s, 128.34MB)
  Running img_1176.npy ... done (3.17s, 127.45MB)
  Running img_1177.npy ... done (3.13s, 119.96MB)
  Running img_1178.npy ... done (3.07s, 125.77MB)
  Running img_1179.npy ... done (2.83s, 171.41MB)
  Running img_118.npy ... done (3.09s, 127.04MB)
  Running img_1180.npy ... done (3.05s, 127.26MB)
  Running img_1181.npy ... done (2.82s, 136.76MB)
  Running img_1182.npy ... done (2.91s, 201.20MB)
  Running img_1183.npy ... done (2.87s, 126.16MB)
  Running img_1184.npy ... done (2.95s, 124.59MB)
  Running img_1185.npy ... done (3.02s, 133.11MB)
  Running img_1186.npy ... done (3.16s, 157.19MB)
  Running img_1187.npy ... done (3.08s, 128.92MB)
  Running img_1188.npy ... done (3.36s, 122.70MB)
  Running img_1189.npy ... done (2.93s, 167.30MB)
  Running img_119.npy ... done (2.87s, 133.55MB)
  Running img_1190.npy ... done (2.86s, 125.58MB)
  Running img_1191.npy ... done (2.83s, 131.39MB)
  Running img_1192.npy ... done (2.93s, 174.48MB)
  Running img_1193.npy ... done (3.30s, 162.71MB)
  Running img_1194.npy ... done (3.46s, 127.18MB)
  Running img_1195.npy ... done (3.24s, 133.39MB)
  Running img_1196.npy ... done (2.97s, 197.47MB)
  Running img_1197.npy ... done (3.45s, 127.28MB)
  Running img_1198.npy ... done (2.95s, 125.98MB)
  Running img_1199.npy ... done (3.12s, 147.98MB)
  Running img_12.npy ... done (2.80s, 161.50MB)
  Running img_120.npy ... done (2.99s, 125.85MB)
  Running img_1200.npy ... done (3.16s, 133.43MB)
  Running img_1201.npy ... done (3.14s, 165.97MB)
  Running img_1202.npy ... done (2.96s, 199.34MB)
  Running img_1203.npy ... done (2.87s, 132.53MB)
  Running img_1204.npy ... done (3.01s, 149.96MB)
  Running img_1205.npy ... done (3.07s, 163.35MB)
  Running img_1206.npy ... done (3.04s, 130.13MB)
  Running img_1207.npy ... done (2.96s, 118.47MB)
  Running img_1208.npy ... done (3.03s, 144.25MB)
  Running img_1209.npy ... done (3.25s, 162.38MB)
  Running img_121.npy ... done (3.52s, 136.25MB)
  Running img_1210.npy ... done (2.88s, 126.45MB)
  Running img_1211.npy ... done (3.04s, 147.57MB)
  Running img_1212.npy ... done (2.87s, 178.70MB)
  Running img_1213.npy ... done (3.16s, 125.71MB)
  Running img_1214.npy ... done (3.04s, 128.07MB)
  Running img_1215.npy ... done (3.10s, 159.96MB)
  Running img_1216.npy ... done (2.84s, 179.72MB)
  Running img_1217.npy ... done (3.47s, 121.79MB)
  Running img_1218.npy ... done (3.39s, 126.26MB)
  Running img_1219.npy ... done (2.74s, 199.00MB)
  Running img_122.npy ... done (2.80s, 174.18MB)
  Running img_1220.npy ... done (2.81s, 125.54MB)
  Running img_1221.npy ... done (3.07s, 124.77MB)
  Running img_1222.npy ... done (2.99s, 130.15MB)
  Running img_1223.npy ... done (3.18s, 129.01MB)
  Running img_1224.npy ... done (3.14s, 136.41MB)
  Running img_1225.npy ... done (2.87s, 153.30MB)
  Running img_1226.npy ... done (3.05s, 131.25MB)
  Running img_1227.npy ... done (3.15s, 125.63MB)
  Running img_1228.npy ... done (2.99s, 120.30MB)
  Running img_1229.npy ... done (3.06s, 127.52MB)
  Running img_123.npy ... done (3.04s, 129.59MB)
  Running img_1230.npy ... done (3.34s, 125.68MB)
  Running img_1231.npy ... done (3.28s, 118.71MB)
  Running img_1232.npy ... done (2.65s, 146.74MB)
  Running img_1233.npy ... done (3.24s, 154.11MB)
  Running img_1234.npy ... done (3.32s, 120.75MB)
  Running img_1235.npy ... done (3.25s, 121.43MB)
  Running img_1236.npy ... done (3.34s, 147.21MB)
  Running img_1237.npy ... done (2.87s, 161.37MB)
  Running img_1238.npy ... done (3.20s, 128.69MB)
  Running img_1239.npy ... done (3.35s, 123.12MB)
  Running img_124.npy ... done (3.02s, 155.71MB)
  Running img_1240.npy ... done (2.57s, 197.57MB)
  Running img_1241.npy ... done (3.10s, 119.75MB)
  Running img_1242.npy ... done (3.05s, 116.35MB)
  Running img_1243.npy ... done (2.50s, 199.78MB)
  Running img_1244.npy ... done (3.33s, 130.11MB)
  Running img_1245.npy ... done (3.15s, 116.65MB)
  Running img_1246.npy ... done (3.01s, 177.87MB)
  Running img_1247.npy ... done (2.85s, 148.94MB)
  Running img_1248.npy ... done (3.14s, 129.52MB)
  Running img_1249.npy ... done (3.16s, 143.70MB)
  Running img_125.npy ... done (2.96s, 183.13MB)
  Running img_1250.npy ... done (3.01s, 142.24MB)
  Running img_1251.npy ... done (3.00s, 124.95MB)
  Running img_1252.npy ... done (3.14s, 140.14MB)
  Running img_1253.npy ... done (3.11s, 147.23MB)
  Running img_1254.npy ... done (3.08s, 127.57MB)
  Running img_1255.npy ... done (2.84s, 124.04MB)
  Running img_1256.npy ... done (2.82s, 142.77MB)
  Running img_1257.npy ... done (2.77s, 127.97MB)
  Running img_1258.npy ... done (3.19s, 125.16MB)
  Running img_1259.npy ... done (3.12s, 125.15MB)
  Running img_126.npy ... done (2.69s, 137.09MB)
  Running img_1260.npy ... done (3.18s, 173.77MB)
  Running img_1261.npy ... done (3.35s, 128.46MB)
  Running img_1262.npy ... done (2.92s, 134.97MB)
  Running img_1263.npy ... done (3.11s, 135.02MB)
  Running img_1264.npy ... done (3.10s, 170.14MB)
  Running img_1265.npy ... done (3.08s, 121.98MB)
  Running img_1266.npy ... done (3.06s, 152.31MB)
  Running img_1267.npy ... done (2.76s, 167.67MB)
  Running img_1268.npy ... done (3.02s, 120.16MB)
  Running img_1269.npy ... done (3.12s, 129.96MB)
  Running img_127.npy ... done (3.06s, 147.46MB)
  Running img_1270.npy ... done (2.60s, 163.09MB)
  Running img_1271.npy ... done (2.76s, 128.81MB)
  Running img_1272.npy ... done (3.00s, 129.89MB)
  Running img_1273.npy ... done (2.84s, 130.95MB)
  Running img_1274.npy ... done (3.00s, 133.77MB)
  Running img_1275.npy ... done (3.06s, 120.13MB)
  Running img_1276.npy ... done (2.84s, 127.58MB)
  Running img_1277.npy ... done (2.96s, 162.94MB)
  Running img_1278.npy ... done (2.93s, 182.43MB)
  Running img_1279.npy ... done (2.76s, 127.57MB)
  Running img_128.npy ... done (3.15s, 159.58MB)
  Running img_1280.npy ... done (2.76s, 198.09MB)
  Running img_1281.npy ... done (2.76s, 124.27MB)
  Running img_1282.npy ... done (2.94s, 121.46MB)
  Running img_1283.npy ... done (3.05s, 171.29MB)
  Running img_1284.npy ... done (3.09s, 134.24MB)
  Running img_1285.npy ... done (3.08s, 125.28MB)
  Running img_1286.npy ... done (2.96s, 126.97MB)
  Running img_1287.npy ... done (2.69s, 150.05MB)
  Running img_1288.npy ... done (3.10s, 128.42MB)
  Running img_1289.npy ... done (3.13s, 135.71MB)
  Running img_129.npy ... done (2.53s, 174.94MB)
  Running img_1290.npy ... done (3.19s, 132.10MB)
  Running img_1291.npy ... done (3.33s, 125.67MB)
  Running img_1292.npy ... done (3.08s, 127.71MB)
  Running img_1293.npy ... done (3.05s, 140.50MB)
  Running img_1294.npy ... done (3.33s, 150.93MB)
  Running img_1295.npy ... done (3.10s, 126.84MB)
  Running img_1296.npy ... done (2.99s, 162.18MB)
  Running img_1297.npy ... done (2.71s, 194.46MB)
  Running img_1298.npy ... done (2.92s, 126.91MB)
  Running img_1299.npy ... done (2.91s, 127.05MB)
  Running img_13.npy ... done (2.75s, 130.16MB)
  Running img_130.npy ... done (3.14s, 151.55MB)
  Running img_1300.npy ... done (2.80s, 138.98MB)
  Running img_1301.npy ... done (2.77s, 152.32MB)
  Running img_1302.npy ... done (2.94s, 136.82MB)
  Running img_1303.npy ... done (3.06s, 126.78MB)
  Running img_1304.npy ... done (2.84s, 160.78MB)
  Running img_1305.npy ... done (2.92s, 158.53MB)
  Running img_1306.npy ... done (2.89s, 123.76MB)
  Running img_1307.npy ... done (3.01s, 145.56MB)
  Running img_1308.npy ... done (2.64s, 166.44MB)
  Running img_1309.npy ... done (3.01s, 134.65MB)
  Running img_131.npy ... done (2.92s, 123.31MB)
  Running img_1310.npy ... done (2.84s, 152.30MB)
  Running img_1311.npy ... done (2.78s, 170.50MB)
  Running img_1312.npy ... done (2.86s, 118.33MB)
  Running img_1313.npy ... done (2.82s, 149.04MB)
  Running img_1314.npy ... done (2.56s, 190.37MB)
  Running img_1315.npy ... done (2.80s, 132.56MB)
  Running img_1316.npy ... done (2.76s, 142.88MB)
  Running img_1317.npy ... done (2.48s, 172.39MB)
  Running img_1318.npy ... done (2.98s, 126.82MB)
  Running img_1319.npy ... done (2.69s, 121.00MB)
  Running img_132.npy ... done (2.93s, 160.55MB)
  Running img_1320.npy ... done (2.71s, 127.46MB)
  Running img_1321.npy ... done (2.87s, 121.24MB)
  Running img_1322.npy ... done (2.61s, 170.49MB)
  Running img_1323.npy ... done (2.66s, 176.41MB)
  Running img_1324.npy ... done (2.84s, 121.23MB)
  Running img_1325.npy ... done (2.82s, 125.29MB)
  Running img_1326.npy ... done (2.38s, 199.14MB)
  Running img_1327.npy ... done (2.93s, 126.77MB)
  Running img_1328.npy ... done (2.90s, 127.71MB)
  Running img_1329.npy ... done (2.75s, 190.67MB)
  Running img_133.npy ... done (2.64s, 145.57MB)
  Running img_1330.npy ... done (2.66s, 129.06MB)
  Running img_1331.npy ... done (2.71s, 144.67MB)
  Running img_1332.npy ... done (2.68s, 159.35MB)
  Running img_1333.npy ... done (2.81s, 132.03MB)
  Running img_1334.npy ... done (2.64s, 138.00MB)
  Running img_1335.npy ... done (2.55s, 191.28MB)
  Running img_1336.npy ... done (2.76s, 187.34MB)
  Running img_1337.npy ... done (3.00s, 138.10MB)
  Running img_1338.npy ... done (2.62s, 134.07MB)
  Running img_1339.npy ... done (2.91s, 132.11MB)
  Running img_134.npy ... done (2.56s, 130.63MB)
  Running img_1340.npy ... done (2.71s, 164.48MB)
  Running img_1341.npy ... done (2.52s, 178.93MB)
  Running img_1342.npy ... done (2.90s, 127.89MB)
  Running img_1343.npy ... done (2.59s, 192.95MB)
  Running img_1344.npy ... done (2.51s, 132.20MB)
  Running img_1345.npy ... done (2.67s, 129.72MB)
  Running img_1346.npy ... done (2.75s, 183.49MB)
  Running img_1347.npy ... done (2.42s, 154.87MB)
  Running img_1348.npy ... done (2.83s, 122.91MB)
  Running img_1349.npy ... done (2.73s, 151.06MB)
  Running img_135.npy ... done (2.46s, 162.27MB)
  Running img_1350.npy ... done (2.59s, 133.01MB)
  Running img_1351.npy ... done (2.87s, 124.27MB)
  Running img_1352.npy ... done (2.47s, 173.39MB)
  Running img_1353.npy ... done (2.63s, 167.34MB)
  Running img_1354.npy ... done (3.04s, 120.04MB)
  Running img_1355.npy ... done (2.87s, 157.61MB)
  Running img_1356.npy ... done (2.49s, 187.51MB)
  Running img_1357.npy ... done (2.98s, 129.69MB)
  Running img_1358.npy ... done (2.70s, 124.79MB)
  Running img_1359.npy ... done (2.66s, 166.46MB)
  Running img_136.npy ... done (2.31s, 189.67MB)
  Running img_1360.npy ... done (2.90s, 124.62MB)
  Running img_1361.npy ... done (2.63s, 142.32MB)
  Running img_1362.npy ... done (2.84s, 154.93MB)
  Running img_1363.npy ... done (2.78s, 133.09MB)
  Running img_1364.npy ... done (3.05s, 124.45MB)
  Running img_1365.npy ... done (2.79s, 144.51MB)
  Running img_1366.npy ... done (2.68s, 186.79MB)
  Running img_1367.npy ... done (2.87s, 126.24MB)
  Running img_1368.npy ... done (3.01s, 137.14MB)
  Running img_1369.npy ... done (2.46s, 199.10MB)
  Running img_137.npy ... done (2.84s, 130.06MB)
  Running img_1370.npy ... done (2.44s, 141.70MB)
  Running img_1371.npy ... done (2.63s, 132.77MB)
  Running img_1372.npy ... done (2.65s, 134.62MB)
  Running img_1373.npy ... done (3.07s, 124.65MB)
  Running img_1374.npy ... done (2.63s, 146.87MB)
  Running img_1375.npy ... done (2.48s, 197.81MB)
  Running img_1376.npy ... done (2.76s, 121.13MB)
  Running img_1377.npy ... done (3.02s, 130.00MB)
  Running img_1378.npy ... done (2.79s, 146.62MB)
  Running img_1379.npy ... done (2.56s, 156.39MB)
  Running img_138.npy ... done (2.69s, 123.48MB)
  Running img_1380.npy ... done (2.68s, 135.50MB)
  Running img_1381.npy ... done (2.70s, 156.18MB)
  Running img_1382.npy ... done (3.01s, 163.45MB)
  Running img_1383.npy ... done (2.84s, 125.64MB)
  Running img_1384.npy ... done (2.89s, 144.57MB)
  Running img_1385.npy ... done (2.44s, 172.43MB)
  Running img_1386.npy ... done (2.74s, 129.98MB)
  Running img_1387.npy ... done (2.64s, 130.04MB)
  Running img_1388.npy ... done (3.05s, 144.79MB)
  Running img_1389.npy ... done (2.79s, 169.34MB)
  Running img_139.npy ... done (2.82s, 126.24MB)
  Running img_1390.npy ... done (2.80s, 130.30MB)
  Running img_1391.npy ... done (2.62s, 165.49MB)
  Running img_1392.npy ... done (2.80s, 155.70MB)
  Running img_1393.npy ... done (2.75s, 134.71MB)
  Running img_1394.npy ... done (2.59s, 156.41MB)
  Running img_1395.npy ... done (2.82s, 177.92MB)
  Running img_1396.npy ... done (2.82s, 128.09MB)
  Running img_1397.npy ... done (2.77s, 124.23MB)
  Running img_1398.npy ... done (2.40s, 133.42MB)
  Running img_1399.npy ... done (2.75s, 132.60MB)
  Running img_14.npy ... done (2.82s, 124.49MB)
  Running img_140.npy ... done (2.49s, 163.63MB)
  Running img_1400.npy ... done (2.62s, 197.90MB)
  Running img_1401.npy ... done (3.12s, 126.90MB)
  Running img_1402.npy ... done (3.06s, 137.16MB)
  Running img_1403.npy ... done (2.63s, 198.39MB)
  Running img_1404.npy ... done (2.74s, 148.13MB)
  Running img_1405.npy ... done (2.46s, 124.04MB)
  Running img_1406.npy ... done (2.58s, 155.48MB)
  Running img_1407.npy ... done (2.85s, 131.35MB)
  Running img_1408.npy ... done (2.88s, 123.26MB)
  Running img_1409.npy ... done (2.58s, 126.47MB)
  Running img_141.npy ... done (2.64s, 131.52MB)
  Running img_1410.npy ... done (2.82s, 127.88MB)
  Running img_1411.npy ... done (2.69s, 118.66MB)
  Running img_1412.npy ... done (2.99s, 160.86MB)
  Running img_1413.npy ... done (2.65s, 181.57MB)
  Running img_1414.npy ... done (2.55s, 128.03MB)
  Running img_1415.npy ... done (2.81s, 147.74MB)
  Running img_1416.npy ... done (2.43s, 134.00MB)
  Running img_1417.npy ... done (2.88s, 126.53MB)
  Running img_1418.npy ... done (2.91s, 124.74MB)
  Running img_1419.npy ... done (2.49s, 169.54MB)
  Running img_142.npy ... done (2.80s, 142.16MB)
  Running img_1420.npy ... done (3.11s, 112.28MB)
  Running img_1421.npy ... done (2.86s, 122.32MB)
  Running img_1422.npy ... done (2.59s, 133.65MB)
  Running img_1423.npy ... done (2.84s, 126.20MB)
  Running img_1424.npy ... done (2.49s, 119.56MB)
  Running img_1425.npy ... done (2.49s, 170.09MB)
  Running img_1426.npy ... done (2.72s, 128.78MB)
  Running img_1427.npy ... done (2.77s, 115.99MB)
  Running img_1428.npy ... done (2.61s, 144.90MB)
  Running img_1429.npy ... done (2.95s, 130.80MB)
  Running img_143.npy ... done (2.63s, 114.59MB)
  Running img_1430.npy ... done (2.62s, 123.17MB)
  Running img_1431.npy ... done (2.78s, 185.23MB)
  Running img_1432.npy ... done (2.78s, 125.22MB)
  Running img_1433.npy ... done (2.94s, 124.93MB)
  Running img_1434.npy ... done (2.70s, 124.13MB)
  Running img_1435.npy ... done (2.46s, 139.84MB)
  Running img_1436.npy ... done (2.62s, 125.74MB)
  Running img_1437.npy ... done (2.42s, 116.77MB)
  Running img_1438.npy ... done (2.42s, 155.88MB)
  Running img_1439.npy ... done (2.73s, 131.63MB)
  Running img_144.npy ... done (2.58s, 122.55MB)
  Running img_1440.npy ... done (2.31s, 180.95MB)
  Running img_1441.npy ... done (2.43s, 149.11MB)
  Running img_1442.npy ... done (2.60s, 120.80MB)
  Running img_1443.npy ... done (2.38s, 190.47MB)
  Running img_1444.npy ... done (2.38s, 179.79MB)
  Running img_1445.npy ... done (2.73s, 127.29MB)
  Running img_1446.npy ... done (2.70s, 125.96MB)
  Running img_1447.npy ... done (2.49s, 168.79MB)
  Running img_1448.npy ... done (2.37s, 163.12MB)
  Running img_1449.npy ... done (2.46s, 127.18MB)
  Running img_145.npy ... done (2.35s, 145.16MB)
  Running img_1450.npy ... done (2.49s, 129.24MB)
  Running img_1451.npy ... done (2.56s, 122.61MB)
  Running img_1452.npy ... done (2.53s, 165.16MB)
  Running img_1453.npy ... done (2.31s, 173.00MB)
  Running img_1454.npy ... done (2.55s, 120.18MB)
  Running img_1455.npy ... done (2.43s, 153.06MB)
  Running img_1456.npy ... done (2.63s, 158.61MB)
  Running img_1457.npy ... done (2.65s, 128.95MB)
  Running img_1458.npy ... done (2.92s, 133.88MB)
  Running img_1459.npy ... done (2.40s, 169.98MB)
  Running img_146.npy ... done (2.49s, 157.39MB)
  Running img_1460.npy ... done (2.73s, 130.42MB)
  Running img_1461.npy ... done (2.58s, 164.30MB)
  Running img_1462.npy ... done (2.48s, 193.27MB)
  Running img_1463.npy ... done (2.98s, 123.52MB)
  Running img_1464.npy ... done (2.48s, 153.03MB)
  Running img_1465.npy ... done (2.39s, 145.96MB)
  Running img_1466.npy ... done (2.50s, 124.13MB)
  Running img_1467.npy ... done (2.54s, 122.29MB)
  Running img_1468.npy ... done (2.22s, 132.07MB)
  Running img_1469.npy ... done (2.60s, 134.11MB)
  Running img_147.npy ... done (2.65s, 123.64MB)
  Running img_1470.npy ... done (2.29s, 197.84MB)
  Running img_1471.npy ... done (2.31s, 176.77MB)
  Running img_1472.npy ... done (2.51s, 120.70MB)
  Running img_1473.npy ... done (2.64s, 168.52MB)
  Running img_1474.npy ... done (2.32s, 179.46MB)
  Running img_1475.npy ... done (2.49s, 122.45MB)
  Running img_1476.npy ... done (2.85s, 127.00MB)
  Running img_1477.npy ... done (2.41s, 185.98MB)
  Running img_1478.npy ... done (2.60s, 121.39MB)
  Running img_1479.npy ... done (2.69s, 135.65MB)
  Running img_148.npy ... done (2.30s, 172.32MB)
  Running img_1480.npy ... done (2.64s, 131.81MB)
  Running img_1481.npy ... done (2.65s, 124.05MB)
  Running img_1482.npy ... done (2.55s, 165.64MB)
  Running img_1483.npy ... done (2.53s, 191.34MB)
  Running img_1484.npy ... done (2.74s, 126.84MB)
  Running img_1485.npy ... done (2.84s, 152.17MB)
  Running img_1486.npy ... done (2.46s, 197.75MB)
  Running img_1487.npy ... done (2.91s, 123.31MB)
  Running img_1488.npy ... done (2.67s, 124.09MB)
  Running img_1489.npy ... done (2.36s, 170.65MB)
  Running img_149.npy ... done (2.79s, 133.59MB)
  Running img_1490.npy ... done (2.54s, 119.41MB)
  Running img_1491.npy ... done (2.51s, 157.01MB)
  Running img_1492.npy ... done (2.62s, 135.71MB)
  Running img_1493.npy ... done (2.97s, 129.98MB)
  Running img_1494.npy ... done (2.90s, 117.66MB)
  Running img_1495.npy ... done (2.53s, 132.47MB)
  Running img_1496.npy ... done (2.87s, 123.71MB)
  Running img_1497.npy ... done (2.55s, 129.91MB)
  Running img_1498.npy ... done (2.57s, 193.40MB)
  Running img_1499.npy ... done (2.94s, 134.58MB)
  Running img_15.npy ... done (2.74s, 120.42MB)
  Running img_150.npy ... done (2.70s, 129.31MB)
  Running img_1500.npy ... done (2.45s, 129.61MB)
  Running img_1501.npy ... done (2.92s, 141.09MB)
  Running img_1502.npy ... done (2.60s, 124.91MB)
  Running img_1503.npy ... done (2.58s, 133.85MB)
  Running img_1504.npy ... done (2.67s, 158.54MB)
  Running img_1505.npy ... done (2.97s, 129.04MB)
  Running img_1506.npy ... done (2.64s, 116.27MB)
  Running img_1507.npy ... done (2.59s, 166.93MB)
  Running img_1508.npy ... done (2.61s, 168.70MB)
  Running img_1509.npy ... done (2.92s, 123.11MB)
  Running img_151.npy ... done (2.49s, 133.88MB)
  Running img_1510.npy ... done (2.61s, 133.21MB)
  Running img_1511.npy ... done (3.06s, 127.95MB)
  Running img_1512.npy ... done (2.68s, 135.45MB)
  Running img_1513.npy ... done (2.22s, 186.79MB)
  Running img_1514.npy ... done (2.66s, 151.94MB)
  Running img_1515.npy ... done (2.68s, 127.13MB)
  Running img_1516.npy ... done (2.54s, 146.01MB)
  Running img_1517.npy ... done (2.29s, 130.94MB)
  Running img_1518.npy ... done (2.89s, 127.69MB)
  Running img_1519.npy ... done (2.89s, 126.57MB)
  Running img_152.npy ... done (2.79s, 148.58MB)
  Running img_1520.npy ... done (2.54s, 199.30MB)
  Running img_1521.npy ... done (2.69s, 122.66MB)
  Running img_1522.npy ... done (2.64s, 127.26MB)
  Running img_1523.npy ... done (2.63s, 182.34MB)
  Running img_1524.npy ... done (2.74s, 132.39MB)
  Running img_1525.npy ... done (2.63s, 126.21MB)
  Running img_1526.npy ... done (2.89s, 141.13MB)
  Running img_1527.npy ... done (2.40s, 199.07MB)
  Running img_1528.npy ... done (2.91s, 123.96MB)
  Running img_1529.npy ... done (2.98s, 117.64MB)
  Running img_153.npy ... done (2.75s, 147.54MB)
  Running img_1530.npy ... done (2.48s, 132.72MB)
  Running img_1531.npy ... done (2.94s, 126.80MB)
  Running img_1532.npy ... done (2.76s, 123.82MB)
  Running img_1533.npy ... done (2.58s, 140.05MB)
  Running img_1534.npy ... done (2.61s, 152.12MB)
  Running img_1535.npy ... done (2.78s, 125.06MB)
  Running img_1536.npy ... done (2.60s, 141.35MB)
  Running img_1537.npy ... done (2.43s, 177.75MB)
  Running img_1538.npy ... done (2.72s, 136.56MB)
  Running img_1539.npy ... done (2.67s, 121.53MB)
  Running img_154.npy ... done (2.82s, 140.88MB)
  Running img_1540.npy ... done (2.64s, 196.83MB)
  Running img_1541.npy ... done (2.54s, 126.75MB)
  Running img_1542.npy ... done (2.58s, 127.33MB)
  Running img_1543.npy ... done (2.61s, 150.35MB)
  Running img_1544.npy ... done (2.58s, 128.06MB)
  Running img_1545.npy ... done (2.82s, 140.80MB)
  Running img_1546.npy ... done (3.03s, 152.07MB)
  Running img_1547.npy ... done (2.50s, 177.62MB)
  Running img_1548.npy ... done (2.57s, 122.17MB)
  Running img_1549.npy ... done (2.70s, 128.37MB)
  Running img_155.npy ... done (2.75s, 149.77MB)
  Running img_1550.npy ... done (2.30s, 162.14MB)
  Running img_1551.npy ... done (2.49s, 129.86MB)
  Running img_1552.npy ... done (2.31s, 128.16MB)
  Running img_1553.npy ... done (2.29s, 180.56MB)
  Running img_1554.npy ... done (2.44s, 128.92MB)
  Running img_1555.npy ... done (2.42s, 134.57MB)
  Running img_1556.npy ... done (2.40s, 180.15MB)
  Running img_1557.npy ... done (2.49s, 136.79MB)
  Running img_1558.npy ... done (2.73s, 115.18MB)
  Running img_1559.npy ... done (2.14s, 154.46MB)
  Running img_156.npy ... done (2.29s, 115.50MB)
  Running img_1560.npy ... done (2.76s, 121.60MB)
  Running img_1561.npy ... done (2.71s, 128.71MB)
  Running img_1562.npy ... done (2.47s, 128.76MB)
  Running img_1563.npy ... done (2.32s, 125.38MB)
  Running img_1564.npy ... done (2.69s, 121.71MB)
  Running img_1565.npy ... done (2.72s, 125.86MB)
  Running img_1566.npy ... done (2.55s, 140.35MB)
  Running img_1567.npy ... done (2.68s, 125.79MB)
  Running img_1568.npy ... done (2.50s, 123.84MB)
  Running img_1569.npy ... done (2.82s, 130.03MB)
  Running img_157.npy ... done (2.93s, 124.80MB)
  Running img_1570.npy ... done (2.47s, 126.61MB)
  Running img_1571.npy ... done (2.60s, 151.91MB)
  Running img_1572.npy ... done (2.50s, 132.83MB)
  Running img_1573.npy ... done (2.61s, 131.50MB)
  Running img_1574.npy ... done (2.54s, 133.54MB)
  Running img_1575.npy ... done (2.59s, 162.95MB)
  Running img_1576.npy ... done (2.46s, 133.64MB)
  Running img_1577.npy ... done (2.68s, 121.02MB)
  Running img_1578.npy ... done (2.64s, 141.17MB)
  Running img_1579.npy ... done (2.76s, 129.76MB)
  Running img_158.npy ... done (2.58s, 126.34MB)
  Running img_1580.npy ... done (2.65s, 129.30MB)
  Running img_1581.npy ... done (2.83s, 118.93MB)
  Running img_1582.npy ... done (2.56s, 136.96MB)
  Running img_1583.npy ... done (2.63s, 155.62MB)
  Running img_1584.npy ... done (2.41s, 130.45MB)
  Running img_1585.npy ... done (2.56s, 129.75MB)
  Running img_1586.npy ... done (2.30s, 136.12MB)
  Running img_1587.npy ... done (2.46s, 138.45MB)
  Running img_1588.npy ... done (2.54s, 114.37MB)
  Running img_1589.npy ... done (2.66s, 135.98MB)
  Running img_159.npy ... done (2.54s, 131.37MB)
  Running img_1590.npy ... done (2.25s, 148.52MB)
  Running img_1591.npy ... done (2.24s, 128.58MB)
  Running img_1592.npy ... done (2.38s, 148.45MB)
  Running img_1593.npy ... done (2.37s, 127.27MB)
  Running img_1594.npy ... done (2.63s, 128.09MB)
  Running img_1595.npy ... done (2.52s, 131.74MB)
  Running img_1596.npy ... done (2.54s, 125.20MB)
  Running img_1597.npy ... done (2.80s, 129.21MB)
  Running img_1598.npy ... done (2.36s, 140.64MB)
  Running img_1599.npy ... done (2.25s, 139.45MB)
  Running img_16.npy ... done (2.83s, 120.30MB)
  Running img_160.npy ... done (3.06s, 132.11MB)
  Running img_1600.npy ... done (2.68s, 140.21MB)
  Running img_1601.npy ... done (2.53s, 128.00MB)
  Running img_1602.npy ... done (2.78s, 147.93MB)
  Running img_1603.npy ... done (2.56s, 131.98MB)
  Running img_1604.npy ... done (2.68s, 127.11MB)
  Running img_1605.npy ... done (2.48s, 132.81MB)
  Running img_1606.npy ... done (2.63s, 130.48MB)
  Running img_1607.npy ... done (2.81s, 148.63MB)
  Running img_1608.npy ... done (2.50s, 129.91MB)
  Running img_1609.npy ... done (2.61s, 152.78MB)
  Running img_161.npy ... done (2.64s, 131.82MB)
  Running img_1610.npy ... done (2.57s, 149.52MB)
  Running img_1611.npy ... done (2.61s, 141.31MB)
  Running img_1612.npy ... done (2.82s, 115.34MB)
  Running img_1613.npy ... done (2.61s, 133.75MB)
  Running img_1614.npy ... done (2.81s, 122.52MB)
  Running img_1615.npy ... done (2.45s, 117.08MB)
  Running img_1616.npy ... done (2.52s, 128.66MB)
  Running img_1617.npy ... done (3.08s, 114.66MB)
  Running img_1618.npy ... done (2.81s, 137.28MB)
  Running img_1619.npy ... done (2.61s, 130.77MB)
  Running img_162.npy ... done (2.64s, 133.06MB)
  Running img_1620.npy ... done (2.78s, 136.91MB)
  Running img_1621.npy ... done (2.59s, 160.26MB)
  Running img_1622.npy ... done (2.52s, 128.40MB)
  Running img_1623.npy ... done (2.62s, 109.63MB)
  Running img_1624.npy ... done (2.66s, 136.96MB)
  Running img_1625.npy ... done (2.62s, 118.02MB)
  Running img_1626.npy ... done (2.70s, 120.06MB)
  Running img_1627.npy ... done (2.66s, 117.91MB)
  Running img_1628.npy ... done (2.64s, 125.99MB)
  Running img_1629.npy ... done (2.67s, 155.71MB)
  Running img_163.npy ... done (2.79s, 127.57MB)
  Running img_1630.npy ... done (2.73s, 132.89MB)
  Running img_1631.npy ... done (2.68s, 152.97MB)
  Running img_1632.npy ... done (2.83s, 129.91MB)
  Running img_1633.npy ... done (2.60s, 123.82MB)
  Running img_1634.npy ... done (2.95s, 127.91MB)
  Running img_1635.npy ... done (2.86s, 170.75MB)
  Running img_1636.npy ... done (2.66s, 132.86MB)
  Running img_1637.npy ... done (2.75s, 135.08MB)
  Running img_1638.npy ... done (2.63s, 124.06MB)
  Running img_1639.npy ... done (2.23s, 119.88MB)
  Running img_164.npy ... done (2.42s, 129.25MB)
  Running img_1640.npy ... done (2.40s, 117.77MB)
  Running img_1641.npy ... done (2.25s, 144.77MB)
  Running img_1642.npy ... done (2.27s, 126.55MB)
  Running img_1643.npy ... done (2.45s, 112.52MB)
  Running img_1644.npy ... done (2.39s, 138.30MB)
  Running img_1645.npy ... done (2.36s, 123.56MB)
  Running img_1646.npy ... done (2.56s, 135.88MB)
  Running img_1647.npy ... done (2.38s, 126.23MB)
  Running img_1648.npy ... done (2.39s, 118.09MB)
  Running img_1649.npy ... done (2.49s, 125.84MB)
  Running img_165.npy ... done (2.80s, 124.96MB)
  Running img_1650.npy ... done (2.39s, 127.83MB)
  Running img_1651.npy ... done (2.38s, 188.71MB)
  Running img_1652.npy ... done (2.53s, 120.24MB)
  Running img_1653.npy ... done (2.52s, 138.81MB)
  Running img_1654.npy ... done (2.36s, 164.07MB)
  Running img_1655.npy ... done (2.35s, 124.59MB)
  Running img_1656.npy ... done (2.47s, 126.54MB)
  Running img_1657.npy ... done (2.50s, 158.71MB)
  Running img_1658.npy ... done (2.39s, 126.06MB)
  Running img_1659.npy ... done (2.34s, 128.23MB)
  Running img_166.npy ... done (2.36s, 143.10MB)
  Running img_1660.npy ... done (2.51s, 120.69MB)
  Running img_1661.npy ... done (2.42s, 140.96MB)
  Running img_1662.npy ... done (2.45s, 127.18MB)
  Running img_1663.npy ... done (2.42s, 133.03MB)
  Running img_1664.npy ... done (2.64s, 128.01MB)
  Running img_1665.npy ... done (2.67s, 123.44MB)
  Running img_1666.npy ... done (2.67s, 133.03MB)
  Running img_1667.npy ... done (2.60s, 128.45MB)
  Running img_1668.npy ... done (2.53s, 152.82MB)
  Running img_1669.npy ... done (2.32s, 128.22MB)
  Running img_167.npy ... done (2.61s, 122.59MB)
  Running img_1670.npy ... done (2.75s, 124.83MB)
  Running img_1671.npy ... done (2.89s, 123.07MB)
  Running img_1672.npy ... done (3.07s, 139.90MB)
  Running img_1673.npy ... done (2.68s, 182.42MB)
  Running img_1674.npy ... done (2.46s, 132.84MB)
  Running img_1675.npy ... done (2.75s, 132.09MB)
  Running img_1676.npy ... done (2.53s, 172.78MB)
  Running img_1677.npy ... done (2.70s, 128.68MB)
  Running img_1678.npy ... done (2.63s, 135.49MB)
  Running img_1679.npy ... done (2.47s, 148.35MB)
  Running img_168.npy ... done (2.59s, 135.52MB)
  Running img_1680.npy ... done (2.68s, 145.90MB)
  Running img_1681.npy ... done (2.80s, 132.96MB)
  Running img_1682.npy ... done (2.44s, 149.05MB)
  Running img_1683.npy ... done (2.52s, 139.79MB)
  Running img_1684.npy ... done (2.51s, 130.00MB)
  Running img_1685.npy ... done (2.63s, 147.59MB)
  Running img_1686.npy ... done (2.68s, 135.30MB)
  Running img_1687.npy ... done (2.63s, 198.47MB)
  Running img_1688.npy ... done (2.59s, 130.82MB)
  Running img_1689.npy ... done (2.80s, 124.91MB)
  Running img_169.npy ... done (2.83s, 199.20MB)
  Running img_1690.npy ... done (2.68s, 130.25MB)
  Running img_1691.npy ... done (2.69s, 125.21MB)
  Running img_1692.npy ... done (2.56s, 138.15MB)
  Running img_1693.npy ... done (2.43s, 128.76MB)
  Running img_1694.npy ... done (2.66s, 122.29MB)
  Running img_1695.npy ... done (2.73s, 125.33MB)
  Running img_1696.npy ... done (2.44s, 179.05MB)
  Running img_1697.npy ... done (2.42s, 130.42MB)
  Running img_1698.npy ... done (2.57s, 123.03MB)
  Running img_1699.npy ... done (2.88s, 130.21MB)
  Running img_17.npy ... done (2.25s, 130.51MB)
  Running img_170.npy ... done (2.79s, 131.02MB)
  Running img_1700.npy ... done (2.84s, 128.11MB)
  Running img_1701.npy ... done (2.46s, 174.39MB)
  Running img_1702.npy ... done (2.75s, 196.95MB)
  Running img_1703.npy ... done (2.72s, 122.78MB)
  Running img_1704.npy ... done (2.59s, 139.64MB)
  Running img_1705.npy ... done (2.65s, 136.30MB)
  Running img_1706.npy ... done (3.15s, 125.89MB)
  Running img_1707.npy ... done (2.87s, 132.38MB)
  Running img_1708.npy ... done (2.19s, 197.07MB)
  Running img_1709.npy ... done (3.01s, 146.60MB)
  Running img_171.npy ... done (2.58s, 133.98MB)
  Running img_1710.npy ... done (2.53s, 157.88MB)
  Running img_1711.npy ... done (2.57s, 131.27MB)
  Running img_1712.npy ... done (2.85s, 124.89MB)
  Running img_1713.npy ... done (2.67s, 142.80MB)
  Running img_1714.npy ... done (2.46s, 131.74MB)
  Running img_1715.npy ... done (2.48s, 134.58MB)
  Running img_1716.npy ... done (2.47s, 135.85MB)
  Running img_1717.npy ... done (2.60s, 139.80MB)
  Running img_1718.npy ... done (2.73s, 132.20MB)
  Running img_1719.npy ... done (2.67s, 129.92MB)
  Running img_172.npy ... done (2.86s, 128.02MB)
  Running img_1720.npy ... done (2.56s, 197.38MB)
  Running img_1721.npy ... done (2.47s, 198.75MB)
  Running img_1722.npy ... done (2.77s, 128.43MB)
  Running img_1723.npy ... done (2.59s, 165.03MB)
  Running img_1724.npy ... done (2.63s, 199.50MB)
  Running img_1725.npy ... done (2.77s, 123.27MB)
  Running img_1726.npy ... done (2.68s, 156.06MB)
  Running img_1727.npy ... done (2.30s, 196.68MB)
  Running img_1728.npy ... done (2.78s, 122.20MB)
  Running img_1729.npy ... done (2.75s, 133.68MB)
  Running img_173.npy ... done (2.42s, 129.29MB)
  Running img_1730.npy ... done (2.55s, 128.52MB)
  Running img_1731.npy ... done (2.54s, 122.98MB)
  Running img_1732.npy ... done (2.64s, 134.04MB)
  Running img_1733.npy ... done (2.41s, 131.78MB)
  Running img_1734.npy ... done (2.55s, 123.33MB)
  Running img_1735.npy ... done (2.48s, 126.38MB)
  Running img_1736.npy ... done (2.39s, 185.52MB)
  Running img_1737.npy ... done (2.51s, 127.02MB)
  Running img_1738.npy ... done (2.48s, 127.61MB)
  Running img_1739.npy ... done (2.37s, 190.79MB)
  Running img_174.npy ... done (2.28s, 189.17MB)
  Running img_1740.npy ... done (2.48s, 121.39MB)
  Running img_1741.npy ... done (2.27s, 181.40MB)
  Running img_1742.npy ... done (2.82s, 137.95MB)
  Running img_1743.npy ... done (2.67s, 138.45MB)
  Running img_1744.npy ... done (2.15s, 198.55MB)
  Running img_1745.npy ... done (2.42s, 171.41MB)
  Running img_1746.npy ... done (2.58s, 132.50MB)
  Running img_1747.npy ... done (2.38s, 151.38MB)
  Running img_1748.npy ... done (2.37s, 132.59MB)
  Running img_1749.npy ... done (2.67s, 128.13MB)
  Running img_175.npy ... done (2.55s, 133.94MB)
  Running img_1750.npy ... done (2.34s, 198.38MB)
  Running img_1751.npy ... done (2.22s, 198.30MB)
  Running img_1752.npy ... done (2.61s, 127.49MB)
  Running img_1753.npy ... done (2.62s, 127.39MB)
  Running img_1754.npy ... done (2.30s, 194.51MB)
  Running img_1755.npy ... done (2.48s, 127.00MB)
  Running img_1756.npy ... done (2.65s, 120.96MB)
  Running img_1757.npy ... done (2.45s, 164.27MB)
  Running img_1758.npy ... done (2.40s, 184.50MB)
  Running img_1759.npy ... done (2.77s, 128.40MB)
  Running img_176.npy ... done (2.95s, 135.76MB)
  Running img_1760.npy ... done (2.72s, 182.17MB)
  Running img_1761.npy ... done (2.87s, 186.74MB)
  Running img_1762.npy ... done (2.53s, 128.84MB)
  Running img_1763.npy ... done (2.30s, 136.99MB)
  Running img_1764.npy ... done (2.19s, 197.36MB)
  Running img_1765.npy ... done (2.47s, 126.80MB)
  Running img_1766.npy ... done (2.38s, 126.02MB)
  Running img_1767.npy ... done (2.30s, 165.50MB)
  Running img_1768.npy ... done (2.39s, 198.01MB)
  Running img_1769.npy ... done (2.43s, 126.84MB)
  Running img_177.npy ... done (2.45s, 126.78MB)
  Running img_1770.npy ... done (2.39s, 175.51MB)
  Running img_1771.npy ... done (2.33s, 182.56MB)
  Running img_1772.npy ... done (2.64s, 119.48MB)
  Running img_1773.npy ... done (2.52s, 128.75MB)
  Running img_1774.npy ... done (2.54s, 164.61MB)
  Running img_1775.npy ... done (2.28s, 199.19MB)
  Running img_1776.npy ... done (2.35s, 128.86MB)
  Running img_1777.npy ... done (2.63s, 137.64MB)
  Running img_1778.npy ... done (2.22s, 182.26MB)
  Running img_1779.npy ... done (2.45s, 142.71MB)
  Running img_178.npy ... done (2.59s, 129.33MB)
  Running img_1780.npy ... done (2.46s, 177.06MB)
  Running img_1781.npy ... done (2.33s, 198.18MB)
  Running img_1782.npy ... done (2.48s, 127.45MB)
  Running img_1783.npy ... done (2.30s, 130.37MB)
  Running img_1784.npy ... done (2.42s, 175.45MB)
  Running img_1785.npy ... done (2.68s, 133.52MB)
  Running img_1786.npy ... done (2.67s, 122.57MB)
  Running img_1787.npy ... done (2.78s, 128.68MB)
  Running img_1788.npy ... done (2.63s, 131.26MB)
  Running img_1789.npy ... done (2.45s, 159.81MB)
  Running img_179.npy ... done (2.51s, 129.23MB)
  Running img_1790.npy ... done (2.43s, 197.25MB)
  Running img_1791.npy ... done (2.34s, 199.00MB)
  Running img_1792.npy ... done (2.64s, 120.09MB)
  Running img_1793.npy ... done (2.75s, 135.95MB)
  Running img_1794.npy ... done (2.78s, 179.92MB)
  Running img_1795.npy ... done (2.57s, 153.31MB)
  Running img_1796.npy ... done (2.83s, 120.59MB)
  Running img_1797.npy ... done (2.79s, 166.19MB)
  Running img_1798.npy ... done (2.42s, 192.91MB)
  Running img_1799.npy ... done (2.93s, 128.51MB)
  Running img_18.npy ... done (2.63s, 127.60MB)
  Running img_180.npy ... done (2.48s, 137.04MB)
  Running img_1800.npy ... done (2.46s, 131.20MB)
  Running img_1801.npy ... done (3.05s, 124.70MB)
  Running img_1802.npy ... done (3.10s, 127.69MB)
  Running img_1803.npy ... done (2.73s, 122.43MB)
  Running img_1804.npy ... done (2.31s, 131.75MB)
  Running img_1805.npy ... done (2.86s, 130.38MB)
  Running img_1806.npy ... done (2.81s, 127.23MB)
  Running img_1807.npy ... done (2.60s, 124.59MB)
  Running img_1808.npy ... done (2.59s, 129.55MB)
  Running img_1809.npy ... done (2.88s, 137.89MB)
  Running img_181.npy ... done (2.40s, 128.49MB)
  Running img_1810.npy ... done (2.34s, 160.46MB)
  Running img_1811.npy ... done (2.62s, 135.00MB)
  Running img_1812.npy ... done (2.66s, 131.66MB)
  Running img_1813.npy ... done (2.41s, 129.18MB)
  Running img_1814.npy ... done (2.63s, 132.22MB)
  Running img_1815.npy ... done (2.97s, 164.25MB)
  Running img_1816.npy ... done (2.64s, 136.42MB)
  Running img_1817.npy ... done (2.56s, 182.74MB)
  Running img_1818.npy ... done (2.48s, 131.57MB)
  Running img_1819.npy ... done (2.61s, 121.21MB)
  Running img_182.npy ... done (2.77s, 144.53MB)
  Running img_1820.npy ... done (2.29s, 167.07MB)
  Running img_1821.npy ... done (2.68s, 130.08MB)
  Running img_1822.npy ... done (2.91s, 124.87MB)
  Running img_1823.npy ... done (2.81s, 148.61MB)
  Running img_1824.npy ... done (2.47s, 174.73MB)
  Running img_1825.npy ... done (2.62s, 139.30MB)
  Running img_1826.npy ... done (2.36s, 125.34MB)
  Running img_1827.npy ... done (2.57s, 152.60MB)
  Running img_1828.npy ... done (2.52s, 173.72MB)
  Running img_1829.npy ... done (2.90s, 130.68MB)
  Running img_183.npy ... done (2.79s, 120.65MB)
  Running img_1830.npy ... done (2.62s, 123.85MB)
  Running img_1831.npy ... done (2.85s, 186.18MB)
  Running img_1832.npy ... done (3.17s, 196.19MB)
  Running img_1833.npy ... done (2.93s, 136.45MB)
  Running img_1834.npy ... done (2.47s, 142.61MB)
  Running img_1835.npy ... done (2.76s, 125.71MB)
  Running img_1836.npy ... done (2.96s, 128.08MB)
  Running img_1837.npy ... done (2.47s, 152.23MB)
  Running img_1838.npy ... done (2.51s, 159.24MB)
  Running img_1839.npy ... done (2.64s, 118.04MB)
  Running img_184.npy ... done (2.60s, 128.82MB)
  Running img_1840.npy ... done (2.66s, 126.62MB)
  Running img_1841.npy ... done (2.73s, 153.97MB)
  Running img_1842.npy ... done (2.58s, 123.34MB)
  Running img_1843.npy ... done (2.56s, 118.39MB)
  Running img_1844.npy ... done (2.35s, 119.55MB)
  Running img_1845.npy ... done (2.89s, 115.36MB)
  Running img_1846.npy ... done (2.81s, 125.21MB)
  Running img_1847.npy ... done (2.69s, 139.51MB)
  Running img_1848.npy ... done (2.61s, 137.55MB)
  Running img_1849.npy ... done (2.77s, 115.86MB)
  Running img_185.npy ... done (2.84s, 119.04MB)
  Running img_1850.npy ... done (2.83s, 123.63MB)
  Running img_1851.npy ... done (2.66s, 132.78MB)
  Running img_1852.npy ... done (2.64s, 131.64MB)
  Running img_1853.npy ... done (2.77s, 127.11MB)
  Running img_1854.npy ... done (2.87s, 131.19MB)
  Running img_1855.npy ... done (2.51s, 121.24MB)
  Running img_1856.npy ... done (2.59s, 171.34MB)
  Running img_1857.npy ... done (2.79s, 134.61MB)
  Running img_1858.npy ... done (2.59s, 124.02MB)
  Running img_1859.npy ... done (2.76s, 148.12MB)
  Running img_186.npy ... done (2.46s, 197.76MB)
  Running img_1860.npy ... done (2.62s, 178.12MB)
  Running img_1861.npy ... done (2.81s, 125.02MB)
  Running img_1862.npy ... done (2.68s, 126.05MB)
  Running img_1863.npy ... done (2.53s, 159.17MB)
  Running img_1864.npy ... done (2.92s, 140.13MB)
  Running img_1865.npy ... done (2.50s, 126.61MB)
  Running img_1866.npy ... done (2.80s, 134.32MB)
  Running img_1867.npy ... done (2.56s, 191.64MB)
  Running img_1868.npy ... done (2.72s, 135.62MB)
  Running img_1869.npy ... done (2.73s, 123.09MB)
  Running img_187.npy ... done (2.69s, 142.43MB)
  Running img_1870.npy ... done (2.40s, 171.59MB)
  Running img_1871.npy ... done (2.61s, 193.76MB)
  Running img_1872.npy ... done (2.74s, 130.10MB)
  Running img_1873.npy ... done (2.71s, 137.25MB)
  Running img_1874.npy ... done (2.46s, 189.71MB)
  Running img_1875.npy ... done (2.94s, 157.58MB)
  Running img_1876.npy ... done (2.58s, 133.60MB)
  Running img_1877.npy ... done (2.90s, 138.92MB)
  Running img_1878.npy ... done (2.61s, 198.50MB)
  Running img_1879.npy ... done (2.65s, 129.56MB)
  Running img_188.npy ... done (2.77s, 135.00MB)
  Running img_1880.npy ... done (2.66s, 147.66MB)
  Running img_1881.npy ... done (2.63s, 197.70MB)
  Running img_1882.npy ... done (2.74s, 131.97MB)
  Running img_1883.npy ... done (2.47s, 160.43MB)
  Running img_1884.npy ... done (2.69s, 197.75MB)
  Running img_1885.npy ... done (2.84s, 142.71MB)
  Running img_1886.npy ... done (2.44s, 128.64MB)
  Running img_1887.npy ... done (2.77s, 126.30MB)
  Running img_1888.npy ... done (2.50s, 131.06MB)
  Running img_1889.npy ... done (3.12s, 139.29MB)
  Running img_189.npy ... done (2.82s, 147.22MB)
  Running img_1890.npy ... done (2.59s, 196.21MB)
  Running img_1891.npy ... done (2.56s, 191.79MB)
  Running img_1892.npy ... done (2.83s, 122.04MB)
  Running img_1893.npy ... done (2.71s, 132.46MB)
  Running img_1894.npy ... done (2.46s, 131.39MB)
  Running img_1895.npy ... done (3.19s, 136.62MB)
  Running img_1896.npy ... done (2.92s, 129.18MB)
  Running img_1897.npy ... done (2.50s, 151.04MB)
  Running img_1898.npy ... done (2.55s, 173.05MB)
  Running img_1899.npy ... done (2.56s, 128.89MB)
  Running img_19.npy ... done (2.71s, 142.50MB)
  Running img_190.npy ... done (2.67s, 183.81MB)
  Running img_1900.npy ... done (2.65s, 138.24MB)
  Running img_1901.npy ... done (2.78s, 132.28MB)
  Running img_1902.npy ... done (2.73s, 162.14MB)
  Running img_1903.npy ... done (2.69s, 198.39MB)
  Running img_1904.npy ... done (2.74s, 155.33MB)
  Running img_1905.npy ... done (2.55s, 142.74MB)
  Running img_1906.npy ... done (2.67s, 198.98MB)
  Running img_1907.npy ... done (2.42s, 197.40MB)
  Running img_1908.npy ... done (2.72s, 123.12MB)
  Running img_1909.npy ... done (2.88s, 130.03MB)
  Running img_191.npy ... done (2.44s, 197.14MB)
  Running img_1910.npy ... done (2.71s, 182.12MB)
  Running img_1911.npy ... done (2.89s, 131.23MB)
  Running img_1912.npy ... done (2.47s, 184.46MB)
  Running img_1913.npy ... done (2.28s, 177.77MB)
  Running img_1914.npy ... done (2.60s, 127.81MB)
  Running img_1915.npy ... done (2.52s, 133.70MB)
  Running img_1916.npy ... done (2.33s, 130.88MB)
  Running img_1917.npy ... done (2.82s, 132.75MB)
  Running img_1918.npy ... done (2.77s, 122.41MB)
  Running img_1919.npy ... done (2.57s, 129.26MB)
  Running img_192.npy ... done (2.47s, 130.13MB)
  Running img_1920.npy ... done (2.61s, 133.36MB)
  Running img_1921.npy ... done (2.64s, 127.07MB)
  Running img_1922.npy ... done (2.59s, 136.93MB)
  Running img_1923.npy ... done (2.50s, 132.48MB)
  Running img_1924.npy ... done (2.79s, 131.08MB)
  Running img_1925.npy ... done (2.48s, 132.55MB)
  Running img_1926.npy ... done (2.53s, 167.78MB)
  Running img_1927.npy ... done (2.65s, 132.35MB)
  Running img_1928.npy ... done (2.49s, 123.13MB)
  Running img_1929.npy ... done (2.47s, 131.02MB)
  Running img_193.npy ... done (2.93s, 170.46MB)
  Running img_1930.npy ... done (2.57s, 197.65MB)
  Running img_1931.npy ... done (2.61s, 129.01MB)
  Running img_1932.npy ... done (2.70s, 155.20MB)
  Running img_1933.npy ... done (2.31s, 198.18MB)
  Running img_1934.npy ... done (2.47s, 127.90MB)
  Running img_1935.npy ... done (2.56s, 143.27MB)
  Running img_1936.npy ... done (2.78s, 167.52MB)
  Running img_1937.npy ... done (2.75s, 198.73MB)
  Running img_1938.npy ... done (2.70s, 135.47MB)
  Running img_1939.npy ... done (2.72s, 132.49MB)
  Running img_194.npy ... done (2.62s, 199.14MB)
  Running img_1940.npy ... done (2.48s, 198.06MB)
  Running img_1941.npy ... done (2.48s, 125.74MB)
  Running img_1942.npy ... done (2.44s, 144.48MB)
  Running img_1943.npy ... done (2.47s, 177.60MB)
  Running img_1944.npy ... done (2.63s, 132.52MB)
  Running img_1945.npy ... done (2.74s, 123.95MB)
  Running img_1946.npy ... done (2.62s, 128.43MB)
  Running img_1947.npy ... done (2.60s, 162.48MB)
  Running img_1948.npy ... done (2.41s, 191.53MB)
  Running img_1949.npy ... done (2.85s, 119.52MB)
  Running img_195.npy ... done (2.93s, 132.85MB)
  Running img_1950.npy ... done (2.47s, 161.06MB)
  Running img_1951.npy ... done (2.64s, 126.55MB)
  Running img_1952.npy ... done (2.69s, 128.22MB)
  Running img_1953.npy ... done (2.49s, 130.85MB)
  Running img_1954.npy ... done (2.45s, 129.14MB)
  Running img_1955.npy ... done (2.92s, 124.49MB)
  Running img_1956.npy ... done (2.53s, 121.01MB)
  Running img_1957.npy ... done (2.74s, 159.71MB)
  Running img_1958.npy ... done (2.32s, 198.65MB)
  Running img_1959.npy ... done (2.46s, 137.68MB)
  Running img_196.npy ... done (2.39s, 166.36MB)
  Running img_1960.npy ... done (2.43s, 199.06MB)
  Running img_1961.npy ... done (2.50s, 126.15MB)
  Running img_1962.npy ... done (2.85s, 144.24MB)
  Running img_1963.npy ... done (2.48s, 192.14MB)
  Running img_1964.npy ... done (2.37s, 127.79MB)
  Running img_1965.npy ... done (2.67s, 125.62MB)
  Running img_1966.npy ... done (2.59s, 167.59MB)
  Running img_1967.npy ... done (2.46s, 197.45MB)
  Running img_1968.npy ... done (2.58s, 123.19MB)
  Running img_1969.npy ... done (2.60s, 127.82MB)
  Running img_197.npy ... done (2.83s, 156.06MB)
  Running img_1970.npy ... done (2.62s, 182.98MB)
  Running img_1971.npy ... done (2.67s, 133.00MB)
  Running img_1972.npy ... done (2.68s, 131.43MB)
  Running img_1973.npy ... done (2.42s, 166.77MB)
  Running img_1974.npy ... done (2.49s, 129.48MB)
  Running img_1975.npy ... done (2.85s, 117.74MB)
  Running img_1976.npy ... done (2.73s, 129.75MB)
  Running img_1977.npy ... done (2.70s, 134.79MB)
  Running img_1978.npy ... done (2.82s, 131.17MB)
  Running img_1979.npy ... done (2.80s, 125.12MB)
  Running img_198.npy ... done (2.74s, 128.25MB)
  Running img_1980.npy ... done (2.63s, 183.14MB)
  Running img_1981.npy ... done (2.84s, 133.84MB)
  Running img_1982.npy ... done (2.57s, 123.95MB)
  Running img_1983.npy ... done (2.58s, 132.21MB)
  Running img_1984.npy ... done (2.74s, 158.65MB)
  Running img_1985.npy ... done (2.64s, 133.60MB)
  Running img_1986.npy ... done (2.46s, 131.65MB)
  Running img_1987.npy ... done (2.33s, 144.68MB)
  Running img_1988.npy ... done (2.89s, 131.18MB)
  Running img_1989.npy ... done (2.77s, 130.10MB)
  Running img_199.npy ... done (2.32s, 132.90MB)
  Running img_1990.npy ... done (2.59s, 192.78MB)
  Running img_1991.npy ... done (2.73s, 132.09MB)
  Running img_1992.npy ... done (2.65s, 143.38MB)
  Running img_1993.npy ... done (2.37s, 130.35MB)
  Running img_1994.npy ... done (2.58s, 132.05MB)
  Running img_1995.npy ... done (2.31s, 128.20MB)
  Running img_1996.npy ... done (2.76s, 168.66MB)
  Running img_1997.npy ... done (2.31s, 199.45MB)
  Running img_1998.npy ... done (2.43s, 131.68MB)
  Running img_1999.npy ... done (2.50s, 162.34MB)
  Running img_2.npy ... done (2.63s, 137.93MB)
  Running img_20.npy ... done (2.54s, 197.93MB)
  Running img_200.npy ... done (2.54s, 197.47MB)
  Running img_2000.npy ... done (2.56s, 183.34MB)
  Running img_2001.npy ... done (2.38s, 132.26MB)
  Running img_2002.npy ... done (2.38s, 132.93MB)
  Running img_2003.npy ... done (2.60s, 130.36MB)
  Running img_2004.npy ... done (2.39s, 130.02MB)
  Running img_2005.npy ... done (2.37s, 129.27MB)
  Running img_2006.npy ... done (2.50s, 129.67MB)
  Running img_2007.npy ... done (2.71s, 129.18MB)
  Running img_2008.npy ... done (2.22s, 181.08MB)
  Running img_2009.npy ... done (2.30s, 133.59MB)
  Running img_201.npy ... done (2.59s, 153.77MB)
  Running img_2010.npy ... done (2.82s, 133.37MB)
  Running img_2011.npy ... done (2.33s, 198.56MB)
  Running img_2012.npy ... done (2.27s, 200.98MB)
  Running img_2013.npy ... done (2.38s, 130.77MB)
  Running img_2014.npy ... done (2.79s, 138.86MB)
  Running img_2015.npy ... done (2.64s, 132.13MB)
  Running img_2016.npy ... done (2.65s, 133.72MB)
  Running img_2017.npy ... done (2.53s, 134.25MB)
  Running img_2018.npy ... done (2.88s, 131.00MB)
  Running img_2019.npy ... done (2.31s, 199.18MB)
  Running img_202.npy ... done (2.71s, 136.83MB)
  Running img_2020.npy ... done (2.64s, 131.41MB)
  Running img_2021.npy ... done (2.54s, 133.37MB)
  Running img_2022.npy ... done (2.54s, 134.33MB)
  Running img_2023.npy ... done (2.25s, 191.19MB)
  Running img_2024.npy ... done (2.83s, 151.04MB)
  Running img_2025.npy ... done (2.39s, 190.72MB)
  Running img_2026.npy ... done (2.28s, 142.44MB)
  Running img_2027.npy ... done (2.54s, 178.79MB)
  Running img_2028.npy ... done (2.51s, 184.89MB)
  Running img_2029.npy ... done (2.75s, 189.59MB)
  Running img_203.npy ... done (2.32s, 198.96MB)
  Running img_2030.npy ... done (2.65s, 131.26MB)
  Running img_2031.npy ... done (2.66s, 197.45MB)
  Running img_2032.npy ... done (2.22s, 188.02MB)
  Running img_2033.npy ... done (2.31s, 135.02MB)
  Running img_2034.npy ... done (2.33s, 200.04MB)
  Running img_2035.npy ... done (2.70s, 135.41MB)
  Running img_2036.npy ... done (2.53s, 193.53MB)
  Running img_2037.npy ... done (2.36s, 176.30MB)
  Running img_2038.npy ... done (2.13s, 133.32MB)
  Running img_2039.npy ... done (2.28s, 139.70MB)
  Running img_204.npy ... done (2.65s, 135.20MB)
  Running img_2040.npy ... done (2.32s, 194.58MB)
  Running img_2041.npy ... done (2.32s, 134.13MB)
  Running img_2042.npy ... done (2.59s, 189.19MB)
  Running img_2043.npy ... done (2.85s, 197.95MB)
  Running img_2044.npy ... done (2.65s, 198.28MB)
  Running img_2045.npy ... done (2.48s, 200.31MB)
  Running img_2046.npy ... done (2.63s, 192.63MB)
  Running img_2047.npy ... done (2.47s, 199.69MB)
  Running img_2048.npy ... done (2.26s, 196.80MB)
  Running img_2049.npy ... done (2.56s, 198.45MB)
  Running img_205.npy ... done (2.33s, 179.67MB)
  Running img_2050.npy ... done (2.17s, 165.72MB)
  Running img_2051.npy ... done (2.41s, 141.35MB)
  Running img_2052.npy ... done (2.64s, 153.47MB)
  Running img_2053.npy ... done (2.45s, 199.72MB)
  Running img_2054.npy ... done (2.44s, 199.73MB)
  Running img_2055.npy ... done (2.63s, 135.39MB)
  Running img_2056.npy ... done (2.31s, 189.78MB)
  Running img_2057.npy ... done (2.62s, 150.59MB)
  Running img_2058.npy ... done (2.49s, 187.77MB)
  Running img_2059.npy ... done (2.44s, 132.55MB)
  Running img_206.npy ... done (2.37s, 131.44MB)
  Running img_2060.npy ... done (2.23s, 132.29MB)
  Running img_2061.npy ... done (2.39s, 197.88MB)
  Running img_2062.npy ... done (2.51s, 133.55MB)
  Running img_2063.npy ... done (2.74s, 136.41MB)
  Running img_2064.npy ... done (2.53s, 193.89MB)
  Running img_2065.npy ... done (2.51s, 134.03MB)
  Running img_2066.npy ... done (2.16s, 130.40MB)
  Running img_2067.npy ... done (2.80s, 138.48MB)
  Running img_2068.npy ... done (2.45s, 170.41MB)
  Running img_2069.npy ... done (2.74s, 172.07MB)
  Running img_207.npy ... done (2.25s, 180.68MB)
  Running img_2070.npy ... done (2.24s, 132.84MB)
  Running img_2071.npy ... done (2.29s, 128.76MB)
  Running img_2072.npy ... done (2.61s, 133.09MB)
  Running img_2073.npy ... done (2.76s, 134.59MB)
  Running img_2074.npy ... done (2.38s, 134.25MB)
  Running img_2075.npy ... done (2.35s, 127.97MB)
  Running img_2076.npy ... done (2.41s, 132.04MB)
  Running img_2077.npy ... done (2.70s, 161.87MB)
  Running img_2078.npy ... done (2.33s, 191.10MB)
  Running img_2079.npy ... done (2.48s, 148.31MB)
  Running img_208.npy ... done (2.16s, 194.61MB)
  Running img_2080.npy ... done (2.38s, 184.50MB)
  Running img_2081.npy ... done (2.44s, 137.32MB)
  Running img_2082.npy ... done (2.54s, 144.74MB)
  Running img_2083.npy ... done (2.65s, 170.35MB)
  Running img_2084.npy ... done (2.72s, 155.95MB)
  Running img_2085.npy ... done (2.23s, 184.63MB)
  Running img_2086.npy ... done (2.51s, 132.24MB)
  Running img_2087.npy ... done (2.67s, 138.56MB)
  Running img_2088.npy ... done (2.52s, 176.80MB)
  Running img_2089.npy ... done (2.84s, 149.72MB)
  Running img_209.npy ... done (2.64s, 137.20MB)
  Running img_2090.npy ... done (2.52s, 196.68MB)
  Running img_2091.npy ... done (2.27s, 201.33MB)
  Running img_2092.npy ... done (2.27s, 199.21MB)
  Running img_2093.npy ... done (2.39s, 138.69MB)
  Running img_2094.npy ... done (2.39s, 136.70MB)
  Running img_2095.npy ... done (2.59s, 155.36MB)
  Running img_2096.npy ... done (2.45s, 196.71MB)
  Running img_2097.npy ... done (2.44s, 133.73MB)
  Running img_2098.npy ... done (2.35s, 130.56MB)
  Running img_2099.npy ... done (2.72s, 133.95MB)
  Running img_21.npy ... done (2.24s, 198.06MB)
  Running img_210.npy ... done (2.36s, 131.80MB)
  Running img_2100.npy ... done (2.42s, 132.58MB)
  Running img_2101.npy ... done (2.27s, 128.40MB)
  Running img_2102.npy ... done (2.16s, 136.01MB)
  Running img_2103.npy ... done (2.74s, 171.62MB)
  Running img_2104.npy ... done (2.28s, 132.18MB)
  Running img_2105.npy ... done (2.48s, 135.84MB)
  Running img_2106.npy ... done (2.33s, 129.23MB)
  Running img_2107.npy ... done (2.36s, 183.12MB)
  Running img_2108.npy ... done (2.49s, 130.28MB)
  Running img_2109.npy ... done (2.41s, 192.24MB)
  Running img_211.npy ... done (2.21s, 183.88MB)
  Running img_2110.npy ... done (2.16s, 178.41MB)
  Running img_2111.npy ... done (2.20s, 134.25MB)
  Running img_2112.npy ... done (2.39s, 134.18MB)
  Running img_2113.npy ... done (2.21s, 130.46MB)
  Running img_2114.npy ... done (2.64s, 131.73MB)
  Running img_2115.npy ... done (2.51s, 198.50MB)
  Running img_2116.npy ... done (2.43s, 197.62MB)
  Running img_2117.npy ... done (2.53s, 132.37MB)
  Running img_2118.npy ... done (2.40s, 171.91MB)
  Running img_2119.npy ... done (2.33s, 130.12MB)
  Running img_212.npy ... done (2.74s, 138.27MB)
  Running img_2120.npy ... done (2.57s, 134.20MB)
  Running img_2121.npy ... done (2.50s, 133.04MB)
  Running img_2122.npy ... done (2.50s, 133.40MB)
  Running img_2123.npy ... done (2.89s, 164.09MB)
  Running img_2124.npy ... done (2.43s, 193.58MB)
  Running img_2125.npy ... done (2.52s, 132.51MB)
  Running img_2126.npy ... done (2.76s, 194.17MB)
  Running img_2127.npy ... done (2.47s, 198.14MB)
  Running img_2128.npy ... done (2.32s, 193.51MB)
  Running img_2129.npy ... done (2.35s, 193.17MB)
  Running img_213.npy ... done (2.53s, 147.32MB)
  Running img_2130.npy ... done (2.52s, 157.65MB)
  Running img_2131.npy ... done (2.50s, 178.77MB)
  Running img_2132.npy ... done (2.37s, 198.82MB)
  Running img_2133.npy ... done (2.30s, 198.74MB)
  Running img_2134.npy ... done (2.54s, 189.37MB)
  Running img_2135.npy ... done (2.91s, 188.39MB)
  Running img_2136.npy ... done (2.53s, 197.48MB)
  Running img_2137.npy ... done (2.55s, 196.87MB)
  Running img_2138.npy ... done (2.33s, 199.44MB)
  Running img_2139.npy ... done (2.54s, 133.14MB)
  Running img_214.npy ... done (2.52s, 147.28MB)
  Running img_2140.npy ... done (2.29s, 168.66MB)
  Running img_2141.npy ... done (2.79s, 145.62MB)
  Running img_2142.npy ... done (2.62s, 187.89MB)
  Running img_2143.npy ... done (2.31s, 187.04MB)
  Running img_2144.npy ... done (2.65s, 135.76MB)
  Running img_2145.npy ... done (2.29s, 199.70MB)
  Running img_2146.npy ... done (2.53s, 193.84MB)
  Running img_2147.npy ... done (2.46s, 196.52MB)
  Running img_2148.npy ... done (2.79s, 130.62MB)
  Running img_2149.npy ... done (2.58s, 198.28MB)
  Running img_215.npy ... done (2.86s, 191.09MB)
  Running img_2150.npy ... done (2.56s, 198.05MB)
  Running img_2151.npy ... done (2.60s, 134.71MB)
  Running img_2152.npy ... done (2.29s, 187.35MB)
  Running img_2153.npy ... done (2.54s, 152.32MB)
  Running img_2154.npy ... done (2.66s, 134.14MB)
  Running img_2155.npy ... done (2.52s, 191.19MB)
  Running img_2156.npy ... done (2.75s, 163.26MB)
  Running img_2157.npy ... done (2.55s, 187.09MB)
  Running img_2158.npy ... done (2.76s, 166.13MB)
  Running img_2159.npy ... done (2.49s, 196.84MB)
  Running img_216.npy ... done (2.40s, 165.37MB)
  Running img_2160.npy ... done (2.56s, 152.96MB)
  Running img_2161.npy ... done (2.33s, 136.08MB)
  Running img_2162.npy ... done (2.48s, 178.72MB)
  Running img_2163.npy ... done (2.32s, 167.88MB)
  Running img_2164.npy ... done (2.48s, 138.63MB)
  Running img_2165.npy ... done (2.45s, 168.49MB)
  Running img_2166.npy ... done (2.66s, 131.53MB)
  Running img_2167.npy ... done (2.53s, 183.38MB)
  Running img_2168.npy ... done (2.35s, 188.08MB)
  Running img_2169.npy ... done (2.18s, 188.48MB)
  Running img_217.npy ... done (2.66s, 133.97MB)
  Running img_2170.npy ... done (2.26s, 197.73MB)
  Running img_2171.npy ... done (2.27s, 196.71MB)
  Running img_2172.npy ... done (2.15s, 188.94MB)
  Running img_2173.npy ... done (2.33s, 199.48MB)
  Running img_2174.npy ... done (2.22s, 198.03MB)
  Running img_2175.npy ... done (2.15s, 197.23MB)
  Running img_2176.npy ... done (2.23s, 194.30MB)
  Running img_2177.npy ... done (2.14s, 187.06MB)
  Running img_2178.npy ... done (2.33s, 146.82MB)
  Running img_2179.npy ... done (2.19s, 198.04MB)
  Running img_218.npy ... done (2.18s, 197.13MB)
  Running img_2180.npy ... done (2.17s, 199.14MB)
  Running img_2181.npy ... done (2.12s, 196.31MB)
  Running img_2182.npy ... done (2.04s, 175.55MB)
  Running img_2183.npy ... done (2.62s, 132.03MB)
  Running img_2184.npy ... done (2.43s, 138.13MB)
  Running img_2185.npy ... done (2.01s, 176.91MB)
  Running img_2186.npy ... done (2.24s, 132.09MB)
  Running img_2187.npy ... done (2.51s, 132.71MB)
  Running img_2188.npy ... done (2.42s, 129.35MB)
  Running img_2189.npy ... done (2.13s, 145.62MB)
  Running img_219.npy ... done (2.78s, 140.79MB)
  Running img_2190.npy ... done (2.42s, 199.24MB)
  Running img_2191.npy ... done (2.39s, 187.77MB)
  Running img_2192.npy ... done (2.33s, 185.03MB)
  Running img_2193.npy ... done (2.28s, 129.63MB)
  Running img_2194.npy ... done (2.59s, 136.14MB)
  Running img_2195.npy ... done (2.29s, 180.02MB)
  Running img_2196.npy ... done (2.61s, 132.71MB)
  Running img_2197.npy ... done (2.19s, 181.76MB)
  Running img_2198.npy ... done (2.58s, 138.49MB)
  Running img_2199.npy ... done (2.31s, 184.79MB)
  Running img_22.npy ... done (2.65s, 171.29MB)
  Running img_220.npy ... done (2.40s, 135.24MB)
  Running img_2200.npy ... done (2.23s, 132.83MB)
  Running img_2201.npy ... done (2.40s, 131.88MB)
  Running img_2202.npy ... done (2.61s, 160.02MB)
  Running img_2203.npy ... done (2.53s, 197.67MB)
  Running img_2204.npy ... done (2.34s, 199.13MB)
  Running img_2205.npy ... done (2.52s, 165.91MB)
  Running img_2206.npy ... done (2.81s, 140.84MB)
  Running img_2207.npy ... done (2.35s, 175.88MB)
  Running img_2208.npy ... done (2.46s, 129.67MB)
  Running img_2209.npy ... done (2.79s, 135.23MB)
  Running img_221.npy ... done (2.48s, 196.84MB)
  Running img_2210.npy ... done (2.48s, 133.37MB)
  Running img_2211.npy ... done (2.42s, 131.11MB)
  Running img_2212.npy ... done (2.52s, 134.38MB)
  Running img_2213.npy ... done (2.37s, 132.60MB)
  Running img_2214.npy ... done (2.86s, 134.72MB)
  Running img_2215.npy ... done (2.34s, 131.77MB)
  Running img_2216.npy ... done (2.44s, 132.43MB)
  Running img_2217.npy ... done (2.64s, 132.50MB)
  Running img_2218.npy ... done (2.27s, 134.83MB)
  Running img_2219.npy ... done (2.58s, 131.96MB)
  Running img_222.npy ... done (2.44s, 135.97MB)
  Running img_2220.npy ... done (2.36s, 190.82MB)
  Running img_2221.npy ... done (2.34s, 129.55MB)
  Running img_2222.npy ... done (2.67s, 130.66MB)
  Running img_2223.npy ... done (2.37s, 193.49MB)
  Running img_2224.npy ... done (2.46s, 134.56MB)
  Running img_2225.npy ... done (2.61s, 129.77MB)
  Running img_2226.npy ... done (2.61s, 133.04MB)
  Running img_2227.npy ... done (2.86s, 189.90MB)
  Running img_2228.npy ... done (2.45s, 189.29MB)
  Running img_2229.npy ... done (2.92s, 139.41MB)
  Running img_223.npy ... done (2.74s, 195.79MB)
  Running img_2230.npy ... done (2.79s, 197.96MB)
  Running img_2231.npy ... done (2.49s, 192.87MB)
  Running img_2232.npy ... done (2.34s, 180.97MB)
  Running img_2233.npy ... done (2.91s, 181.24MB)
  Running img_2234.npy ... done (2.51s, 172.65MB)
  Running img_2235.npy ... done (2.44s, 161.29MB)
  Running img_2236.npy ... done (2.34s, 198.85MB)
  Running img_2237.npy ... done (2.66s, 129.07MB)
  Running img_2238.npy ... done (2.79s, 143.11MB)
  Running img_2239.npy ... done (2.44s, 197.87MB)
  Running img_224.npy ... done (2.50s, 188.05MB)
  Running img_2240.npy ... done (2.84s, 138.45MB)
  Running img_2241.npy ... done (2.44s, 194.28MB)
  Running img_2242.npy ... done (2.62s, 151.34MB)
  Running img_2243.npy ... done (2.36s, 184.89MB)
  Running img_2244.npy ... done (2.47s, 133.18MB)
  Running img_2245.npy ... done (2.75s, 135.09MB)
  Running img_2246.npy ... done (2.59s, 193.76MB)
  Running img_2247.npy ... done (2.53s, 180.09MB)
  Running img_2248.npy ... done (2.48s, 161.62MB)
  Running img_2249.npy ... done (2.53s, 134.34MB)
  Running img_225.npy ... done (2.44s, 160.35MB)
  Running img_2250.npy ... done (2.75s, 134.33MB)
  Running img_2251.npy ... done (2.40s, 194.18MB)
  Running img_2252.npy ... done (2.46s, 186.27MB)
  Running img_2253.npy ... done (2.71s, 182.07MB)
  Running img_2254.npy ... done (2.48s, 183.43MB)
  Running img_2255.npy ... done (2.48s, 164.47MB)
  Running img_2256.npy ... done (2.67s, 182.49MB)
  Running img_2257.npy ... done (2.41s, 200.09MB)
  Running img_2258.npy ... done (2.55s, 198.60MB)
  Running img_2259.npy ... done (2.38s, 199.35MB)
  Running img_226.npy ... done (2.74s, 133.34MB)
  Running img_2260.npy ... done (2.52s, 197.43MB)
  Running img_2261.npy ... done (2.27s, 183.96MB)
  Running img_2262.npy ... done (2.72s, 132.89MB)
  Running img_2263.npy ... done (2.55s, 148.51MB)
  Running img_2264.npy ... done (2.66s, 176.86MB)
  Running img_2265.npy ... done (2.51s, 181.80MB)
  Running img_2266.npy ... done (2.43s, 132.21MB)
  Running img_2267.npy ... done (2.49s, 128.43MB)
  Running img_2268.npy ... done (2.70s, 132.30MB)
  Running img_2269.npy ... done (2.52s, 134.37MB)
  Running img_227.npy ... done (2.45s, 137.89MB)
  Running img_2270.npy ... done (2.64s, 134.99MB)
  Running img_2271.npy ... done (2.38s, 195.45MB)
  Running img_2272.npy ... done (2.26s, 187.80MB)
  Running img_2273.npy ... done (2.39s, 192.51MB)
  Running img_2274.npy ... done (2.48s, 131.38MB)
  Running img_2275.npy ... done (2.56s, 141.02MB)
  Running img_2276.npy ... done (2.47s, 197.43MB)
  Running img_2277.npy ... done (2.19s, 198.31MB)
  Running img_2278.npy ... done (2.14s, 171.79MB)
  Running img_2279.npy ... done (2.69s, 129.44MB)
  Running img_228.npy ... done (2.43s, 132.19MB)
  Running img_2280.npy ... done (2.47s, 135.56MB)
  Running img_2281.npy ... done (2.63s, 130.91MB)
  Running img_2282.npy ... done (2.10s, 193.22MB)
  Running img_2283.npy ... done (2.11s, 129.50MB)
  Running img_2284.npy ... done (2.15s, 131.96MB)
  Running img_2285.npy ... done (2.55s, 132.03MB)
  Running img_2286.npy ... done (2.21s, 194.39MB)
  Running img_2287.npy ... done (2.30s, 180.18MB)
  Running img_2288.npy ... done (2.35s, 194.41MB)
  Running img_2289.npy ... done (2.51s, 191.73MB)
  Running img_229.npy ... done (2.54s, 198.55MB)
  Running img_2290.npy ... done (2.38s, 196.75MB)
  Running img_2291.npy ... done (2.60s, 199.67MB)
  Running img_2292.npy ... done (2.30s, 197.72MB)
  Running img_2293.npy ... done (2.38s, 173.88MB)
  Running img_2294.npy ... done (2.47s, 199.10MB)
  Running img_2295.npy ... done (2.26s, 195.11MB)
  Running img_2296.npy ... done (2.62s, 199.98MB)
  Running img_2297.npy ... done (2.03s, 194.23MB)
  Running img_2298.npy ... done (2.21s, 195.90MB)
  Running img_2299.npy ... done (1.95s, 183.80MB)
  Running img_23.npy ... done (2.08s, 130.45MB)
  Running img_230.npy ... done (2.38s, 130.78MB)
  Running img_2300.npy ... done (2.07s, 181.44MB)
  Running img_2301.npy ... done (2.04s, 130.94MB)
  Running img_2302.npy ... done (2.06s, 133.84MB)
  Running img_2303.npy ... done (2.02s, 129.11MB)
  Running img_2304.npy ... done (2.13s, 128.19MB)
  Running img_2305.npy ... done (2.27s, 131.73MB)
  Running img_2306.npy ... done (2.02s, 129.99MB)
  Running img_2307.npy ... done (2.44s, 138.05MB)
  Running img_2308.npy ... done (2.06s, 181.33MB)
  Running img_2309.npy ... done (2.32s, 168.67MB)
  Running img_231.npy ... done (2.26s, 192.75MB)
  Running img_2310.npy ... done (2.01s, 197.82MB)
  Running img_2311.npy ... done (2.23s, 134.35MB)
  Running img_2312.npy ... done (2.23s, 199.03MB)
  Running img_2313.npy ... done (2.30s, 142.26MB)
  Running img_2314.npy ... done (2.56s, 200.50MB)
  Running img_2315.npy ... done (2.11s, 197.82MB)
  Running img_2316.npy ... done (2.20s, 198.62MB)
  Running img_2317.npy ... done (2.09s, 199.32MB)
  Running img_2318.npy ... done (2.23s, 186.48MB)
  Running img_2319.npy ... done (2.42s, 164.76MB)
  Running img_232.npy ... done (2.14s, 199.25MB)
  Running img_2320.npy ... done (2.39s, 184.60MB)
  Running img_2321.npy ... done (2.18s, 190.04MB)
  Running img_2322.npy ... done (2.36s, 133.92MB)
  Running img_2323.npy ... done (2.23s, 132.34MB)
  Running img_2324.npy ... done (2.26s, 134.12MB)
  Running img_2325.npy ... done (2.24s, 131.56MB)
  Running img_2326.npy ... done (2.31s, 132.22MB)
  Running img_2327.npy ... done (2.45s, 133.95MB)
  Running img_2328.npy ... done (2.28s, 131.22MB)
  Running img_2329.npy ... done (2.48s, 148.10MB)
  Running img_233.npy ... done (2.28s, 171.68MB)
  Running img_2330.npy ... done (2.12s, 188.80MB)
  Running img_2331.npy ... done (2.24s, 130.70MB)
  Running img_2332.npy ... done (2.54s, 130.68MB)
  Running img_2333.npy ... done (2.35s, 131.70MB)
  Running img_2334.npy ... done (2.32s, 136.27MB)
  Running img_2335.npy ... done (2.32s, 190.67MB)
  Running img_2336.npy ... done (2.18s, 192.48MB)
  Running img_2337.npy ... done (2.56s, 193.96MB)
  Running img_2338.npy ... done (2.26s, 174.04MB)
  Running img_2339.npy ... done (2.53s, 135.82MB)
  Running img_234.npy ... done (2.50s, 174.79MB)
  Running img_2340.npy ... done (2.56s, 137.39MB)
  Running img_2341.npy ... done (2.45s, 192.33MB)
  Running img_2342.npy ... done (2.37s, 186.35MB)
  Running img_2343.npy ... done (2.62s, 131.81MB)
  Running img_2344.npy ... done (2.36s, 192.26MB)
  Running img_2345.npy ... done (2.40s, 177.46MB)
  Running img_2346.npy ... done (2.23s, 198.61MB)
  Running img_2347.npy ... done (2.44s, 183.09MB)
  Running img_2348.npy ... done (2.44s, 139.43MB)
  Running img_2349.npy ... done (2.63s, 138.57MB)
  Running img_235.npy ... done (2.59s, 182.48MB)
  Running img_2350.npy ... done (2.21s, 131.11MB)
  Running img_2351.npy ... done (2.26s, 131.57MB)
  Running img_2352.npy ... done (2.42s, 132.50MB)
  Running img_2353.npy ... done (2.22s, 131.03MB)
  Running img_2354.npy ... done (2.46s, 130.02MB)
  Running img_2355.npy ... done (2.35s, 129.77MB)
  Running img_2356.npy ... done (2.41s, 131.77MB)
  Running img_2357.npy ... done (2.42s, 135.63MB)
  Running img_2358.npy ... done (2.51s, 137.20MB)
  Running img_2359.npy ... done (2.61s, 131.69MB)
  Running img_236.npy ... done (2.50s, 140.04MB)
  Running img_2360.npy ... done (2.51s, 198.16MB)
  Running img_2361.npy ... done (2.43s, 189.25MB)
  Running img_2362.npy ... done (2.48s, 184.51MB)
  Running img_2363.npy ... done (2.60s, 189.85MB)
  Running img_2364.npy ... done (2.28s, 189.80MB)
  Running img_2365.npy ... done (2.35s, 197.26MB)
  Running img_2366.npy ... done (2.97s, 134.98MB)
  Running img_2367.npy ... done (2.22s, 130.12MB)
  Running img_2368.npy ... done (2.37s, 132.41MB)
  Running img_2369.npy ... done (2.27s, 128.72MB)
  Running img_237.npy ... done (2.26s, 128.20MB)
  Running img_2370.npy ... done (2.77s, 136.42MB)
  Running img_2371.npy ... done (2.43s, 200.21MB)
  Running img_2372.npy ... done (2.07s, 193.37MB)
  Running img_2373.npy ... done (2.57s, 177.61MB)
  Running img_2374.npy ... done (2.41s, 196.20MB)
  Running img_2375.npy ... done (2.43s, 199.11MB)
  Running img_2376.npy ... done (2.38s, 199.79MB)
  Running img_2377.npy ... done (2.52s, 171.43MB)
  Running img_2378.npy ... done (2.48s, 188.44MB)
  Running img_2379.npy ... done (2.23s, 180.34MB)
  Running img_238.npy ... done (2.41s, 143.55MB)
  Running img_2380.npy ... done (2.35s, 175.21MB)
  Running img_2381.npy ... done (2.41s, 172.06MB)
  Running img_2382.npy ... done (2.29s, 171.99MB)
  Running img_2383.npy ... done (2.69s, 199.03MB)
  Running img_2384.npy ... done (2.54s, 190.27MB)
  Running img_2385.npy ... done (2.30s, 179.52MB)
  Running img_2386.npy ... done (2.36s, 178.61MB)
  Running img_2387.npy ... done (2.38s, 129.40MB)
  Running img_2388.npy ... done (2.44s, 137.30MB)
  Running img_2389.npy ... done (2.51s, 137.26MB)
  Running img_239.npy ... done (2.34s, 143.92MB)
  Running img_2390.npy ... done (2.24s, 130.78MB)
  Running img_2391.npy ... done (2.41s, 183.03MB)
  Running img_2392.npy ... done (2.33s, 134.21MB)
  Running img_2393.npy ... done (2.65s, 130.98MB)
  Running img_2394.npy ... done (2.52s, 131.53MB)
  Running img_2395.npy ... done (2.48s, 136.25MB)
  Running img_2396.npy ... done (2.56s, 137.44MB)
  Running img_2397.npy ... done (2.40s, 137.76MB)
  Running img_2398.npy ... done (2.29s, 132.71MB)
  Running img_2399.npy ... done (2.61s, 161.75MB)
  Running img_24.npy ... done (2.44s, 198.14MB)
  Running img_240.npy ... done (3.04s, 185.94MB)
  Running img_2400.npy ... done (2.34s, 181.75MB)
  Running img_2401.npy ... done (2.54s, 134.48MB)
  Running img_2402.npy ... done (2.45s, 133.22MB)
  Running img_2403.npy ... done (2.62s, 142.45MB)
  Running img_2404.npy ... done (2.43s, 196.42MB)
  Running img_2405.npy ... done (2.39s, 129.85MB)
  Running img_2406.npy ... done (2.44s, 131.32MB)
  Running img_2407.npy ... done (2.26s, 158.97MB)
  Running img_2408.npy ... done (2.28s, 157.02MB)
  Running img_2409.npy ... done (2.57s, 152.53MB)
  Running img_241.npy ... done (2.40s, 137.78MB)
  Running img_2410.npy ... done (2.33s, 143.44MB)
  Running img_2411.npy ... done (2.52s, 140.25MB)
  Running img_2412.npy ... done (2.42s, 129.94MB)
  Running img_2413.npy ... done (2.40s, 145.46MB)
  Running img_2414.npy ... done (2.50s, 134.65MB)
  Running img_2415.npy ... done (2.39s, 137.38MB)
  Running img_2416.npy ... done (2.44s, 180.71MB)
  Running img_2417.npy ... done (2.46s, 133.04MB)
  Running img_2418.npy ... done (2.29s, 129.97MB)
  Running img_2419.npy ... done (2.37s, 133.55MB)
  Running img_242.npy ... done (2.60s, 132.20MB)
  Running img_2420.npy ... done (2.59s, 131.17MB)
  Running img_2421.npy ... done (2.37s, 168.22MB)
  Running img_2422.npy ... done (2.77s, 132.48MB)
  Running img_2423.npy ... done (2.26s, 199.02MB)
  Running img_2424.npy ... done (2.44s, 197.29MB)
  Running img_2425.npy ... done (2.28s, 131.92MB)
  Running img_2426.npy ... done (2.34s, 134.93MB)
  Running img_2427.npy ... done (2.52s, 174.77MB)
  Running img_2428.npy ... done (2.30s, 192.61MB)
  Running img_2429.npy ... done (2.34s, 181.15MB)
  Running img_243.npy ... done (2.32s, 132.37MB)
  Running img_2430.npy ... done (2.45s, 138.36MB)
  Running img_2431.npy ... done (2.42s, 133.28MB)
  Running img_2432.npy ... done (2.42s, 132.96MB)
  Running img_2433.npy ... done (2.68s, 140.41MB)
  Running img_2434.npy ... done (2.68s, 140.95MB)
  Running img_2435.npy ... done (2.44s, 190.26MB)
  Running img_2436.npy ... done (2.47s, 139.68MB)
  Running img_2437.npy ... done (2.33s, 136.63MB)
  Running img_2438.npy ... done (2.28s, 132.72MB)
  Running img_2439.npy ... done (2.40s, 134.48MB)
  Running img_244.npy ... done (2.48s, 134.11MB)
  Running img_2440.npy ... done (2.39s, 134.06MB)
  Running img_2441.npy ... done (2.49s, 188.18MB)
  Running img_2442.npy ... done (2.54s, 198.00MB)
  Running img_2443.npy ... done (2.31s, 199.00MB)
  Running img_2444.npy ... done (2.16s, 198.54MB)
  Running img_2445.npy ... done (2.36s, 132.89MB)
  Running img_2446.npy ... done (2.47s, 132.51MB)
  Running img_2447.npy ... done (2.38s, 146.22MB)
  Running img_2448.npy ... done (2.55s, 165.55MB)
  Running img_2449.npy ... done (2.34s, 155.11MB)
  Running img_245.npy ... done (2.62s, 135.22MB)
  Running img_2450.npy ... done (2.29s, 187.07MB)
  Running img_2451.npy ... done (2.61s, 131.12MB)
  Running img_2452.npy ... done (2.38s, 163.56MB)
  Running img_2453.npy ... done (2.37s, 132.60MB)
  Running img_2454.npy ... done (2.41s, 136.52MB)
  Running img_2455.npy ... done (2.48s, 134.18MB)
  Running img_2456.npy ... done (2.48s, 130.74MB)
  Running img_2457.npy ... done (2.53s, 137.35MB)
  Running img_2458.npy ... done (2.32s, 199.82MB)
  Running img_2459.npy ... done (2.61s, 194.27MB)
  Running img_246.npy ... done (2.35s, 195.01MB)
  Running img_2460.npy ... done (2.51s, 131.29MB)
  Running img_2461.npy ... done (2.40s, 190.55MB)
  Running img_2462.npy ... done (2.39s, 195.78MB)
  Running img_2463.npy ... done (2.37s, 198.54MB)
  Running img_2464.npy ... done (2.29s, 194.84MB)
  Running img_2465.npy ... done (2.36s, 137.15MB)
  Running img_2466.npy ... done (2.42s, 198.23MB)
  Running img_2467.npy ... done (2.45s, 183.43MB)
  Running img_2468.npy ... done (2.96s, 176.34MB)
  Running img_2469.npy ... done (2.80s, 144.36MB)
  Running img_247.npy ... done (2.20s, 152.06MB)
  Running img_2470.npy ... done (2.29s, 147.45MB)
  Running img_2471.npy ... done (2.45s, 120.38MB)
  Running img_2472.npy ... done (2.56s, 123.84MB)
  Running img_2473.npy ... done (2.52s, 123.60MB)
  Running img_2474.npy ... done (2.58s, 133.56MB)
  Running img_2475.npy ... done (2.36s, 198.29MB)
  Running img_2476.npy ... done (2.31s, 198.31MB)
  Running img_2477.npy ... done (2.49s, 198.19MB)
  Running img_2478.npy ... done (2.07s, 197.68MB)
  Running img_2479.npy ... done (2.30s, 131.71MB)
  Running img_248.npy ... done (2.69s, 176.27MB)
  Running img_2480.npy ... done (2.32s, 198.61MB)
  Running img_2481.npy ... done (2.44s, 187.68MB)
  Running img_2482.npy ... done (2.28s, 149.40MB)
  Running img_2483.npy ... done (2.54s, 133.03MB)
  Running img_2484.npy ... done (2.29s, 188.80MB)
  Running img_2485.npy ... done (2.46s, 134.01MB)
  Running img_2486.npy ... done (2.70s, 169.06MB)
  Running img_2487.npy ... done (2.45s, 196.73MB)
  Running img_2488.npy ... done (2.19s, 195.99MB)
  Running img_2489.npy ... done (2.49s, 195.67MB)
  Running img_249.npy ... done (2.47s, 172.04MB)
  Running img_2490.npy ... done (2.23s, 196.07MB)
  Running img_2491.npy ... done (2.48s, 132.39MB)
  Running img_2492.npy ... done (2.38s, 131.73MB)
  Running img_2493.npy ... done (2.35s, 131.23MB)
  Running img_2494.npy ... done (2.32s, 134.28MB)
  Running img_2495.npy ... done (2.49s, 130.99MB)
  Running img_2496.npy ... done (2.31s, 132.97MB)
  Running img_2497.npy ... done (2.65s, 139.09MB)
  Running img_2498.npy ... done (2.30s, 191.78MB)
  Running img_2499.npy ... done (2.39s, 162.18MB)
  Running img_25.npy ... done (2.30s, 129.92MB)
  Running img_250.npy ... done (2.60s, 135.81MB)
  Running img_2500.npy ... done (2.29s, 131.62MB)
  Running img_2501.npy ... done (2.69s, 141.14MB)
  Running img_2502.npy ... done (2.85s, 141.23MB)
  Running img_2503.npy ... done (2.40s, 132.04MB)
  Running img_2504.npy ... done (2.49s, 133.82MB)
  Running img_2505.npy ... done (2.69s, 144.48MB)
  Running img_2506.npy ... done (2.46s, 197.78MB)
  Running img_2507.npy ... done (2.33s, 186.96MB)
  Running img_2508.npy ... done (2.07s, 129.69MB)
  Running img_2509.npy ... done (2.42s, 132.69MB)
  Running img_251.npy ... done (2.53s, 141.13MB)
  Running img_2510.npy ... done (2.33s, 195.91MB)
  Running img_2511.npy ... done (2.40s, 198.51MB)
  Running img_2512.npy ... done (2.37s, 198.68MB)
  Running img_2513.npy ... done (2.37s, 184.83MB)
  Running img_2514.npy ... done (2.50s, 198.08MB)
  Running img_2515.npy ... done (2.31s, 199.63MB)
  Running img_2516.npy ... done (2.46s, 199.15MB)
  Running img_2517.npy ... done (2.41s, 198.84MB)
  Running img_2518.npy ... done (2.52s, 199.18MB)
  Running img_2519.npy ... done (2.08s, 199.29MB)
  Running img_252.npy ... done (2.71s, 198.25MB)
  Running img_2520.npy ... done (2.35s, 198.54MB)
  Running img_2521.npy ... done (2.23s, 197.21MB)
  Running img_2522.npy ... done (2.59s, 133.69MB)
  Running img_2523.npy ... done (2.50s, 180.14MB)
  Running img_2524.npy ... done (2.13s, 179.41MB)
  Running img_2525.npy ... done (2.68s, 134.69MB)
  Running img_2526.npy ... done (2.38s, 189.82MB)
  Running img_2527.npy ... done (2.45s, 136.58MB)
  Running img_2528.npy ... done (2.29s, 187.75MB)
  Running img_2529.npy ... done (2.55s, 135.30MB)
  Running img_253.npy ... done (2.36s, 188.43MB)
  Running img_2530.npy ... done (2.37s, 191.21MB)
  Running img_2531.npy ... done (2.29s, 132.18MB)
  Running img_2532.npy ... done (2.32s, 132.32MB)
  Running img_2533.npy ... done (2.71s, 130.20MB)
  Running img_2534.npy ... done (2.27s, 196.87MB)
  Running img_2535.npy ... done (2.60s, 133.58MB)
  Running img_2536.npy ... done (2.52s, 141.75MB)
  Running img_2537.npy ... done (2.67s, 183.56MB)
  Running img_2538.npy ... done (2.40s, 163.45MB)
  Running img_2539.npy ... done (2.45s, 150.51MB)
  Running img_254.npy ... done (2.33s, 134.02MB)
  Running img_2540.npy ... done (2.41s, 157.36MB)
  Running img_2541.npy ... done (2.54s, 133.50MB)
  Running img_2542.npy ... done (2.40s, 199.29MB)
  Running img_2543.npy ... done (2.58s, 199.82MB)
  Running img_2544.npy ... done (2.24s, 193.77MB)
  Running img_2545.npy ... done (2.52s, 136.14MB)
  Running img_2546.npy ... done (2.52s, 188.74MB)
  Running img_2547.npy ... done (2.41s, 140.95MB)
  Running img_2548.npy ... done (2.25s, 132.60MB)
  Running img_2549.npy ... done (2.79s, 134.59MB)
  Running img_255.npy ... done (2.39s, 194.98MB)
  Running img_2550.npy ... done (2.28s, 190.11MB)
  Running img_2551.npy ... done (2.55s, 171.79MB)
  Running img_2552.npy ... done (2.54s, 134.09MB)
  Running img_2553.npy ... done (2.34s, 193.79MB)
  Running img_2554.npy ... done (3.07s, 148.03MB)
  Running img_2555.npy ... done (2.47s, 197.02MB)
  Running img_2556.npy ... done (2.47s, 172.06MB)
  Running img_2557.npy ... done (2.56s, 132.64MB)
  Running img_2558.npy ... done (2.40s, 137.95MB)
  Running img_2559.npy ... done (2.61s, 144.48MB)
  Running img_256.npy ... done (2.28s, 189.67MB)
  Running img_2560.npy ... done (2.49s, 194.71MB)
  Running img_2561.npy ... done (2.35s, 180.32MB)
  Running img_2562.npy ... done (2.49s, 132.82MB)
  Running img_2563.npy ... done (2.33s, 139.21MB)
  Running img_2564.npy ... done (2.39s, 181.37MB)
  Running img_2565.npy ... done (2.60s, 134.75MB)
  Running img_2566.npy ... done (2.77s, 152.93MB)
  Running img_2567.npy ... done (2.68s, 183.17MB)
  Running img_2568.npy ... done (2.28s, 194.63MB)
  Running img_2569.npy ... done (2.48s, 134.21MB)
  Running img_257.npy ... done (2.72s, 145.21MB)
  Running img_2570.npy ... done (2.61s, 173.60MB)
  Running img_2571.npy ... done (2.58s, 181.88MB)
  Running img_2572.npy ... done (2.52s, 151.96MB)
  Running img_2573.npy ... done (2.33s, 137.10MB)
  Running img_2574.npy ... done (2.34s, 145.05MB)
  Running img_2575.npy ... done (2.41s, 157.30MB)
  Running img_2576.npy ... done (2.43s, 131.22MB)
  Running img_2577.npy ... done (2.62s, 132.73MB)
  Running img_2578.npy ... done (2.63s, 139.89MB)
  Running img_2579.npy ... done (2.31s, 194.66MB)
  Running img_258.npy ... done (2.45s, 137.51MB)
  Running img_2580.npy ... done (2.41s, 133.79MB)
  Running img_2581.npy ... done (2.77s, 148.92MB)
  Running img_2582.npy ... done (2.48s, 196.20MB)
  Running img_2583.npy ... done (2.38s, 197.79MB)
  Running img_2584.npy ... done (2.14s, 199.12MB)
  Running img_2585.npy ... done (2.44s, 197.36MB)
  Running img_2586.npy ... done (2.46s, 199.03MB)
  Running img_2587.npy ... done (2.24s, 199.74MB)
  Running img_2588.npy ... done (2.42s, 129.57MB)
  Running img_2589.npy ... done (2.43s, 132.57MB)
  Running img_259.npy ... done (2.80s, 131.68MB)
  Running img_2590.npy ... done (2.62s, 166.23MB)
  Running img_2591.npy ... done (2.36s, 199.78MB)
  Running img_2592.npy ... done (2.44s, 193.63MB)
  Running img_2593.npy ... done (2.17s, 131.39MB)
  Running img_2594.npy ... done (2.33s, 130.36MB)
  Running img_2595.npy ... done (2.85s, 132.84MB)
  Running img_2596.npy ... done (2.21s, 192.58MB)
  Running img_2597.npy ... done (2.36s, 131.20MB)
  Running img_2598.npy ... done (2.62s, 131.11MB)
  Running img_2599.npy ... done (2.35s, 134.03MB)
  Running img_26.npy ... done (2.46s, 134.46MB)
  Running img_260.npy ... done (2.43s, 132.20MB)
  Running img_2600.npy ... done (2.47s, 134.35MB)
  Running img_2601.npy ... done (2.51s, 132.45MB)
  Running img_2602.npy ... done (2.76s, 137.38MB)
  Running img_2603.npy ... done (2.55s, 198.80MB)
  Running img_2604.npy ... done (2.58s, 199.91MB)
  Running img_2605.npy ... done (2.33s, 190.30MB)
  Running img_2606.npy ... done (2.29s, 186.60MB)
  Running img_2607.npy ... done (2.43s, 190.62MB)
  Running img_2608.npy ... done (2.69s, 181.09MB)
  Running img_2609.npy ... done (2.85s, 198.54MB)
  Running img_261.npy ... done (2.63s, 171.64MB)
  Running img_2610.npy ... done (2.52s, 197.98MB)
  Running img_2611.npy ... done (2.33s, 198.61MB)
  Running img_2612.npy ... done (2.47s, 133.57MB)
  Running img_2613.npy ... done (2.75s, 139.64MB)
  Running img_2614.npy ... done (2.40s, 198.76MB)
  Running img_2615.npy ... done (2.51s, 196.77MB)
  Running img_2616.npy ... done (2.46s, 189.16MB)
  Running img_2617.npy ... done (2.21s, 192.29MB)
  Running img_2618.npy ... done (2.71s, 133.86MB)
  Running img_2619.npy ... done (2.30s, 192.43MB)
  Running img_262.npy ... done (2.43s, 135.77MB)
  Running img_2620.npy ... done (2.35s, 130.89MB)
  Running img_2621.npy ... done (2.45s, 130.70MB)
  Running img_2622.npy ... done (2.70s, 134.41MB)
  Running img_2623.npy ... done (2.31s, 200.16MB)
  Running img_2624.npy ... done (2.35s, 188.72MB)
  Running img_2625.npy ... done (2.40s, 133.39MB)
  Running img_2626.npy ... done (2.42s, 132.41MB)
  Running img_2627.npy ... done (2.29s, 129.29MB)
  Running img_2628.npy ... done (2.84s, 130.60MB)
  Running img_2629.npy ... done (2.73s, 166.32MB)
  Running img_263.npy ... done (2.35s, 193.52MB)
  Running img_2630.npy ... done (2.48s, 183.84MB)
  Running img_2631.npy ... done (2.50s, 132.67MB)
  Running img_2632.npy ... done (2.49s, 133.59MB)
  Running img_2633.npy ... done (2.61s, 198.78MB)
  Running img_2634.npy ... done (2.56s, 200.14MB)
  Running img_2635.npy ... done (2.31s, 198.16MB)
  Running img_2636.npy ... done (2.23s, 199.31MB)
  Running img_2637.npy ... done (2.20s, 166.98MB)
  Running img_2638.npy ... done (2.50s, 131.50MB)
  Running img_2639.npy ... done (2.42s, 169.61MB)
  Running img_264.npy ... done (2.45s, 169.43MB)
  Running img_2640.npy ... done (2.55s, 185.23MB)
  Running img_2641.npy ... done (2.44s, 200.29MB)
  Running img_2642.npy ... done (2.45s, 197.29MB)
  Running img_2643.npy ... done (2.52s, 198.80MB)
  Running img_2644.npy ... done (2.47s, 199.30MB)
  Running img_2645.npy ... done (2.37s, 198.06MB)
  Running img_2646.npy ... done (2.29s, 198.33MB)
  Running img_2647.npy ... done (2.46s, 189.87MB)
  Running img_2648.npy ... done (2.46s, 132.90MB)
  Running img_2649.npy ... done (2.30s, 131.95MB)
  Running img_265.npy ... done (2.39s, 169.27MB)
  Running img_2650.npy ... done (2.36s, 143.60MB)
  Running img_2651.npy ... done (2.49s, 177.51MB)
  Running img_2652.npy ... done (2.69s, 178.09MB)
  Running img_2653.npy ... done (2.17s, 183.62MB)
  Running img_2654.npy ... done (2.64s, 136.20MB)
  Running img_2655.npy ... done (2.55s, 178.78MB)
  Running img_2656.npy ... done (2.45s, 198.74MB)
  Running img_2657.npy ... done (2.56s, 198.84MB)
  Running img_2658.npy ... done (2.53s, 200.39MB)
  Running img_2659.npy ... done (2.40s, 197.86MB)
  Running img_266.npy ... done (2.40s, 191.99MB)
  Running img_2660.npy ... done (2.32s, 181.38MB)
  Running img_2661.npy ... done (2.26s, 183.00MB)
  Running img_2662.npy ... done (2.43s, 195.38MB)
  Running img_2663.npy ... done (2.47s, 196.39MB)
  Running img_2664.npy ... done (2.62s, 190.31MB)
  Running img_2665.npy ... done (2.55s, 196.84MB)
  Running img_2666.npy ... done (2.24s, 193.88MB)
  Running img_2667.npy ... done (2.71s, 130.85MB)
  Running img_2668.npy ... done (2.34s, 132.35MB)
  Running img_2669.npy ... done (2.52s, 167.80MB)
  Running img_267.npy ... done (2.37s, 132.30MB)
  Running img_2670.npy ... done (2.59s, 134.56MB)
  Running img_2671.npy ... done (2.30s, 197.46MB)
  Running img_2672.npy ... done (2.43s, 197.41MB)
  Running img_2673.npy ... done (2.32s, 197.65MB)
  Running img_2674.npy ... done (2.32s, 184.42MB)
  Running img_2675.npy ... done (2.60s, 146.14MB)
  Running img_2676.npy ... done (2.65s, 150.80MB)
  Running img_2677.npy ... done (2.58s, 128.55MB)
  Running img_2678.npy ... done (2.71s, 156.08MB)
  Running img_2679.npy ... done (2.41s, 195.34MB)
  Running img_268.npy ... done (2.40s, 198.60MB)
  Running img_2680.npy ... done (2.57s, 129.81MB)
  Running img_2681.npy ... done (2.45s, 134.63MB)
  Running img_2682.npy ... done (2.46s, 132.43MB)
  Running img_2683.npy ... done (2.59s, 132.50MB)
  Running img_2684.npy ... done (2.64s, 145.59MB)
  Running img_2685.npy ... done (2.79s, 192.22MB)
  Running img_2686.npy ... done (2.76s, 170.42MB)
  Running img_2687.npy ... done (2.27s, 134.14MB)
  Running img_2688.npy ... done (2.50s, 132.57MB)
  Running img_2689.npy ... done (2.25s, 133.82MB)
  Running img_269.npy ... done (2.29s, 133.58MB)
  Running img_2690.npy ... done (2.55s, 184.06MB)
  Running img_2691.npy ... done (2.39s, 181.98MB)
  Running img_2692.npy ... done (2.53s, 148.21MB)
  Running img_2693.npy ... done (2.48s, 197.89MB)
  Running img_2694.npy ... done (2.62s, 196.02MB)
  Running img_2695.npy ... done (2.45s, 130.02MB)
  Running img_2696.npy ... done (2.45s, 135.07MB)
  Running img_2697.npy ... done (2.44s, 132.43MB)
  Running img_2698.npy ... done (2.59s, 143.81MB)
  Running img_2699.npy ... done (2.39s, 199.24MB)
  Running img_27.npy ... done (2.51s, 198.71MB)
  Running img_270.npy ... done (2.58s, 199.64MB)
  Running img_2700.npy ... done (2.45s, 195.50MB)
  Running img_2701.npy ... done (2.66s, 139.78MB)
  Running img_2702.npy ... done (2.51s, 200.38MB)
  Running img_2703.npy ... done (2.64s, 191.21MB)
  Running img_2704.npy ... done (2.48s, 137.91MB)
  Running img_2705.npy ... done (2.84s, 139.03MB)
  Running img_2706.npy ... done (2.20s, 198.16MB)
  Running img_2707.npy ... done (2.41s, 138.21MB)
  Running img_2708.npy ... done (2.62s, 130.12MB)
  Running img_2709.npy ... done (2.33s, 186.80MB)
  Running img_271.npy ... done (2.68s, 139.25MB)
  Running img_2710.npy ... done (2.55s, 189.70MB)
  Running img_2711.npy ... done (2.42s, 140.30MB)
  Running img_2712.npy ... done (2.40s, 133.82MB)
  Running img_2713.npy ... done (2.66s, 134.16MB)
  Running img_2714.npy ... done (2.61s, 193.69MB)
  Running img_2715.npy ... done (2.61s, 144.48MB)
  Running img_2716.npy ... done (2.50s, 134.12MB)
  Running img_2717.npy ... done (2.35s, 140.20MB)
  Running img_2718.npy ... done (2.43s, 137.61MB)
  Running img_2719.npy ... done (2.54s, 164.40MB)
  Running img_272.npy ... done (2.25s, 130.23MB)
  Running img_2720.npy ... done (2.73s, 155.23MB)
  Running img_2721.npy ... done (2.93s, 198.37MB)
  Running img_2722.npy ... done (2.56s, 198.77MB)
  Running img_2723.npy ... done (2.44s, 196.20MB)
  Running img_2724.npy ... done (2.49s, 200.80MB)
  Running img_2725.npy ... done (2.34s, 200.09MB)
  Running img_2726.npy ... done (2.51s, 199.18MB)
  Running img_2727.npy ... done (2.36s, 191.55MB)
  Running img_2728.npy ... done (2.58s, 147.40MB)
  Running img_2729.npy ... done (2.65s, 191.59MB)
  Running img_273.npy ... done (2.39s, 188.52MB)
  Running img_2730.npy ... done (2.50s, 135.43MB)
  Running img_2731.npy ... done (2.31s, 190.54MB)
  Running img_2732.npy ... done (2.49s, 133.83MB)
  Running img_2733.npy ... done (2.87s, 134.36MB)
  Running img_2734.npy ... done (2.46s, 197.46MB)
  Running img_2735.npy ... done (2.40s, 173.01MB)
  Running img_2736.npy ... done (2.53s, 195.61MB)
  Running img_2737.npy ... done (2.78s, 137.97MB)
  Running img_2738.npy ... done (2.48s, 190.96MB)
  Running img_2739.npy ... done (2.41s, 194.54MB)
  Running img_274.npy ... done (2.88s, 188.56MB)
  Running img_2740.npy ... done (2.53s, 200.40MB)
  Running img_2741.npy ... done (2.32s, 132.31MB)
  Running img_2742.npy ... done (2.40s, 134.35MB)
  Running img_2743.npy ... done (2.51s, 130.51MB)
  Running img_2744.npy ... done (2.70s, 134.13MB)
  Running img_2745.npy ... done (2.55s, 133.03MB)
  Running img_2746.npy ... done (2.31s, 140.64MB)
  Running img_2747.npy ... done (2.88s, 155.67MB)
  Running img_2748.npy ... done (2.37s, 197.12MB)
  Running img_2749.npy ... done (2.35s, 192.02MB)
  Running img_275.npy ... done (2.42s, 173.34MB)
  Running img_2750.npy ... done (2.41s, 130.93MB)
  Running img_2751.npy ... done (2.48s, 139.45MB)
  Running img_2752.npy ... done (2.67s, 134.61MB)
  Running img_2753.npy ... done (2.34s, 199.16MB)
  Running img_2754.npy ... done (2.44s, 197.84MB)
  Running img_2755.npy ... done (2.47s, 199.10MB)
  Running img_2756.npy ... done (2.52s, 137.87MB)
  Running img_2757.npy ... done (2.80s, 154.65MB)
  Running img_2758.npy ... done (2.19s, 191.31MB)
  Running img_2759.npy ... done (2.81s, 172.09MB)
  Running img_276.npy ... done (2.38s, 199.77MB)
  Running img_2760.npy ... done (2.25s, 189.29MB)
  Running img_2761.npy ... done (2.73s, 139.83MB)
  Running img_2762.npy ... done (2.19s, 184.02MB)
  Running img_2763.npy ... done (2.62s, 137.29MB)
  Running img_2764.npy ... done (2.57s, 197.23MB)
  Running img_2765.npy ... done (2.39s, 200.82MB)
  Running img_2766.npy ... done (2.35s, 197.19MB)
  Running img_2767.npy ... done (2.56s, 133.43MB)
  Running img_2768.npy ... done (2.28s, 197.63MB)
  Running img_2769.npy ... done (2.37s, 132.97MB)
  Running img_277.npy ... done (2.43s, 129.94MB)
  Running img_2770.npy ... done (2.51s, 144.33MB)
  Running img_2771.npy ... done (2.56s, 191.83MB)
  Running img_2772.npy ... done (2.31s, 189.77MB)
  Running img_2773.npy ... done (2.36s, 187.70MB)
  Running img_2774.npy ... done (2.59s, 187.80MB)
  Running img_2775.npy ... done (2.99s, 133.46MB)
  Running img_2776.npy ... done (3.06s, 133.06MB)
  Running img_2777.npy ... done (3.12s, 148.72MB)
  Running img_2778.npy ... done (2.71s, 135.54MB)
  Running img_2779.npy ... done (2.95s, 128.29MB)
  Running img_278.npy ... done (2.64s, 133.30MB)
  Running img_2780.npy ... done (2.31s, 129.00MB)
  Running img_2781.npy ... done (2.41s, 130.68MB)
  Running img_2782.npy ... done (2.46s, 176.61MB)
  Running img_2783.npy ... done (2.63s, 135.85MB)
  Running img_2784.npy ... done (2.20s, 192.62MB)
  Running img_2785.npy ... done (2.36s, 179.24MB)
  Running img_2786.npy ... done (2.32s, 190.40MB)
  Running img_2787.npy ... done (2.31s, 131.37MB)
  Running img_2788.npy ... done (2.47s, 129.79MB)
  Running img_2789.npy ... done (2.44s, 136.85MB)
  Running img_279.npy ... done (2.42s, 135.67MB)
  Running img_2790.npy ... done (2.40s, 134.24MB)
  Running img_2791.npy ... done (2.61s, 175.69MB)
  Running img_2792.npy ... done (2.51s, 175.77MB)
  Running img_2793.npy ... done (2.43s, 188.55MB)
  Running img_2794.npy ... done (2.81s, 130.22MB)
  Running img_2795.npy ... done (2.71s, 136.08MB)
  Running img_2796.npy ... done (2.34s, 200.81MB)
  Running img_2797.npy ... done (2.39s, 199.52MB)
  Running img_2798.npy ... done (2.49s, 198.93MB)
  Running img_2799.npy ... done (2.23s, 176.59MB)
  Running img_28.npy ... done (2.31s, 131.00MB)
  Running img_280.npy ... done (2.83s, 136.74MB)
  Running img_2800.npy ... done (2.48s, 198.38MB)
  Running img_2801.npy ... done (2.59s, 179.77MB)
  Running img_2802.npy ... done (2.34s, 195.79MB)
  Running img_2803.npy ... done (2.25s, 200.27MB)
  Running img_2804.npy ... done (2.52s, 191.31MB)
  Running img_2805.npy ... done (2.47s, 180.80MB)
  Running img_2806.npy ... done (2.35s, 136.12MB)
  Running img_2807.npy ... done (2.30s, 133.40MB)
  Running img_2808.npy ... done (2.70s, 147.26MB)
  Running img_2809.npy ... done (2.39s, 196.06MB)
  Running img_281.npy ... done (2.46s, 193.61MB)
  Running img_2810.npy ... done (2.28s, 172.97MB)
  Running img_2811.npy ... done (2.53s, 198.16MB)
  Running img_2812.npy ... done (2.72s, 182.25MB)
  Running img_2813.npy ... done (2.31s, 131.37MB)
  Running img_2814.npy ... done (2.17s, 133.52MB)
  Running img_2815.npy ... done (2.20s, 132.26MB)
  Running img_2816.npy ... done (2.32s, 130.98MB)
  Running img_2817.npy ... done (2.31s, 137.16MB)
  Running img_2818.npy ... done (2.23s, 158.52MB)
  Running img_2819.npy ... done (2.26s, 135.36MB)
  Running img_282.npy ... done (2.24s, 135.50MB)
  Running img_2820.npy ... done (2.29s, 135.16MB)
  Running img_2821.npy ... done (2.05s, 168.69MB)
  Running img_2822.npy ... done (2.09s, 133.29MB)
  Running img_2823.npy ... done (2.43s, 133.66MB)
  Running img_2824.npy ... done (2.27s, 194.37MB)
  Running img_2825.npy ... done (2.31s, 194.31MB)
  Running img_2826.npy ... done (2.19s, 194.80MB)
  Running img_2827.npy ... done (2.15s, 199.13MB)
  Running img_2828.npy ... done (2.66s, 198.06MB)
  Running img_2829.npy ... done (2.29s, 171.67MB)
  Running img_283.npy ... done (2.31s, 199.40MB)
  Running img_2830.npy ... done (2.18s, 198.26MB)
  Running img_2831.npy ... done (2.64s, 197.62MB)
  Running img_2832.npy ... done (2.22s, 191.21MB)
  Running img_2833.npy ... done (2.12s, 196.77MB)
  Running img_2834.npy ... done (2.19s, 192.68MB)
  Running img_2835.npy ... done (2.31s, 137.55MB)
  Running img_2836.npy ... done (2.36s, 133.64MB)
  Running img_2837.npy ... done (2.22s, 191.71MB)
  Running img_2838.npy ... done (2.18s, 194.43MB)
  Running img_2839.npy ... done (2.29s, 184.32MB)
  Running img_284.npy ... done (2.21s, 194.62MB)
  Running img_2840.npy ... done (2.26s, 188.41MB)
  Running img_2841.npy ... done (2.25s, 189.07MB)
  Running img_2842.npy ... done (2.24s, 196.12MB)
  Running img_2843.npy ... done (2.33s, 193.90MB)
  Running img_2844.npy ... done (2.19s, 190.32MB)
  Running img_2845.npy ... done (2.06s, 180.04MB)
  Running img_2846.npy ... done (2.17s, 132.92MB)
  Running img_2847.npy ... done (2.11s, 132.01MB)
  Running img_2848.npy ... done (2.28s, 137.55MB)
  Running img_2849.npy ... done (2.48s, 142.29MB)
  Running img_285.npy ... done (2.19s, 163.35MB)
  Running img_2850.npy ... done (2.32s, 159.37MB)
  Running img_2851.npy ... done (2.61s, 197.33MB)
  Running img_2852.npy ... done (2.10s, 175.14MB)
  Running img_2853.npy ... done (2.33s, 138.12MB)
  Running img_2854.npy ... done (2.07s, 134.79MB)
  Running img_2855.npy ... done (2.06s, 133.94MB)
  Running img_2856.npy ... done (2.40s, 131.51MB)
  Running img_2857.npy ... done (2.10s, 195.38MB)
  Running img_2858.npy ... done (1.94s, 196.79MB)
  Running img_2859.npy ... done (2.15s, 178.83MB)
  Running img_286.npy ... done (2.10s, 196.76MB)
  Running img_2860.npy ... done (1.91s, 132.71MB)
  Running img_2861.npy ... done (2.06s, 135.25MB)
  Running img_2862.npy ... done (2.12s, 140.20MB)
  Running img_2863.npy ... done (2.12s, 137.29MB)
  Running img_2864.npy ... done (2.55s, 136.18MB)
  Running img_2865.npy ... done (1.93s, 183.80MB)
  Running img_2866.npy ... done (2.18s, 138.67MB)
  Running img_2867.npy ... done (2.23s, 132.99MB)
  Running img_2868.npy ... done (2.09s, 132.33MB)
  Running img_2869.npy ... done (2.35s, 138.02MB)
  Running img_287.npy ... done (2.17s, 195.76MB)
  Running img_2870.npy ... done (2.18s, 190.68MB)
  Running img_2871.npy ... done (2.15s, 192.16MB)
  Running img_2872.npy ... done (2.24s, 183.40MB)
  Running img_2873.npy ... done (2.03s, 131.89MB)
  Running img_2874.npy ... done (2.19s, 136.89MB)
  Running img_2875.npy ... done (2.20s, 140.09MB)
  Running img_2876.npy ... done (2.42s, 141.52MB)
  Running img_2877.npy ... done (2.22s, 197.04MB)
  Running img_2878.npy ... done (2.06s, 194.68MB)
  Running img_2879.npy ... done (2.07s, 198.17MB)
  Running img_288.npy ... done (2.14s, 196.01MB)
  Running img_2880.npy ... done (2.08s, 193.09MB)
  Running img_2881.npy ... done (2.07s, 185.58MB)
  Running img_2882.npy ... done (2.12s, 134.84MB)
  Running img_2883.npy ... done (2.03s, 135.60MB)
  Running img_2884.npy ... done (2.02s, 134.46MB)
  Running img_2885.npy ... done (2.07s, 136.23MB)
  Running img_2886.npy ... done (2.10s, 141.86MB)
  Running img_2887.npy ... done (2.11s, 142.28MB)
  Running img_2888.npy ... done (1.96s, 161.50MB)
  Running img_2889.npy ... done (2.08s, 136.03MB)
  Running img_289.npy ... done (2.34s, 134.61MB)
  Running img_2890.npy ... done (2.17s, 199.69MB)
  Running img_2891.npy ... done (2.25s, 193.76MB)
  Running img_2892.npy ... done (2.04s, 196.75MB)
  Running img_2893.npy ... done (2.40s, 133.41MB)
  Running img_2894.npy ... done (1.91s, 133.06MB)
  Running img_2895.npy ... done (2.12s, 132.32MB)
  Running img_2896.npy ... done (2.30s, 136.45MB)
  Running img_2897.npy ... done (2.09s, 192.38MB)
  Running img_2898.npy ... done (2.01s, 189.04MB)
  Running img_2899.npy ... done (2.09s, 131.82MB)
  Running img_29.npy ... done (2.22s, 142.53MB)
  Running img_290.npy ... done (2.12s, 161.02MB)
  Running img_2900.npy ... done (2.12s, 137.93MB)
  Running img_2901.npy ... done (2.14s, 145.71MB)
  Running img_2902.npy ... done (2.40s, 136.88MB)
  Running img_2903.npy ... done (1.90s, 197.55MB)
  Running img_2904.npy ... done (2.11s, 199.56MB)
  Running img_2905.npy ... done (2.04s, 198.95MB)
  Running img_2906.npy ... done (1.96s, 198.47MB)
  Running img_2907.npy ... done (2.11s, 180.72MB)
  Running img_2908.npy ... done (2.10s, 139.21MB)
  Running img_2909.npy ... done (2.02s, 134.98MB)
  Running img_291.npy ... done (2.22s, 135.44MB)
  Running img_2910.npy ... done (2.09s, 133.75MB)
  Running img_2911.npy ... done (2.01s, 132.90MB)
  Running img_2912.npy ... done (2.18s, 137.07MB)
  Running img_2913.npy ... done (2.54s, 134.56MB)
  Running img_2914.npy ... done (1.98s, 134.43MB)
  Running img_2915.npy ... done (2.29s, 136.52MB)
  Running img_2916.npy ... done (1.98s, 190.06MB)
  Running img_2917.npy ... done (2.10s, 143.27MB)
  Running img_2918.npy ... done (2.11s, 188.08MB)
  Running img_2919.npy ... done (2.10s, 132.39MB)
  Running img_292.npy ... done (2.22s, 178.95MB)
  Running img_2920.npy ... done (1.96s, 196.97MB)
  Running img_2921.npy ... done (2.09s, 197.48MB)
  Running img_2922.npy ... done (2.33s, 178.03MB)
  Running img_2923.npy ... done (2.13s, 201.35MB)
  Running img_2924.npy ... done (1.91s, 171.24MB)
  Running img_2925.npy ... done (2.00s, 157.47MB)
  Running img_2926.npy ... done (2.03s, 135.12MB)
  Running img_2927.npy ... done (1.87s, 135.00MB)
  Running img_2928.npy ... done (1.99s, 129.70MB)
  Running img_2929.npy ... done (2.18s, 132.02MB)
  Running img_293.npy ... done (2.07s, 132.28MB)
  Running img_2930.npy ... done (1.99s, 136.43MB)
  Running img_2931.npy ... done (2.21s, 135.52MB)
  Running img_2932.npy ... done (2.16s, 137.92MB)
  Running img_2933.npy ... done (2.18s, 140.31MB)
  Running img_2934.npy ... done (2.39s, 131.12MB)
  Running img_2935.npy ... done (2.06s, 133.92MB)
  Running img_2936.npy ... done (2.15s, 136.93MB)
  Running img_2937.npy ... done (2.02s, 131.99MB)
  Running img_2938.npy ... done (2.00s, 147.26MB)
  Running img_2939.npy ... done (2.23s, 132.93MB)
  Running img_294.npy ... done (2.14s, 132.32MB)
  Running img_2940.npy ... done (2.11s, 133.23MB)
  Running img_2941.npy ... done (2.17s, 195.69MB)
  Running img_2942.npy ... done (2.20s, 190.32MB)
  Running img_2943.npy ... done (2.16s, 185.22MB)
  Running img_2944.npy ... done (2.06s, 189.90MB)
  Running img_2945.npy ... done (2.25s, 197.31MB)
  Running img_2946.npy ... done (2.00s, 195.44MB)
  Running img_2947.npy ... done (2.07s, 195.14MB)
  Running img_2948.npy ... done (2.05s, 198.13MB)
  Running img_2949.npy ... done (2.11s, 188.16MB)
  Running img_295.npy ... done (2.01s, 197.73MB)
  Running img_2950.npy ... done (1.83s, 199.56MB)
  Running img_2951.npy ... done (2.18s, 183.80MB)
  Running img_2952.npy ... done (2.11s, 202.00MB)
  Running img_2953.npy ... done (1.95s, 198.15MB)
  Running img_2954.npy ... done (2.09s, 198.27MB)
  Running img_2955.npy ... done (2.61s, 187.41MB)
  Running img_2956.npy ... done (2.13s, 179.93MB)
  Running img_2957.npy ... done (2.05s, 194.54MB)
  Running img_2958.npy ... done (2.29s, 193.00MB)
  Running img_2959.npy ... done (2.06s, 193.51MB)
  Running img_296.npy ... done (2.11s, 192.60MB)
  Running img_2960.npy ... done (2.24s, 194.87MB)
  Running img_2961.npy ... done (2.03s, 196.90MB)
  Running img_2962.npy ... done (2.01s, 181.80MB)
  Running img_2963.npy ... done (2.23s, 147.39MB)
  Running img_2964.npy ... done (2.27s, 141.74MB)
  Running img_2965.npy ... done (2.33s, 182.43MB)
  Running img_2966.npy ... done (2.10s, 196.55MB)
  Running img_2967.npy ... done (2.15s, 192.72MB)
  Running img_2968.npy ... done (2.13s, 193.59MB)
  Running img_2969.npy ... done (2.09s, 193.75MB)
  Running img_297.npy ... done (1.93s, 191.62MB)
  Running img_2970.npy ... done (2.23s, 136.75MB)
  Running img_2971.npy ... done (2.16s, 136.97MB)
  Running img_2972.npy ... done (2.20s, 138.65MB)
  Running img_2973.npy ... done (2.20s, 137.54MB)
  Running img_2974.npy ... done (2.23s, 141.82MB)
  Running img_2975.npy ... done (2.46s, 179.61MB)
  Running img_2976.npy ... done (2.61s, 173.37MB)
  Running img_2977.npy ... done (2.06s, 201.64MB)
  Running img_2978.npy ... done (2.34s, 190.75MB)
  Running img_2979.npy ... done (2.02s, 195.62MB)
  Running img_298.npy ... done (2.19s, 137.39MB)
  Running img_2980.npy ... done (2.24s, 133.50MB)
  Running img_2981.npy ... done (1.95s, 178.66MB)
  Running img_2982.npy ... done (2.02s, 140.52MB)
  Running img_2983.npy ... done (2.19s, 134.85MB)
  Running img_2984.npy ... done (2.07s, 137.83MB)
  Running img_2985.npy ... done (2.29s, 135.46MB)
  Running img_2986.npy ... done (2.24s, 199.24MB)
  Running img_2987.npy ... done (2.02s, 198.93MB)
  Running img_2988.npy ... done (1.98s, 198.63MB)
  Running img_2989.npy ... done (2.10s, 195.93MB)
  Running img_299.npy ... done (1.95s, 198.52MB)
  Running img_2990.npy ... done (2.13s, 194.66MB)
  Running img_2991.npy ... done (2.21s, 194.27MB)
  Running img_2992.npy ... done (2.09s, 200.50MB)
  Running img_2993.npy ... done (2.11s, 190.87MB)
  Running img_2994.npy ... done (2.20s, 191.68MB)
  Running img_2995.npy ... done (2.00s, 195.81MB)
  Running img_2996.npy ... done (2.50s, 199.81MB)
  Running img_2997.npy ... done (2.20s, 187.49MB)
  Running img_2998.npy ... done (2.14s, 190.26MB)
  Running img_2999.npy ... done (2.06s, 191.09MB)
  Running img_3.npy ... done (2.18s, 132.80MB)
  Running img_30.npy ... done (2.20s, 185.71MB)
  Running img_300.npy ... done (2.04s, 192.35MB)
  Running img_3000.npy ... done (2.15s, 135.62MB)
  Running img_3001.npy ... done (2.13s, 139.14MB)
  Running img_3002.npy ... done (2.01s, 134.02MB)
  Running img_3003.npy ... done (2.18s, 137.30MB)
  Running img_3004.npy ... done (2.10s, 193.16MB)
  Running img_3005.npy ... done (2.04s, 191.64MB)
  Running img_3006.npy ... done (2.34s, 141.89MB)
  Running img_3007.npy ... done (2.09s, 198.72MB)
  Running img_3008.npy ... done (2.01s, 193.28MB)
  Running img_3009.npy ... done (2.07s, 134.51MB)
  Running img_301.npy ... done (2.19s, 138.59MB)
  Running img_3010.npy ... done (2.16s, 133.43MB)
  Running img_3011.npy ... done (2.15s, 193.04MB)
  Running img_3012.npy ... done (2.22s, 190.88MB)
  Running img_3013.npy ... done (1.98s, 195.30MB)
  Running img_3014.npy ... done (2.23s, 195.70MB)
  Running img_3015.npy ... done (2.55s, 188.91MB)
  Running img_3016.npy ... done (2.08s, 186.66MB)
  Running img_3017.npy ... done (2.21s, 193.74MB)
  Running img_3018.npy ... done (2.16s, 191.29MB)
  Running img_3019.npy ... done (2.08s, 191.95MB)
  Running img_302.npy ... done (2.24s, 193.29MB)
  Running img_3020.npy ... done (2.19s, 194.77MB)
  Running img_3021.npy ... done (2.05s, 198.18MB)
  Running img_3022.npy ... done (2.00s, 198.94MB)
  Running img_3023.npy ... done (2.10s, 131.75MB)
  Running img_3024.npy ... done (1.98s, 133.09MB)
  Running img_3025.npy ... done (2.12s, 137.16MB)
  Running img_3026.npy ... done (2.26s, 155.70MB)
  Running img_3027.npy ... done (2.09s, 191.89MB)
  Running img_3028.npy ... done (2.05s, 196.56MB)
  Running img_3029.npy ... done (1.98s, 133.86MB)
  Running img_303.npy ... done (2.08s, 130.80MB)
  Running img_3030.npy ... done (2.26s, 135.41MB)
  Running img_3031.npy ... done (2.12s, 137.29MB)
  Running img_3032.npy ... done (2.21s, 135.73MB)
  Running img_3033.npy ... done (2.19s, 138.34MB)
  Running img_3034.npy ... done (2.06s, 131.99MB)
  Running img_3035.npy ... done (2.50s, 133.44MB)
  Running img_3036.npy ... done (2.36s, 192.24MB)
  Running img_3037.npy ... done (1.87s, 181.85MB)
  Running img_3038.npy ... done (2.03s, 140.61MB)
  Running img_3039.npy ... done (2.27s, 137.39MB)
  Running img_304.npy ... done (1.96s, 196.50MB)
  Running img_3040.npy ... done (2.32s, 138.14MB)
  Running img_3041.npy ... done (2.19s, 199.38MB)
  Running img_3042.npy ... done (2.01s, 189.75MB)
  Running img_3043.npy ... done (2.22s, 199.18MB)
  Running img_3044.npy ... done (2.01s, 198.76MB)
  Running img_3045.npy ... done (1.96s, 198.68MB)
  Running img_3046.npy ... done (2.17s, 192.59MB)
  Running img_3047.npy ... done (1.91s, 191.66MB)
  Running img_3048.npy ... done (1.96s, 137.70MB)
  Running img_3049.npy ... done (2.20s, 141.48MB)
  Running img_305.npy ... done (2.10s, 134.88MB)
  Running img_3050.npy ... done (2.02s, 140.45MB)
  Running img_3051.npy ... done (2.25s, 155.24MB)
  Running img_3052.npy ... done (2.14s, 157.79MB)
  Running img_3053.npy ... done (2.02s, 134.55MB)
  Running img_3054.npy ... done (2.16s, 152.97MB)
  Running img_3055.npy ... done (2.09s, 175.56MB)
  Running img_3056.npy ... done (2.51s, 146.09MB)
  Running img_3057.npy ... done (2.35s, 134.81MB)
  Running img_3058.npy ... done (1.86s, 199.55MB)
  Running img_3059.npy ... done (1.93s, 197.87MB)
  Running img_306.npy ... done (1.97s, 198.61MB)
  Running img_3060.npy ... done (2.23s, 134.27MB)
  Running img_3061.npy ... done (2.13s, 199.51MB)
  Running img_3062.npy ... done (2.17s, 198.04MB)
  Running img_3063.npy ... done (2.02s, 195.56MB)
  Running img_3064.npy ... done (2.22s, 131.59MB)
  Running img_3065.npy ... done (2.09s, 200.17MB)
  Running img_3066.npy ... done (2.03s, 177.26MB)
  Running img_3067.npy ... done (2.29s, 136.79MB)
  Running img_3068.npy ... done (2.24s, 185.20MB)
  Running img_3069.npy ... done (1.84s, 197.50MB)
  Running img_307.npy ... done (1.88s, 192.17MB)
  Running img_3070.npy ... done (2.10s, 139.44MB)
  Running img_3071.npy ... done (2.16s, 131.84MB)
  Running img_3072.npy ... done (2.19s, 134.95MB)
  Running img_3073.npy ... done (2.04s, 134.27MB)
  Running img_3074.npy ... done (2.07s, 132.64MB)
  Running img_3075.npy ... done (1.99s, 134.51MB)
  Running img_3076.npy ... done (2.05s, 133.44MB)
  Running img_3077.npy ... done (2.33s, 135.07MB)
  Running img_3078.npy ... done (2.24s, 134.60MB)
  Running img_3079.npy ... done (2.01s, 194.76MB)
  Running img_308.npy ... done (2.02s, 135.72MB)
  Running img_3080.npy ... done (2.19s, 138.79MB)
  Running img_3081.npy ... done (2.21s, 142.34MB)
  Running img_3082.npy ... done (2.15s, 136.48MB)
  Running img_3083.npy ... done (2.23s, 139.54MB)
  Running img_3084.npy ... done (2.02s, 134.43MB)
  Running img_3085.npy ... done (2.06s, 136.43MB)
  Running img_3086.npy ... done (2.15s, 135.20MB)
  Running img_3087.npy ... done (2.14s, 134.42MB)
  Running img_3088.npy ... done (2.25s, 136.19MB)
  Running img_3089.npy ... done (2.01s, 198.33MB)
  Running img_309.npy ... done (2.03s, 135.05MB)
  Running img_3090.npy ... done (2.05s, 133.76MB)
  Running img_3091.npy ... done (2.17s, 134.21MB)
  Running img_3092.npy ... done (2.11s, 135.28MB)
  Running img_3093.npy ... done (2.25s, 137.47MB)
  Running img_3094.npy ... done (2.10s, 194.56MB)
  Running img_3095.npy ... done (1.97s, 197.58MB)
  Running img_3096.npy ... done (2.10s, 164.52MB)
  Running img_3097.npy ... done (2.01s, 176.17MB)
  Running img_3098.npy ... done (2.51s, 192.74MB)
  Running img_3099.npy ... done (2.09s, 199.63MB)
  Running img_31.npy ... done (2.08s, 200.57MB)
  Running img_310.npy ... done (2.01s, 196.12MB)
  Running img_3100.npy ... done (1.92s, 199.57MB)
  Running img_3101.npy ... done (2.11s, 135.08MB)
  Running img_3102.npy ... done (2.15s, 140.07MB)
  Running img_3103.npy ... done (2.11s, 196.04MB)
  Running img_3104.npy ... done (2.17s, 195.53MB)
  Running img_3105.npy ... done (2.04s, 198.63MB)
  Running img_3106.npy ... done (2.20s, 200.30MB)
  Running img_3107.npy ... done (2.19s, 194.16MB)
  Running img_3108.npy ... done (2.16s, 191.92MB)
  Running img_3109.npy ... done (2.05s, 196.32MB)
  Running img_311.npy ... done (2.11s, 201.18MB)
  Running img_3110.npy ... done (1.93s, 196.64MB)
  Running img_3111.npy ... done (2.21s, 137.64MB)
  Running img_3112.npy ... done (2.12s, 193.77MB)
  Running img_3113.npy ... done (2.05s, 194.20MB)
  Running img_3114.npy ... done (2.05s, 199.37MB)
  Running img_3115.npy ... done (2.06s, 198.86MB)
  Running img_3116.npy ... done (2.01s, 198.54MB)
  Running img_3117.npy ... done (2.27s, 192.41MB)
  Running img_3118.npy ... done (2.11s, 187.72MB)
  Running img_3119.npy ... done (2.07s, 190.13MB)
  Running img_312.npy ... done (2.07s, 188.90MB)
  Running img_3120.npy ... done (2.18s, 197.24MB)
  Running img_3121.npy ... done (2.04s, 197.18MB)
  Running img_3122.npy ... done (1.97s, 199.90MB)
  Running img_3123.npy ... done (2.07s, 198.94MB)
  Running img_3124.npy ... done (2.02s, 201.68MB)
  Running img_3125.npy ... done (1.92s, 181.13MB)
  Running img_3126.npy ... done (2.08s, 135.34MB)
  Running img_3127.npy ... done (2.15s, 139.28MB)
  Running img_3128.npy ... done (2.00s, 131.68MB)
  Running img_3129.npy ... done (2.14s, 143.91MB)
  Running img_313.npy ... done (2.13s, 140.12MB)
  Running img_3130.npy ... done (2.12s, 155.95MB)
  Running img_3131.npy ... done (2.02s, 132.96MB)
  Running img_3132.npy ... done (2.11s, 133.83MB)
  Running img_3133.npy ... done (2.13s, 198.27MB)
  Running img_3134.npy ... done (2.14s, 191.29MB)
  Running img_3135.npy ... done (2.07s, 201.30MB)
  Running img_3136.npy ... done (2.08s, 194.13MB)
  Running img_3137.npy ... done (2.10s, 196.00MB)
  Running img_3138.npy ... done (2.05s, 199.85MB)
  Running img_3139.npy ... done (2.29s, 201.15MB)
  Running img_314.npy ... done (1.89s, 201.15MB)
  Running img_3140.npy ... done (2.20s, 135.10MB)
  Running img_3141.npy ... done (2.14s, 193.71MB)
  Running img_3142.npy ... done (1.88s, 192.51MB)
  Running img_3143.npy ... done (1.91s, 133.45MB)
  Running img_3144.npy ... done (1.97s, 136.05MB)
  Running img_3145.npy ... done (2.21s, 138.44MB)
  Running img_3146.npy ... done (2.00s, 191.52MB)
  Running img_3147.npy ... done (1.99s, 135.66MB)
  Running img_3148.npy ... done (2.07s, 139.33MB)
  Running img_3149.npy ... done (2.12s, 144.24MB)
  Running img_315.npy ... done (2.09s, 133.36MB)
  Running img_3150.npy ... done (2.07s, 133.66MB)
  Running img_3151.npy ... done (2.09s, 136.41MB)
  Running img_3152.npy ... done (2.06s, 138.49MB)
  Running img_3153.npy ... done (2.18s, 135.02MB)
  Running img_3154.npy ... done (2.08s, 189.40MB)
  Running img_3155.npy ... done (2.05s, 199.99MB)
  Running img_3156.npy ... done (2.17s, 199.12MB)
  Running img_3157.npy ... done (2.08s, 195.72MB)
  Running img_3158.npy ... done (2.05s, 198.50MB)
  Running img_3159.npy ... done (2.07s, 191.37MB)
  Running img_316.npy ... done (2.41s, 188.48MB)
  Running img_3160.npy ... done (2.30s, 192.84MB)
  Running img_3161.npy ... done (2.18s, 194.57MB)
  Running img_3162.npy ... done (2.08s, 182.59MB)
  Running img_3163.npy ... done (2.04s, 194.59MB)
  Running img_3164.npy ... done (2.18s, 193.58MB)
  Running img_3165.npy ... done (2.19s, 194.28MB)
  Running img_3166.npy ... done (2.17s, 191.32MB)
  Running img_3167.npy ... done (2.07s, 196.15MB)
  Running img_3168.npy ... done (2.17s, 182.63MB)
  Running img_3169.npy ... done (2.09s, 197.35MB)
  Running img_317.npy ... done (2.04s, 199.70MB)
  Running img_3170.npy ... done (2.11s, 132.04MB)
  Running img_3171.npy ... done (2.09s, 137.98MB)
  Running img_3172.npy ... done (2.08s, 133.91MB)
  Running img_3173.npy ... done (2.00s, 135.63MB)
  Running img_3174.npy ... done (2.05s, 133.80MB)
  Running img_3175.npy ... done (2.11s, 134.30MB)
  Running img_3176.npy ... done (2.07s, 141.85MB)
  Running img_3177.npy ... done (2.28s, 138.06MB)
  Running img_3178.npy ... done (1.96s, 196.99MB)
  Running img_3179.npy ... done (2.05s, 153.14MB)
  Running img_318.npy ... done (2.14s, 135.11MB)
  Running img_3180.npy ... done (2.47s, 134.75MB)
  Running img_3181.npy ... done (1.93s, 136.02MB)
  Running img_3182.npy ... done (2.09s, 132.84MB)
  Running img_3183.npy ... done (2.13s, 133.87MB)
  Running img_3184.npy ... done (2.12s, 199.00MB)
  Running img_3185.npy ... done (2.19s, 198.22MB)
  Running img_3186.npy ... done (2.07s, 199.16MB)
  Running img_3187.npy ... done (2.06s, 199.38MB)
  Running img_3188.npy ... done (2.17s, 196.54MB)
  Running img_3189.npy ... done (2.13s, 193.35MB)
  Running img_319.npy ... done (1.97s, 196.06MB)
  Running img_3190.npy ... done (2.17s, 189.56MB)
  Running img_3191.npy ... done (1.76s, 191.13MB)
  Running img_3192.npy ... done (2.04s, 193.27MB)
  Running img_3193.npy ... done (1.99s, 197.30MB)
  Running img_3194.npy ... done (2.01s, 200.84MB)
  Running img_3195.npy ... done (2.08s, 202.04MB)
  Running img_3196.npy ... done (2.05s, 190.82MB)
  Running img_3197.npy ... done (2.13s, 196.74MB)
  Running img_3198.npy ... done (2.07s, 201.42MB)
  Running img_3199.npy ... done (2.09s, 199.79MB)
  Running img_32.npy ... done (2.03s, 199.66MB)
  Running img_320.npy ... done (2.00s, 201.56MB)
  Running img_3200.npy ... done (2.52s, 190.62MB)
  Running img_3201.npy ... done (2.10s, 193.66MB)
  Running img_3202.npy ... done (2.11s, 188.31MB)
  Running img_3203.npy ... done (1.98s, 199.72MB)
  Running img_3204.npy ... done (2.07s, 194.45MB)
  Running img_3205.npy ... done (2.04s, 196.27MB)
  Running img_3206.npy ... done (2.01s, 190.97MB)
  Running img_3207.npy ... done (1.96s, 199.20MB)
  Running img_3208.npy ... done (1.97s, 195.68MB)
  Running img_3209.npy ... done (2.20s, 135.39MB)
  Running img_321.npy ... done (2.01s, 190.15MB)
  Running img_3210.npy ... done (1.98s, 189.16MB)
  Running img_3211.npy ... done (2.05s, 191.27MB)
  Running img_3212.npy ... done (2.10s, 194.29MB)
  Running img_3213.npy ... done (2.07s, 195.59MB)
  Running img_3214.npy ... done (1.95s, 199.07MB)
  Running img_3215.npy ... done (2.12s, 190.41MB)
  Running img_3216.npy ... done (2.13s, 198.86MB)
  Running img_3217.npy ... done (1.90s, 197.90MB)
  Running img_3218.npy ... done (1.97s, 133.81MB)
  Running img_3219.npy ... done (2.08s, 132.02MB)
  Running img_322.npy ... done (2.09s, 134.89MB)
  Running img_3220.npy ... done (2.17s, 139.04MB)
  Running img_3221.npy ... done (2.41s, 131.52MB)
  Running img_3222.npy ... done (2.09s, 131.52MB)
  Running img_3223.npy ... done (1.88s, 132.34MB)
  Running img_3224.npy ... done (2.05s, 133.75MB)
  Running img_3225.npy ... done (2.10s, 135.12MB)
  Running img_3226.npy ... done (2.12s, 135.25MB)
  Running img_3227.npy ... done (2.13s, 137.18MB)
  Running img_3228.npy ... done (2.02s, 133.37MB)
  Running img_3229.npy ... done (2.06s, 134.40MB)
  Running img_323.npy ... done (2.07s, 134.59MB)
  Running img_3230.npy ... done (2.10s, 131.30MB)
  Running img_3231.npy ... done (2.06s, 200.70MB)
  Running img_3232.npy ... done (2.14s, 199.81MB)
  Running img_3233.npy ... done (2.08s, 193.29MB)
  Running img_3234.npy ... done (2.01s, 199.59MB)
  Running img_3235.npy ... done (1.88s, 197.16MB)
  Running img_3236.npy ... done (2.01s, 201.42MB)
  Running img_3237.npy ... done (1.97s, 201.91MB)
  Running img_3238.npy ... done (2.05s, 197.62MB)
  Running img_3239.npy ... done (1.99s, 196.44MB)
  Running img_324.npy ... done (2.07s, 200.46MB)
  Running img_3240.npy ... done (1.91s, 198.25MB)
  Running img_3241.npy ... done (2.01s, 133.09MB)
  Running img_3242.npy ... done (2.08s, 132.10MB)
  Running img_3243.npy ... done (2.47s, 137.71MB)
  Running img_3244.npy ... done (1.94s, 147.06MB)
  Running img_3245.npy ... done (2.13s, 134.04MB)
  Running img_3246.npy ... done (2.14s, 134.56MB)
  Running img_3247.npy ... done (2.02s, 198.76MB)
  Running img_3248.npy ... done (1.90s, 195.70MB)
  Running img_3249.npy ... done (1.96s, 171.69MB)
  Running img_325.npy ... done (1.92s, 134.55MB)
  Running img_3250.npy ... done (2.07s, 136.60MB)
  Running img_3251.npy ... done (2.12s, 136.96MB)
  Running img_3252.npy ... done (2.09s, 149.56MB)
  Running img_3253.npy ... done (2.15s, 138.14MB)
  Running img_3254.npy ... done (2.06s, 149.95MB)
  Running img_3255.npy ... done (2.02s, 131.36MB)
  Running img_3256.npy ... done (1.98s, 130.53MB)
  Running img_3257.npy ... done (2.22s, 145.86MB)
  Running img_3258.npy ... done (2.01s, 193.53MB)
  Running img_3259.npy ... done (2.05s, 137.82MB)
  Running img_326.npy ... done (2.11s, 134.79MB)
  Running img_3260.npy ... done (2.02s, 133.94MB)
  Running img_3261.npy ... done (2.02s, 130.48MB)
  Running img_3262.npy ... done (2.25s, 137.28MB)
  Running img_3263.npy ... done (2.01s, 139.71MB)
  Running img_3264.npy ... done (2.50s, 130.54MB)
  Running img_3265.npy ... done (2.00s, 132.58MB)
  Running img_3266.npy ... done (1.83s, 133.21MB)
  Running img_3267.npy ... done (2.04s, 133.45MB)
  Running img_3268.npy ... done (1.92s, 134.69MB)
  Running img_3269.npy ... done (2.13s, 134.96MB)
  Running img_327.npy ... done (1.98s, 170.25MB)
  Running img_3270.npy ... done (1.93s, 135.84MB)
  Running img_3271.npy ... done (2.11s, 140.12MB)
  Running img_3272.npy ... done (2.18s, 137.91MB)
  Running img_3273.npy ... done (2.10s, 190.46MB)
  Running img_3274.npy ... done (2.00s, 195.04MB)
  Running img_3275.npy ... done (2.08s, 135.75MB)
  Running img_3276.npy ... done (2.09s, 133.97MB)
  Running img_3277.npy ... done (1.99s, 135.92MB)
  Running img_3278.npy ... done (2.10s, 132.30MB)
  Running img_3279.npy ... done (2.14s, 135.29MB)
  Running img_328.npy ... done (2.09s, 198.02MB)
  Running img_3280.npy ... done (2.10s, 198.11MB)
  Running img_3281.npy ... done (2.05s, 195.24MB)
  Running img_3282.npy ... done (2.09s, 190.10MB)
  Running img_3283.npy ... done (2.09s, 187.40MB)
  Running img_3284.npy ... done (2.08s, 190.20MB)
  Running img_3285.npy ... done (2.53s, 184.74MB)
  Running img_3286.npy ... done (2.28s, 179.99MB)
  Running img_3287.npy ... done (2.09s, 193.31MB)
  Running img_3288.npy ... done (2.04s, 193.75MB)
  Running img_3289.npy ... done (1.99s, 189.15MB)
  Running img_329.npy ... done (2.11s, 137.75MB)
  Running img_3290.npy ... done (2.00s, 139.40MB)
  Running img_3291.npy ... done (2.11s, 133.79MB)
  Running img_3292.npy ... done (2.18s, 134.52MB)
  Running img_3293.npy ... done (2.07s, 201.87MB)
  Running img_3294.npy ... done (2.07s, 197.99MB)
  Running img_3295.npy ... done (2.11s, 198.08MB)
  Running img_3296.npy ... done (2.01s, 188.32MB)
  Running img_3297.npy ... done (2.16s, 193.33MB)
  Running img_3298.npy ... done (2.02s, 175.00MB)
  Running img_3299.npy ... done (2.14s, 180.94MB)
  Running img_33.npy ... done (2.03s, 199.77MB)
  Running img_330.npy ... done (1.84s, 192.72MB)
  Running img_3300.npy ... done (1.91s, 200.38MB)
  Running img_3301.npy ... done (1.93s, 196.57MB)
  Running img_3302.npy ... done (1.96s, 186.17MB)
  Running img_3303.npy ... done (1.77s, 201.66MB)
  Running img_3304.npy ... done (2.02s, 135.00MB)
  Running img_3305.npy ... done (2.31s, 139.28MB)
  Running img_3306.npy ... done (2.19s, 186.28MB)
  Running img_3307.npy ... done (1.86s, 199.87MB)
  Running img_3308.npy ... done (1.88s, 199.34MB)
  Running img_3309.npy ... done (1.91s, 198.52MB)
  Running img_331.npy ... done (1.91s, 198.05MB)
  Running img_3310.npy ... done (1.83s, 194.42MB)
  Running img_3311.npy ... done (1.92s, 134.25MB)
  Running img_3312.npy ... done (1.95s, 139.34MB)
  Running img_3313.npy ... done (1.89s, 143.68MB)
  Running img_3314.npy ... done (1.83s, 138.21MB)
  Running img_3315.npy ... done (1.90s, 134.42MB)
  Running img_3316.npy ... done (1.87s, 133.22MB)
  Running img_3317.npy ... done (1.90s, 135.14MB)
  Running img_3318.npy ... done (1.95s, 141.31MB)
  Running img_3319.npy ... done (1.91s, 135.31MB)
  Running img_332.npy ... done (1.92s, 165.63MB)
  Running img_3320.npy ... done (1.90s, 134.33MB)
  Running img_3321.npy ... done (1.85s, 133.86MB)
  Running img_3322.npy ... done (1.78s, 137.00MB)
  Running img_3323.npy ... done (1.78s, 132.21MB)
  Running img_3324.npy ... done (1.94s, 133.71MB)
  Running img_3325.npy ... done (1.93s, 137.25MB)
  Running img_3326.npy ... done (1.94s, 134.88MB)
  Running img_3327.npy ... done (2.17s, 142.84MB)
  Running img_3328.npy ... done (2.24s, 182.81MB)
  Running img_3329.npy ... done (2.05s, 198.47MB)
  Running img_333.npy ... done (2.04s, 132.54MB)
  Running img_3330.npy ... done (1.74s, 198.97MB)
  Running img_3331.npy ... done (1.97s, 134.04MB)
  Running img_3332.npy ... done (1.82s, 133.56MB)
  Running img_3333.npy ... done (1.92s, 134.39MB)
  Running img_3334.npy ... done (1.95s, 135.88MB)
  Running img_3335.npy ... done (1.97s, 137.59MB)
  Running img_3336.npy ... done (1.87s, 135.40MB)
  Running img_3337.npy ... done (1.91s, 133.75MB)
  Running img_3338.npy ... done (1.92s, 137.82MB)
  Running img_3339.npy ... done (1.87s, 133.61MB)
  Running img_334.npy ... done (1.98s, 136.36MB)
  Running img_3340.npy ... done (1.94s, 138.16MB)
  Running img_3341.npy ... done (1.89s, 144.51MB)
  Running img_3342.npy ... done (1.96s, 139.98MB)
  Running img_3343.npy ... done (1.89s, 135.15MB)
  Running img_3344.npy ... done (1.82s, 139.05MB)
  Running img_3345.npy ... done (1.78s, 139.76MB)
  Running img_3346.npy ... done (1.84s, 135.64MB)
  Running img_3347.npy ... done (2.01s, 139.77MB)
  Running img_3348.npy ... done (2.04s, 192.71MB)
  Running img_3349.npy ... done (1.89s, 189.31MB)
  Running img_335.npy ... done (1.81s, 131.11MB)
  Running img_3350.npy ... done (2.36s, 132.45MB)
  Running img_3351.npy ... done (2.03s, 156.27MB)
  Running img_3352.npy ... done (1.74s, 198.73MB)
  Running img_3353.npy ... done (1.94s, 141.24MB)
  Running img_3354.npy ... done (1.93s, 132.89MB)
  Running img_3355.npy ... done (2.00s, 133.75MB)
  Running img_3356.npy ... done (1.96s, 139.76MB)
  Running img_3357.npy ... done (2.01s, 142.46MB)
  Running img_3358.npy ... done (1.97s, 136.10MB)
  Running img_3359.npy ... done (1.92s, 143.35MB)
  Running img_336.npy ... done (1.96s, 138.83MB)
  Running img_3360.npy ... done (1.92s, 133.42MB)
  Running img_3361.npy ... done (2.09s, 149.43MB)
  Running img_3362.npy ... done (1.92s, 199.93MB)
  Running img_3363.npy ... done (1.89s, 193.34MB)
  Running img_3364.npy ... done (1.92s, 190.55MB)
  Running img_3365.npy ... done (1.82s, 193.27MB)
  Running img_3366.npy ... done (1.88s, 194.23MB)
  Running img_3367.npy ... done (1.85s, 193.70MB)
  Running img_3368.npy ... done (1.79s, 195.25MB)
  Running img_3369.npy ... done (2.00s, 140.58MB)
  Running img_337.npy ... done (2.13s, 137.86MB)
  Running img_3370.npy ... done (1.92s, 198.96MB)
  Running img_3371.npy ... done (1.98s, 196.48MB)
  Running img_3372.npy ... done (1.76s, 199.93MB)
  Running img_3373.npy ... done (2.26s, 133.48MB)
  Running img_3374.npy ... done (1.80s, 133.32MB)
  Running img_3375.npy ... done (1.91s, 133.91MB)
  Running img_3376.npy ... done (1.96s, 134.88MB)
  Running img_3377.npy ... done (1.87s, 133.96MB)
  Running img_3378.npy ... done (1.87s, 133.10MB)
  Running img_3379.npy ... done (1.95s, 133.89MB)
  Running img_338.npy ... done (1.93s, 141.61MB)
  Running img_3380.npy ... done (2.04s, 131.08MB)
  Running img_3381.npy ... done (1.77s, 197.68MB)
  Running img_3382.npy ... done (1.95s, 135.75MB)
  Running img_3383.npy ... done (2.17s, 137.06MB)
  Running img_3384.npy ... done (1.96s, 192.82MB)
  Running img_3385.npy ... done (1.87s, 197.15MB)
  Running img_3386.npy ... done (1.96s, 201.67MB)
  Running img_3387.npy ... done (1.87s, 190.29MB)
  Running img_3388.npy ... done (1.95s, 133.64MB)
  Running img_3389.npy ... done (1.84s, 133.66MB)
  Running img_339.npy ... done (1.75s, 132.11MB)
  Running img_3390.npy ... done (2.01s, 133.76MB)
  Running img_3391.npy ... done (1.91s, 200.13MB)
  Running img_3392.npy ... done (1.84s, 198.62MB)
  Running img_3393.npy ... done (1.87s, 199.84MB)
  Running img_3394.npy ... done (2.00s, 177.26MB)
  Running img_3395.npy ... done (1.86s, 192.73MB)
  Running img_3396.npy ... done (2.23s, 132.29MB)
  Running img_3397.npy ... done (1.96s, 136.62MB)
  Running img_3398.npy ... done (1.99s, 140.80MB)
  Running img_3399.npy ... done (1.87s, 140.55MB)
  Running img_34.npy ... done (2.04s, 131.75MB)
  Running img_340.npy ... done (1.96s, 198.04MB)
  Running img_3400.npy ... done (1.81s, 194.05MB)
  Running img_3401.npy ... done (1.97s, 138.98MB)
  Running img_3402.npy ... done (1.92s, 177.93MB)
  Running img_3403.npy ... done (1.85s, 135.82MB)
  Running img_3404.npy ... done (2.04s, 158.60MB)
  Running img_3405.npy ... done (1.91s, 196.05MB)
  Running img_3406.npy ... done (1.73s, 200.47MB)
  Running img_3407.npy ... done (1.85s, 200.73MB)
  Running img_3408.npy ... done (1.92s, 198.07MB)
  Running img_3409.npy ... done (1.96s, 193.50MB)
  Running img_341.npy ... done (1.82s, 194.69MB)
  Running img_3410.npy ... done (1.98s, 138.84MB)
  Running img_3411.npy ... done (1.74s, 150.46MB)
  Running img_3412.npy ... done (1.92s, 136.35MB)
  Running img_3413.npy ... done (1.98s, 137.81MB)
  Running img_3414.npy ... done (1.91s, 136.32MB)
  Running img_3415.npy ... done (1.83s, 133.98MB)
  Running img_3416.npy ... done (2.11s, 136.24MB)
  Running img_3417.npy ... done (1.92s, 197.30MB)
  Running img_3418.npy ... done (2.39s, 200.84MB)
  Running img_3419.npy ... done (1.92s, 198.88MB)
  Running img_342.npy ... done (1.84s, 193.99MB)
  Running img_3420.npy ... done (1.84s, 197.01MB)
  Running img_3421.npy ... done (1.77s, 196.76MB)
  Running img_3422.npy ... done (1.77s, 198.95MB)
  Running img_3423.npy ... done (1.99s, 148.04MB)
  Running img_3424.npy ... done (1.91s, 136.54MB)
  Running img_3425.npy ... done (1.95s, 134.86MB)
  Running img_3426.npy ... done (1.94s, 140.95MB)
  Running img_3427.npy ... done (1.96s, 131.60MB)
  Running img_3428.npy ... done (1.90s, 132.42MB)
  Running img_3429.npy ... done (1.86s, 157.70MB)
  Running img_343.npy ... done (1.82s, 133.82MB)
  Running img_3430.npy ... done (1.88s, 132.32MB)
  Running img_3431.npy ... done (2.01s, 144.12MB)
  Running img_3432.npy ... done (1.86s, 135.74MB)
  Running img_3433.npy ... done (1.86s, 139.43MB)
  Running img_3434.npy ... done (1.84s, 137.41MB)
  Running img_3435.npy ... done (1.90s, 141.54MB)
  Running img_3436.npy ... done (1.87s, 133.82MB)
  Running img_3437.npy ... done (2.03s, 137.93MB)
  Running img_3438.npy ... done (1.98s, 139.46MB)
  Running img_3439.npy ... done (1.89s, 134.38MB)
  Running img_344.npy ... done (1.90s, 138.35MB)
  Running img_3440.npy ... done (1.92s, 135.25MB)
  Running img_3441.npy ... done (1.91s, 133.56MB)
  Running img_3442.npy ... done (1.88s, 137.31MB)
  Running img_3443.npy ... done (1.82s, 134.98MB)
  Running img_3444.npy ... done (1.82s, 140.13MB)
  Running img_3445.npy ... done (1.93s, 141.40MB)
  Running img_3446.npy ... done (2.51s, 132.47MB)
  Running img_3447.npy ... done (2.13s, 156.52MB)
  Running img_3448.npy ... done (1.98s, 140.05MB)
  Running img_3449.npy ... done (1.85s, 147.04MB)
  Running img_345.npy ... done (1.99s, 134.60MB)
  Running img_3450.npy ... done (1.86s, 189.91MB)
  Running img_3451.npy ... done (1.98s, 137.23MB)
  Running img_3452.npy ... done (1.97s, 138.22MB)
  Running img_3453.npy ... done (2.10s, 140.24MB)
  Running img_3454.npy ... done (1.90s, 199.30MB)
  Running img_3455.npy ... done (1.95s, 196.66MB)
  Running img_3456.npy ... done (1.89s, 194.28MB)
  Running img_3457.npy ... done (2.07s, 184.23MB)
  Running img_3458.npy ... done (1.83s, 191.24MB)
  Running img_3459.npy ... done (1.87s, 134.59MB)
  Running img_346.npy ... done (1.96s, 134.13MB)
  Running img_3460.npy ... done (1.96s, 137.58MB)
  Running img_3461.npy ... done (2.00s, 139.53MB)
  Running img_3462.npy ... done (1.94s, 134.86MB)
  Running img_3463.npy ... done (1.96s, 138.13MB)
  Running img_3464.npy ... done (1.90s, 136.07MB)
  Running img_3465.npy ... done (1.92s, 135.82MB)
  Running img_3466.npy ... done (2.01s, 136.12MB)
  Running img_3467.npy ... done (1.90s, 131.57MB)
  Running img_3468.npy ... done (1.99s, 136.22MB)
  Running img_3469.npy ... done (1.94s, 141.11MB)
  Running img_347.npy ... done (1.95s, 133.79MB)
  Running img_3470.npy ... done (1.79s, 134.79MB)
  Running img_3471.npy ... done (1.98s, 140.40MB)
  Running img_3472.npy ... done (1.93s, 135.11MB)
  Running img_3473.npy ... done (1.99s, 131.73MB)
  Running img_3474.npy ... done (2.47s, 134.29MB)
  Running img_3475.npy ... done (1.90s, 162.21MB)
  Running img_3476.npy ... done (1.93s, 132.97MB)
  Running img_3477.npy ... done (1.92s, 189.05MB)
  Running img_3478.npy ... done (1.76s, 195.67MB)
  Running img_3479.npy ... done (1.83s, 135.37MB)
  Running img_348.npy ... done (1.81s, 136.34MB)
  Running img_3480.npy ... done (1.83s, 134.93MB)
  Running img_3481.npy ... done (1.95s, 136.64MB)
  Running img_3482.npy ... done (1.92s, 138.07MB)
  Running img_3483.npy ... done (1.83s, 133.45MB)
  Running img_3484.npy ... done (1.89s, 142.71MB)
  Running img_3485.npy ... done (1.97s, 137.26MB)
  Running img_3486.npy ... done (2.05s, 135.12MB)
  Running img_3487.npy ... done (1.75s, 196.32MB)
  Running img_3488.npy ... done (1.82s, 134.02MB)
  Running img_3489.npy ... done (1.82s, 135.67MB)
  Running img_349.npy ... done (1.95s, 143.96MB)
  Running img_3490.npy ... done (1.93s, 138.18MB)
  Running img_3491.npy ... done (1.78s, 143.79MB)
  Running img_3492.npy ... done (2.08s, 136.95MB)
  Running img_3493.npy ... done (1.91s, 200.57MB)
  Running img_3494.npy ... done (1.92s, 192.30MB)
  Running img_3495.npy ... done (1.89s, 195.43MB)
  Running img_3496.npy ... done (1.94s, 195.98MB)
  Running img_3497.npy ... done (2.03s, 189.38MB)
  Running img_3498.npy ... done (1.93s, 193.48MB)
  Running img_3499.npy ... done (1.80s, 196.45MB)
  Running img_35.npy ... done (1.81s, 200.50MB)
  Running img_350.npy ... done (1.93s, 201.12MB)
  Running img_3500.npy ... done (2.59s, 200.18MB)
  Running img_3501.npy ... done (1.90s, 198.62MB)
  Running img_3502.npy ... done (1.81s, 202.11MB)
  Running img_3503.npy ... done (1.92s, 196.59MB)
  Running img_3504.npy ... done (1.87s, 191.85MB)
  Running img_3505.npy ... done (1.75s, 191.42MB)
  Running img_3506.npy ... done (2.01s, 134.77MB)
  Running img_3507.npy ... done (1.98s, 137.11MB)
  Running img_3508.npy ... done (2.09s, 135.35MB)
  Running img_3509.npy ... done (1.88s, 181.95MB)
  Running img_351.npy ... done (1.95s, 136.15MB)
  Running img_3510.npy ... done (1.97s, 136.70MB)
  Running img_3511.npy ... done (1.93s, 135.00MB)
  Running img_3512.npy ... done (2.01s, 134.15MB)
  Running img_3513.npy ... done (1.97s, 133.86MB)
  Running img_3514.npy ... done (1.88s, 153.35MB)
  Running img_3515.npy ... done (1.86s, 135.89MB)
  Running img_3516.npy ... done (1.88s, 134.79MB)
  Running img_3517.npy ... done (1.94s, 133.04MB)
  Running img_3518.npy ... done (1.94s, 135.88MB)
  Running img_3519.npy ... done (1.78s, 134.82MB)
  Running img_352.npy ... done (1.90s, 133.61MB)
  Running img_3520.npy ... done (1.92s, 133.68MB)
  Running img_3521.npy ... done (1.95s, 134.42MB)
  Running img_3522.npy ... done (1.89s, 134.24MB)
  Running img_3523.npy ... done (2.07s, 134.36MB)
  Running img_3524.npy ... done (1.91s, 201.09MB)
  Running img_3525.npy ... done (1.93s, 195.96MB)
  Running img_3526.npy ... done (1.89s, 184.84MB)
  Running img_3527.npy ... done (2.17s, 136.58MB)
  Running img_3528.npy ... done (2.44s, 181.38MB)
  Running img_3529.npy ... done (1.78s, 195.25MB)
  Running img_353.npy ... done (1.89s, 198.98MB)
  Running img_3530.npy ... done (1.89s, 199.37MB)
  Running img_3531.npy ... done (1.91s, 201.27MB)
  Running img_3532.npy ... done (2.02s, 186.29MB)
  Running img_3533.npy ... done (1.89s, 195.45MB)
  Running img_3534.npy ... done (1.91s, 198.00MB)
  Running img_3535.npy ... done (1.91s, 198.67MB)
  Running img_3536.npy ... done (1.91s, 196.23MB)
  Running img_3537.npy ... done (2.01s, 139.10MB)
  Running img_3538.npy ... done (1.96s, 195.70MB)
  Running img_3539.npy ... done (1.89s, 192.27MB)
  Running img_354.npy ... done (1.84s, 197.12MB)
  Running img_3540.npy ... done (1.93s, 190.42MB)
  Running img_3541.npy ... done (1.75s, 192.05MB)
  Running img_3542.npy ... done (1.99s, 132.17MB)
  Running img_3543.npy ... done (1.93s, 192.82MB)
  Running img_3544.npy ... done (1.81s, 193.04MB)
  Running img_3545.npy ... done (2.11s, 135.09MB)
  Running img_3546.npy ... done (1.91s, 197.60MB)
  Running img_3547.npy ... done (1.80s, 189.10MB)
  Running img_3548.npy ... done (1.91s, 135.26MB)
  Running img_3549.npy ... done (1.92s, 134.52MB)
  Running img_355.npy ... done (1.87s, 134.93MB)
  Running img_3550.npy ... done (1.95s, 137.58MB)
  Running img_3551.npy ... done (1.89s, 135.39MB)
  Running img_3552.npy ... done (1.96s, 133.77MB)
  Running img_3553.npy ... done (2.09s, 135.17MB)
  Running img_3554.npy ... done (2.55s, 176.05MB)
  Running img_3555.npy ... done (1.73s, 199.14MB)
  Running img_3556.npy ... done (1.83s, 197.45MB)
  Running img_3557.npy ... done (1.81s, 199.26MB)
  Running img_3558.npy ... done (1.84s, 199.72MB)
  Running img_3559.npy ... done (1.89s, 198.95MB)
  Running img_356.npy ... done (1.88s, 201.08MB)
  Running img_3560.npy ... done (1.92s, 198.39MB)
  Running img_3561.npy ... done (1.92s, 183.63MB)
  Running img_3562.npy ... done (1.86s, 201.31MB)
  Running img_3563.npy ... done (1.94s, 193.14MB)
  Running img_3564.npy ... done (1.82s, 198.77MB)
  Running img_3565.npy ... done (1.67s, 195.11MB)
  Running img_3566.npy ... done (1.97s, 132.79MB)
  Running img_3567.npy ... done (1.88s, 135.53MB)
  Running img_3568.npy ... done (1.87s, 135.14MB)
  Running img_3569.npy ... done (1.99s, 138.60MB)
  Running img_357.npy ... done (1.93s, 135.33MB)
  Running img_3570.npy ... done (1.89s, 140.52MB)
  Running img_3571.npy ... done (2.02s, 131.81MB)
  Running img_3572.npy ... done (1.78s, 132.86MB)
  Running img_3573.npy ... done (1.82s, 133.24MB)
  Running img_3574.npy ... done (1.78s, 133.89MB)
  Running img_3575.npy ... done (1.80s, 132.94MB)
  Running img_3576.npy ... done (1.87s, 144.97MB)
  Running img_3577.npy ... done (2.04s, 139.30MB)
  Running img_3578.npy ... done (1.94s, 195.11MB)
  Running img_3579.npy ... done (1.94s, 195.41MB)
  Running img_358.npy ... done (1.80s, 201.33MB)
  Running img_3580.npy ... done (2.39s, 198.97MB)
  Running img_3581.npy ... done (1.90s, 200.08MB)
  Running img_3582.npy ... done (1.72s, 198.95MB)
  Running img_3583.npy ... done (1.89s, 135.00MB)
  Running img_3584.npy ... done (1.96s, 135.37MB)
  Running img_3585.npy ... done (2.02s, 143.71MB)
  Running img_3586.npy ... done (1.90s, 133.13MB)
  Running img_3587.npy ... done (1.92s, 132.61MB)
  Running img_3588.npy ... done (1.89s, 135.20MB)
  Running img_3589.npy ... done (1.90s, 132.14MB)
  Running img_359.npy ... done (2.03s, 133.70MB)
  Running img_3590.npy ... done (1.89s, 137.39MB)
  Running img_3591.npy ... done (1.94s, 134.89MB)
  Running img_3592.npy ... done (1.96s, 137.93MB)
  Running img_3593.npy ... done (1.99s, 136.96MB)
  Running img_3594.npy ... done (1.72s, 139.36MB)
  Running img_3595.npy ... done (1.86s, 134.62MB)
  Running img_3596.npy ... done (1.95s, 133.58MB)
  Running img_3597.npy ... done (2.11s, 140.68MB)
  Running img_3598.npy ... done (2.03s, 191.08MB)
  Running img_3599.npy ... done (1.82s, 194.08MB)
  Running img_36.npy ... done (1.87s, 198.25MB)
  Running img_360.npy ... done (1.78s, 198.74MB)
  Running img_3600.npy ... done (1.93s, 133.29MB)
  Running img_3601.npy ... done (1.89s, 131.07MB)
  Running img_3602.npy ... done (1.91s, 135.03MB)
  Running img_3603.npy ... done (1.83s, 133.73MB)
  Running img_3604.npy ... done (1.86s, 132.89MB)
  Running img_3605.npy ... done (2.39s, 132.62MB)
  Running img_3606.npy ... done (2.02s, 163.68MB)
  Running img_3607.npy ... done (2.00s, 136.82MB)
  Running img_3608.npy ... done (1.70s, 133.02MB)
  Running img_3609.npy ... done (1.83s, 135.92MB)
  Running img_361.npy ... done (1.89s, 135.38MB)
  Running img_3610.npy ... done (2.06s, 133.17MB)
  Running img_3611.npy ... done (1.99s, 191.34MB)
  Running img_3612.npy ... done (2.03s, 193.17MB)
  Running img_3613.npy ... done (1.88s, 194.36MB)
  Running img_3614.npy ... done (1.84s, 194.77MB)
  Running img_3615.npy ... done (1.88s, 195.93MB)
  Running img_3616.npy ... done (1.82s, 198.40MB)
  Running img_3617.npy ... done (1.95s, 134.88MB)
  Running img_3618.npy ... done (1.99s, 135.82MB)
  Running img_3619.npy ... done (1.82s, 133.63MB)
  Running img_362.npy ... done (1.94s, 135.02MB)
  Running img_3620.npy ... done (1.89s, 134.31MB)
  Running img_3621.npy ... done (1.94s, 140.85MB)
  Running img_3622.npy ... done (1.94s, 144.68MB)
  Running img_3623.npy ... done (1.88s, 133.55MB)
  Running img_3624.npy ... done (1.95s, 134.61MB)
  Running img_3625.npy ... done (1.95s, 136.82MB)
  Running img_3626.npy ... done (1.94s, 133.98MB)
  Running img_3627.npy ... done (1.84s, 133.73MB)
  Running img_3628.npy ... done (1.93s, 131.44MB)
  Running img_3629.npy ... done (2.03s, 143.99MB)
  Running img_363.npy ... done (1.92s, 196.62MB)
  Running img_3630.npy ... done (2.53s, 198.81MB)
  Running img_3631.npy ... done (1.90s, 199.46MB)
  Running img_3632.npy ... done (1.91s, 197.66MB)
  Running img_3633.npy ... done (1.93s, 195.00MB)
  Running img_3634.npy ... done (1.94s, 200.12MB)
  Running img_3635.npy ... done (1.85s, 194.34MB)
  Running img_3636.npy ... done (1.77s, 196.55MB)
  Running img_3637.npy ... done (1.97s, 139.42MB)
  Running img_3638.npy ... done (2.06s, 143.82MB)
  Running img_3639.npy ... done (1.92s, 188.14MB)
  Running img_364.npy ... done (1.98s, 195.22MB)
  Running img_3640.npy ... done (1.76s, 197.52MB)
  Running img_3641.npy ... done (1.86s, 142.30MB)
  Running img_3642.npy ... done (1.95s, 134.47MB)
  Running img_3643.npy ... done (1.74s, 134.91MB)
  Running img_3644.npy ... done (1.98s, 138.82MB)
  Running img_3645.npy ... done (1.87s, 135.18MB)
  Running img_3646.npy ... done (1.91s, 139.13MB)
  Running img_3647.npy ... done (1.91s, 139.55MB)
  Running img_3648.npy ... done (1.93s, 135.52MB)
  Running img_3649.npy ... done (1.94s, 133.85MB)
  Running img_365.npy ... done (1.82s, 131.41MB)
  Running img_3650.npy ... done (1.94s, 136.28MB)
  Running img_3651.npy ... done (1.96s, 134.79MB)
  Running img_3652.npy ... done (1.96s, 134.42MB)
  Running img_3653.npy ... done (1.94s, 136.19MB)
  Running img_3654.npy ... done (1.84s, 135.36MB)
  Running img_3655.npy ... done (1.81s, 137.20MB)
  Running img_3656.npy ... done (2.34s, 192.01MB)
  Running img_3657.npy ... done (2.09s, 186.14MB)
  Running img_3658.npy ... done (1.61s, 199.64MB)
  Running img_3659.npy ... done (1.70s, 157.10MB)
  Running img_366.npy ... done (1.69s, 134.19MB)
  Running img_3660.npy ... done (1.68s, 132.55MB)
  Running img_3661.npy ... done (1.72s, 132.92MB)
  Running img_3662.npy ... done (1.86s, 131.82MB)
  Running img_3663.npy ... done (1.70s, 131.55MB)
  Running img_3664.npy ... done (1.81s, 136.11MB)
  Running img_3665.npy ... done (1.76s, 132.30MB)
  Running img_3666.npy ... done (1.71s, 135.20MB)
  Running img_3667.npy ... done (1.66s, 134.75MB)
  Running img_3668.npy ... done (1.89s, 135.33MB)
  Running img_3669.npy ... done (1.81s, 178.64MB)
  Running img_367.npy ... done (1.87s, 178.51MB)
  Running img_3670.npy ... done (1.76s, 200.26MB)
  Running img_3671.npy ... done (1.80s, 198.66MB)
  Running img_3672.npy ... done (1.77s, 196.52MB)
  Running img_3673.npy ... done (1.78s, 196.48MB)
  Running img_3674.npy ... done (1.83s, 201.57MB)
  Running img_3675.npy ... done (1.91s, 194.78MB)
  Running img_3676.npy ... done (1.79s, 192.90MB)
  Running img_3677.npy ... done (1.70s, 193.84MB)
  Running img_3678.npy ... done (1.82s, 134.12MB)
  Running img_3679.npy ... done (2.26s, 135.70MB)
  Running img_368.npy ... done (2.32s, 174.90MB)
  Running img_3680.npy ... done (1.78s, 197.10MB)
  Running img_3681.npy ... done (1.85s, 198.52MB)
  Running img_3682.npy ... done (1.95s, 199.57MB)
  Running img_3683.npy ... done (1.89s, 197.84MB)
  Running img_3684.npy ... done (1.87s, 198.84MB)
  Running img_3685.npy ... done (1.96s, 197.20MB)
  Running img_3686.npy ... done (1.84s, 201.45MB)
  Running img_3687.npy ... done (1.81s, 197.81MB)
  Running img_3688.npy ... done (1.96s, 137.80MB)
  Running img_3689.npy ... done (1.95s, 136.67MB)
  Running img_369.npy ... done (1.84s, 161.58MB)
  Running img_3690.npy ... done (1.80s, 168.84MB)
  Running img_3691.npy ... done (1.89s, 135.62MB)
  Running img_3692.npy ... done (1.93s, 135.95MB)
  Running img_3693.npy ... done (1.87s, 131.71MB)
  Running img_3694.npy ... done (1.94s, 138.44MB)
  Running img_3695.npy ... done (1.98s, 135.96MB)
  Running img_3696.npy ... done (1.91s, 140.71MB)
  Running img_3697.npy ... done (1.86s, 135.49MB)
  Running img_3698.npy ... done (1.88s, 135.57MB)
  Running img_3699.npy ... done (1.86s, 132.95MB)
  Running img_37.npy ... done (1.92s, 130.70MB)
  Running img_370.npy ... done (1.92s, 134.61MB)
  Running img_3700.npy ... done (2.05s, 141.25MB)
  Running img_3701.npy ... done (2.05s, 192.20MB)
  Running img_3702.npy ... done (1.91s, 190.87MB)
  Running img_3703.npy ... done (1.84s, 200.46MB)
  Running img_3704.npy ... done (1.78s, 198.20MB)
  Running img_3705.npy ... done (2.11s, 132.66MB)
  Running img_3706.npy ... done (2.09s, 196.91MB)
  Running img_3707.npy ... done (2.56s, 196.58MB)
  Running img_3708.npy ... done (1.88s, 200.46MB)
  Running img_3709.npy ... done (1.68s, 192.80MB)
  Running img_371.npy ... done (2.07s, 135.30MB)
  Running img_3710.npy ... done (1.77s, 195.79MB)
  Running img_3711.npy ... done (1.85s, 134.18MB)
  Running img_3712.npy ... done (1.89s, 136.00MB)
  Running img_3713.npy ... done (1.88s, 133.63MB)
  Running img_3714.npy ... done (1.92s, 136.34MB)
  Running img_3715.npy ... done (1.93s, 135.57MB)
  Running img_3716.npy ... done (1.93s, 134.20MB)
  Running img_3717.npy ... done (2.01s, 134.26MB)
  Running img_3718.npy ... done (1.93s, 191.06MB)
  Running img_3719.npy ... done (1.94s, 197.64MB)
  Running img_372.npy ... done (1.77s, 199.57MB)
  Running img_3720.npy ... done (2.01s, 146.43MB)
  Running img_3721.npy ... done (2.12s, 139.11MB)
  Running img_3722.npy ... done (1.94s, 195.94MB)
  Running img_3723.npy ... done (1.92s, 195.40MB)
  Running img_3724.npy ... done (1.94s, 135.50MB)
  Running img_3725.npy ... done (1.92s, 130.78MB)
  Running img_3726.npy ... done (1.98s, 139.28MB)
  Running img_3727.npy ... done (1.98s, 136.31MB)
  Running img_3728.npy ... done (1.86s, 134.51MB)
  Running img_3729.npy ... done (1.84s, 135.41MB)
  Running img_373.npy ... done (1.90s, 133.05MB)
  Running img_3730.npy ... done (2.01s, 154.07MB)
  Running img_3731.npy ... done (2.01s, 135.15MB)
  Running img_3732.npy ... done (1.97s, 135.04MB)
  Running img_3733.npy ... done (1.97s, 137.80MB)
  Running img_3734.npy ... done (1.95s, 140.05MB)
  Running img_3735.npy ... done (1.98s, 134.87MB)
  Running img_3736.npy ... done (1.93s, 135.69MB)
  Running img_3737.npy ... done (1.95s, 135.36MB)
  Running img_3738.npy ... done (2.09s, 131.37MB)
  Running img_3739.npy ... done (1.78s, 198.48MB)
  Running img_374.npy ... done (1.88s, 133.47MB)
  Running img_3740.npy ... done (2.14s, 135.98MB)
  Running img_3741.npy ... done (1.89s, 197.88MB)
  Running img_3742.npy ... done (2.06s, 191.30MB)
  Running img_3743.npy ... done (1.99s, 197.18MB)
  Running img_3744.npy ... done (1.76s, 197.88MB)
  Running img_3745.npy ... done (1.82s, 197.90MB)
  Running img_3746.npy ... done (1.96s, 133.79MB)
  Running img_3747.npy ... done (1.88s, 133.71MB)
  Running img_3748.npy ... done (1.96s, 190.79MB)
  Running img_3749.npy ... done (1.92s, 199.20MB)
  Running img_375.npy ... done (1.92s, 193.38MB)
  Running img_3750.npy ... done (1.94s, 200.63MB)
  Running img_3751.npy ... done (1.77s, 195.18MB)
  Running img_3752.npy ... done (1.87s, 195.91MB)
  Running img_3753.npy ... done (1.82s, 199.71MB)
  Running img_3754.npy ... done (1.84s, 196.57MB)
  Running img_3755.npy ... done (1.79s, 133.66MB)
  Running img_3756.npy ... done (2.42s, 131.31MB)
  Running img_3757.npy ... done (1.84s, 133.62MB)
  Running img_3758.npy ... done (1.77s, 136.14MB)
  Running img_3759.npy ... done (1.81s, 136.19MB)
  Running img_376.npy ... done (2.13s, 141.55MB)
  Running img_3760.npy ... done (1.96s, 197.37MB)
  Running img_3761.npy ... done (1.80s, 197.66MB)
  Running img_3762.npy ... done (1.90s, 133.95MB)
  Running img_3763.npy ... done (1.97s, 133.73MB)
  Running img_3764.npy ... done (1.91s, 135.96MB)
  Running img_3765.npy ... done (2.06s, 133.67MB)
  Running img_3766.npy ... done (1.86s, 197.76MB)
  Running img_3767.npy ... done (2.06s, 137.20MB)
  Running img_3768.npy ... done (1.92s, 192.84MB)
  Running img_3769.npy ... done (1.71s, 192.93MB)
  Running img_377.npy ... done (1.83s, 134.61MB)
  Running img_3770.npy ... done (1.95s, 138.73MB)
  Running img_3771.npy ... done (1.92s, 135.16MB)
  Running img_3772.npy ... done (2.03s, 134.31MB)
  Running img_3773.npy ... done (1.92s, 190.86MB)
  Running img_3774.npy ... done (1.80s, 197.42MB)
  Running img_3775.npy ... done (1.90s, 133.30MB)
  Running img_3776.npy ... done (1.95s, 139.74MB)
  Running img_3777.npy ... done (1.81s, 135.76MB)
  Running img_3778.npy ... done (1.90s, 136.19MB)
  Running img_3779.npy ... done (1.96s, 144.04MB)
  Running img_378.npy ... done (2.34s, 129.72MB)
  Running img_3780.npy ... done (2.03s, 198.33MB)
  Running img_3781.npy ... done (1.59s, 196.98MB)
  Running img_3782.npy ... done (1.80s, 133.39MB)
  Running img_3783.npy ... done (2.01s, 132.55MB)
  Running img_3784.npy ... done (1.76s, 196.50MB)
  Running img_3785.npy ... done (1.85s, 199.22MB)
  Running img_3786.npy ... done (1.96s, 192.11MB)
  Running img_3787.npy ... done (1.92s, 194.13MB)
  Running img_3788.npy ... done (1.87s, 193.21MB)
  Running img_3789.npy ... done (1.91s, 197.87MB)
  Running img_379.npy ... done (1.91s, 200.17MB)
  Running img_3790.npy ... done (1.82s, 201.62MB)
  Running img_3791.npy ... done (1.82s, 198.77MB)
  Running img_3792.npy ... done (1.84s, 199.85MB)
  Running img_3793.npy ... done (2.06s, 181.80MB)
  Running img_3794.npy ... done (1.88s, 188.02MB)
  Running img_3795.npy ... done (1.97s, 192.46MB)
  Running img_3796.npy ... done (1.93s, 200.12MB)
  Running img_3797.npy ... done (1.92s, 199.26MB)
  Running img_3798.npy ... done (1.82s, 199.86MB)
  Running img_3799.npy ... done (1.83s, 199.28MB)
  Running img_38.npy ... done (1.73s, 200.80MB)
  Running img_380.npy ... done (1.92s, 195.19MB)
  Running img_3800.npy ... done (1.75s, 193.96MB)
  Running img_3801.npy ... done (1.84s, 132.44MB)
  Running img_3802.npy ... done (1.95s, 133.34MB)
  Running img_3803.npy ... done (1.89s, 137.40MB)
  Running img_3804.npy ... done (2.20s, 131.11MB)
  Running img_3805.npy ... done (2.21s, 187.45MB)
  Running img_3806.npy ... done (1.85s, 132.67MB)
  Running img_3807.npy ... done (1.87s, 137.15MB)
  Running img_3808.npy ... done (1.94s, 133.13MB)
  Running img_3809.npy ... done (1.73s, 134.12MB)
  Running img_381.npy ... done (1.94s, 135.86MB)
  Running img_3810.npy ... done (1.94s, 136.04MB)
  Running img_3811.npy ... done (1.97s, 136.30MB)
  Running img_3812.npy ... done (1.87s, 133.39MB)
  Running img_3813.npy ... done (1.90s, 135.90MB)
  Running img_3814.npy ... done (1.98s, 133.20MB)
  Running img_3815.npy ... done (1.89s, 135.92MB)
  Running img_3816.npy ... done (1.95s, 138.32MB)
  Running img_3817.npy ... done (1.87s, 199.96MB)
  Running img_3818.npy ... done (1.95s, 198.57MB)
  Running img_3819.npy ... done (1.96s, 197.93MB)
  Running img_382.npy ... done (1.80s, 197.71MB)
  Running img_3820.npy ... done (1.95s, 135.39MB)
  Running img_3821.npy ... done (1.86s, 133.95MB)
  Running img_3822.npy ... done (1.80s, 131.79MB)
  Running img_3823.npy ... done (1.87s, 135.08MB)
  Running img_3824.npy ... done (2.09s, 134.67MB)
  Running img_3825.npy ... done (1.89s, 201.42MB)
  Running img_3826.npy ... done (1.92s, 196.90MB)
  Running img_3827.npy ... done (2.28s, 198.20MB)
  Running img_3828.npy ... done (1.93s, 186.77MB)
  Running img_3829.npy ... done (1.78s, 197.53MB)
  Running img_383.npy ... done (1.75s, 200.53MB)
  Running img_3830.npy ... done (1.90s, 199.63MB)
  Running img_3831.npy ... done (1.90s, 201.27MB)
  Running img_3832.npy ... done (1.84s, 198.21MB)
  Running img_3833.npy ... done (1.79s, 195.67MB)
  Running img_3834.npy ... done (1.94s, 135.89MB)
  Running img_3835.npy ... done (1.92s, 134.50MB)
  Running img_3836.npy ... done (1.84s, 134.61MB)
  Running img_3837.npy ... done (1.81s, 132.85MB)
  Running img_3838.npy ... done (1.85s, 137.12MB)
  Running img_3839.npy ... done (1.98s, 134.39MB)
  Running img_384.npy ... done (2.00s, 136.04MB)
  Running img_3840.npy ... done (1.98s, 135.23MB)
  Running img_3841.npy ... done (1.87s, 132.79MB)
  Running img_3842.npy ... done (1.91s, 132.90MB)
  Running img_3843.npy ... done (1.92s, 133.87MB)
  Running img_3844.npy ... done (1.85s, 132.61MB)
  Running img_3845.npy ... done (1.93s, 130.37MB)
  Running img_3846.npy ... done (2.02s, 134.47MB)
  Running img_3847.npy ... done (1.93s, 136.00MB)
  Running img_3848.npy ... done (1.89s, 135.50MB)
  Running img_3849.npy ... done (2.01s, 134.26MB)
  Running img_385.npy ... done (2.03s, 133.30MB)
  Running img_3850.npy ... done (1.83s, 201.30MB)
  Running img_3851.npy ... done (1.90s, 200.49MB)
  Running img_3852.npy ... done (1.80s, 198.88MB)
  Running img_3853.npy ... done (2.52s, 198.07MB)
  Running img_3854.npy ... done (1.99s, 199.20MB)
  Running img_3855.npy ... done (1.89s, 197.93MB)
  Running img_3856.npy ... done (1.96s, 199.27MB)
  Running img_3857.npy ... done (1.89s, 193.43MB)
  Running img_3858.npy ... done (1.86s, 196.75MB)
  Running img_3859.npy ... done (2.00s, 194.91MB)
  Running img_386.npy ... done (1.93s, 197.62MB)
  Running img_3860.npy ... done (1.95s, 194.94MB)
  Running img_3861.npy ... done (1.82s, 201.41MB)
  Running img_3862.npy ... done (1.92s, 199.93MB)
  Running img_3863.npy ... done (1.92s, 201.28MB)
  Running img_3864.npy ... done (1.85s, 198.85MB)
  Running img_3865.npy ... done (1.94s, 199.82MB)
  Running img_3866.npy ... done (1.97s, 192.66MB)
  Running img_3867.npy ... done (1.85s, 198.26MB)
  Running img_3868.npy ... done (1.87s, 200.63MB)
  Running img_3869.npy ... done (1.90s, 197.63MB)
  Running img_387.npy ... done (1.83s, 196.96MB)
  Running img_3870.npy ... done (1.86s, 131.48MB)
  Running img_3871.npy ... done (1.99s, 132.52MB)
  Running img_3872.npy ... done (1.82s, 197.20MB)
  Running img_3873.npy ... done (1.92s, 136.98MB)
  Running img_3874.npy ... done (1.80s, 131.05MB)
  Running img_3875.npy ... done (2.08s, 132.88MB)
  Running img_3876.npy ... done (1.87s, 198.36MB)
  Running img_3877.npy ... done (1.93s, 198.27MB)
  Running img_3878.npy ... done (2.41s, 200.18MB)
  Running img_3879.npy ... done (1.71s, 194.99MB)
  Running img_388.npy ... done (1.93s, 132.84MB)
  Running img_3880.npy ... done (1.73s, 190.50MB)
  Running img_3881.npy ... done (1.79s, 139.39MB)
  Running img_3882.npy ... done (1.89s, 135.62MB)
  Running img_3883.npy ... done (1.93s, 136.73MB)
  Running img_3884.npy ... done (1.96s, 132.74MB)
  Running img_3885.npy ... done (1.87s, 135.29MB)
  Running img_3886.npy ... done (1.79s, 138.58MB)
  Running img_3887.npy ... done (1.91s, 134.21MB)
  Running img_3888.npy ... done (1.86s, 191.96MB)
  Running img_3889.npy ... done (1.94s, 199.07MB)
  Running img_389.npy ... done (1.92s, 199.66MB)
  Running img_3890.npy ... done (1.87s, 199.56MB)
  Running img_3891.npy ... done (1.91s, 191.08MB)
  Running img_3892.npy ... done (1.79s, 196.62MB)
  Running img_3893.npy ... done (1.96s, 140.37MB)
  Running img_3894.npy ... done (1.93s, 141.06MB)
  Running img_3895.npy ... done (1.70s, 197.15MB)
  Running img_3896.npy ... done (2.00s, 133.61MB)
  Running img_3897.npy ... done (1.74s, 195.64MB)
  Running img_3898.npy ... done (1.98s, 138.15MB)
  Running img_3899.npy ... done (1.98s, 139.03MB)
  Running img_39.npy ... done (1.86s, 191.56MB)
  Running img_390.npy ... done (1.75s, 200.66MB)
  Running img_3900.npy ... done (1.90s, 197.17MB)
  Running img_3901.npy ... done (2.28s, 198.09MB)
  Running img_3902.npy ... done (1.89s, 134.54MB)
  Running img_3903.npy ... done (1.99s, 137.11MB)
  Running img_3904.npy ... done (1.97s, 144.45MB)
  Running img_3905.npy ... done (2.06s, 139.43MB)
  Running img_3906.npy ... done (1.96s, 193.49MB)
  Running img_3907.npy ... done (1.79s, 200.04MB)
  Running img_3908.npy ... done (1.85s, 138.81MB)
  Running img_3909.npy ... done (2.05s, 135.39MB)
  Running img_391.npy ... done (1.94s, 193.39MB)
  Running img_3910.npy ... done (1.89s, 197.28MB)
  Running img_3911.npy ... done (1.99s, 199.74MB)
  Running img_3912.npy ... done (1.95s, 200.22MB)
  Running img_3913.npy ... done (1.84s, 198.04MB)
  Running img_3914.npy ... done (1.84s, 199.62MB)
  Running img_3915.npy ... done (1.97s, 194.56MB)
  Running img_3916.npy ... done (1.85s, 197.00MB)
  Running img_3917.npy ... done (1.83s, 192.49MB)
  Running img_3918.npy ... done (1.89s, 135.64MB)
  Running img_3919.npy ... done (1.81s, 141.09MB)
  Running img_392.npy ... done (1.86s, 134.70MB)
  Running img_3920.npy ... done (1.91s, 137.21MB)
  Running img_3921.npy ... done (1.82s, 134.00MB)
  Running img_3922.npy ... done (1.94s, 133.60MB)
  Running img_3923.npy ... done (1.93s, 136.70MB)
  Running img_3924.npy ... done (1.86s, 133.95MB)
  Running img_3925.npy ... done (2.53s, 133.89MB)
  Running img_3926.npy ... done (1.98s, 133.47MB)
  Running img_3927.npy ... done (1.88s, 138.32MB)
  Running img_3928.npy ... done (1.92s, 141.05MB)
  Running img_3929.npy ... done (1.92s, 134.88MB)
  Running img_393.npy ... done (1.93s, 133.78MB)
  Running img_3930.npy ... done (1.98s, 133.23MB)
  Running img_3931.npy ... done (1.99s, 194.77MB)
  Running img_3932.npy ... done (1.98s, 190.16MB)
  Running img_3933.npy ... done (1.97s, 193.53MB)
  Running img_3934.npy ... done (1.81s, 196.02MB)
  Running img_3935.npy ... done (1.88s, 132.85MB)
  Running img_3936.npy ... done (1.91s, 133.02MB)
  Running img_3937.npy ... done (1.94s, 133.48MB)
  Running img_3938.npy ... done (1.91s, 139.68MB)
  Running img_3939.npy ... done (1.95s, 140.29MB)
  Running img_394.npy ... done (1.91s, 145.79MB)
  Running img_3940.npy ... done (1.93s, 133.36MB)
  Running img_3941.npy ... done (1.86s, 194.00MB)
  Running img_3942.npy ... done (1.79s, 198.54MB)
  Running img_3943.npy ... done (1.86s, 198.01MB)
  Running img_3944.npy ... done (1.96s, 201.43MB)
  Running img_3945.npy ... done (1.89s, 201.02MB)
  Running img_3946.npy ... done (2.34s, 197.84MB)
  Running img_3947.npy ... done (1.80s, 196.20MB)
  Running img_3948.npy ... done (1.95s, 138.24MB)
  Running img_3949.npy ... done (1.92s, 166.83MB)
  Running img_395.npy ... done (1.82s, 133.42MB)
  Running img_3950.npy ... done (1.84s, 134.55MB)
  Running img_3951.npy ... done (1.99s, 135.75MB)
  Running img_3952.npy ... done (1.99s, 139.53MB)
  Running img_3953.npy ... done (2.03s, 133.39MB)
  Running img_3954.npy ... done (1.85s, 198.62MB)
  Running img_3955.npy ... done (1.83s, 192.42MB)
  Running img_3956.npy ... done (1.85s, 199.98MB)
  Running img_3957.npy ... done (1.87s, 193.14MB)
  Running img_3958.npy ... done (2.00s, 195.75MB)
  Running img_3959.npy ... done (1.88s, 200.86MB)
  Running img_396.npy ... done (1.80s, 198.14MB)
  Running img_3960.npy ... done (2.00s, 193.93MB)
  Running img_3961.npy ... done (1.90s, 194.83MB)
  Running img_3962.npy ... done (1.91s, 194.28MB)
  Running img_3963.npy ... done (1.91s, 195.65MB)
  Running img_3964.npy ... done (1.85s, 197.95MB)
  Running img_3965.npy ... done (1.90s, 198.70MB)
  Running img_3966.npy ... done (1.81s, 195.07MB)
  Running img_3967.npy ... done (1.90s, 198.42MB)
  Running img_3968.npy ... done (2.03s, 196.01MB)
  Running img_3969.npy ... done (1.83s, 191.83MB)
  Running img_397.npy ... done (1.89s, 135.65MB)
  Running img_3970.npy ... done (2.06s, 135.96MB)
  Running img_3971.npy ... done (1.93s, 193.66MB)
  Running img_3972.npy ... done (1.87s, 195.42MB)
  Running img_3973.npy ... done (2.15s, 200.11MB)
  Running img_3974.npy ... done (1.94s, 183.27MB)
  Running img_3975.npy ... done (1.77s, 187.80MB)
  Running img_3976.npy ... done (1.98s, 138.52MB)
  Running img_3977.npy ... done (1.93s, 133.25MB)
  Running img_3978.npy ... done (1.89s, 132.83MB)
  Running img_3979.npy ... done (2.00s, 137.50MB)
  Running img_398.npy ... done (1.92s, 139.86MB)
  Running img_3980.npy ... done (1.90s, 136.58MB)
  Running img_3981.npy ... done (1.88s, 135.81MB)
  Running img_3982.npy ... done (1.81s, 134.69MB)
  Running img_3983.npy ... done (1.92s, 134.79MB)
  Running img_3984.npy ... done (1.93s, 132.37MB)
  Running img_3985.npy ... done (1.86s, 139.91MB)
  Running img_3986.npy ... done (1.82s, 133.75MB)
  Running img_3987.npy ... done (2.12s, 140.94MB)
  Running img_3988.npy ... done (1.86s, 193.64MB)
  Running img_3989.npy ... done (1.61s, 192.94MB)
  Running img_399.npy ... done (2.02s, 139.14MB)
  Running img_3990.npy ... done (1.92s, 137.09MB)
  Running img_3991.npy ... done (1.89s, 136.61MB)
  Running img_3992.npy ... done (2.05s, 144.60MB)
  Running img_3993.npy ... done (1.91s, 195.80MB)
  Running img_3994.npy ... done (1.91s, 196.93MB)
  Running img_3995.npy ... done (1.80s, 200.28MB)
  Running img_3996.npy ... done (1.90s, 136.38MB)
  Running img_3997.npy ... done (2.53s, 137.74MB)
  Running img_3998.npy ... done (1.92s, 134.52MB)
  Running img_3999.npy ... done (1.90s, 138.26MB)
  Running img_4.npy ... done (1.93s, 137.95MB)
  Running img_40.npy ... done (1.93s, 137.56MB)
  Running img_400.npy ... done (1.90s, 136.85MB)
  Running img_4000.npy ... done (2.09s, 139.71MB)
  Running img_4001.npy ... done (1.85s, 196.70MB)
  Running img_4002.npy ... done (1.86s, 200.38MB)
  Running img_4003.npy ... done (1.88s, 196.89MB)
  Running img_4004.npy ... done (1.82s, 193.02MB)
  Running img_4005.npy ... done (1.82s, 196.16MB)
  Running img_4006.npy ... done (2.00s, 136.11MB)
  Running img_4007.npy ... done (1.88s, 196.12MB)
  Running img_4008.npy ... done (1.97s, 192.25MB)
  Running img_4009.npy ... done (1.87s, 192.54MB)
  Running img_401.npy ... done (1.81s, 188.01MB)
  Running img_4010.npy ... done (1.83s, 136.42MB)
  Running img_4011.npy ... done (1.84s, 135.89MB)
  Running img_4012.npy ... done (1.87s, 131.80MB)
  Running img_4013.npy ... done (1.90s, 132.13MB)
  Running img_4014.npy ... done (1.89s, 142.59MB)
  Running img_4015.npy ... done (1.92s, 133.48MB)
  Running img_4016.npy ... done (1.87s, 135.40MB)
  Running img_4017.npy ... done (1.95s, 137.40MB)
  Running img_4018.npy ... done (1.88s, 136.94MB)
  Running img_4019.npy ... done (2.37s, 132.16MB)
  Running img_402.npy ... done (2.14s, 171.10MB)
  Running img_4020.npy ... done (1.83s, 136.25MB)
  Running img_4021.npy ... done (1.92s, 134.96MB)
  Running img_4022.npy ... done (1.79s, 138.36MB)
  Running img_4023.npy ... done (1.93s, 137.43MB)
  Running img_4024.npy ... done (1.93s, 193.21MB)
  Running img_4025.npy ... done (1.81s, 198.91MB)
  Running img_4026.npy ... done (1.85s, 199.78MB)
  Running img_4027.npy ... done (1.88s, 199.16MB)
  Running img_4028.npy ... done (1.92s, 189.43MB)
  Running img_4029.npy ... done (1.99s, 200.52MB)
  Running img_403.npy ... done (1.72s, 200.77MB)
  Running img_4030.npy ... done (1.93s, 138.00MB)
  Running img_4031.npy ... done (1.92s, 130.66MB)
  Running img_4032.npy ... done (2.09s, 144.46MB)
  Running img_4033.npy ... done (1.86s, 195.52MB)
  Running img_4034.npy ... done (1.90s, 194.95MB)
  Running img_4035.npy ... done (1.77s, 193.48MB)
  Running img_4036.npy ... done (1.90s, 134.46MB)
  Running img_4037.npy ... done (1.92s, 140.74MB)
  Running img_4038.npy ... done (2.02s, 140.06MB)
  Running img_4039.npy ... done (1.92s, 144.54MB)
  Running img_404.npy ... done (1.90s, 135.85MB)
  Running img_4040.npy ... done (1.78s, 136.31MB)
  Running img_4041.npy ... done (1.90s, 132.62MB)
  Running img_4042.npy ... done (2.34s, 132.54MB)
  Running img_4043.npy ... done (2.02s, 134.30MB)
  Running img_4044.npy ... done (1.89s, 133.91MB)
  Running img_4045.npy ... done (2.05s, 136.78MB)
  Running img_4046.npy ... done (1.97s, 193.18MB)
  Running img_4047.npy ... done (1.84s, 192.14MB)
  Running img_4048.npy ... done (1.72s, 196.77MB)
  Running img_4049.npy ... done (1.86s, 136.00MB)
  Running img_405.npy ... done (1.88s, 136.02MB)
  Running img_4050.npy ... done (2.01s, 139.13MB)
  Running img_4051.npy ... done (1.98s, 193.46MB)
  Running img_4052.npy ... done (1.96s, 194.55MB)
  Running img_4053.npy ... done (1.87s, 197.05MB)
  Running img_4054.npy ... done (1.75s, 194.19MB)
  Running img_4055.npy ... done (1.75s, 142.98MB)
  Running img_4056.npy ... done (2.07s, 131.97MB)
  Running img_4057.npy ... done (1.95s, 188.40MB)
  Running img_4058.npy ... done (1.81s, 192.64MB)
  Running img_4059.npy ... done (1.97s, 191.70MB)
  Running img_406.npy ... done (1.83s, 193.19MB)
  Running img_4060.npy ... done (1.88s, 192.25MB)
  Running img_4061.npy ... done (1.92s, 189.88MB)
  Running img_4062.npy ... done (1.87s, 196.54MB)
  Running img_4063.npy ... done (1.91s, 193.10MB)
  Running img_4064.npy ... done (1.88s, 198.71MB)
  Running img_4065.npy ... done (1.89s, 140.18MB)
  Running img_4066.npy ... done (1.87s, 136.03MB)
  Running img_4067.npy ... done (2.70s, 134.63MB)
  Running img_4068.npy ... done (1.94s, 197.49MB)
  Running img_4069.npy ... done (1.89s, 198.45MB)
  Running img_407.npy ... done (1.88s, 197.81MB)
  Running img_4070.npy ... done (1.91s, 195.64MB)
  Running img_4071.npy ... done (1.95s, 198.38MB)
  Running img_4072.npy ... done (2.01s, 193.54MB)
  Running img_4073.npy ... done (1.97s, 189.43MB)
  Running img_4074.npy ... done (2.03s, 195.40MB)
  Running img_4075.npy ... done (1.96s, 196.60MB)
  Running img_4076.npy ... done (1.96s, 193.45MB)
  Running img_4077.npy ... done (1.84s, 183.82MB)
  Running img_4078.npy ... done (1.95s, 189.57MB)
  Running img_4079.npy ... done (1.87s, 197.40MB)
  Running img_408.npy ... done (1.97s, 198.54MB)
  Running img_4080.npy ... done (1.86s, 196.37MB)
  Running img_4081.npy ... done (1.82s, 199.93MB)
  Running img_4082.npy ... done (1.74s, 191.04MB)
  Running img_4083.npy ... done (1.94s, 134.61MB)
  Running img_4084.npy ... done (1.91s, 138.79MB)
  Running img_4085.npy ... done (1.96s, 137.53MB)
  Running img_4086.npy ... done (1.84s, 139.20MB)
  Running img_4087.npy ... done (2.00s, 136.45MB)
  Running img_4088.npy ... done (1.94s, 137.58MB)
  Running img_4089.npy ... done (2.09s, 132.53MB)
  Running img_409.npy ... done (1.98s, 189.54MB)
  Running img_4090.npy ... done (2.27s, 177.07MB)
  Running img_4091.npy ... done (2.12s, 137.02MB)
  Running img_4092.npy ... done (1.91s, 192.54MB)
  Running img_4093.npy ... done (1.89s, 198.11MB)
  Running img_4094.npy ... done (1.91s, 196.61MB)
  Running img_4095.npy ... done (1.95s, 180.81MB)
  Running img_4096.npy ... done (1.82s, 189.00MB)
  Running img_4097.npy ... done (2.08s, 141.98MB)
  Running img_4098.npy ... done (1.87s, 188.88MB)
  Running img_4099.npy ... done (2.12s, 139.34MB)
  Running img_41.npy ... done (1.77s, 192.99MB)
  Running img_410.npy ... done (1.95s, 201.52MB)
  Running img_4100.npy ... done (1.88s, 199.63MB)
  Running img_4101.npy ... done (1.79s, 193.40MB)
  Running img_4102.npy ... done (2.08s, 141.13MB)
  Running img_4103.npy ... done (1.80s, 194.15MB)
  Running img_4104.npy ... done (1.91s, 134.61MB)
  Running img_4105.npy ... done (1.94s, 136.16MB)
  Running img_4106.npy ... done (2.01s, 134.43MB)
  Running img_4107.npy ... done (1.82s, 188.33MB)
  Running img_4108.npy ... done (2.00s, 190.13MB)
  Running img_4109.npy ... done (1.98s, 198.27MB)
  Running img_411.npy ... done (1.74s, 192.83MB)
  Running img_4110.npy ... done (1.72s, 194.86MB)
  Running img_4111.npy ... done (1.84s, 141.41MB)
  Running img_4112.npy ... done (2.07s, 133.42MB)
  Running img_4113.npy ... done (2.32s, 153.99MB)
  Running img_4114.npy ... done (1.92s, 132.61MB)
  Running img_4115.npy ... done (1.95s, 136.97MB)
  Running img_4116.npy ... done (2.12s, 134.00MB)
  Running img_4117.npy ... done (1.83s, 200.03MB)
  Running img_4118.npy ... done (1.94s, 198.41MB)
  Running img_4119.npy ... done (2.04s, 197.82MB)
  Running img_412.npy ... done (1.81s, 196.00MB)
  Running img_4120.npy ... done (1.86s, 134.94MB)
  Running img_4121.npy ... done (2.00s, 134.31MB)
  Running img_4122.npy ... done (1.89s, 135.70MB)
  Running img_4123.npy ... done (1.70s, 134.64MB)
  Running img_4124.npy ... done (1.86s, 135.58MB)
  Running img_4125.npy ... done (1.91s, 148.61MB)
  Running img_4126.npy ... done (1.99s, 133.33MB)
  Running img_4127.npy ... done (1.95s, 133.39MB)
  Running img_4128.npy ... done (2.01s, 142.80MB)
  Running img_4129.npy ... done (1.90s, 134.79MB)
  Running img_413.npy ... done (1.97s, 139.19MB)
  Running img_4130.npy ... done (1.83s, 131.85MB)
  Running img_4131.npy ... done (1.98s, 139.88MB)
  Running img_4132.npy ... done (1.92s, 132.54MB)
  Running img_4133.npy ... done (1.93s, 137.55MB)
  Running img_4134.npy ... done (2.13s, 138.07MB)
  Running img_4135.npy ... done (1.92s, 194.39MB)
  Running img_4136.npy ... done (2.56s, 200.12MB)
  Running img_4137.npy ... done (1.95s, 199.10MB)
  Running img_4138.npy ... done (1.89s, 201.11MB)
  Running img_4139.npy ... done (1.95s, 189.76MB)
  Running img_414.npy ... done (1.87s, 196.17MB)
  Running img_4140.npy ... done (1.92s, 196.47MB)
  Running img_4141.npy ... done (1.89s, 200.43MB)
  Running img_4142.npy ... done (1.99s, 198.36MB)
  Running img_4143.npy ... done (1.88s, 197.11MB)
  Running img_4144.npy ... done (1.97s, 196.45MB)
  Running img_4145.npy ... done (1.78s, 195.36MB)
  Running img_4146.npy ... done (1.78s, 183.36MB)
  Running img_4147.npy ... done (1.89s, 196.03MB)
  Running img_4148.npy ... done (1.91s, 142.79MB)
  Running img_4149.npy ... done (1.96s, 138.18MB)
  Running img_415.npy ... done (1.98s, 138.29MB)
  Running img_4150.npy ... done (1.82s, 135.66MB)
  Running img_4151.npy ... done (1.79s, 136.66MB)
  Running img_4152.npy ... done (1.76s, 134.34MB)
  Running img_4153.npy ... done (1.90s, 138.77MB)
  Running img_4154.npy ... done (1.92s, 136.05MB)
  Running img_4155.npy ... done (1.94s, 131.60MB)
  Running img_4156.npy ... done (1.97s, 135.57MB)
  Running img_4157.npy ... done (2.05s, 141.57MB)
  Running img_4158.npy ... done (1.69s, 201.45MB)
  Running img_4159.npy ... done (1.75s, 199.73MB)
  Running img_416.npy ... done (1.90s, 189.85MB)
  Running img_4160.npy ... done (2.11s, 187.03MB)
  Running img_4161.npy ... done (1.85s, 145.69MB)
  Running img_4162.npy ... done (1.76s, 199.26MB)
  Running img_4163.npy ... done (1.78s, 198.22MB)
  Running img_4164.npy ... done (1.77s, 198.34MB)
  Running img_4165.npy ... done (1.69s, 194.65MB)
  Running img_4166.npy ... done (1.80s, 140.93MB)
  Running img_4167.npy ... done (1.76s, 135.27MB)
  Running img_4168.npy ... done (2.00s, 132.71MB)
  Running img_4169.npy ... done (1.65s, 191.40MB)
  Running img_417.npy ... done (1.78s, 136.38MB)
  Running img_4170.npy ... done (1.85s, 132.71MB)
  Running img_4171.npy ... done (1.83s, 138.66MB)
  Running img_4172.npy ... done (1.84s, 137.25MB)
  Running img_4173.npy ... done (1.77s, 134.47MB)
  Running img_4174.npy ... done (1.83s, 159.57MB)
  Running img_4175.npy ... done (1.96s, 137.02MB)
  Running img_4176.npy ... done (2.03s, 140.66MB)
  Running img_4177.npy ... done (2.05s, 138.64MB)
  Running img_4178.npy ... done (1.81s, 135.70MB)
  Running img_4179.npy ... done (1.80s, 135.64MB)
  Running img_418.npy ... done (1.90s, 138.80MB)
  Running img_4180.npy ... done (1.85s, 199.88MB)
  Running img_4181.npy ... done (1.83s, 191.79MB)
  Running img_4182.npy ... done (1.91s, 192.95MB)
  Running img_4183.npy ... done (1.90s, 194.02MB)
  Running img_4184.npy ... done (2.16s, 190.83MB)
  Running img_4185.npy ... done (2.19s, 133.81MB)
  Running img_4186.npy ... done (1.87s, 133.19MB)
  Running img_4187.npy ... done (1.91s, 134.64MB)
  Running img_4188.npy ... done (1.99s, 137.36MB)
  Running img_4189.npy ... done (1.97s, 135.99MB)
  Running img_419.npy ... done (2.02s, 144.05MB)
  Running img_4190.npy ... done (1.92s, 133.98MB)
  Running img_4191.npy ... done (2.02s, 137.58MB)
  Running img_4192.npy ... done (1.86s, 196.98MB)
  Running img_4193.npy ... done (1.71s, 202.37MB)
  Running img_4194.npy ... done (1.93s, 200.44MB)
  Running img_4195.npy ... done (1.86s, 191.11MB)
  Running img_4196.npy ... done (1.89s, 176.25MB)
  Running img_4197.npy ... done (1.98s, 195.47MB)
  Running img_4198.npy ... done (1.70s, 199.88MB)
  Running img_4199.npy ... done (1.97s, 136.87MB)
  Running img_42.npy ... done (1.96s, 140.69MB)
  Running img_420.npy ... done (2.11s, 138.74MB)
  Running img_4200.npy ... done (1.90s, 201.37MB)
  Running img_4201.npy ... done (1.84s, 196.96MB)
  Running img_4202.npy ... done (1.78s, 197.70MB)
  Running img_4203.npy ... done (1.91s, 140.24MB)
  Running img_4204.npy ... done (2.14s, 135.40MB)
  Running img_4205.npy ... done (1.98s, 192.95MB)
  Running img_4206.npy ... done (1.95s, 197.50MB)
  Running img_4207.npy ... done (2.37s, 200.84MB)
  Running img_4208.npy ... done (1.87s, 188.24MB)
  Running img_4209.npy ... done (1.92s, 138.61MB)
  Running img_421.npy ... done (1.95s, 137.68MB)
  Running img_4210.npy ... done (1.92s, 133.57MB)
  Running img_4211.npy ... done (1.99s, 136.05MB)
  Running img_4212.npy ... done (2.07s, 142.03MB)
  Running img_4213.npy ... done (1.72s, 198.38MB)
  Running img_4214.npy ... done (1.65s, 195.79MB)
  Running img_4215.npy ... done (2.01s, 138.03MB)
  Running img_4216.npy ... done (1.85s, 134.86MB)
  Running img_4217.npy ... done (1.84s, 134.94MB)
  Running img_4218.npy ... done (1.95s, 139.99MB)
  Running img_4219.npy ... done (1.97s, 136.77MB)
  Running img_422.npy ... done (1.96s, 136.12MB)
  Running img_4220.npy ... done (1.92s, 134.31MB)
  Running img_4221.npy ... done (1.97s, 135.22MB)
  Running img_4222.npy ... done (1.85s, 146.55MB)
  Running img_4223.npy ... done (1.91s, 135.72MB)
  Running img_4224.npy ... done (1.93s, 138.28MB)
  Running img_4225.npy ... done (1.88s, 133.46MB)
  Running img_4226.npy ... done (2.37s, 132.35MB)
  Running img_4227.npy ... done (1.91s, 133.68MB)
  Running img_4228.npy ... done (1.74s, 131.13MB)
  Running img_4229.npy ... done (2.01s, 132.61MB)
  Running img_423.npy ... done (1.98s, 195.39MB)
  Running img_4230.npy ... done (1.93s, 197.09MB)
  Running img_4231.npy ... done (1.96s, 193.39MB)
  Running img_4232.npy ... done (1.87s, 185.18MB)
  Running img_4233.npy ... done (1.85s, 200.31MB)
  Running img_4234.npy ... done (1.89s, 132.19MB)
  Running img_4235.npy ... done (1.95s, 134.55MB)
  Running img_4236.npy ... done (1.81s, 136.18MB)
  Running img_4237.npy ... done (1.93s, 134.58MB)
  Running img_4238.npy ... done (1.93s, 197.61MB)
  Running img_4239.npy ... done (1.84s, 200.12MB)
  Running img_424.npy ... done (1.91s, 145.65MB)
  Running img_4240.npy ... done (2.09s, 140.30MB)
  Running img_4241.npy ... done (1.82s, 194.70MB)
  Running img_4242.npy ... done (1.88s, 134.98MB)
  Running img_4243.npy ... done (1.82s, 136.43MB)
  Running img_4244.npy ... done (2.03s, 136.33MB)
  Running img_4245.npy ... done (1.90s, 191.89MB)
  Running img_4246.npy ... done (1.75s, 197.29MB)
  Running img_4247.npy ... done (2.10s, 130.30MB)
  Running img_4248.npy ... done (1.88s, 198.14MB)
  Running img_4249.npy ... done (1.81s, 196.23MB)
  Running img_425.npy ... done (1.86s, 190.56MB)
  Running img_4250.npy ... done (1.91s, 194.84MB)
  Running img_4251.npy ... done (1.98s, 193.33MB)
  Running img_4252.npy ... done (1.86s, 201.47MB)
  Running img_4253.npy ... done (2.06s, 196.62MB)
  Running img_4254.npy ... done (2.05s, 200.97MB)
  Running img_4255.npy ... done (1.82s, 199.28MB)
  Running img_4256.npy ... done (1.85s, 198.90MB)
  Running img_4257.npy ... done (1.89s, 200.60MB)
  Running img_4258.npy ... done (1.97s, 195.11MB)
  Running img_4259.npy ... done (1.83s, 195.00MB)
  Running img_426.npy ... done (1.82s, 190.99MB)
  Running img_4260.npy ... done (2.02s, 192.84MB)
  Running img_4261.npy ... done (1.79s, 192.43MB)
  Running img_4262.npy ... done (1.92s, 141.88MB)
  Running img_4263.npy ... done (1.98s, 136.42MB)
  Running img_4264.npy ... done (1.86s, 131.64MB)
  Running img_4265.npy ... done (1.93s, 135.28MB)
  Running img_4266.npy ... done (1.91s, 135.86MB)
  Running img_4267.npy ... done (1.88s, 136.99MB)
  Running img_4268.npy ... done (1.88s, 133.87MB)
  Running img_4269.npy ... done (2.00s, 143.61MB)
  Running img_427.npy ... done (1.91s, 201.27MB)
  Running img_4270.npy ... done (2.02s, 197.18MB)
  Running img_4271.npy ... done (1.75s, 198.12MB)
  Running img_4272.npy ... done (1.87s, 137.69MB)
  Running img_4273.npy ... done (1.99s, 136.22MB)
  Running img_4274.npy ... done (1.97s, 132.27MB)
  Running img_4275.npy ... done (1.97s, 135.25MB)
  Running img_4276.npy ... done (2.10s, 137.36MB)
  Running img_4277.npy ... done (1.87s, 200.50MB)
  Running img_4278.npy ... done (2.58s, 194.27MB)
  Running img_4279.npy ... done (1.89s, 199.50MB)
  Running img_428.npy ... done (1.76s, 192.56MB)
  Running img_4280.npy ... done (2.00s, 133.85MB)
  Running img_4281.npy ... done (1.96s, 133.86MB)
  Running img_4282.npy ... done (1.88s, 138.79MB)
  Running img_4283.npy ... done (1.89s, 135.54MB)
  Running img_4284.npy ... done (1.88s, 135.96MB)
  Running img_4285.npy ... done (1.88s, 142.07MB)
  Running img_4286.npy ... done (1.92s, 135.22MB)
  Running img_4287.npy ... done (1.90s, 137.45MB)
  Running img_4288.npy ... done (1.89s, 193.54MB)
  Running img_4289.npy ... done (2.10s, 137.12MB)
  Running img_429.npy ... done (1.77s, 191.12MB)
  Running img_4290.npy ... done (1.90s, 135.41MB)
  Running img_4291.npy ... done (1.95s, 132.67MB)
  Running img_4292.npy ... done (1.95s, 135.86MB)
  Running img_4293.npy ... done (1.90s, 133.69MB)
  Running img_4294.npy ... done (1.87s, 132.88MB)
  Running img_4295.npy ... done (1.88s, 139.14MB)
  Running img_4296.npy ... done (1.92s, 137.22MB)
  Running img_4297.npy ... done (2.08s, 136.21MB)
  Running img_4298.npy ... done (1.94s, 195.17MB)
  Running img_4299.npy ... done (1.82s, 199.30MB)
  Running img_43.npy ... done (1.90s, 133.61MB)
  Running img_430.npy ... done (1.91s, 139.88MB)
  Running img_4300.npy ... done (2.20s, 134.65MB)
  Running img_4301.npy ... done (1.88s, 134.97MB)
  Running img_4302.npy ... done (1.96s, 134.97MB)
  Running img_4303.npy ... done (1.98s, 141.39MB)
  Running img_4304.npy ... done (1.92s, 137.18MB)
  Running img_4305.npy ... done (1.84s, 139.26MB)
  Running img_4306.npy ... done (1.87s, 197.15MB)
  Running img_4307.npy ... done (1.78s, 201.63MB)
  Running img_4308.npy ... done (1.80s, 200.92MB)
  Running img_4309.npy ... done (1.79s, 198.32MB)
  Running img_431.npy ... done (1.91s, 200.03MB)
  Running img_4310.npy ... done (1.96s, 194.06MB)
  Running img_4311.npy ... done (1.87s, 200.59MB)
  Running img_4312.npy ... done (1.89s, 201.27MB)
  Running img_4313.npy ... done (1.98s, 199.47MB)
  Running img_4314.npy ... done (1.84s, 200.49MB)
  Running img_4315.npy ... done (1.80s, 197.21MB)
  Running img_4316.npy ... done (1.84s, 197.66MB)
  Running img_4317.npy ... done (1.85s, 194.12MB)
  Running img_4318.npy ... done (1.91s, 135.74MB)
  Running img_4319.npy ... done (1.90s, 133.54MB)
  Running img_432.npy ... done (1.94s, 133.36MB)
  Running img_4320.npy ... done (1.79s, 136.29MB)
  Running img_4321.npy ... done (2.05s, 133.11MB)
  Running img_4322.npy ... done (1.96s, 195.20MB)
  Running img_4323.npy ... done (1.91s, 196.84MB)
  Running img_4324.npy ... done (2.50s, 199.76MB)
  Running img_4325.npy ... done (1.99s, 198.18MB)
  Running img_4326.npy ... done (1.87s, 198.90MB)
  Running img_4327.npy ... done (1.87s, 199.13MB)
  Running img_4328.npy ... done (1.75s, 191.19MB)
  Running img_4329.npy ... done (1.70s, 200.20MB)
  Running img_433.npy ... done (2.04s, 142.56MB)
  Running img_4330.npy ... done (1.84s, 193.07MB)
  Running img_4331.npy ... done (1.92s, 141.78MB)
  Running img_4332.npy ... done (1.92s, 133.90MB)
  Running img_4333.npy ... done (1.82s, 134.00MB)
  Running img_4334.npy ... done (1.83s, 132.08MB)
  Running img_4335.npy ... done (1.78s, 131.67MB)
  Running img_4336.npy ... done (1.93s, 135.27MB)
  Running img_4337.npy ... done (1.95s, 140.04MB)
  Running img_4338.npy ... done (1.97s, 143.26MB)
  Running img_4339.npy ... done (1.92s, 135.07MB)
  Running img_434.npy ... done (2.10s, 137.26MB)
  Running img_4340.npy ... done (2.01s, 193.11MB)
  Running img_4341.npy ... done (1.92s, 192.15MB)
  Running img_4342.npy ... done (1.86s, 136.05MB)
  Running img_4343.npy ... done (1.95s, 135.78MB)
  Running img_4344.npy ... done (1.92s, 132.61MB)
  Running img_4345.npy ... done (2.03s, 140.70MB)
  Running img_4346.npy ... done (1.95s, 196.67MB)
  Running img_4347.npy ... done (1.94s, 193.64MB)
  Running img_4348.npy ... done (2.52s, 202.25MB)
  Running img_4349.npy ... done (1.77s, 200.76MB)
  Running img_435.npy ... done (1.83s, 191.04MB)
  Running img_4350.npy ... done (1.79s, 193.80MB)
  Running img_4351.npy ... done (1.91s, 197.05MB)
  Running img_4352.npy ... done (1.77s, 199.69MB)
  Running img_4353.npy ... done (1.96s, 135.89MB)
  Running img_4354.npy ... done (1.94s, 134.70MB)
  Running img_4355.npy ... done (2.08s, 136.43MB)
  Running img_4356.npy ... done (1.89s, 139.33MB)
  Running img_4357.npy ... done (1.93s, 140.25MB)
  Running img_4358.npy ... done (1.96s, 136.59MB)
  Running img_4359.npy ... done (1.91s, 146.36MB)
  Running img_436.npy ... done (1.95s, 143.41MB)
  Running img_4360.npy ... done (2.04s, 137.69MB)
  Running img_4361.npy ... done (2.04s, 196.69MB)
  Running img_4362.npy ... done (2.11s, 193.93MB)
  Running img_4363.npy ... done (2.02s, 194.93MB)
  Running img_4364.npy ... done (1.86s, 197.43MB)
  Running img_4365.npy ... done (1.80s, 195.94MB)
  Running img_4366.npy ... done (1.81s, 137.21MB)
  Running img_4367.npy ... done (2.08s, 133.52MB)
  Running img_4368.npy ... done (2.00s, 195.85MB)
  Running img_4369.npy ... done (1.81s, 192.51MB)
  Running img_437.npy ... done (2.06s, 139.00MB)
  Running img_4370.npy ... done (2.24s, 132.34MB)
  Running img_4371.npy ... done (2.10s, 134.77MB)
  Running img_4372.npy ... done (1.81s, 133.79MB)
  Running img_4373.npy ... done (1.75s, 133.03MB)
  Running img_4374.npy ... done (1.96s, 131.80MB)
  Running img_4375.npy ... done (1.96s, 132.48MB)
  Running img_4376.npy ... done (1.90s, 134.25MB)
  Running img_4377.npy ... done (1.92s, 136.50MB)
  Running img_4378.npy ... done (1.94s, 142.56MB)
  Running img_4379.npy ... done (1.95s, 137.72MB)
  Running img_438.npy ... done (1.91s, 132.38MB)
  Running img_4380.npy ... done (2.10s, 142.91MB)
  Running img_4381.npy ... done (1.92s, 194.71MB)
  Running img_4382.npy ... done (1.98s, 195.52MB)
  Running img_4383.npy ... done (1.97s, 195.20MB)
  Running img_4384.npy ... done (1.81s, 200.28MB)
  Running img_4385.npy ... done (2.10s, 196.61MB)
  Running img_4386.npy ... done (1.95s, 199.34MB)
  Running img_4387.npy ... done (1.89s, 193.73MB)
  Running img_4388.npy ... done (2.00s, 192.84MB)
  Running img_4389.npy ... done (1.96s, 195.19MB)
  Running img_439.npy ... done (1.86s, 187.17MB)
  Running img_4390.npy ... done (1.94s, 135.43MB)
  Running img_4391.npy ... done (1.88s, 146.73MB)
  Running img_4392.npy ... done (2.33s, 136.68MB)
  Running img_4393.npy ... done (1.85s, 135.81MB)
  Running img_4394.npy ... done (1.94s, 134.20MB)
  Running img_4395.npy ... done (1.84s, 140.26MB)
  Running img_4396.npy ... done (1.70s, 191.42MB)
  Running img_4397.npy ... done (1.90s, 153.09MB)
  Running img_4398.npy ... done (1.97s, 135.06MB)
  Running img_4399.npy ... done (1.86s, 134.58MB)
  Running img_44.npy ... done (1.87s, 135.85MB)
  Running img_440.npy ... done (1.90s, 139.82MB)
  Running img_4400.npy ... done (1.93s, 138.98MB)
  Running img_4401.npy ... done (2.08s, 135.36MB)
  Running img_4402.npy ... done (1.94s, 201.21MB)
  Running img_4403.npy ... done (1.65s, 200.58MB)
  Running img_4404.npy ... done (1.81s, 133.28MB)
  Running img_4405.npy ... done (2.04s, 131.72MB)
  Running img_4406.npy ... done (1.83s, 199.25MB)
  Running img_4407.npy ... done (1.96s, 194.39MB)
  Running img_4408.npy ... done (1.83s, 196.79MB)
  Running img_4409.npy ... done (1.85s, 140.45MB)
  Running img_441.npy ... done (1.98s, 143.20MB)
  Running img_4410.npy ... done (2.11s, 135.66MB)
  Running img_4411.npy ... done (2.06s, 199.92MB)
  Running img_4412.npy ... done (2.14s, 199.71MB)
  Running img_4413.npy ... done (1.90s, 201.55MB)
  Running img_4414.npy ... done (1.87s, 193.82MB)
  Running img_4415.npy ... done (1.97s, 140.13MB)
  Running img_4416.npy ... done (1.93s, 133.61MB)
  Running img_4417.npy ... done (1.98s, 137.25MB)
  Running img_4418.npy ... done (1.87s, 136.87MB)
  Running img_4419.npy ... done (1.91s, 132.73MB)
  Running img_442.npy ... done (1.73s, 131.45MB)
  Running img_4420.npy ... done (1.83s, 131.52MB)
  Running img_4421.npy ... done (1.99s, 135.14MB)
  Running img_4422.npy ... done (2.04s, 137.25MB)
  Running img_4423.npy ... done (1.96s, 193.84MB)
  Running img_4424.npy ... done (1.89s, 192.97MB)
  Running img_4425.npy ... done (1.91s, 199.03MB)
  Running img_4426.npy ... done (1.80s, 199.37MB)
  Running img_4427.npy ... done (2.06s, 135.50MB)
  Running img_4428.npy ... done (1.96s, 198.40MB)
  Running img_4429.npy ... done (1.94s, 195.40MB)
  Running img_443.npy ... done (1.83s, 198.21MB)
  Running img_4430.npy ... done (1.84s, 192.43MB)
  Running img_4431.npy ... done (1.92s, 195.93MB)
  Running img_4432.npy ... done (1.84s, 197.67MB)
  Running img_4433.npy ... done (2.25s, 199.61MB)
  Running img_4434.npy ... done (1.85s, 191.36MB)
  Running img_4435.npy ... done (2.03s, 134.84MB)
  Running img_4436.npy ... done (1.84s, 192.30MB)
  Running img_4437.npy ... done (1.90s, 135.78MB)
  Running img_4438.npy ... done (1.93s, 138.57MB)
  Running img_4439.npy ... done (2.11s, 137.04MB)
  Running img_444.npy ... done (1.93s, 195.56MB)
  Running img_4440.npy ... done (1.83s, 191.81MB)
  Running img_4441.npy ... done (1.77s, 195.84MB)
  Running img_4442.npy ... done (1.87s, 134.25MB)
  Running img_4443.npy ... done (1.97s, 138.68MB)
  Running img_4444.npy ... done (1.85s, 135.18MB)
  Running img_4445.npy ... done (2.14s, 136.04MB)
  Running img_4446.npy ... done (1.81s, 197.43MB)
  Running img_4447.npy ... done (1.81s, 179.71MB)
  Running img_4448.npy ... done (2.00s, 134.90MB)
  Running img_4449.npy ... done (1.85s, 132.26MB)
  Running img_445.npy ... done (1.84s, 134.18MB)
  Running img_4450.npy ... done (1.90s, 133.95MB)
  Running img_4451.npy ... done (2.08s, 134.80MB)
  Running img_4452.npy ... done (1.93s, 196.12MB)
  Running img_4453.npy ... done (1.87s, 198.10MB)
  Running img_4454.npy ... done (1.97s, 198.86MB)
  Running img_4455.npy ... done (2.20s, 197.25MB)
  Running img_4456.npy ... done (1.85s, 191.16MB)
  Running img_4457.npy ... done (1.97s, 198.20MB)
  Running img_4458.npy ... done (2.03s, 191.07MB)
  Running img_4459.npy ... done (1.95s, 202.08MB)
  Running img_446.npy ... done (1.99s, 200.88MB)
  Running img_4460.npy ... done (1.82s, 199.97MB)
  Running img_4461.npy ... done (1.94s, 141.32MB)
  Running img_4462.npy ... done (1.96s, 132.40MB)
  Running img_4463.npy ... done (1.91s, 132.63MB)
  Running img_4464.npy ... done (1.89s, 135.18MB)
  Running img_4465.npy ... done (2.18s, 141.91MB)
  Running img_4466.npy ... done (1.97s, 197.81MB)
  Running img_4467.npy ... done (1.91s, 198.05MB)
  Running img_4468.npy ... done (1.90s, 197.36MB)
  Running img_4469.npy ... done (1.99s, 199.93MB)
  Running img_447.npy ... done (1.91s, 198.00MB)
  Running img_4470.npy ... done (1.90s, 192.34MB)
  Running img_4471.npy ... done (2.11s, 138.85MB)
  Running img_4472.npy ... done (1.91s, 198.23MB)
  Running img_4473.npy ... done (1.96s, 201.61MB)
  Running img_4474.npy ... done (1.82s, 195.52MB)
  Running img_4475.npy ... done (2.05s, 134.24MB)
  Running img_4476.npy ... done (2.15s, 135.61MB)
  Running img_4477.npy ... done (1.90s, 135.68MB)
  Running img_4478.npy ... done (1.91s, 133.38MB)
  Running img_4479.npy ... done (1.94s, 134.08MB)
  Running img_448.npy ... done (1.90s, 139.77MB)
  Running img_4480.npy ... done (1.87s, 157.40MB)
  Running img_4481.npy ... done (1.91s, 136.02MB)
  Running img_4482.npy ... done (1.94s, 133.59MB)
  Running img_4483.npy ... done (2.10s, 138.49MB)
  Running img_4484.npy ... done (1.96s, 197.95MB)
  Running img_4485.npy ... done (1.96s, 200.93MB)
  Running img_4486.npy ... done (2.02s, 194.27MB)
  Running img_4487.npy ... done (1.74s, 199.12MB)
  Running img_4488.npy ... done (1.80s, 146.48MB)
  Running img_4489.npy ... done (1.98s, 135.88MB)
  Running img_449.npy ... done (1.80s, 200.54MB)
  Running img_4490.npy ... done (1.85s, 137.41MB)
  Running img_4491.npy ... done (2.10s, 139.29MB)
  Running img_4492.npy ... done (1.94s, 199.84MB)
  Running img_4493.npy ... done (1.98s, 192.78MB)
  Running img_4494.npy ... done (1.94s, 199.72MB)
  Running img_4495.npy ... done (1.93s, 199.19MB)
  Running img_4496.npy ... done (2.01s, 200.12MB)
  Running img_4497.npy ... done (2.40s, 201.59MB)
  Running img_4498.npy ... done (2.02s, 189.84MB)
  Running img_4499.npy ... done (1.92s, 194.32MB)
  Running img_45.npy ... done (1.97s, 195.48MB)
  Running img_450.npy ... done (1.94s, 196.86MB)
  Running img_4500.npy ... done (1.93s, 192.15MB)
  Running img_4501.npy ... done (1.83s, 199.20MB)
  Running img_4502.npy ... done (1.82s, 201.19MB)
  Running img_4503.npy ... done (1.92s, 197.65MB)
  Running img_4504.npy ... done (1.91s, 190.77MB)
  Running img_4505.npy ... done (1.86s, 198.92MB)
  Running img_4506.npy ... done (1.91s, 202.06MB)
  Running img_4507.npy ... done (1.89s, 197.15MB)
  Running img_4508.npy ... done (1.92s, 192.89MB)
  Running img_4509.npy ... done (1.98s, 193.40MB)
  Running img_451.npy ... done (1.80s, 192.30MB)
  Running img_4510.npy ... done (1.88s, 136.19MB)
  Running img_4511.npy ... done (1.98s, 139.59MB)
  Running img_4512.npy ... done (1.91s, 196.38MB)
  Running img_4513.npy ... done (1.91s, 195.91MB)
  Running img_4514.npy ... done (1.76s, 191.31MB)
  Running img_4515.npy ... done (1.95s, 138.99MB)
  Running img_4516.npy ... done (1.90s, 137.77MB)
  Running img_4517.npy ... done (2.15s, 137.83MB)
  Running img_4518.npy ... done (1.96s, 131.84MB)
  Running img_4519.npy ... done (1.95s, 134.26MB)
  Running img_452.npy ... done (1.85s, 133.24MB)
  Running img_4520.npy ... done (1.78s, 141.51MB)
  Running img_4521.npy ... done (1.94s, 134.46MB)
  Running img_4522.npy ... done (1.90s, 136.62MB)
  Running img_4523.npy ... done (2.08s, 136.56MB)
  Running img_4524.npy ... done (1.77s, 193.32MB)
  Running img_4525.npy ... done (1.99s, 135.61MB)
  Running img_4526.npy ... done (1.98s, 138.04MB)
  Running img_4527.npy ... done (1.99s, 137.30MB)
  Running img_4528.npy ... done (1.82s, 133.84MB)
  Running img_4529.npy ... done (1.92s, 135.43MB)
  Running img_453.npy ... done (1.95s, 135.71MB)
  Running img_4530.npy ... done (1.77s, 135.68MB)
  Running img_4531.npy ... done (1.79s, 135.47MB)
  Running img_4532.npy ... done (1.78s, 135.79MB)
  Running img_4533.npy ... done (1.76s, 138.28MB)
  Running img_4534.npy ... done (1.79s, 135.07MB)
  Running img_4535.npy ... done (1.81s, 135.40MB)
  Running img_4536.npy ... done (1.77s, 138.03MB)
  Running img_4537.npy ... done (1.75s, 133.43MB)
  Running img_4538.npy ... done (1.79s, 134.53MB)
  Running img_4539.npy ... done (1.93s, 134.39MB)
  Running img_454.npy ... done (1.79s, 195.77MB)
  Running img_4540.npy ... done (2.26s, 200.29MB)
  Running img_4541.npy ... done (1.73s, 200.26MB)
  Running img_4542.npy ... done (1.72s, 199.41MB)
  Running img_4543.npy ... done (1.76s, 188.99MB)
  Running img_4544.npy ... done (1.80s, 194.33MB)
  Running img_4545.npy ... done (1.73s, 192.21MB)
  Running img_4546.npy ... done (1.76s, 192.13MB)
  Running img_4547.npy ... done (1.74s, 197.07MB)
  Running img_4548.npy ... done (1.78s, 196.05MB)
  Running img_4549.npy ... done (1.76s, 200.73MB)
  Running img_455.npy ... done (1.76s, 200.21MB)
  Running img_4550.npy ... done (1.73s, 197.80MB)
  Running img_4551.npy ... done (1.80s, 195.42MB)
  Running img_4552.npy ... done (1.61s, 195.21MB)
  Running img_4553.npy ... done (1.80s, 138.12MB)
  Running img_4554.npy ... done (1.80s, 134.16MB)
  Running img_4555.npy ... done (1.69s, 133.16MB)
  Running img_4556.npy ... done (1.97s, 134.71MB)
  Running img_4557.npy ... done (1.67s, 195.48MB)
  Running img_4558.npy ... done (1.79s, 143.94MB)
  Running img_4559.npy ... done (1.76s, 136.20MB)
  Running img_456.npy ... done (1.78s, 135.87MB)
  Running img_4560.npy ... done (1.92s, 134.77MB)
  Running img_4561.npy ... done (1.94s, 134.78MB)
  Running img_4562.npy ... done (1.94s, 140.69MB)
  Running img_4563.npy ... done (2.28s, 132.99MB)
  Running img_4564.npy ... done (2.22s, 165.09MB)
  Running img_4565.npy ... done (1.83s, 132.34MB)
  Running img_4566.npy ... done (1.94s, 134.44MB)
  Running img_4567.npy ... done (1.91s, 137.99MB)
  Running img_4568.npy ... done (1.89s, 134.42MB)
  Running img_4569.npy ... done (1.90s, 138.91MB)
  Running img_457.npy ... done (2.00s, 139.55MB)
  Running img_4570.npy ... done (1.92s, 135.20MB)
  Running img_4571.npy ... done (2.09s, 135.91MB)
  Running img_4572.npy ... done (1.94s, 200.20MB)
  Running img_4573.npy ... done (1.89s, 197.58MB)
  Running img_4574.npy ... done (1.70s, 195.94MB)
  Running img_4575.npy ... done (1.96s, 139.74MB)
  Running img_4576.npy ... done (1.95s, 136.02MB)
  Running img_4577.npy ... done (1.99s, 137.27MB)
  Running img_4578.npy ... done (1.87s, 138.75MB)
  Running img_4579.npy ... done (2.10s, 137.42MB)
  Running img_458.npy ... done (1.94s, 199.05MB)
  Running img_4580.npy ... done (1.88s, 196.62MB)
  Running img_4581.npy ... done (1.95s, 197.05MB)
  Running img_4582.npy ... done (1.80s, 200.30MB)
  Running img_4583.npy ... done (1.84s, 134.08MB)
  Running img_4584.npy ... done (2.17s, 144.32MB)
  Running img_4585.npy ... done (2.28s, 183.07MB)
  Running img_4586.npy ... done (1.94s, 200.94MB)
  Running img_4587.npy ... done (1.87s, 197.76MB)
  Running img_4588.npy ... done (1.83s, 200.19MB)
  Running img_4589.npy ... done (1.83s, 199.71MB)
  Running img_459.npy ... done (1.97s, 197.79MB)
  Running img_4590.npy ... done (1.77s, 199.21MB)
  Running img_4591.npy ... done (1.90s, 136.14MB)
  Running img_4592.npy ... done (1.89s, 135.09MB)
  Running img_4593.npy ... done (1.81s, 130.68MB)
  Running img_4594.npy ... done (1.96s, 138.68MB)
  Running img_4595.npy ... done (1.90s, 133.83MB)
  Running img_4596.npy ... done (1.87s, 131.66MB)
  Running img_4597.npy ... done (1.97s, 139.41MB)
  Running img_4598.npy ... done (1.95s, 140.00MB)
  Running img_4599.npy ... done (2.10s, 155.23MB)
  Running img_46.npy ... done (1.96s, 196.54MB)
  Running img_460.npy ... done (1.96s, 200.03MB)
  Running img_4600.npy ... done (1.92s, 198.12MB)
  Running img_4601.npy ... done (1.78s, 197.55MB)
  Running img_4602.npy ... done (1.90s, 138.16MB)
  Running img_4603.npy ... done (1.94s, 135.24MB)
  Running img_4604.npy ... done (1.88s, 135.37MB)
  Running img_4605.npy ... done (2.26s, 145.05MB)
  Running img_4606.npy ... done (1.90s, 135.64MB)
  Running img_4607.npy ... done (1.98s, 135.23MB)
  Running img_4608.npy ... done (1.82s, 134.90MB)
  Running img_4609.npy ... done (1.97s, 136.16MB)
  Running img_461.npy ... done (2.08s, 138.92MB)
  Running img_4610.npy ... done (1.93s, 186.48MB)
  Running img_4611.npy ... done (1.89s, 195.11MB)
  Running img_4612.npy ... done (1.85s, 195.80MB)
  Running img_4613.npy ... done (1.91s, 134.69MB)
  Running img_4614.npy ... done (1.93s, 133.27MB)
  Running img_4615.npy ... done (1.94s, 137.13MB)
  Running img_4616.npy ... done (1.90s, 136.08MB)
  Running img_4617.npy ... done (1.85s, 136.26MB)
  Running img_4618.npy ... done (1.91s, 132.86MB)
  Running img_4619.npy ... done (1.83s, 133.23MB)
  Running img_462.npy ... done (1.80s, 133.11MB)
  Running img_4620.npy ... done (1.92s, 130.03MB)
  Running img_4621.npy ... done (1.93s, 135.17MB)
  Running img_4622.npy ... done (1.95s, 132.86MB)
  Running img_4623.npy ... done (1.93s, 135.18MB)
  Running img_4624.npy ... done (1.91s, 136.71MB)
  Running img_4625.npy ... done (1.93s, 134.16MB)
  Running img_4626.npy ... done (2.07s, 138.73MB)
  Running img_4627.npy ... done (1.98s, 191.66MB)
  Running img_4628.npy ... done (1.93s, 200.28MB)
  Running img_4629.npy ... done (2.42s, 199.74MB)
  Running img_463.npy ... done (1.70s, 192.99MB)
  Running img_4630.npy ... done (2.03s, 136.16MB)
  Running img_4631.npy ... done (1.93s, 133.70MB)
  Running img_4632.npy ... done (1.89s, 133.84MB)
  Running img_4633.npy ... done (1.92s, 133.46MB)
  Running img_4634.npy ... done (1.87s, 134.85MB)
  Running img_4635.npy ... done (1.95s, 137.55MB)
  Running img_4636.npy ... done (2.14s, 136.78MB)
  Running img_4637.npy ... done (1.78s, 197.43MB)
  Running img_4638.npy ... done (1.97s, 135.10MB)
  Running img_4639.npy ... done (1.90s, 141.82MB)
  Running img_464.npy ... done (1.88s, 139.28MB)
  Running img_4640.npy ... done (1.94s, 134.53MB)
  Running img_4641.npy ... done (1.87s, 133.46MB)
  Running img_4642.npy ... done (1.96s, 136.56MB)
  Running img_4643.npy ... done (1.97s, 134.20MB)
  Running img_4644.npy ... done (1.87s, 137.72MB)
  Running img_4645.npy ... done (1.78s, 134.80MB)
  Running img_4646.npy ... done (1.91s, 137.75MB)
  Running img_4647.npy ... done (2.09s, 133.79MB)
  Running img_4648.npy ... done (2.00s, 194.64MB)
  Running img_4649.npy ... done (1.83s, 195.12MB)
  Running img_465.npy ... done (1.89s, 181.87MB)
  Running img_4650.npy ... done (2.32s, 199.66MB)
  Running img_4651.npy ... done (1.95s, 177.20MB)
  Running img_4652.npy ... done (1.74s, 135.39MB)
  Running img_4653.npy ... done (1.82s, 133.44MB)
  Running img_4654.npy ... done (2.10s, 134.48MB)
  Running img_4655.npy ... done (1.86s, 135.50MB)
  Running img_4656.npy ... done (1.87s, 135.00MB)
  Running img_4657.npy ... done (1.99s, 136.82MB)
  Running img_4658.npy ... done (1.84s, 131.21MB)
  Running img_4659.npy ... done (1.97s, 134.16MB)
  Running img_466.npy ... done (1.77s, 192.32MB)
  Running img_4660.npy ... done (1.97s, 133.39MB)
  Running img_4661.npy ... done (1.97s, 142.37MB)
  Running img_4662.npy ... done (1.94s, 137.12MB)
  Running img_4663.npy ... done (1.89s, 134.66MB)
  Running img_4664.npy ... done (1.84s, 134.25MB)
  Running img_4665.npy ... done (1.94s, 132.77MB)
  Running img_4666.npy ... done (1.97s, 135.96MB)
  Running img_4667.npy ... done (1.88s, 134.67MB)
  Running img_4668.npy ... done (2.09s, 138.27MB)
  Running img_4669.npy ... done (1.97s, 194.56MB)
  Running img_467.npy ... done (1.95s, 198.65MB)
  Running img_4670.npy ... done (1.96s, 188.59MB)
  Running img_4671.npy ... done (2.16s, 199.86MB)
  Running img_4672.npy ... done (2.17s, 165.57MB)
  Running img_4673.npy ... done (2.00s, 177.36MB)
  Running img_4674.npy ... done (1.89s, 200.89MB)
  Running img_4675.npy ... done (1.93s, 199.31MB)
  Running img_4676.npy ... done (1.87s, 201.31MB)
  Running img_4677.npy ... done (1.91s, 198.93MB)
  Running img_4678.npy ... done (1.82s, 195.48MB)
  Running img_4679.npy ... done (1.87s, 138.02MB)
  Running img_468.npy ... done (2.11s, 133.45MB)
  Running img_4680.npy ... done (1.79s, 198.64MB)
  Running img_4681.npy ... done (1.97s, 133.84MB)
  Running img_4682.npy ... done (1.77s, 135.57MB)
  Running img_4683.npy ... done (1.90s, 134.94MB)
  Running img_4684.npy ... done (1.97s, 136.21MB)
  Running img_4685.npy ... done (1.92s, 139.31MB)
  Running img_4686.npy ... done (1.86s, 134.41MB)
  Running img_4687.npy ... done (1.81s, 134.98MB)
  Running img_4688.npy ... done (1.85s, 133.42MB)
  Running img_4689.npy ... done (1.84s, 135.55MB)
  Running img_469.npy ... done (1.97s, 138.38MB)
  Running img_4690.npy ... done (1.95s, 135.97MB)
  Running img_4691.npy ... done (1.96s, 133.59MB)
  Running img_4692.npy ... done (1.95s, 133.75MB)
  Running img_4693.npy ... done (1.91s, 196.75MB)
  Running img_4694.npy ... done (2.09s, 198.78MB)
  Running img_4695.npy ... done (1.86s, 191.27MB)
  Running img_4696.npy ... done (1.78s, 194.62MB)
  Running img_4697.npy ... done (1.69s, 199.13MB)
  Running img_4698.npy ... done (1.86s, 133.30MB)
  Running img_4699.npy ... done (1.88s, 133.45MB)
  Running img_47.npy ... done (1.89s, 137.29MB)
  Running img_470.npy ... done (1.83s, 141.26MB)
  Running img_4700.npy ... done (1.86s, 136.42MB)
  Running img_4701.npy ... done (1.97s, 135.61MB)
  Running img_4702.npy ... done (2.12s, 141.22MB)
  Running img_4703.npy ... done (1.98s, 200.32MB)
  Running img_4704.npy ... done (1.96s, 196.65MB)
  Running img_4705.npy ... done (1.90s, 198.21MB)
  Running img_4706.npy ... done (1.87s, 199.13MB)
  Running img_4707.npy ... done (1.95s, 200.29MB)
  Running img_4708.npy ... done (1.86s, 188.65MB)
  Running img_4709.npy ... done (1.90s, 201.23MB)
  Running img_471.npy ... done (1.77s, 200.74MB)
  Running img_4710.npy ... done (1.90s, 134.96MB)
  Running img_4711.npy ... done (1.93s, 132.33MB)
  Running img_4712.npy ... done (1.96s, 136.64MB)
  Running img_4713.npy ... done (1.92s, 194.17MB)
  Running img_4714.npy ... done (1.77s, 193.98MB)
  Running img_4715.npy ... done (2.21s, 139.08MB)
  Running img_4716.npy ... done (1.97s, 132.48MB)
  Running img_4717.npy ... done (2.06s, 132.77MB)
  Running img_4718.npy ... done (1.91s, 136.37MB)
  Running img_4719.npy ... done (1.95s, 141.93MB)
  Running img_472.npy ... done (1.91s, 134.31MB)
  Running img_4720.npy ... done (1.90s, 136.43MB)
  Running img_4721.npy ... done (1.93s, 137.83MB)
  Running img_4722.npy ... done (1.95s, 134.23MB)
  Running img_4723.npy ... done (1.89s, 131.02MB)
  Running img_4724.npy ... done (1.94s, 139.10MB)
  Running img_4725.npy ... done (1.86s, 155.07MB)
  Running img_4726.npy ... done (1.99s, 137.28MB)
  Running img_4727.npy ... done (1.96s, 136.69MB)
  Running img_4728.npy ... done (1.92s, 140.64MB)
  Running img_4729.npy ... done (1.81s, 139.12MB)
  Running img_473.npy ... done (1.91s, 197.69MB)
  Running img_4730.npy ... done (1.87s, 199.03MB)
  Running img_4731.npy ... done (1.84s, 199.58MB)
  Running img_4732.npy ... done (1.72s, 194.28MB)
  Running img_4733.npy ... done (1.95s, 138.54MB)
  Running img_4734.npy ... done (1.93s, 135.80MB)
  Running img_4735.npy ... done (1.95s, 132.81MB)
  Running img_4736.npy ... done (1.96s, 137.46MB)
  Running img_4737.npy ... done (1.91s, 136.30MB)
  Running img_4738.npy ... done (1.94s, 135.58MB)
  Running img_4739.npy ... done (1.96s, 137.80MB)
  Running img_474.npy ... done (2.69s, 132.56MB)
  Running img_4740.npy ... done (1.90s, 189.98MB)
  Running img_4741.npy ... done (1.84s, 153.45MB)
  Running img_4742.npy ... done (1.88s, 131.49MB)
  Running img_4743.npy ... done (1.89s, 131.24MB)
  Running img_4744.npy ... done (1.91s, 132.91MB)
  Running img_4745.npy ... done (1.90s, 135.33MB)
  Running img_4746.npy ... done (1.94s, 134.16MB)
  Running img_4747.npy ... done (1.99s, 135.70MB)
  Running img_4748.npy ... done (2.08s, 132.30MB)
  Running img_4749.npy ... done (1.85s, 199.79MB)
  Running img_475.npy ... done (1.80s, 195.91MB)
  Running img_4750.npy ... done (2.00s, 136.09MB)
  Running img_4751.npy ... done (1.89s, 132.19MB)
  Running img_4752.npy ... done (2.06s, 136.32MB)
  Running img_4753.npy ... done (1.95s, 197.46MB)
  Running img_4754.npy ... done (2.00s, 196.40MB)
  Running img_4755.npy ... done (1.77s, 197.57MB)
  Running img_4756.npy ... done (1.95s, 137.03MB)
  Running img_4757.npy ... done (1.95s, 135.86MB)
  Running img_4758.npy ... done (1.87s, 136.02MB)
  Running img_4759.npy ... done (1.93s, 137.98MB)
  Running img_476.npy ... done (1.97s, 144.64MB)
  Running img_4760.npy ... done (1.88s, 134.30MB)
  Running img_4761.npy ... done (1.98s, 137.47MB)
  Running img_4762.npy ... done (2.26s, 137.34MB)
  Running img_4763.npy ... done (2.10s, 140.60MB)
  Running img_4764.npy ... done (1.88s, 202.65MB)
  Running img_4765.npy ... done (1.93s, 198.18MB)
  Running img_4766.npy ... done (2.01s, 196.19MB)
  Running img_4767.npy ... done (1.94s, 195.88MB)
  Running img_4768.npy ... done (1.89s, 194.10MB)
  Running img_4769.npy ... done (2.01s, 192.47MB)
  Running img_477.npy ... done (1.80s, 199.15MB)
  Running img_4770.npy ... done (1.73s, 196.12MB)
  Running img_4771.npy ... done (1.82s, 195.10MB)
  Running img_4772.npy ... done (1.92s, 134.70MB)
  Running img_4773.npy ... done (1.98s, 135.47MB)
  Running img_4774.npy ... done (1.95s, 134.82MB)
  Running img_4775.npy ... done (1.91s, 148.61MB)
  Running img_4776.npy ... done (1.99s, 136.57MB)
  Running img_4777.npy ... done (1.87s, 135.42MB)
  Running img_4778.npy ... done (1.97s, 138.96MB)
  Running img_4779.npy ... done (1.90s, 139.84MB)
  Running img_478.npy ... done (1.85s, 140.57MB)
  Running img_4780.npy ... done (1.91s, 134.61MB)
  Running img_4781.npy ... done (1.98s, 133.39MB)
  Running img_4782.npy ... done (1.79s, 136.32MB)
  Running img_4783.npy ... done (1.93s, 138.62MB)
  Running img_4784.npy ... done (2.41s, 133.50MB)
  Running img_4785.npy ... done (1.94s, 177.43MB)
  Running img_4786.npy ... done (1.96s, 198.86MB)
  Running img_4787.npy ... done (1.77s, 190.78MB)
  Running img_4788.npy ... done (1.94s, 139.84MB)
  Running img_4789.npy ... done (1.85s, 135.68MB)
  Running img_479.npy ... done (2.03s, 137.70MB)
  Running img_4790.npy ... done (1.80s, 199.02MB)
  Running img_4791.npy ... done (1.87s, 132.95MB)
  Running img_4792.npy ... done (1.90s, 134.28MB)
  Running img_4793.npy ... done (1.96s, 135.93MB)
  Running img_4794.npy ... done (1.92s, 135.57MB)
  Running img_4795.npy ... done (1.93s, 135.13MB)
  Running img_4796.npy ... done (2.05s, 136.62MB)
  Running img_4797.npy ... done (1.82s, 191.96MB)
  Running img_4798.npy ... done (2.03s, 134.62MB)
  Running img_4799.npy ... done (2.02s, 137.66MB)
  Running img_48.npy ... done (1.98s, 134.97MB)
  Running img_480.npy ... done (1.97s, 140.33MB)
  Running img_4800.npy ... done (1.96s, 136.03MB)
  Running img_4801.npy ... done (2.14s, 130.30MB)
  Running img_4802.npy ... done (2.09s, 136.12MB)
  Running img_4803.npy ... done (2.01s, 198.58MB)
  Running img_4804.npy ... done (1.73s, 200.57MB)
  Running img_4805.npy ... done (1.95s, 140.56MB)
  Running img_4806.npy ... done (2.08s, 140.44MB)
  Running img_4807.npy ... done (1.92s, 197.35MB)
  Running img_4808.npy ... done (1.82s, 198.17MB)
  Running img_4809.npy ... done (1.84s, 193.68MB)
  Running img_481.npy ... done (1.94s, 194.01MB)
  Running img_4810.npy ... done (1.90s, 199.37MB)
  Running img_4811.npy ... done (1.74s, 199.14MB)
  Running img_4812.npy ... done (2.06s, 138.45MB)
  Running img_4813.npy ... done (1.89s, 135.83MB)
  Running img_4814.npy ... done (2.01s, 139.51MB)
  Running img_4815.npy ... done (1.89s, 194.83MB)
  Running img_4816.npy ... done (1.97s, 189.90MB)
  Running img_4817.npy ... done (1.93s, 190.88MB)
  Running img_4818.npy ... done (1.92s, 200.80MB)
  Running img_4819.npy ... done (1.89s, 199.02MB)
  Running img_482.npy ... done (1.86s, 196.58MB)
  Running img_4820.npy ... done (1.88s, 197.27MB)
  Running img_4821.npy ... done (1.82s, 192.42MB)
  Running img_4822.npy ... done (2.06s, 162.25MB)
  Running img_4823.npy ... done (1.91s, 195.97MB)
  Running img_4824.npy ... done (1.83s, 194.87MB)
  Running img_4825.npy ... done (1.89s, 133.54MB)
  Running img_4826.npy ... done (2.06s, 139.33MB)
  Running img_4827.npy ... done (2.01s, 193.78MB)
  Running img_4828.npy ... done (1.95s, 196.93MB)
  Running img_4829.npy ... done (2.42s, 200.96MB)
  Running img_483.npy ... done (1.99s, 192.98MB)
  Running img_4830.npy ... done (1.89s, 200.87MB)
  Running img_4831.npy ... done (1.80s, 200.00MB)
  Running img_4832.npy ... done (1.75s, 198.70MB)
  Running img_4833.npy ... done (1.94s, 136.77MB)
  Running img_4834.npy ... done (1.91s, 135.24MB)
  Running img_4835.npy ... done (1.90s, 137.10MB)
  Running img_4836.npy ... done (1.82s, 133.32MB)
  Running img_4837.npy ... done (1.96s, 140.92MB)
  Running img_4838.npy ... done (1.93s, 134.92MB)
  Running img_4839.npy ... done (1.86s, 131.66MB)
  Running img_484.npy ... done (1.90s, 137.64MB)
  Running img_4840.npy ... done (1.95s, 136.84MB)
  Running img_4841.npy ... done (2.04s, 137.22MB)
  Running img_4842.npy ... done (1.88s, 201.77MB)
  Running img_4843.npy ... done (2.01s, 180.87MB)
  Running img_4844.npy ... done (1.75s, 199.24MB)
  Running img_4845.npy ... done (1.84s, 200.42MB)
  Running img_4846.npy ... done (1.91s, 195.07MB)
  Running img_4847.npy ... done (1.83s, 194.22MB)
  Running img_4848.npy ... done (1.80s, 192.86MB)
  Running img_4849.npy ... done (1.81s, 198.67MB)
  Running img_485.npy ... done (1.84s, 199.50MB)
  Running img_4850.npy ... done (1.67s, 198.78MB)
  Running img_4851.npy ... done (2.35s, 197.45MB)
  Running img_4852.npy ... done (2.00s, 132.85MB)
  Running img_4853.npy ... done (1.94s, 141.45MB)
  Running img_4854.npy ... done (1.97s, 133.96MB)
  Running img_4855.npy ... done (1.77s, 134.95MB)
  Running img_4856.npy ... done (1.76s, 134.05MB)
  Running img_4857.npy ... done (1.84s, 136.70MB)
  Running img_4858.npy ... done (1.91s, 132.08MB)
  Running img_4859.npy ... done (1.91s, 147.28MB)
  Running img_486.npy ... done (1.89s, 138.20MB)
  Running img_4860.npy ... done (1.85s, 135.42MB)
  Running img_4861.npy ... done (1.91s, 134.02MB)
  Running img_4862.npy ... done (1.95s, 143.96MB)
  Running img_4863.npy ... done (1.97s, 140.47MB)
  Running img_4864.npy ... done (1.99s, 135.32MB)
  Running img_4865.npy ... done (1.86s, 197.90MB)
  Running img_4866.npy ... done (1.77s, 197.18MB)
  Running img_4867.npy ... done (1.87s, 134.41MB)
  Running img_4868.npy ... done (1.80s, 133.96MB)
  Running img_4869.npy ... done (1.94s, 134.70MB)
  Running img_487.npy ... done (2.09s, 143.89MB)
  Running img_4870.npy ... done (1.90s, 192.75MB)
  Running img_4871.npy ... done (1.81s, 186.46MB)
  Running img_4872.npy ... done (1.77s, 200.07MB)
  Running img_4873.npy ... done (1.99s, 133.07MB)
  Running img_4874.npy ... done (2.53s, 136.04MB)
  Running img_4875.npy ... done (1.93s, 168.19MB)
  Running img_4876.npy ... done (1.89s, 135.46MB)
  Running img_4877.npy ... done (2.00s, 140.09MB)
  Running img_4878.npy ... done (2.14s, 138.91MB)
  Running img_4879.npy ... done (1.92s, 200.77MB)
  Running img_488.npy ... done (1.93s, 200.04MB)
  Running img_4880.npy ... done (1.93s, 195.41MB)
  Running img_4881.npy ... done (1.94s, 198.96MB)
  Running img_4882.npy ... done (1.93s, 202.61MB)
  Running img_4883.npy ... done (1.92s, 198.65MB)
  Running img_4884.npy ... done (1.95s, 191.67MB)
  Running img_4885.npy ... done (1.79s, 198.21MB)
  Running img_4886.npy ... done (1.84s, 137.32MB)
  Running img_4887.npy ... done (1.95s, 142.14MB)
  Running img_4888.npy ... done (1.89s, 175.48MB)
  Running img_4889.npy ... done (1.92s, 134.72MB)
  Running img_489.npy ... done (1.88s, 200.28MB)
  Running img_4890.npy ... done (1.95s, 199.74MB)
  Running img_4891.npy ... done (1.80s, 190.54MB)
  Running img_4892.npy ... done (2.13s, 140.84MB)
  Running img_4893.npy ... done (1.87s, 198.67MB)
  Running img_4894.npy ... done (1.98s, 188.69MB)
  Running img_4895.npy ... done (1.74s, 196.16MB)
  Running img_4896.npy ... done (2.23s, 136.73MB)
  Running img_4897.npy ... done (2.21s, 197.54MB)
  Running img_4898.npy ... done (1.92s, 134.33MB)
  Running img_4899.npy ... done (2.07s, 139.74MB)
  Running img_49.npy ... done (1.87s, 199.12MB)
  Running img_490.npy ... done (2.02s, 196.53MB)
  Running img_4900.npy ... done (1.94s, 201.34MB)
  Running img_4901.npy ... done (1.94s, 200.62MB)
  Running img_4902.npy ... done (1.86s, 190.37MB)
  Running img_4903.npy ... done (1.83s, 173.15MB)
  Running img_4904.npy ... done (1.86s, 136.67MB)
  Running img_4905.npy ... done (1.75s, 199.24MB)
  Running img_4906.npy ... done (1.79s, 133.85MB)
  Running img_4907.npy ... done (1.88s, 141.43MB)
  Running img_4908.npy ... done (1.85s, 136.67MB)
  Running img_4909.npy ... done (2.04s, 139.84MB)
  Running img_491.npy ... done (1.91s, 197.73MB)
  Running img_4910.npy ... done (1.94s, 200.19MB)
  Running img_4911.npy ... done (1.82s, 198.06MB)
  Running img_4912.npy ... done (1.91s, 193.39MB)
  Running img_4913.npy ... done (1.92s, 197.88MB)
  Running img_4914.npy ... done (1.77s, 193.26MB)
  Running img_4915.npy ... done (2.02s, 179.18MB)
  Running img_4916.npy ... done (1.91s, 196.62MB)
  Running img_4917.npy ... done (1.93s, 199.30MB)
  Running img_4918.npy ... done (2.05s, 195.73MB)
  Running img_4919.npy ... done (2.50s, 199.44MB)
  Running img_492.npy ... done (1.95s, 195.66MB)
  Running img_4920.npy ... done (1.97s, 199.75MB)
  Running img_4921.npy ... done (1.88s, 199.16MB)
  Running img_4922.npy ... done (1.85s, 200.59MB)
  Running img_4923.npy ... done (1.95s, 188.65MB)
  Running img_4924.npy ... done (1.91s, 193.62MB)
  Running img_4925.npy ... done (1.94s, 192.00MB)
  Running img_4926.npy ... done (1.97s, 200.55MB)
  Running img_4927.npy ... done (1.95s, 194.03MB)
  Running img_4928.npy ... done (2.06s, 185.49MB)
  Running img_4929.npy ... done (1.95s, 193.27MB)
  Running img_493.npy ... done (1.94s, 198.96MB)
  Running img_4930.npy ... done (1.90s, 197.97MB)
  Running img_4931.npy ... done (1.93s, 194.20MB)
  Running img_4932.npy ... done (1.96s, 193.43MB)
  Running img_4933.npy ... done (1.83s, 194.61MB)
  Running img_4934.npy ... done (1.93s, 200.07MB)
  Running img_4935.npy ... done (1.74s, 191.48MB)
  Running img_4936.npy ... done (1.98s, 140.61MB)
  Running img_4937.npy ... done (1.92s, 132.06MB)
  Running img_4938.npy ... done (1.90s, 138.52MB)
  Running img_4939.npy ... done (1.99s, 138.00MB)
  Running img_494.npy ... done (1.91s, 187.96MB)
  Running img_4940.npy ... done (1.78s, 199.49MB)
  Running img_4941.npy ... done (2.45s, 132.51MB)
  Running img_4942.npy ... done (1.95s, 133.53MB)
  Running img_4943.npy ... done (1.73s, 133.79MB)
  Running img_4944.npy ... done (1.90s, 133.51MB)
  Running img_4945.npy ... done (2.02s, 137.15MB)
  Running img_4946.npy ... done (1.96s, 135.84MB)
  Running img_4947.npy ... done (1.92s, 134.12MB)
  Running img_4948.npy ... done (1.85s, 134.98MB)
  Running img_4949.npy ... done (1.78s, 131.75MB)
  Running img_495.npy ... done (1.83s, 133.54MB)
  Running img_4950.npy ... done (1.84s, 156.94MB)
  Running img_4951.npy ... done (1.79s, 151.72MB)
  Running img_4952.npy ... done (1.82s, 133.46MB)
  Running img_4953.npy ... done (1.94s, 133.11MB)
  Running img_4954.npy ... done (1.92s, 133.52MB)
  Running img_4955.npy ... done (1.99s, 142.96MB)
  Running img_4956.npy ... done (2.07s, 139.14MB)
  Running img_4957.npy ... done (1.94s, 197.31MB)
  Running img_4958.npy ... done (1.92s, 199.50MB)
  Running img_4959.npy ... done (1.99s, 196.52MB)
  Running img_496.npy ... done (1.93s, 187.97MB)
  Running img_4960.npy ... done (1.96s, 200.15MB)
  Running img_4961.npy ... done (2.03s, 194.22MB)
  Running img_4962.npy ... done (1.97s, 194.75MB)
  Running img_4963.npy ... done (1.87s, 201.88MB)
  Running img_4964.npy ... done (2.36s, 200.46MB)
  Running img_4965.npy ... done (1.77s, 195.23MB)
  Running img_4966.npy ... done (1.84s, 137.29MB)
  Running img_4967.npy ... done (2.07s, 143.16MB)
  Running img_4968.npy ... done (1.88s, 193.93MB)
  Running img_4969.npy ... done (1.94s, 178.44MB)
  Running img_497.npy ... done (1.81s, 200.53MB)
  Running img_4970.npy ... done (1.95s, 133.43MB)
  Running img_4971.npy ... done (1.98s, 134.41MB)
  Running img_4972.npy ... done (1.93s, 137.57MB)
  Running img_4973.npy ... done (1.92s, 156.28MB)
  Running img_4974.npy ... done (1.79s, 196.23MB)
  Running img_4975.npy ... done (1.96s, 135.89MB)
  Running img_4976.npy ... done (2.08s, 134.63MB)
  Running img_4977.npy ... done (1.84s, 193.26MB)
  Running img_4978.npy ... done (1.91s, 194.33MB)
  Running img_4979.npy ... done (1.93s, 200.74MB)
  Running img_498.npy ... done (1.87s, 200.36MB)
  Running img_4980.npy ... done (1.76s, 199.22MB)
  Running img_4981.npy ... done (1.74s, 134.11MB)
  Running img_4982.npy ... done (2.04s, 159.48MB)
  Running img_4983.npy ... done (1.82s, 199.31MB)
  Running img_4984.npy ... done (1.91s, 197.62MB)
  Running img_4985.npy ... done (1.98s, 192.89MB)
  Running img_4986.npy ... done (1.92s, 193.02MB)
  Running img_4987.npy ... done (2.47s, 199.82MB)
  Running img_4988.npy ... done (2.04s, 186.22MB)
  Running img_4989.npy ... done (1.91s, 201.74MB)
  Running img_499.npy ... done (1.94s, 200.79MB)
  Running img_4990.npy ... done (1.91s, 200.36MB)
  Running img_4991.npy ... done (1.94s, 194.04MB)
  Running img_4992.npy ... done (2.05s, 199.05MB)
  Running img_4993.npy ... done (1.86s, 199.36MB)
  Running img_4994.npy ... done (1.83s, 193.89MB)
  Running img_4995.npy ... done (1.92s, 136.75MB)
  Running img_4996.npy ... done (1.87s, 139.61MB)
  Running img_4997.npy ... done (1.98s, 132.93MB)
  Running img_4998.npy ... done (1.82s, 198.39MB)
  Running img_4999.npy ... done (1.88s, 199.11MB)
  Running img_5.npy ... done (1.88s, 200.13MB)
  Running img_50.npy ... done (1.94s, 139.69MB)
  Running img_500.npy ... done (2.09s, 138.04MB)
  Running img_5000.npy ... done (1.93s, 198.92MB)
  Running img_5001.npy ... done (1.87s, 197.89MB)
  Running img_5002.npy ... done (1.91s, 132.87MB)
  Running img_5003.npy ... done (1.90s, 137.36MB)
  Running img_5004.npy ... done (2.01s, 136.38MB)
  Running img_5005.npy ... done (1.86s, 140.53MB)
  Running img_5006.npy ... done (1.84s, 140.60MB)
  Running img_5007.npy ... done (2.19s, 136.46MB)
  Running img_5008.npy ... done (2.53s, 198.01MB)
  Running img_5009.npy ... done (1.92s, 196.50MB)
  Running img_501.npy ... done (1.77s, 192.91MB)
  Running img_5010.npy ... done (1.91s, 137.62MB)
  Running img_5011.npy ... done (1.94s, 134.62MB)
  Running img_5012.npy ... done (1.96s, 132.57MB)
  Running img_5013.npy ... done (2.03s, 137.35MB)
  Running img_5014.npy ... done (1.90s, 140.64MB)
  Running img_5015.npy ... done (1.81s, 137.95MB)
  Running img_5016.npy ... done (1.83s, 139.59MB)
  Running img_5017.npy ... done (1.90s, 134.33MB)
  Running img_5018.npy ... done (1.88s, 198.68MB)
  Running img_5019.npy ... done (1.96s, 196.26MB)
  Running img_502.npy ... done (1.89s, 193.18MB)
  Running img_5020.npy ... done (1.97s, 190.90MB)
  Running img_5021.npy ... done (1.97s, 196.45MB)
  Running img_5022.npy ... done (1.95s, 197.52MB)
  Running img_5023.npy ... done (1.96s, 193.77MB)
  Running img_5024.npy ... done (1.96s, 193.54MB)
  Running img_5025.npy ... done (1.93s, 201.89MB)
  Running img_5026.npy ... done (1.89s, 195.72MB)
  Running img_5027.npy ... done (1.85s, 187.45MB)
  Running img_5028.npy ... done (1.89s, 200.77MB)
  Running img_5029.npy ... done (1.79s, 193.62MB)
  Running img_503.npy ... done (1.97s, 136.39MB)
  Running img_5030.npy ... done (2.42s, 136.73MB)
  Running img_5031.npy ... done (1.88s, 131.26MB)
  Running img_5032.npy ... done (1.89s, 132.10MB)
  Running img_5033.npy ... done (1.89s, 137.21MB)
  Running img_5034.npy ... done (1.74s, 138.30MB)
  Running img_5035.npy ... done (2.04s, 138.04MB)
  Running img_5036.npy ... done (1.82s, 196.61MB)
  Running img_5037.npy ... done (1.99s, 192.16MB)
  Running img_5038.npy ... done (1.91s, 192.98MB)
  Running img_5039.npy ... done (1.85s, 189.20MB)
  Running img_504.npy ... done (2.07s, 136.49MB)
  Running img_5040.npy ... done (1.90s, 198.98MB)
  Running img_5041.npy ... done (1.85s, 198.79MB)
  Running img_5042.npy ... done (1.89s, 191.21MB)
  Running img_5043.npy ... done (1.95s, 189.77MB)
  Running img_5044.npy ... done (1.94s, 195.02MB)
  Running img_5045.npy ... done (1.86s, 190.22MB)
  Running img_5046.npy ... done (1.95s, 136.33MB)
  Running img_5047.npy ... done (1.85s, 133.58MB)
  Running img_5048.npy ... done (1.94s, 134.10MB)
  Running img_5049.npy ... done (1.76s, 133.86MB)
  Running img_505.npy ... done (1.80s, 135.84MB)
  Running img_5050.npy ... done (1.89s, 133.67MB)
  Running img_5051.npy ... done (2.05s, 135.86MB)
  Running img_5052.npy ... done (1.66s, 189.13MB)
  Running img_5053.npy ... done (1.98s, 164.93MB)
  Running img_5054.npy ... done (2.24s, 201.02MB)
  Running img_5055.npy ... done (2.11s, 140.60MB)
  Running img_5056.npy ... done (1.89s, 196.13MB)
  Running img_5057.npy ... done (1.77s, 198.42MB)
  Running img_5058.npy ... done (1.68s, 192.82MB)
  Running img_5059.npy ... done (1.89s, 140.00MB)
  Running img_506.npy ... done (1.95s, 136.82MB)
  Running img_5060.npy ... done (1.97s, 135.09MB)
  Running img_5061.npy ... done (1.87s, 135.27MB)
  Running img_5062.npy ... done (1.91s, 138.91MB)
  Running img_5063.npy ... done (1.84s, 135.70MB)
  Running img_5064.npy ... done (1.92s, 142.41MB)
  Running img_5065.npy ... done (1.93s, 136.39MB)
  Running img_5066.npy ... done (1.90s, 138.38MB)
  Running img_5067.npy ... done (2.27s, 132.21MB)
  Running img_5068.npy ... done (1.84s, 196.29MB)
  Running img_5069.npy ... done (1.92s, 199.58MB)
  Running img_507.npy ... done (1.87s, 194.63MB)
  Running img_5070.npy ... done (1.84s, 135.46MB)
  Running img_5071.npy ... done (1.84s, 139.05MB)
  Running img_5072.npy ... done (1.86s, 133.34MB)
  Running img_5073.npy ... done (1.94s, 132.03MB)
  Running img_5074.npy ... done (1.95s, 135.88MB)
  Running img_5075.npy ... done (1.96s, 135.48MB)
  Running img_5076.npy ... done (1.89s, 134.50MB)
  Running img_5077.npy ... done (2.14s, 139.29MB)
  Running img_5078.npy ... done (1.93s, 132.20MB)
  Running img_5079.npy ... done (1.89s, 134.17MB)
  Running img_508.npy ... done (2.00s, 132.51MB)
  Running img_5080.npy ... done (1.96s, 135.20MB)
  Running img_5081.npy ... done (2.00s, 140.86MB)
  Running img_5082.npy ... done (1.83s, 142.25MB)
  Running img_5083.npy ... done (2.05s, 134.84MB)
  Running img_5084.npy ... done (1.91s, 194.46MB)
  Running img_5085.npy ... done (1.94s, 197.52MB)
  Running img_5086.npy ... done (1.88s, 190.17MB)
  Running img_5087.npy ... done (2.00s, 137.54MB)
  Running img_5088.npy ... done (2.08s, 137.20MB)
  Running img_5089.npy ... done (1.83s, 188.12MB)
  Running img_509.npy ... done (1.94s, 133.48MB)
  Running img_5090.npy ... done (1.97s, 138.10MB)
  Running img_5091.npy ... done (1.75s, 135.55MB)
  Running img_5092.npy ... done (1.80s, 133.96MB)
  Running img_5093.npy ... done (1.89s, 189.95MB)
  Running img_5094.npy ... done (2.06s, 136.69MB)
  Running img_5095.npy ... done (1.96s, 195.29MB)
  Running img_5096.npy ... done (1.93s, 200.12MB)
  Running img_5097.npy ... done (1.86s, 194.98MB)
  Running img_5098.npy ... done (2.09s, 139.23MB)
  Running img_5099.npy ... done (1.90s, 200.33MB)
  Running img_51.npy ... done (2.02s, 134.45MB)
  Running img_510.npy ... done (1.93s, 133.07MB)
  Running img_5100.npy ... done (1.86s, 133.23MB)
  Running img_5101.npy ... done (1.99s, 135.02MB)
  Running img_5102.npy ... done (1.97s, 134.47MB)
  Running img_5103.npy ... done (1.93s, 139.05MB)
  Running img_5104.npy ... done (1.92s, 135.04MB)
  Running img_5105.npy ... done (1.90s, 132.55MB)
  Running img_5106.npy ... done (1.99s, 138.06MB)
  Running img_5107.npy ... done (1.92s, 133.91MB)
  Running img_5108.npy ... done (2.04s, 141.78MB)
  Running img_5109.npy ... done (2.08s, 134.51MB)
  Running img_511.npy ... done (1.80s, 196.72MB)
  Running img_5110.npy ... done (1.87s, 200.79MB)
  Running img_5111.npy ... done (1.91s, 199.46MB)
  Running img_5112.npy ... done (1.80s, 196.82MB)
  Running img_5113.npy ... done (1.94s, 138.06MB)
  Running img_5114.npy ... done (1.94s, 139.28MB)
  Running img_5115.npy ... done (1.93s, 160.19MB)
  Running img_5116.npy ... done (1.90s, 135.50MB)
  Running img_5117.npy ... done (1.86s, 138.41MB)
  Running img_5118.npy ... done (1.91s, 133.40MB)
  Running img_5119.npy ... done (1.77s, 137.36MB)
  Running img_512.npy ... done (1.86s, 143.91MB)
  Running img_5120.npy ... done (1.98s, 133.77MB)
  Running img_5121.npy ... done (2.53s, 136.41MB)
  Running img_5122.npy ... done (1.87s, 150.88MB)
  Running img_5123.npy ... done (1.96s, 134.68MB)
  Running img_5124.npy ... done (2.14s, 134.12MB)
  Running img_5125.npy ... done (1.85s, 196.54MB)
  Running img_5126.npy ... done (1.74s, 195.13MB)
  Running img_5127.npy ... done (1.97s, 132.66MB)
  Running img_5128.npy ... done (2.14s, 136.37MB)
  Running img_5129.npy ... done (1.86s, 193.89MB)
  Running img_513.npy ... done (1.85s, 134.32MB)
  Running img_5130.npy ... done (1.77s, 133.12MB)
  Running img_5131.npy ... done (1.72s, 139.91MB)
  Running img_5132.npy ... done (1.69s, 135.35MB)
  Running img_5133.npy ... done (1.75s, 137.36MB)
  Running img_5134.npy ... done (1.89s, 143.97MB)
  Running img_5135.npy ... done (1.84s, 135.32MB)
  Running img_5136.npy ... done (1.82s, 133.96MB)
  Running img_5137.npy ... done (1.80s, 131.79MB)
  Running img_5138.npy ... done (1.89s, 137.20MB)
  Running img_5139.npy ... done (1.73s, 136.90MB)
  Running img_514.npy ... done (1.79s, 131.30MB)
  Running img_5140.npy ... done (1.90s, 135.23MB)
  Running img_5141.npy ... done (1.88s, 135.45MB)
  Running img_5142.npy ... done (1.88s, 137.79MB)
  Running img_5143.npy ... done (1.85s, 138.31MB)
  Running img_5144.npy ... done (1.90s, 133.92MB)
  Running img_5145.npy ... done (2.43s, 133.88MB)
  Running img_5146.npy ... done (1.86s, 134.72MB)
  Running img_5147.npy ... done (1.82s, 136.30MB)
  Running img_5148.npy ... done (1.86s, 139.49MB)
  Running img_5149.npy ... done (1.73s, 134.73MB)
  Running img_515.npy ... done (1.97s, 131.60MB)
  Running img_5150.npy ... done (1.85s, 157.91MB)
  Running img_5151.npy ... done (1.67s, 133.04MB)
  Running img_5152.npy ... done (1.89s, 133.75MB)
  Running img_5153.npy ... done (1.89s, 132.47MB)
  Running img_5154.npy ... done (1.93s, 136.63MB)
  Running img_5155.npy ... done (2.04s, 136.00MB)
  Running img_5156.npy ... done (1.94s, 194.59MB)
  Running img_5157.npy ... done (2.00s, 192.96MB)
  Running img_5158.npy ... done (1.91s, 197.77MB)
  Running img_5159.npy ... done (1.82s, 193.67MB)
  Running img_516.npy ... done (1.97s, 199.19MB)
  Running img_5160.npy ... done (1.95s, 197.41MB)
  Running img_5161.npy ... done (1.66s, 198.24MB)
  Running img_5162.npy ... done (2.08s, 136.98MB)
  Running img_5163.npy ... done (1.83s, 193.39MB)
  Running img_5164.npy ... done (1.96s, 185.33MB)
  Running img_5165.npy ... done (1.95s, 200.77MB)
  Running img_5166.npy ... done (1.87s, 199.23MB)
  Running img_5167.npy ... done (1.78s, 188.81MB)
  Running img_5168.npy ... done (1.99s, 131.79MB)
  Running img_5169.npy ... done (2.41s, 165.28MB)
  Running img_517.npy ... done (1.85s, 198.77MB)
  Running img_5170.npy ... done (1.96s, 195.82MB)
  Running img_5171.npy ... done (1.95s, 193.57MB)
  Running img_5172.npy ... done (1.87s, 179.77MB)
  Running img_5173.npy ... done (1.98s, 137.51MB)
  Running img_5174.npy ... done (1.94s, 134.55MB)
  Running img_5175.npy ... done (1.83s, 139.11MB)
  Running img_5176.npy ... done (1.84s, 135.38MB)
  Running img_5177.npy ... done (1.98s, 137.50MB)
  Running img_5178.npy ... done (1.97s, 138.16MB)
  Running img_5179.npy ... done (1.97s, 135.38MB)
  Running img_518.npy ... done (1.96s, 133.75MB)
  Running img_5180.npy ... done (2.06s, 150.30MB)
  Running img_5181.npy ... done (1.93s, 130.82MB)
  Running img_5182.npy ... done (1.91s, 134.74MB)
  Running img_5183.npy ... done (1.93s, 137.25MB)
  Running img_5184.npy ... done (1.95s, 138.53MB)
  Running img_5185.npy ... done (2.09s, 138.82MB)
  Running img_5186.npy ... done (1.94s, 190.25MB)
  Running img_5187.npy ... done (1.78s, 195.68MB)
  Running img_5188.npy ... done (1.92s, 131.70MB)
  Running img_5189.npy ... done (1.92s, 133.43MB)
  Running img_519.npy ... done (1.96s, 135.94MB)
  Running img_5190.npy ... done (2.21s, 156.30MB)
  Running img_5191.npy ... done (2.14s, 132.61MB)
  Running img_5192.npy ... done (1.85s, 131.67MB)
  Running img_5193.npy ... done (1.99s, 130.46MB)
  Running img_5194.npy ... done (1.93s, 136.65MB)
  Running img_5195.npy ... done (1.97s, 137.29MB)
  Running img_5196.npy ... done (1.89s, 135.80MB)
  Running img_5197.npy ... done (1.91s, 136.04MB)
  Running img_5198.npy ... done (1.82s, 134.06MB)
  Running img_5199.npy ... done (1.88s, 136.41MB)
  Running img_52.npy ... done (1.93s, 134.75MB)
  Running img_520.npy ... done (1.79s, 133.51MB)
  Running img_5200.npy ... done (1.86s, 135.42MB)
  Running img_5201.npy ... done (2.04s, 138.13MB)
  Running img_5202.npy ... done (1.87s, 192.97MB)
  Running img_5203.npy ... done (1.71s, 189.18MB)
  Running img_5204.npy ... done (1.86s, 134.88MB)
  Running img_5205.npy ... done (2.13s, 136.91MB)
  Running img_5206.npy ... done (1.76s, 196.00MB)
  Running img_5207.npy ... done (1.93s, 140.86MB)
  Running img_5208.npy ... done (1.82s, 141.46MB)
  Running img_5209.npy ... done (1.89s, 133.73MB)
  Running img_521.npy ... done (1.95s, 139.21MB)
  Running img_5210.npy ... done (1.87s, 138.19MB)
  Running img_5211.npy ... done (1.82s, 132.87MB)
  Running img_5212.npy ... done (2.01s, 137.21MB)
  Running img_5213.npy ... done (2.52s, 200.03MB)
  Running img_5214.npy ... done (1.92s, 197.18MB)
  Running img_5215.npy ... done (1.83s, 199.71MB)
  Running img_5216.npy ... done (1.93s, 196.75MB)
  Running img_5217.npy ... done (1.83s, 198.26MB)
  Running img_5218.npy ... done (1.88s, 201.20MB)
  Running img_5219.npy ... done (1.91s, 193.21MB)
  Running img_522.npy ... done (1.83s, 193.55MB)
  Running img_5220.npy ... done (1.91s, 135.29MB)
  Running img_5221.npy ... done (2.13s, 136.20MB)
  Running img_5222.npy ... done (1.85s, 188.89MB)
  Running img_5223.npy ... done (1.95s, 133.23MB)
  Running img_5224.npy ... done (2.07s, 139.48MB)
  Running img_5225.npy ... done (1.91s, 193.61MB)
  Running img_5226.npy ... done (1.98s, 184.93MB)
  Running img_5227.npy ... done (1.83s, 198.29MB)
  Running img_5228.npy ... done (1.95s, 133.37MB)
  Running img_5229.npy ... done (1.78s, 133.96MB)
  Running img_523.npy ... done (1.92s, 132.62MB)
  Running img_5230.npy ... done (1.99s, 138.33MB)
  Running img_5231.npy ... done (1.79s, 138.45MB)
  Running img_5232.npy ... done (2.08s, 139.36MB)
  Running img_5233.npy ... done (1.96s, 198.16MB)
  Running img_5234.npy ... done (1.97s, 193.18MB)
  Running img_5235.npy ... done (1.96s, 195.73MB)
  Running img_5236.npy ... done (2.47s, 200.21MB)
  Running img_5237.npy ... done (1.87s, 199.04MB)
  Running img_5238.npy ... done (1.94s, 197.42MB)
  Running img_5239.npy ... done (1.90s, 199.81MB)
  Running img_524.npy ... done (1.88s, 192.86MB)
  Running img_5240.npy ... done (1.88s, 136.90MB)
  Running img_5241.npy ... done (1.92s, 136.49MB)
  Running img_5242.npy ... done (2.13s, 139.89MB)
  Running img_5243.npy ... done (1.84s, 192.93MB)
  Running img_5244.npy ... done (1.98s, 195.38MB)
  Running img_5245.npy ... done (1.84s, 194.07MB)
  Running img_5246.npy ... done (2.08s, 138.14MB)
  Running img_5247.npy ... done (1.76s, 192.86MB)
  Running img_5248.npy ... done (2.00s, 138.44MB)
  Running img_5249.npy ... done (1.90s, 200.46MB)
  Running img_525.npy ... done (1.94s, 197.89MB)
  Running img_5250.npy ... done (1.95s, 199.70MB)
  Running img_5251.npy ... done (1.92s, 191.35MB)
  Running img_5252.npy ... done (1.88s, 199.16MB)
  Running img_5253.npy ... done (1.93s, 190.87MB)
  Running img_5254.npy ... done (1.84s, 190.66MB)
  Running img_5255.npy ... done (1.84s, 190.20MB)
  Running img_5256.npy ... done (1.94s, 195.07MB)
  Running img_5257.npy ... done (1.98s, 191.96MB)
  Running img_5258.npy ... done (2.04s, 188.82MB)
  Running img_5259.npy ... done (2.39s, 201.13MB)
  Running img_526.npy ... done (1.91s, 198.26MB)
  Running img_5260.npy ... done (1.97s, 199.39MB)
  Running img_5261.npy ... done (1.92s, 198.54MB)
  Running img_5262.npy ... done (1.84s, 191.64MB)
  Running img_5263.npy ... done (1.88s, 185.12MB)
  Running img_5264.npy ... done (1.69s, 200.37MB)
  Running img_5265.npy ... done (1.76s, 131.43MB)
  Running img_5266.npy ... done (1.90s, 132.19MB)
  Running img_5267.npy ... done (1.87s, 138.04MB)
  Running img_5268.npy ... done (1.88s, 135.34MB)
  Running img_5269.npy ... done (1.96s, 150.30MB)
  Running img_527.npy ... done (1.94s, 133.95MB)
  Running img_5270.npy ... done (1.88s, 136.68MB)
  Running img_5271.npy ... done (1.94s, 133.38MB)
  Running img_5272.npy ... done (2.06s, 135.18MB)
  Running img_5273.npy ... done (1.84s, 191.52MB)
  Running img_5274.npy ... done (1.82s, 191.57MB)
  Running img_5275.npy ... done (1.99s, 139.23MB)
  Running img_5276.npy ... done (1.95s, 138.43MB)
  Running img_5277.npy ... done (1.91s, 132.30MB)
  Running img_5278.npy ... done (2.04s, 135.51MB)
  Running img_5279.npy ... done (1.87s, 194.72MB)
  Running img_528.npy ... done (1.92s, 196.07MB)
  Running img_5280.npy ... done (2.24s, 198.22MB)
  Running img_5281.npy ... done (1.76s, 201.00MB)
  Running img_5282.npy ... done (1.92s, 133.81MB)
  Running img_5283.npy ... done (2.00s, 138.92MB)
  Running img_5284.npy ... done (1.95s, 138.78MB)
  Running img_5285.npy ... done (1.93s, 132.19MB)
  Running img_5286.npy ... done (1.98s, 138.55MB)
  Running img_5287.npy ... done (1.98s, 139.50MB)
  Running img_5288.npy ... done (1.99s, 141.28MB)
  Running img_5289.npy ... done (1.96s, 137.86MB)
  Running img_529.npy ... done (1.94s, 199.94MB)
  Running img_5290.npy ... done (1.88s, 198.20MB)
  Running img_5291.npy ... done (1.75s, 190.48MB)
  Running img_5292.npy ... done (1.99s, 137.08MB)
  Running img_5293.npy ... done (1.96s, 136.76MB)
  Running img_5294.npy ... done (1.99s, 138.29MB)
  Running img_5295.npy ... done (1.90s, 188.76MB)
  Running img_5296.npy ... done (1.94s, 194.35MB)
  Running img_5297.npy ... done (2.00s, 193.04MB)
  Running img_5298.npy ... done (1.89s, 200.20MB)
  Running img_5299.npy ... done (1.84s, 189.64MB)
  Running img_53.npy ... done (1.92s, 198.27MB)
  Running img_530.npy ... done (1.75s, 198.09MB)
  Running img_5300.npy ... done (1.86s, 131.64MB)
  Running img_5301.npy ... done (1.85s, 133.40MB)
  Running img_5302.npy ... done (1.88s, 136.62MB)
  Running img_5303.npy ... done (2.02s, 136.41MB)
  Running img_5304.npy ... done (2.47s, 139.02MB)
  Running img_5305.npy ... done (2.06s, 135.25MB)
  Running img_5306.npy ... done (1.86s, 193.77MB)
  Running img_5307.npy ... done (1.83s, 197.84MB)
  Running img_5308.npy ... done (2.00s, 133.63MB)
  Running img_5309.npy ... done (2.00s, 138.12MB)
  Running img_531.npy ... done (2.00s, 137.79MB)
  Running img_5310.npy ... done (1.96s, 136.51MB)
  Running img_5311.npy ... done (1.97s, 197.42MB)
  Running img_5312.npy ... done (1.73s, 195.25MB)
  Running img_5313.npy ... done (1.80s, 198.15MB)
  Running img_5314.npy ... done (1.85s, 194.18MB)
  Running img_5315.npy ... done (1.90s, 131.36MB)
  Running img_5316.npy ... done (1.98s, 143.38MB)
  Running img_5317.npy ... done (1.95s, 134.19MB)
  Running img_5318.npy ... done (1.91s, 130.99MB)
  Running img_5319.npy ... done (1.94s, 142.25MB)
  Running img_532.npy ... done (1.99s, 134.38MB)
  Running img_5320.npy ... done (2.13s, 138.98MB)
  Running img_5321.npy ... done (1.87s, 197.72MB)
  Running img_5322.npy ... done (1.82s, 196.66MB)
  Running img_5323.npy ... done (1.70s, 195.51MB)
  Running img_5324.npy ... done (1.91s, 136.36MB)
  Running img_5325.npy ... done (2.09s, 142.77MB)
  Running img_5326.npy ... done (2.03s, 179.81MB)
  Running img_5327.npy ... done (2.32s, 197.21MB)
  Running img_5328.npy ... done (1.72s, 191.79MB)
  Running img_5329.npy ... done (1.89s, 135.53MB)
  Running img_533.npy ... done (1.93s, 137.56MB)
  Running img_5330.npy ... done (1.92s, 144.36MB)
  Running img_5331.npy ... done (1.92s, 136.62MB)
  Running img_5332.npy ... done (1.91s, 137.89MB)
  Running img_5333.npy ... done (1.97s, 133.53MB)
  Running img_5334.npy ... done (1.95s, 135.93MB)
  Running img_5335.npy ... done (1.86s, 137.14MB)
  Running img_5336.npy ... done (1.91s, 135.09MB)
  Running img_5337.npy ... done (2.10s, 143.95MB)
  Running img_5338.npy ... done (1.96s, 187.25MB)
  Running img_5339.npy ... done (1.88s, 193.66MB)
  Running img_534.npy ... done (1.83s, 193.80MB)
  Running img_5340.npy ... done (1.93s, 138.24MB)
  Running img_5341.npy ... done (2.07s, 136.61MB)
  Running img_5342.npy ... done (1.91s, 200.52MB)
  Running img_5343.npy ... done (1.96s, 197.38MB)
  Running img_5344.npy ... done (1.92s, 194.75MB)
  Running img_5345.npy ... done (1.94s, 196.16MB)
  Running img_5346.npy ... done (1.86s, 197.13MB)
  Running img_5347.npy ... done (2.25s, 180.18MB)
  Running img_5348.npy ... done (1.78s, 192.46MB)
  Running img_5349.npy ... done (1.98s, 136.90MB)
  Running img_535.npy ... done (1.90s, 135.23MB)
  Running img_5350.npy ... done (1.96s, 136.10MB)
  Running img_5351.npy ... done (1.93s, 132.43MB)
  Running img_5352.npy ... done (2.17s, 140.73MB)
  Running img_5353.npy ... done (1.95s, 194.72MB)
  Running img_5354.npy ... done (1.92s, 202.44MB)
  Running img_5355.npy ... done (1.88s, 198.86MB)
  Running img_5356.npy ... done (1.76s, 196.54MB)
  Running img_5357.npy ... done (1.94s, 138.84MB)
  Running img_5358.npy ... done (1.98s, 137.36MB)
  Running img_5359.npy ... done (1.96s, 135.96MB)
  Running img_536.npy ... done (1.92s, 135.82MB)
  Running img_5360.npy ... done (1.98s, 140.22MB)
  Running img_5361.npy ... done (2.02s, 133.41MB)
  Running img_5362.npy ... done (1.89s, 133.43MB)
  Running img_5363.npy ... done (1.89s, 138.77MB)
  Running img_5364.npy ... done (1.90s, 134.54MB)
  Running img_5365.npy ... done (1.96s, 143.95MB)
  Running img_5366.npy ... done (1.96s, 136.41MB)
  Running img_5367.npy ... done (1.96s, 135.01MB)
  Running img_5368.npy ... done (1.93s, 137.41MB)
  Running img_5369.npy ... done (1.88s, 143.46MB)
  Running img_537.npy ... done (2.08s, 134.96MB)
  Running img_5370.npy ... done (1.81s, 197.22MB)
  Running img_5371.npy ... done (1.82s, 143.18MB)
  Running img_5372.npy ... done (1.84s, 133.18MB)
  Running img_5373.npy ... done (1.93s, 132.79MB)
  Running img_5374.npy ... done (2.10s, 142.50MB)
  Running img_5375.npy ... done (1.81s, 192.83MB)
  Running img_5376.npy ... done (1.96s, 136.97MB)
  Running img_5377.npy ... done (2.01s, 135.34MB)
  Running img_5378.npy ... done (2.04s, 135.54MB)
  Running img_5379.npy ... done (1.85s, 196.82MB)
  Running img_538.npy ... done (1.85s, 194.73MB)
  Running img_5380.npy ... done (1.94s, 195.00MB)
  Running img_5381.npy ... done (1.77s, 193.57MB)
  Running img_5382.npy ... done (2.15s, 158.72MB)
  Running img_5383.npy ... done (1.98s, 192.74MB)
  Running img_5384.npy ... done (1.99s, 187.97MB)
  Running img_5385.npy ... done (2.08s, 193.71MB)
  Running img_5386.npy ... done (1.82s, 137.79MB)
  Running img_5387.npy ... done (1.95s, 136.43MB)
  Running img_5388.npy ... done (2.02s, 138.04MB)
  Running img_5389.npy ... done (2.02s, 133.18MB)
  Running img_539.npy ... done (2.04s, 138.63MB)
  Running img_5390.npy ... done (1.90s, 132.98MB)
  Running img_5391.npy ... done (1.95s, 139.67MB)
  Running img_5392.npy ... done (1.91s, 141.69MB)
  Running img_5393.npy ... done (1.91s, 132.41MB)
  Running img_5394.npy ... done (1.85s, 136.07MB)
  Running img_5395.npy ... done (1.99s, 133.16MB)
  Running img_5396.npy ... done (2.00s, 137.51MB)
  Running img_5397.npy ... done (1.98s, 138.21MB)
  Running img_5398.npy ... done (1.97s, 138.20MB)
  Running img_5399.npy ... done (1.90s, 139.48MB)
  Running img_54.npy ... done (1.88s, 136.77MB)
  Running img_540.npy ... done (1.89s, 133.59MB)
  Running img_5400.npy ... done (1.94s, 133.80MB)
  Running img_5401.npy ... done (1.97s, 132.46MB)
  Running img_5402.npy ... done (2.08s, 148.75MB)
  Running img_5403.npy ... done (2.21s, 132.57MB)
  Running img_5404.npy ... done (2.04s, 140.06MB)
  Running img_5405.npy ... done (1.97s, 190.62MB)
  Running img_5406.npy ... done (1.86s, 197.03MB)
  Running img_5407.npy ... done (1.75s, 187.37MB)
  Running img_5408.npy ... done (1.84s, 136.05MB)
  Running img_5409.npy ... done (1.93s, 134.04MB)
  Running img_541.npy ... done (1.97s, 136.44MB)
  Running img_5410.npy ... done (1.90s, 138.38MB)
  Running img_5411.npy ... done (1.93s, 138.16MB)
  Running img_5412.npy ... done (1.70s, 137.45MB)
  Running img_5413.npy ... done (1.79s, 137.51MB)
  Running img_5414.npy ... done (1.88s, 134.00MB)
  Running img_5415.npy ... done (1.95s, 138.44MB)
  Running img_5416.npy ... done (2.00s, 138.73MB)
  Running img_5417.npy ... done (1.94s, 138.62MB)
  Running img_5418.npy ... done (1.87s, 148.78MB)
  Running img_5419.npy ... done (1.97s, 137.19MB)
  Running img_542.npy ... done (1.92s, 132.70MB)
  Running img_5420.npy ... done (1.90s, 133.52MB)
  Running img_5421.npy ... done (1.94s, 135.88MB)
  Running img_5422.npy ... done (2.26s, 132.13MB)
  Running img_5423.npy ... done (1.98s, 142.27MB)
  Running img_5424.npy ... done (1.94s, 140.62MB)
  Running img_5425.npy ... done (1.96s, 131.76MB)
  Running img_5426.npy ... done (1.87s, 132.75MB)
  Running img_5427.npy ... done (2.01s, 153.68MB)
  Running img_5428.npy ... done (1.90s, 198.07MB)
  Running img_5429.npy ... done (1.88s, 197.29MB)
  Running img_543.npy ... done (1.90s, 194.92MB)
  Running img_5430.npy ... done (1.84s, 195.23MB)
  Running img_5431.npy ... done (1.99s, 190.72MB)
  Running img_5432.npy ... done (1.87s, 197.25MB)
  Running img_5433.npy ... done (1.83s, 199.48MB)
  Running img_5434.npy ... done (1.96s, 196.43MB)
  Running img_5435.npy ... done (1.97s, 196.05MB)
  Running img_5436.npy ... done (1.92s, 135.26MB)
  Running img_5437.npy ... done (1.87s, 135.64MB)
  Running img_5438.npy ... done (1.94s, 136.03MB)
  Running img_5439.npy ... done (1.91s, 135.78MB)
  Running img_544.npy ... done (1.92s, 136.09MB)
  Running img_5440.npy ... done (1.89s, 132.54MB)
  Running img_5441.npy ... done (1.93s, 138.37MB)
  Running img_5442.npy ... done (1.85s, 133.60MB)
  Running img_5443.npy ... done (2.10s, 135.74MB)
  Running img_5444.npy ... done (1.97s, 196.56MB)
  Running img_5445.npy ... done (1.93s, 191.79MB)
  Running img_5446.npy ... done (1.91s, 192.72MB)
  Running img_5447.npy ... done (2.02s, 189.29MB)
  Running img_5448.npy ... done (1.86s, 191.54MB)
  Running img_5449.npy ... done (1.65s, 193.02MB)
  Running img_545.npy ... done (2.11s, 135.64MB)
  Running img_5450.npy ... done (1.84s, 191.76MB)
  Running img_5451.npy ... done (2.02s, 189.60MB)
  Running img_5452.npy ... done (1.94s, 199.49MB)
  Running img_5453.npy ... done (1.80s, 195.43MB)
  Running img_5454.npy ... done (1.98s, 134.24MB)
  Running img_5455.npy ... done (1.81s, 192.09MB)
  Running img_5456.npy ... done (1.97s, 134.86MB)
  Running img_5457.npy ... done (1.91s, 136.13MB)
  Running img_5458.npy ... done (2.07s, 161.89MB)
  Running img_5459.npy ... done (1.83s, 194.89MB)
  Running img_546.npy ... done (1.96s, 192.83MB)
  Running img_5460.npy ... done (1.87s, 200.62MB)
  Running img_5461.npy ... done (1.93s, 192.76MB)
  Running img_5462.npy ... done (2.31s, 188.86MB)
  Running img_5463.npy ... done (1.94s, 200.93MB)
  Running img_5464.npy ... done (1.87s, 202.07MB)
  Running img_5465.npy ... done (1.93s, 192.29MB)
  Running img_5466.npy ... done (1.89s, 199.62MB)
  Running img_5467.npy ... done (1.93s, 198.42MB)
  Running img_5468.npy ... done (1.86s, 194.68MB)
  Running img_5469.npy ... done (1.80s, 194.78MB)
  Running img_547.npy ... done (1.96s, 186.13MB)
  Running img_5470.npy ... done (1.93s, 199.30MB)
  Running img_5471.npy ... done (1.97s, 194.39MB)
  Running img_5472.npy ... done (1.91s, 192.84MB)
  Running img_5473.npy ... done (1.91s, 193.21MB)
  Running img_5474.npy ... done (1.93s, 191.51MB)
  Running img_5475.npy ... done (1.89s, 196.04MB)
  Running img_5476.npy ... done (1.68s, 189.63MB)
  Running img_5477.npy ... done (1.91s, 139.02MB)
  Running img_5478.npy ... done (1.88s, 140.44MB)
  Running img_5479.npy ... done (1.99s, 138.88MB)
  Running img_548.npy ... done (1.86s, 197.73MB)
  Running img_5480.npy ... done (1.77s, 194.70MB)
  Running img_5481.npy ... done (1.77s, 195.63MB)
  Running img_5482.npy ... done (1.92s, 201.07MB)
  Running img_5483.npy ... done (2.32s, 199.25MB)
  Running img_5484.npy ... done (1.84s, 173.52MB)
  Running img_5485.npy ... done (1.88s, 191.65MB)
  Running img_5486.npy ... done (1.81s, 196.57MB)
  Running img_5487.npy ... done (1.82s, 194.54MB)
  Running img_5488.npy ... done (1.70s, 195.06MB)
  Running img_5489.npy ... done (2.04s, 136.99MB)
  Running img_549.npy ... done (1.89s, 198.00MB)
  Running img_5490.npy ... done (1.96s, 192.96MB)
  Running img_5491.npy ... done (1.76s, 193.35MB)
  Running img_5492.npy ... done (1.73s, 200.86MB)
  Running img_5493.npy ... done (1.91s, 198.43MB)
  Running img_5494.npy ... done (1.91s, 202.17MB)
  Running img_5495.npy ... done (1.86s, 200.82MB)
  Running img_5496.npy ... done (1.81s, 199.84MB)
  Running img_5497.npy ... done (1.72s, 195.45MB)
  Running img_5498.npy ... done (1.92s, 137.04MB)
  Running img_5499.npy ... done (1.96s, 137.95MB)
  Running img_55.npy ... done (2.02s, 136.77MB)
  Running img_550.npy ... done (1.93s, 197.12MB)
  Running img_5500.npy ... done (1.87s, 195.49MB)
  Running img_5501.npy ... done (1.79s, 198.18MB)
  Running img_5502.npy ... done (1.90s, 133.65MB)
  Running img_5503.npy ... done (2.40s, 140.39MB)
  Running img_5504.npy ... done (1.85s, 192.85MB)
  Running img_5505.npy ... done (1.75s, 187.33MB)
  Running img_5506.npy ... done (1.93s, 139.94MB)
  Running img_5507.npy ... done (2.07s, 140.72MB)
  Running img_5508.npy ... done (2.01s, 198.04MB)
  Running img_5509.npy ... done (1.72s, 192.77MB)
  Running img_551.npy ... done (1.85s, 139.43MB)
  Running img_5510.npy ... done (1.85s, 142.86MB)
  Running img_5511.npy ... done (1.84s, 193.19MB)
  Running img_5512.npy ... done (2.11s, 140.78MB)
  Running img_5513.npy ... done (1.93s, 195.87MB)
  Running img_5514.npy ... done (1.67s, 193.06MB)
  Running img_5515.npy ... done (1.94s, 139.89MB)
  Running img_5516.npy ... done (1.91s, 139.72MB)
  Running img_5517.npy ... done (2.00s, 136.60MB)
  Running img_5518.npy ... done (1.77s, 199.91MB)
  Running img_5519.npy ... done (1.76s, 200.76MB)
  Running img_552.npy ... done (1.99s, 195.22MB)
  Running img_5520.npy ... done (1.94s, 187.29MB)
  Running img_5521.npy ... done (1.86s, 202.04MB)
  Running img_5522.npy ... done (1.88s, 194.95MB)
  Running img_5523.npy ... done (1.83s, 192.47MB)
  Running img_5524.npy ... done (2.28s, 131.75MB)
  Running img_5525.npy ... done (1.79s, 134.30MB)
  Running img_5526.npy ... done (1.66s, 134.49MB)
  Running img_5527.npy ... done (1.81s, 134.49MB)
  Running img_5528.npy ... done (1.88s, 131.66MB)
  Running img_5529.npy ... done (1.93s, 147.01MB)
  Running img_553.npy ... done (1.92s, 135.65MB)
  Running img_5530.npy ... done (1.90s, 144.23MB)
  Running img_5531.npy ... done (2.06s, 137.64MB)
  Running img_5532.npy ... done (1.96s, 193.34MB)
  Running img_5533.npy ... done (1.89s, 196.68MB)
  Running img_5534.npy ... done (1.91s, 137.27MB)
  Running img_5535.npy ... done (1.93s, 133.04MB)
  Running img_5536.npy ... done (1.90s, 141.30MB)
  Running img_5537.npy ... done (1.93s, 132.07MB)
  Running img_5538.npy ... done (1.97s, 135.95MB)
  Running img_5539.npy ... done (1.97s, 138.05MB)
  Running img_554.npy ... done (1.89s, 139.74MB)
  Running img_5540.npy ... done (1.65s, 131.80MB)
  Running img_5541.npy ... done (1.99s, 134.81MB)
  Running img_5542.npy ... done (1.88s, 188.93MB)
  Running img_5543.npy ... done (2.05s, 142.52MB)
  Running img_5544.npy ... done (2.01s, 190.30MB)
  Running img_5545.npy ... done (2.22s, 197.25MB)
  Running img_5546.npy ... done (1.94s, 196.48MB)
  Running img_5547.npy ... done (1.87s, 198.78MB)
  Running img_5548.npy ... done (1.83s, 196.33MB)
  Running img_5549.npy ... done (1.81s, 194.72MB)
  Running img_555.npy ... done (1.94s, 134.91MB)
  Running img_5550.npy ... done (1.94s, 135.32MB)
  Running img_5551.npy ... done (1.91s, 134.84MB)
  Running img_5552.npy ... done (1.97s, 139.85MB)
  Running img_5553.npy ... done (1.95s, 134.56MB)
  Running img_5554.npy ... done (2.05s, 138.87MB)
  Running img_5555.npy ... done (1.98s, 134.43MB)
  Running img_5556.npy ... done (1.96s, 137.67MB)
  Running img_5557.npy ... done (1.95s, 132.77MB)
  Running img_5558.npy ... done (1.91s, 135.41MB)
  Running img_5559.npy ... done (2.00s, 135.30MB)
  Running img_556.npy ... done (1.95s, 137.21MB)
  Running img_5560.npy ... done (1.83s, 163.86MB)
  Running img_5561.npy ... done (2.05s, 134.43MB)
  Running img_5562.npy ... done (1.85s, 196.88MB)
  Running img_5563.npy ... done (1.90s, 199.16MB)
  Running img_5564.npy ... done (1.89s, 193.90MB)
  Running img_5565.npy ... done (1.74s, 198.00MB)
  Running img_5566.npy ... done (2.31s, 138.60MB)
  Running img_5567.npy ... done (1.76s, 134.75MB)
  Running img_5568.npy ... done (1.87s, 132.90MB)
  Running img_5569.npy ... done (1.95s, 134.99MB)
  Running img_557.npy ... done (1.97s, 133.29MB)
  Running img_5570.npy ... done (1.96s, 134.18MB)
  Running img_5571.npy ... done (1.98s, 136.88MB)
  Running img_5572.npy ... done (1.96s, 139.59MB)
  Running img_5573.npy ... done (1.93s, 131.20MB)
  Running img_5574.npy ... done (1.96s, 138.62MB)
  Running img_5575.npy ... done (1.92s, 136.19MB)
  Running img_5576.npy ... done (1.87s, 135.34MB)
  Running img_5577.npy ... done (1.88s, 137.29MB)
  Running img_5578.npy ... done (2.10s, 137.70MB)
  Running img_5579.npy ... done (1.89s, 201.00MB)
  Running img_558.npy ... done (1.97s, 192.75MB)
  Running img_5580.npy ... done (1.83s, 199.88MB)
  Running img_5581.npy ... done (1.83s, 133.36MB)
  Running img_5582.npy ... done (2.03s, 139.37MB)
  Running img_5583.npy ... done (1.92s, 199.49MB)
  Running img_5584.npy ... done (1.96s, 192.20MB)
  Running img_5585.npy ... done (1.98s, 192.95MB)
  Running img_5586.npy ... done (1.77s, 194.25MB)
  Running img_5587.npy ... done (2.16s, 201.91MB)
  Running img_5588.npy ... done (1.67s, 200.28MB)
  Running img_5589.npy ... done (1.79s, 133.25MB)
  Running img_559.npy ... done (1.91s, 132.88MB)
  Running img_5590.npy ... done (1.88s, 131.73MB)
  Running img_5591.npy ... done (1.96s, 136.04MB)
  Running img_5592.npy ... done (2.08s, 135.05MB)
  Running img_5593.npy ... done (1.94s, 191.48MB)
  Running img_5594.npy ... done (1.83s, 195.02MB)
  Running img_5595.npy ... done (1.83s, 191.48MB)
  Running img_5596.npy ... done (1.91s, 192.14MB)
  Running img_5597.npy ... done (1.74s, 191.01MB)
  Running img_5598.npy ... done (1.96s, 138.61MB)
  Running img_5599.npy ... done (1.94s, 133.97MB)
  Running img_56.npy ... done (1.95s, 138.89MB)
  Running img_560.npy ... done (1.99s, 136.21MB)
  Running img_5600.npy ... done (1.93s, 136.02MB)
  Running img_5601.npy ... done (1.86s, 133.18MB)
  Running img_5602.npy ... done (1.96s, 133.68MB)
  Running img_5603.npy ... done (1.96s, 135.74MB)
  Running img_5604.npy ... done (2.00s, 136.90MB)
  Running img_5605.npy ... done (1.94s, 139.26MB)
  Running img_5606.npy ... done (1.96s, 134.27MB)
  Running img_5607.npy ... done (2.35s, 131.34MB)
  Running img_5608.npy ... done (1.87s, 134.95MB)
  Running img_5609.npy ... done (1.90s, 135.24MB)
  Running img_561.npy ... done (2.02s, 135.53MB)
  Running img_5610.npy ... done (1.94s, 195.14MB)
  Running img_5611.npy ... done (2.00s, 196.94MB)
  Running img_5612.npy ... done (1.90s, 196.48MB)
  Running img_5613.npy ... done (1.82s, 192.49MB)
  Running img_5614.npy ... done (1.97s, 135.37MB)
  Running img_5615.npy ... done (1.81s, 133.28MB)
  Running img_5616.npy ... done (1.91s, 141.21MB)
  Running img_5617.npy ... done (1.80s, 135.79MB)
  Running img_5618.npy ... done (2.03s, 134.66MB)
  Running img_5619.npy ... done (1.91s, 196.29MB)
  Running img_562.npy ... done (1.97s, 200.53MB)
  Running img_5620.npy ... done (1.81s, 197.71MB)
  Running img_5621.npy ... done (1.87s, 199.45MB)
  Running img_5622.npy ... done (1.88s, 199.49MB)
  Running img_5623.npy ... done (1.86s, 198.04MB)
  Running img_5624.npy ... done (1.84s, 197.41MB)
  Running img_5625.npy ... done (1.89s, 201.05MB)
  Running img_5626.npy ... done (1.92s, 199.93MB)
  Running img_5627.npy ... done (1.87s, 194.79MB)
  Running img_5628.npy ... done (2.24s, 198.49MB)
  Running img_5629.npy ... done (1.85s, 198.32MB)
  Running img_563.npy ... done (1.89s, 199.45MB)
  Running img_5630.npy ... done (1.89s, 198.46MB)
  Running img_5631.npy ... done (1.91s, 194.52MB)
  Running img_5632.npy ... done (1.70s, 199.63MB)
  Running img_5633.npy ... done (1.75s, 190.32MB)
  Running img_5634.npy ... done (1.92s, 137.32MB)
  Running img_5635.npy ... done (1.90s, 162.45MB)
  Running img_5636.npy ... done (1.91s, 132.74MB)
  Running img_5637.npy ... done (1.75s, 135.22MB)
  Running img_5638.npy ... done (1.93s, 139.26MB)
  Running img_5639.npy ... done (1.87s, 134.86MB)
  Running img_564.npy ... done (1.78s, 135.94MB)
  Running img_5640.npy ... done (1.85s, 132.92MB)
  Running img_5641.npy ... done (2.02s, 136.23MB)
  Running img_5642.npy ... done (2.06s, 132.87MB)
  Running img_5643.npy ... done (1.91s, 151.31MB)
  Running img_5644.npy ... done (1.84s, 135.39MB)
  Running img_5645.npy ... done (1.83s, 140.27MB)
  Running img_5646.npy ... done (1.90s, 140.46MB)
  Running img_5647.npy ... done (1.80s, 132.73MB)
  Running img_5648.npy ... done (1.65s, 134.55MB)
  Running img_5649.npy ... done (1.94s, 137.51MB)
  Running img_565.npy ... done (2.02s, 132.21MB)
  Running img_5650.npy ... done (1.88s, 132.50MB)
  Running img_5651.npy ... done (1.78s, 134.20MB)
  Running img_5652.npy ... done (1.82s, 134.27MB)
  Running img_5653.npy ... done (2.03s, 135.12MB)
  Running img_5654.npy ... done (1.91s, 136.83MB)
  Running img_5655.npy ... done (1.96s, 138.88MB)
  Running img_5656.npy ... done (1.90s, 134.26MB)
  Running img_5657.npy ... done (1.98s, 135.51MB)
  Running img_5658.npy ... done (1.95s, 138.15MB)
  Running img_5659.npy ... done (1.97s, 134.37MB)
  Running img_566.npy ... done (1.94s, 134.12MB)
  Running img_5660.npy ... done (2.02s, 143.07MB)
  Running img_5661.npy ... done (1.89s, 138.98MB)
  Running img_5662.npy ... done (1.98s, 138.10MB)
  Running img_5663.npy ... done (1.87s, 189.57MB)
  Running img_5664.npy ... done (1.97s, 183.37MB)
  Running img_5665.npy ... done (1.82s, 174.95MB)
  Running img_5666.npy ... done (1.82s, 191.95MB)
  Running img_5667.npy ... done (1.90s, 138.76MB)
  Running img_5668.npy ... done (2.04s, 134.70MB)
  Running img_5669.npy ... done (1.90s, 192.55MB)
  Running img_567.npy ... done (1.92s, 195.98MB)
  Running img_5670.npy ... done (1.99s, 191.37MB)
  Running img_5671.npy ... done (2.45s, 183.85MB)
  Running img_5672.npy ... done (1.67s, 182.34MB)
  Running img_5673.npy ... done (1.98s, 135.24MB)
  Running img_5674.npy ... done (1.95s, 135.29MB)
  Running img_5675.npy ... done (2.01s, 133.71MB)
  Running img_5676.npy ... done (1.84s, 196.85MB)
  Running img_5677.npy ... done (1.80s, 143.12MB)
  Running img_5678.npy ... done (1.93s, 134.69MB)
  Running img_5679.npy ... done (1.79s, 146.21MB)
  Running img_568.npy ... done (1.98s, 134.17MB)
  Running img_5680.npy ... done (1.96s, 135.08MB)
  Running img_5681.npy ... done (1.91s, 142.13MB)
  Running img_5682.npy ... done (1.97s, 138.40MB)
  Running img_5683.npy ... done (2.00s, 142.12MB)
  Running img_5684.npy ... done (1.91s, 133.39MB)
  Running img_5685.npy ... done (1.85s, 143.46MB)
  Running img_5686.npy ... done (1.93s, 138.12MB)
  Running img_5687.npy ... done (1.92s, 133.86MB)
  Running img_5688.npy ... done (1.94s, 135.03MB)
  Running img_5689.npy ... done (1.87s, 137.52MB)
  Running img_569.npy ... done (1.83s, 135.54MB)
  Running img_5690.npy ... done (1.89s, 135.22MB)
  Running img_5691.npy ... done (1.90s, 131.50MB)
  Running img_5692.npy ... done (2.00s, 137.59MB)
  Running img_5693.npy ... done (2.40s, 137.34MB)
  Running img_5694.npy ... done (1.90s, 141.23MB)
  Running img_5695.npy ... done (1.81s, 135.05MB)
  Running img_5696.npy ... done (1.99s, 139.42MB)
  Running img_5697.npy ... done (1.95s, 134.36MB)
  Running img_5698.npy ... done (1.86s, 131.22MB)
  Running img_5699.npy ... done (1.87s, 165.86MB)
  Running img_57.npy ... done (1.92s, 132.68MB)
  Running img_570.npy ... done (1.95s, 135.07MB)
  Running img_5700.npy ... done (1.83s, 134.23MB)
  Running img_5701.npy ... done (1.88s, 133.39MB)
  Running img_5702.npy ... done (1.94s, 133.18MB)
  Running img_5703.npy ... done (1.94s, 136.43MB)
  Running img_5704.npy ... done (2.16s, 136.53MB)
  Running img_5705.npy ... done (1.89s, 194.91MB)
  Running img_5706.npy ... done (1.97s, 197.02MB)
  Running img_5707.npy ... done (1.90s, 197.80MB)
  Running img_5708.npy ... done (1.74s, 197.20MB)
  Running img_5709.npy ... done (1.99s, 133.97MB)
  Running img_571.npy ... done (1.93s, 135.62MB)
  Running img_5710.npy ... done (1.85s, 142.25MB)
  Running img_5711.npy ... done (1.93s, 136.92MB)
  Running img_5712.npy ... done (1.99s, 138.87MB)
  Running img_5713.npy ... done (2.39s, 132.49MB)
  Running img_5714.npy ... done (2.01s, 144.81MB)
  Running img_5715.npy ... done (1.88s, 133.16MB)
  Running img_5716.npy ... done (1.89s, 133.80MB)
  Running img_5717.npy ... done (1.89s, 131.79MB)
  Running img_5718.npy ... done (1.98s, 134.55MB)
  Running img_5719.npy ... done (1.92s, 135.66MB)
  Running img_572.npy ... done (1.88s, 134.15MB)
  Running img_5720.npy ... done (1.92s, 139.64MB)
  Running img_5721.npy ... done (1.91s, 138.81MB)
  Running img_5722.npy ... done (1.89s, 134.97MB)
  Running img_5723.npy ... done (1.98s, 133.88MB)
  Running img_5724.npy ... done (1.96s, 140.45MB)
  Running img_5725.npy ... done (1.89s, 134.63MB)
  Running img_5726.npy ... done (1.90s, 131.05MB)
  Running img_5727.npy ... done (1.89s, 135.28MB)
  Running img_5728.npy ... done (1.99s, 136.89MB)
  Running img_5729.npy ... done (1.86s, 134.00MB)
  Running img_573.npy ... done (1.92s, 136.02MB)
  Running img_5730.npy ... done (1.94s, 136.06MB)
  Running img_5731.npy ... done (2.04s, 136.29MB)
  Running img_5732.npy ... done (1.88s, 186.85MB)
  Running img_5733.npy ... done (1.75s, 199.54MB)
  Running img_5734.npy ... done (1.98s, 133.73MB)
  Running img_5735.npy ... done (2.33s, 133.95MB)
  Running img_5736.npy ... done (2.08s, 132.67MB)
  Running img_5737.npy ... done (1.96s, 198.91MB)
  Running img_5738.npy ... done (1.92s, 202.00MB)
  Running img_5739.npy ... done (1.85s, 195.30MB)
  Running img_574.npy ... done (1.90s, 134.10MB)
  Running img_5740.npy ... done (1.89s, 140.27MB)
  Running img_5741.npy ... done (1.89s, 135.22MB)
  Running img_5742.npy ... done (1.97s, 142.54MB)
  Running img_5743.npy ... done (1.91s, 133.70MB)
  Running img_5744.npy ... done (1.78s, 134.28MB)
  Running img_5745.npy ... done (1.94s, 136.05MB)
  Running img_5746.npy ... done (1.92s, 134.10MB)
  Running img_5747.npy ... done (2.05s, 139.84MB)
  Running img_5748.npy ... done (1.87s, 196.08MB)
  Running img_5749.npy ... done (2.04s, 139.79MB)
  Running img_575.npy ... done (1.88s, 131.93MB)
  Running img_5750.npy ... done (2.06s, 133.88MB)
  Running img_5751.npy ... done (1.81s, 199.00MB)
  Running img_5752.npy ... done (1.98s, 141.31MB)
  Running img_5753.npy ... done (2.03s, 140.29MB)
  Running img_5754.npy ... done (1.98s, 197.62MB)
  Running img_5755.npy ... done (2.19s, 198.97MB)
  Running img_5756.npy ... done (1.81s, 199.35MB)
  Running img_5757.npy ... done (2.05s, 132.57MB)
  Running img_5758.npy ... done (1.90s, 200.41MB)
  Running img_5759.npy ... done (1.96s, 200.72MB)
  Running img_576.npy ... done (1.98s, 198.04MB)
  Running img_5760.npy ... done (2.00s, 197.80MB)
  Running img_5761.npy ... done (1.95s, 195.00MB)
  Running img_5762.npy ... done (1.94s, 196.44MB)
  Running img_5763.npy ... done (1.95s, 198.71MB)
  Running img_5764.npy ... done (1.79s, 198.29MB)
  Running img_5765.npy ... done (2.07s, 135.11MB)
  Running img_5766.npy ... done (1.88s, 198.93MB)
  Running img_5767.npy ... done (1.86s, 197.89MB)
  Running img_5768.npy ... done (2.03s, 199.89MB)
  Running img_5769.npy ... done (1.78s, 196.91MB)
  Running img_577.npy ... done (1.98s, 134.71MB)
  Running img_5770.npy ... done (1.79s, 133.58MB)
  Running img_5771.npy ... done (1.89s, 133.24MB)
  Running img_5772.npy ... done (1.90s, 131.33MB)
  Running img_5773.npy ... done (1.83s, 138.06MB)
  Running img_5774.npy ... done (1.96s, 136.00MB)
  Running img_5775.npy ... done (1.97s, 136.98MB)
  Running img_5776.npy ... done (1.88s, 142.23MB)
  Running img_5777.npy ... done (1.97s, 136.79MB)
  Running img_5778.npy ... done (1.82s, 135.85MB)
  Running img_5779.npy ... done (2.29s, 132.98MB)
  Running img_578.npy ... done (1.94s, 134.59MB)
  Running img_5780.npy ... done (1.98s, 133.32MB)
  Running img_5781.npy ... done (2.03s, 159.41MB)
  Running img_5782.npy ... done (1.94s, 200.36MB)
  Running img_5783.npy ... done (1.95s, 197.95MB)
  Running img_5784.npy ... done (1.97s, 194.16MB)
  Running img_5785.npy ... done (1.67s, 189.36MB)
  Running img_5786.npy ... done (1.89s, 138.47MB)
  Running img_5787.npy ... done (1.96s, 134.61MB)
  Running img_5788.npy ... done (1.92s, 132.78MB)
  Running img_5789.npy ... done (1.92s, 137.07MB)
  Running img_579.npy ... done (1.88s, 133.98MB)
  Running img_5790.npy ... done (2.04s, 134.30MB)
  Running img_5791.npy ... done (1.92s, 190.37MB)
  Running img_5792.npy ... done (1.86s, 200.51MB)
  Running img_5793.npy ... done (1.96s, 196.12MB)
  Running img_5794.npy ... done (1.94s, 192.55MB)
  Running img_5795.npy ... done (1.98s, 189.34MB)
  Running img_5796.npy ... done (1.93s, 198.84MB)
  Running img_5797.npy ... done (1.78s, 199.33MB)
  Running img_5798.npy ... done (1.81s, 194.00MB)
  Running img_5799.npy ... done (1.90s, 200.43MB)
  Running img_58.npy ... done (1.98s, 193.56MB)
  Running img_580.npy ... done (2.43s, 191.32MB)
  Running img_5800.npy ... done (1.93s, 195.21MB)
  Running img_5801.npy ... done (1.86s, 193.73MB)
  Running img_5802.npy ... done (1.84s, 132.60MB)
  Running img_5803.npy ... done (1.97s, 132.56MB)
  Running img_5804.npy ... done (1.95s, 138.49MB)
  Running img_5805.npy ... done (1.85s, 192.70MB)
  Running img_5806.npy ... done (1.88s, 195.89MB)
  Running img_5807.npy ... done (1.84s, 188.46MB)
  Running img_5808.npy ... done (1.93s, 137.97MB)
  Running img_5809.npy ... done (1.94s, 133.30MB)
  Running img_581.npy ... done (1.92s, 133.73MB)
  Running img_5810.npy ... done (1.92s, 133.62MB)
  Running img_5811.npy ... done (1.73s, 133.31MB)
  Running img_5812.npy ... done (2.18s, 141.76MB)
  Running img_5813.npy ... done (1.91s, 200.98MB)
  Running img_5814.npy ... done (1.82s, 193.23MB)
  Running img_5815.npy ... done (1.96s, 136.08MB)
  Running img_5816.npy ... done (1.95s, 134.23MB)
  Running img_5817.npy ... done (1.86s, 132.75MB)
  Running img_5818.npy ... done (1.95s, 134.70MB)
  Running img_5819.npy ... done (1.83s, 139.67MB)
  Running img_582.npy ... done (1.82s, 133.27MB)
  Running img_5820.npy ... done (2.01s, 130.54MB)
  Running img_5821.npy ... done (2.16s, 190.59MB)
  Running img_5822.npy ... done (1.95s, 136.19MB)
  Running img_5823.npy ... done (1.93s, 132.80MB)
  Running img_5824.npy ... done (1.92s, 134.46MB)
  Running img_5825.npy ... done (1.98s, 134.71MB)
  Running img_5826.npy ... done (1.93s, 131.28MB)
  Running img_5827.npy ... done (1.86s, 137.04MB)
  Running img_5828.npy ... done (1.99s, 132.77MB)
  Running img_5829.npy ... done (2.12s, 131.72MB)
  Running img_583.npy ... done (1.94s, 194.04MB)
  Running img_5830.npy ... done (2.01s, 188.88MB)
  Running img_5831.npy ... done (1.81s, 193.79MB)
  Running img_5832.npy ... done (1.99s, 138.53MB)
  Running img_5833.npy ... done (2.00s, 140.61MB)
  Running img_5834.npy ... done (2.00s, 132.41MB)
  Running img_5835.npy ... done (1.94s, 198.13MB)
  Running img_5836.npy ... done (1.73s, 192.49MB)
  Running img_5837.npy ... done (1.86s, 133.32MB)
  Running img_5838.npy ... done (2.05s, 136.37MB)
  Running img_5839.npy ... done (1.97s, 135.59MB)
  Running img_584.npy ... done (1.98s, 134.53MB)
  Running img_5840.npy ... done (1.94s, 134.75MB)
  Running img_5841.npy ... done (1.75s, 133.82MB)
  Running img_5842.npy ... done (2.27s, 135.92MB)
  Running img_5843.npy ... done (2.27s, 191.10MB)
  Running img_5844.npy ... done (1.89s, 201.68MB)
  Running img_5845.npy ... done (1.94s, 194.75MB)
  Running img_5846.npy ... done (1.92s, 197.62MB)
  Running img_5847.npy ... done (1.85s, 196.38MB)
  Running img_5848.npy ... done (1.91s, 132.34MB)
  Running img_5849.npy ... done (2.00s, 139.30MB)
  Running img_585.npy ... done (1.94s, 133.45MB)
  Running img_5850.npy ... done (2.05s, 139.86MB)
  Running img_5851.npy ... done (1.93s, 191.43MB)
  Running img_5852.npy ... done (1.88s, 200.89MB)
  Running img_5853.npy ... done (1.87s, 197.16MB)
  Running img_5854.npy ... done (1.86s, 200.07MB)
  Running img_5855.npy ... done (1.90s, 197.19MB)
  Running img_5856.npy ... done (1.92s, 195.35MB)
  Running img_5857.npy ... done (1.82s, 197.08MB)
  Running img_5858.npy ... done (1.89s, 199.62MB)
  Running img_5859.npy ... done (1.81s, 197.27MB)
  Running img_586.npy ... done (1.90s, 136.81MB)
  Running img_5860.npy ... done (1.89s, 132.75MB)
  Running img_5861.npy ... done (2.12s, 133.83MB)
  Running img_5862.npy ... done (1.73s, 199.16MB)
  Running img_5863.npy ... done (1.88s, 132.51MB)
  Running img_5864.npy ... done (1.80s, 137.83MB)
  Running img_5865.npy ... done (2.45s, 139.34MB)
  Running img_5866.npy ... done (2.01s, 150.98MB)
  Running img_5867.npy ... done (1.94s, 132.34MB)
  Running img_5868.npy ... done (1.89s, 134.17MB)
  Running img_5869.npy ... done (1.98s, 135.38MB)
  Running img_587.npy ... done (1.94s, 134.82MB)
  Running img_5870.npy ... done (1.95s, 133.19MB)
  Running img_5871.npy ... done (1.90s, 138.70MB)
  Running img_5872.npy ... done (1.92s, 138.18MB)
  Running img_5873.npy ... done (1.97s, 138.52MB)
  Running img_5874.npy ... done (1.92s, 133.92MB)
  Running img_5875.npy ... done (1.93s, 134.36MB)
  Running img_5876.npy ... done (2.00s, 139.46MB)
  Running img_5877.npy ... done (1.88s, 134.06MB)
  Running img_5878.npy ... done (2.04s, 137.77MB)
  Running img_5879.npy ... done (1.96s, 134.67MB)
  Running img_588.npy ... done (2.07s, 133.64MB)
  Running img_5880.npy ... done (1.85s, 200.18MB)
  Running img_5881.npy ... done (1.97s, 136.09MB)
  Running img_5882.npy ... done (2.00s, 132.91MB)
  Running img_5883.npy ... done (1.94s, 136.06MB)
  Running img_5884.npy ... done (1.95s, 140.12MB)
  Running img_5885.npy ... done (1.94s, 135.41MB)
  Running img_5886.npy ... done (2.46s, 134.55MB)
  Running img_5887.npy ... done (2.15s, 170.25MB)
  Running img_5888.npy ... done (1.81s, 200.21MB)
  Running img_5889.npy ... done (1.83s, 199.71MB)
  Running img_589.npy ... done (1.82s, 201.50MB)
  Running img_5890.npy ... done (1.93s, 202.09MB)
  Running img_5891.npy ... done (1.76s, 202.38MB)
  Running img_5892.npy ... done (1.82s, 200.26MB)
  Running img_5893.npy ... done (1.85s, 197.98MB)
  Running img_5894.npy ... done (1.88s, 199.42MB)
  Running img_5895.npy ... done (1.98s, 197.68MB)
  Running img_5896.npy ... done (1.77s, 193.64MB)
  Running img_5897.npy ... done (2.01s, 133.73MB)
  Running img_5898.npy ... done (1.88s, 137.12MB)
  Running img_5899.npy ... done (1.93s, 137.19MB)
  Running img_59.npy ... done (1.98s, 134.48MB)
  Running img_590.npy ... done (1.91s, 138.58MB)
  Running img_5900.npy ... done (1.93s, 135.49MB)
  Running img_5901.npy ... done (1.84s, 142.34MB)
  Running img_5902.npy ... done (1.87s, 131.59MB)
  Running img_5903.npy ... done (1.92s, 135.35MB)
  Running img_5904.npy ... done (1.90s, 132.24MB)
  Running img_5905.npy ... done (2.11s, 136.08MB)
  Running img_5906.npy ... done (1.74s, 201.45MB)
  Running img_5907.npy ... done (2.37s, 133.66MB)
  Running img_5908.npy ... done (1.99s, 135.22MB)
  Running img_5909.npy ... done (1.92s, 139.20MB)
  Running img_591.npy ... done (1.77s, 134.61MB)
  Running img_5910.npy ... done (1.88s, 134.52MB)
  Running img_5911.npy ... done (1.70s, 134.88MB)
  Running img_5912.npy ... done (2.00s, 133.30MB)
  Running img_5913.npy ... done (1.91s, 133.27MB)
  Running img_5914.npy ... done (1.83s, 140.27MB)
  Running img_5915.npy ... done (1.97s, 133.18MB)
  Running img_5916.npy ... done (1.86s, 132.04MB)
  Running img_5917.npy ... done (1.91s, 135.31MB)
  Running img_5918.npy ... done (1.98s, 134.08MB)
  Running img_5919.npy ... done (1.90s, 200.46MB)
  Running img_592.npy ... done (1.94s, 197.94MB)
  Running img_5920.npy ... done (1.98s, 192.33MB)
  Running img_5921.npy ... done (2.09s, 200.73MB)
  Running img_5922.npy ... done (1.76s, 200.79MB)
  Running img_5923.npy ... done (1.89s, 196.49MB)
  Running img_5924.npy ... done (1.92s, 199.42MB)
  Running img_5925.npy ... done (1.87s, 202.48MB)
  Running img_5926.npy ... done (1.98s, 195.40MB)
  Running img_5927.npy ... done (1.88s, 199.95MB)
  Running img_5928.npy ... done (1.79s, 202.17MB)
  Running img_5929.npy ... done (2.02s, 135.18MB)
  Running img_593.npy ... done (2.14s, 134.29MB)
  Running img_5930.npy ... done (1.83s, 192.37MB)
  Running img_5931.npy ... done (1.86s, 141.12MB)
  Running img_5932.npy ... done (2.03s, 136.00MB)
  Running img_5933.npy ... done (1.92s, 134.08MB)
  Running img_5934.npy ... done (1.89s, 136.69MB)
  Running img_5935.npy ... done (1.94s, 137.31MB)
  Running img_5936.npy ... done (1.90s, 133.41MB)
  Running img_5937.npy ... done (1.90s, 134.97MB)
  Running img_5938.npy ... done (2.03s, 133.08MB)
  Running img_5939.npy ... done (1.72s, 196.31MB)
  Running img_594.npy ... done (2.01s, 157.76MB)
  Running img_5940.npy ... done (1.94s, 188.76MB)
  Running img_5941.npy ... done (1.81s, 198.70MB)
  Running img_5942.npy ... done (1.82s, 133.46MB)
  Running img_5943.npy ... done (1.87s, 135.27MB)
  Running img_5944.npy ... done (1.79s, 135.89MB)
  Running img_5945.npy ... done (1.89s, 141.91MB)
  Running img_5946.npy ... done (1.86s, 138.49MB)
  Running img_5947.npy ... done (1.90s, 138.64MB)
  Running img_5948.npy ... done (2.00s, 137.13MB)
  Running img_5949.npy ... done (1.93s, 132.11MB)
  Running img_595.npy ... done (1.93s, 135.46MB)
  Running img_5950.npy ... done (1.82s, 136.31MB)
  Running img_5951.npy ... done (1.92s, 140.30MB)
  Running img_5952.npy ... done (2.35s, 138.78MB)
  Running img_5953.npy ... done (1.96s, 155.75MB)
  Running img_5954.npy ... done (1.92s, 136.41MB)
  Running img_5955.npy ... done (1.96s, 132.66MB)
  Running img_5956.npy ... done (1.94s, 134.52MB)
  Running img_5957.npy ... done (1.80s, 133.32MB)
  Running img_5958.npy ... done (2.15s, 136.20MB)
  Running img_5959.npy ... done (1.98s, 198.44MB)
  Running img_596.npy ... done (1.95s, 188.96MB)
  Running img_5960.npy ... done (1.89s, 200.50MB)
  Running img_5961.npy ... done (1.90s, 197.60MB)
  Running img_5962.npy ... done (1.85s, 197.70MB)
  Running img_5963.npy ... done (2.00s, 200.16MB)
  Running img_5964.npy ... done (1.67s, 196.60MB)
  Running img_5965.npy ... done (1.91s, 135.35MB)
  Running img_5966.npy ... done (1.94s, 138.54MB)
  Running img_5967.npy ... done (2.03s, 136.51MB)
  Running img_5968.npy ... done (1.75s, 201.48MB)
  Running img_5969.npy ... done (1.94s, 134.99MB)
  Running img_597.npy ... done (2.12s, 135.52MB)
  Running img_5970.npy ... done (1.78s, 199.82MB)
  Running img_5971.npy ... done (2.02s, 138.11MB)
  Running img_5972.npy ... done (1.96s, 136.27MB)
  Running img_5973.npy ... done (2.15s, 138.86MB)
  Running img_5974.npy ... done (2.02s, 139.84MB)
  Running img_5975.npy ... done (2.07s, 137.96MB)
  Running img_5976.npy ... done (1.96s, 200.17MB)
  Running img_5977.npy ... done (1.81s, 196.30MB)
  Running img_5978.npy ... done (1.98s, 199.15MB)
  Running img_5979.npy ... done (1.82s, 197.82MB)
  Running img_598.npy ... done (1.95s, 136.14MB)
  Running img_5980.npy ... done (1.95s, 138.44MB)
  Running img_5981.npy ... done (1.91s, 134.17MB)
  Running img_5982.npy ... done (1.96s, 136.30MB)
  Running img_5983.npy ... done (1.98s, 138.83MB)
  Running img_5984.npy ... done (1.92s, 134.21MB)
  Running img_5985.npy ... done (1.95s, 140.21MB)
  Running img_5986.npy ... done (1.93s, 133.23MB)
  Running img_5987.npy ... done (1.83s, 134.41MB)
  Running img_5988.npy ... done (1.84s, 134.09MB)
  Running img_5989.npy ... done (1.85s, 134.85MB)
  Running img_599.npy ... done (1.94s, 139.21MB)
  Running img_5990.npy ... done (1.96s, 137.92MB)
  Running img_5991.npy ... done (1.85s, 134.56MB)
  Running img_5992.npy ... done (2.02s, 141.82MB)
  Running img_5993.npy ... done (1.97s, 192.84MB)
  Running img_5994.npy ... done (1.89s, 199.73MB)
  Running img_5995.npy ... done (1.87s, 200.02MB)
  Running img_5996.npy ... done (2.24s, 190.14MB)
  Running img_5997.npy ... done (1.95s, 200.14MB)
  Running img_5998.npy ... done (1.87s, 134.47MB)
  Running img_5999.npy ... done (2.01s, 138.81MB)
  Running img_6.npy ... done (1.89s, 137.89MB)
  Running img_60.npy ... done (1.73s, 131.46MB)
  Running img_600.npy ... done (1.83s, 145.21MB)
  Running img_6000.npy ... done (1.72s, 132.04MB)
  Running img_6001.npy ... done (1.74s, 133.86MB)
  Running img_6002.npy ... done (1.84s, 134.43MB)
  Running img_6003.npy ... done (1.94s, 148.62MB)
  Running img_6004.npy ... done (1.95s, 136.36MB)
  Running img_6005.npy ... done (1.91s, 136.60MB)
  Running img_6006.npy ... done (1.97s, 137.57MB)
  Running img_6007.npy ... done (1.93s, 136.46MB)
  Running img_6008.npy ... done (1.94s, 138.36MB)
  Running img_6009.npy ... done (1.92s, 135.66MB)
  Running img_601.npy ... done (2.05s, 135.28MB)
  Running img_6010.npy ... done (1.97s, 193.71MB)
  Running img_6011.npy ... done (1.98s, 194.41MB)
  Running img_6012.npy ... done (1.82s, 194.41MB)
  Running img_6013.npy ... done (2.01s, 135.50MB)
  Running img_6014.npy ... done (1.90s, 139.93MB)
  Running img_6015.npy ... done (2.01s, 133.39MB)
  Running img_6016.npy ... done (1.89s, 194.42MB)
  Running img_6017.npy ... done (2.33s, 182.62MB)
  Running img_6018.npy ... done (1.93s, 197.38MB)
  Running img_6019.npy ... done (1.91s, 198.17MB)
  Running img_602.npy ... done (1.93s, 197.90MB)
  Running img_6020.npy ... done (1.78s, 193.92MB)
  Running img_6021.npy ... done (1.86s, 133.56MB)
  Running img_6022.npy ... done (1.90s, 138.41MB)
  Running img_6023.npy ... done (1.98s, 139.95MB)
  Running img_6024.npy ... done (1.87s, 131.81MB)
  Running img_6025.npy ... done (1.78s, 133.89MB)
  Running img_6026.npy ... done (2.13s, 139.73MB)
  Running img_6027.npy ... done (1.93s, 199.44MB)
  Running img_6028.npy ... done (1.90s, 194.63MB)
  Running img_6029.npy ... done (1.99s, 191.30MB)
  Running img_603.npy ... done (1.97s, 199.70MB)
  Running img_6030.npy ... done (1.89s, 193.87MB)
  Running img_6031.npy ... done (1.92s, 198.62MB)
  Running img_6032.npy ... done (1.90s, 195.75MB)
  Running img_6033.npy ... done (1.87s, 191.65MB)
  Running img_6034.npy ... done (2.08s, 135.48MB)
  Running img_6035.npy ... done (1.98s, 201.18MB)
  Running img_6036.npy ... done (1.89s, 199.91MB)
  Running img_6037.npy ... done (1.90s, 200.14MB)
  Running img_6038.npy ... done (1.88s, 198.58MB)
  Running img_6039.npy ... done (2.46s, 200.50MB)
  Running img_604.npy ... done (1.95s, 201.39MB)
  Running img_6040.npy ... done (1.90s, 198.27MB)
  Running img_6041.npy ... done (1.84s, 197.73MB)
  Running img_6042.npy ... done (1.80s, 199.04MB)
  Running img_6043.npy ... done (2.04s, 134.65MB)
  Running img_6044.npy ... done (1.87s, 201.00MB)
  Running img_6045.npy ... done (1.91s, 202.36MB)
  Running img_6046.npy ... done (1.95s, 194.54MB)
  Running img_6047.npy ... done (1.76s, 197.61MB)
  Running img_6048.npy ... done (1.91s, 193.95MB)
  Running img_6049.npy ... done (2.05s, 188.90MB)
  Running img_605.npy ... done (1.92s, 198.51MB)
  Running img_6050.npy ... done (1.71s, 197.12MB)
  Running img_6051.npy ... done (1.95s, 162.44MB)
  Running img_6052.npy ... done (1.95s, 136.20MB)
  Running img_6053.npy ... done (1.94s, 135.67MB)
  Running img_6054.npy ... done (1.96s, 135.88MB)
  Running img_6055.npy ... done (1.96s, 138.77MB)
  Running img_6056.npy ... done (2.04s, 134.18MB)
  Running img_6057.npy ... done (1.86s, 198.39MB)
  Running img_6058.npy ... done (1.79s, 197.47MB)
  Running img_6059.npy ... done (1.91s, 199.23MB)
  Running img_606.npy ... done (1.84s, 194.09MB)
  Running img_6060.npy ... done (1.91s, 175.87MB)
  Running img_6061.npy ... done (2.35s, 133.08MB)
  Running img_6062.npy ... done (1.98s, 133.79MB)
  Running img_6063.npy ... done (1.98s, 132.22MB)
  Running img_6064.npy ... done (1.84s, 194.02MB)
  Running img_6065.npy ... done (1.98s, 196.95MB)
  Running img_6066.npy ... done (1.81s, 200.06MB)
  Running img_6067.npy ... done (1.91s, 134.12MB)
  Running img_6068.npy ... done (1.89s, 139.22MB)
  Running img_6069.npy ... done (2.02s, 138.79MB)
  Running img_607.npy ... done (1.80s, 192.87MB)
  Running img_6070.npy ... done (1.92s, 198.80MB)
  Running img_6071.npy ... done (1.89s, 199.96MB)
  Running img_6072.npy ... done (1.89s, 198.74MB)
  Running img_6073.npy ... done (1.91s, 193.57MB)
  Running img_6074.npy ... done (1.98s, 191.72MB)
  Running img_6075.npy ... done (1.89s, 198.52MB)
  Running img_6076.npy ... done (1.78s, 200.38MB)
  Running img_6077.npy ... done (1.90s, 133.69MB)
  Running img_6078.npy ... done (1.85s, 137.45MB)
  Running img_6079.npy ... done (1.95s, 134.29MB)
  Running img_608.npy ... done (1.89s, 130.71MB)
  Running img_6080.npy ... done (1.80s, 162.64MB)
  Running img_6081.npy ... done (1.93s, 133.88MB)
  Running img_6082.npy ... done (1.90s, 133.61MB)
  Running img_6083.npy ... done (2.41s, 133.01MB)
  Running img_6084.npy ... done (2.01s, 144.91MB)
  Running img_6085.npy ... done (1.85s, 131.29MB)
  Running img_6086.npy ... done (1.90s, 134.82MB)
  Running img_6087.npy ... done (1.84s, 132.44MB)
  Running img_6088.npy ... done (1.78s, 135.66MB)
  Running img_6089.npy ... done (1.94s, 131.73MB)
  Running img_609.npy ... done (1.93s, 134.45MB)
  Running img_6090.npy ... done (1.96s, 134.63MB)
  Running img_6091.npy ... done (1.97s, 135.43MB)
  Running img_6092.npy ... done (1.75s, 136.16MB)
  Running img_6093.npy ... done (1.91s, 146.82MB)
  Running img_6094.npy ... done (2.10s, 141.05MB)
  Running img_6095.npy ... done (1.90s, 200.93MB)
  Running img_6096.npy ... done (1.95s, 195.65MB)
  Running img_6097.npy ... done (1.79s, 199.98MB)
  Running img_6098.npy ... done (1.96s, 137.50MB)
  Running img_6099.npy ... done (1.93s, 137.43MB)
  Running img_61.npy ... done (1.96s, 136.27MB)
  Running img_610.npy ... done (1.98s, 134.93MB)
  Running img_6100.npy ... done (1.93s, 140.56MB)
  Running img_6101.npy ... done (1.97s, 134.62MB)
  Running img_6102.npy ... done (1.80s, 130.24MB)
  Running img_6103.npy ... done (2.02s, 134.60MB)
  Running img_6104.npy ... done (2.44s, 131.33MB)
  Running img_6105.npy ... done (1.76s, 185.25MB)
  Running img_6106.npy ... done (1.87s, 135.63MB)
  Running img_6107.npy ... done (2.00s, 134.78MB)
  Running img_6108.npy ... done (2.11s, 135.39MB)
  Running img_6109.npy ... done (1.91s, 198.34MB)
  Running img_611.npy ... done (1.80s, 200.14MB)
  Running img_6110.npy ... done (1.83s, 200.38MB)
  Running img_6111.npy ... done (1.88s, 197.16MB)
  Running img_6112.npy ... done (2.00s, 197.64MB)
  Running img_6113.npy ... done (1.78s, 195.59MB)
  Running img_6114.npy ... done (1.93s, 138.23MB)
  Running img_6115.npy ... done (1.93s, 190.65MB)
  Running img_6116.npy ... done (1.74s, 196.36MB)
  Running img_6117.npy ... done (1.90s, 136.24MB)
  Running img_6118.npy ... done (1.91s, 135.64MB)
  Running img_6119.npy ... done (1.91s, 133.19MB)
  Running img_612.npy ... done (1.84s, 135.41MB)
  Running img_6120.npy ... done (2.13s, 134.99MB)
  Running img_6121.npy ... done (1.92s, 200.67MB)
  Running img_6122.npy ... done (1.97s, 192.83MB)
  Running img_6123.npy ... done (1.93s, 200.83MB)
  Running img_6124.npy ... done (1.96s, 198.32MB)
  Running img_6125.npy ... done (1.92s, 200.00MB)
  Running img_6126.npy ... done (1.86s, 198.83MB)
  Running img_6127.npy ... done (2.38s, 196.17MB)
  Running img_6128.npy ... done (1.90s, 185.55MB)
  Running img_6129.npy ... done (1.93s, 130.93MB)
  Running img_613.npy ... done (1.83s, 135.00MB)
  Running img_6130.npy ... done (1.85s, 133.58MB)
  Running img_6131.npy ... done (1.97s, 139.04MB)
  Running img_6132.npy ... done (1.90s, 133.45MB)
  Running img_6133.npy ... done (2.13s, 133.52MB)
  Running img_6134.npy ... done (1.81s, 198.82MB)
  Running img_6135.npy ... done (1.84s, 133.88MB)
  Running img_6136.npy ... done (1.93s, 140.43MB)
  Running img_6137.npy ... done (1.79s, 140.40MB)
  Running img_6138.npy ... done (1.94s, 138.82MB)
  Running img_6139.npy ... done (2.05s, 135.68MB)
  Running img_614.npy ... done (1.89s, 193.12MB)
  Running img_6140.npy ... done (1.85s, 200.19MB)
  Running img_6141.npy ... done (1.96s, 191.30MB)
  Running img_6142.npy ... done (1.95s, 181.48MB)
  Running img_6143.npy ... done (1.97s, 199.57MB)
  Running img_6144.npy ... done (1.96s, 199.67MB)
  Running img_6145.npy ... done (1.85s, 197.40MB)
  Running img_6146.npy ... done (1.90s, 198.88MB)
  Running img_6147.npy ... done (2.00s, 188.88MB)
  Running img_6148.npy ... done (1.97s, 194.72MB)
  Running img_6149.npy ... done (1.81s, 196.53MB)
  Running img_615.npy ... done (2.48s, 135.18MB)
  Running img_6150.npy ... done (1.88s, 135.52MB)
  Running img_6151.npy ... done (1.96s, 134.59MB)
  Running img_6152.npy ... done (1.92s, 136.86MB)
  Running img_6153.npy ... done (2.17s, 128.64MB)
  Running img_6154.npy ... done (1.91s, 136.05MB)
  Running img_6155.npy ... done (1.95s, 137.90MB)
  Running img_6156.npy ... done (2.14s, 133.48MB)
  Running img_6157.npy ... done (1.95s, 188.24MB)
  Running img_6158.npy ... done (1.85s, 196.39MB)
  Running img_6159.npy ... done (1.81s, 133.26MB)
  Running img_616.npy ... done (1.88s, 135.77MB)
  Running img_6160.npy ... done (1.88s, 132.83MB)
  Running img_6161.npy ... done (1.94s, 141.19MB)
  Running img_6162.npy ... done (1.75s, 134.52MB)
  Running img_6163.npy ... done (1.91s, 139.06MB)
  Running img_6164.npy ... done (1.94s, 136.07MB)
  Running img_6165.npy ... done (1.90s, 132.82MB)
  Running img_6166.npy ... done (2.05s, 135.09MB)
  Running img_6167.npy ... done (1.86s, 192.85MB)
  Running img_6168.npy ... done (1.84s, 132.50MB)
  Running img_6169.npy ... done (2.03s, 142.84MB)
  Running img_617.npy ... done (1.94s, 134.86MB)
  Running img_6170.npy ... done (1.90s, 138.17MB)
  Running img_6171.npy ... done (2.43s, 138.69MB)
  Running img_6172.npy ... done (1.93s, 135.80MB)
  Running img_6173.npy ... done (1.95s, 138.65MB)
  Running img_6174.npy ... done (1.92s, 137.80MB)
  Running img_6175.npy ... done (1.92s, 136.80MB)
  Running img_6176.npy ... done (1.95s, 134.16MB)
  Running img_6177.npy ... done (2.13s, 138.19MB)
  Running img_6178.npy ... done (1.96s, 200.42MB)
  Running img_6179.npy ... done (1.93s, 199.84MB)
  Running img_618.npy ... done (1.93s, 192.84MB)
  Running img_6180.npy ... done (1.91s, 198.81MB)
  Running img_6181.npy ... done (1.70s, 195.21MB)
  Running img_6182.npy ... done (1.82s, 194.80MB)
  Running img_6183.npy ... done (1.84s, 192.77MB)
  Running img_6184.npy ... done (1.77s, 193.85MB)
  Running img_6185.npy ... done (1.81s, 140.84MB)
  Running img_6186.npy ... done (1.89s, 145.86MB)
  Running img_6187.npy ... done (1.96s, 139.56MB)
  Running img_6188.npy ... done (1.97s, 142.09MB)
  Running img_6189.npy ... done (1.95s, 138.83MB)
  Running img_619.npy ... done (1.96s, 132.91MB)
  Running img_6190.npy ... done (1.95s, 139.45MB)
  Running img_6191.npy ... done (1.80s, 194.04MB)
  Running img_6192.npy ... done (1.83s, 134.75MB)
  Running img_6193.npy ... done (1.89s, 135.93MB)
  Running img_6194.npy ... done (2.00s, 138.93MB)
  Running img_6195.npy ... done (2.11s, 137.06MB)
  Running img_6196.npy ... done (1.91s, 195.41MB)
  Running img_6197.npy ... done (1.91s, 187.57MB)
  Running img_6198.npy ... done (1.80s, 193.75MB)
  Running img_6199.npy ... done (2.17s, 141.97MB)
  Running img_62.npy ... done (1.93s, 200.46MB)
  Running img_620.npy ... done (1.98s, 201.21MB)
  Running img_6200.npy ... done (1.93s, 195.95MB)
  Running img_6201.npy ... done (1.89s, 195.80MB)
  Running img_6202.npy ... done (1.83s, 199.49MB)
  Running img_6203.npy ... done (1.87s, 138.40MB)
  Running img_6204.npy ... done (1.87s, 137.75MB)
  Running img_6205.npy ... done (1.97s, 133.48MB)
  Running img_6206.npy ... done (2.01s, 137.97MB)
  Running img_6207.npy ... done (1.95s, 135.37MB)
  Running img_6208.npy ... done (2.00s, 140.77MB)
  Running img_6209.npy ... done (1.92s, 133.86MB)
  Running img_621.npy ... done (1.92s, 140.16MB)
  Running img_6210.npy ... done (1.94s, 134.95MB)
  Running img_6211.npy ... done (1.82s, 198.16MB)
  Running img_6212.npy ... done (1.94s, 194.85MB)
  Running img_6213.npy ... done (1.78s, 199.96MB)
  Running img_6214.npy ... done (2.01s, 145.05MB)
  Running img_6215.npy ... done (2.41s, 133.83MB)
  Running img_6216.npy ... done (1.87s, 142.95MB)
  Running img_6217.npy ... done (1.85s, 131.62MB)
  Running img_6218.npy ... done (1.89s, 139.28MB)
  Running img_6219.npy ... done (1.90s, 135.67MB)
  Running img_622.npy ... done (1.87s, 136.71MB)
  Running img_6220.npy ... done (2.08s, 138.52MB)
  Running img_6221.npy ... done (1.95s, 190.83MB)
  Running img_6222.npy ... done (1.86s, 200.16MB)
  Running img_6223.npy ... done (1.97s, 198.99MB)
  Running img_6224.npy ... done (1.90s, 187.26MB)
  Running img_6225.npy ... done (1.88s, 200.03MB)
  Running img_6226.npy ... done (1.87s, 193.54MB)
  Running img_6227.npy ... done (1.69s, 189.25MB)
  Running img_6228.npy ... done (1.73s, 198.42MB)
  Running img_6229.npy ... done (1.95s, 132.97MB)
  Running img_623.npy ... done (1.92s, 134.14MB)
  Running img_6230.npy ... done (1.92s, 137.11MB)
  Running img_6231.npy ... done (1.93s, 136.61MB)
  Running img_6232.npy ... done (1.98s, 132.73MB)
  Running img_6233.npy ... done (1.94s, 134.72MB)
  Running img_6234.npy ... done (1.98s, 139.39MB)
  Running img_6235.npy ... done (1.90s, 135.50MB)
  Running img_6236.npy ... done (1.88s, 138.63MB)
  Running img_6237.npy ... done (2.17s, 135.74MB)
  Running img_6238.npy ... done (1.96s, 132.29MB)
  Running img_6239.npy ... done (2.02s, 143.49MB)
  Running img_624.npy ... done (2.03s, 196.10MB)
  Running img_6240.npy ... done (1.93s, 199.45MB)
  Running img_6241.npy ... done (1.92s, 182.01MB)
  Running img_6242.npy ... done (1.90s, 146.33MB)
  Running img_6243.npy ... done (1.92s, 134.25MB)
  Running img_6244.npy ... done (1.95s, 138.10MB)
  Running img_6245.npy ... done (2.03s, 141.66MB)
  Running img_6246.npy ... done (1.92s, 136.96MB)
  Running img_6247.npy ... done (1.88s, 144.95MB)
  Running img_6248.npy ... done (1.99s, 134.12MB)
  Running img_6249.npy ... done (1.77s, 138.93MB)
  Running img_625.npy ... done (1.91s, 132.52MB)
  Running img_6250.npy ... done (1.91s, 132.89MB)
  Running img_6251.npy ... done (1.90s, 139.78MB)
  Running img_6252.npy ... done (1.85s, 141.48MB)
  Running img_6253.npy ... done (1.93s, 134.55MB)
  Running img_6254.npy ... done (1.97s, 135.70MB)
  Running img_6255.npy ... done (1.91s, 133.68MB)
  Running img_6256.npy ... done (2.10s, 133.80MB)
  Running img_6257.npy ... done (1.88s, 198.15MB)
  Running img_6258.npy ... done (1.95s, 200.32MB)
  Running img_6259.npy ... done (1.94s, 196.48MB)
  Running img_626.npy ... done (2.36s, 196.79MB)
  Running img_6260.npy ... done (1.94s, 202.11MB)
  Running img_6261.npy ... done (1.86s, 197.68MB)
  Running img_6262.npy ... done (1.92s, 200.71MB)
  Running img_6263.npy ... done (1.89s, 198.80MB)
  Running img_6264.npy ... done (1.84s, 199.68MB)
  Running img_6265.npy ... done (1.88s, 198.66MB)
  Running img_6266.npy ... done (1.91s, 191.54MB)
  Running img_6267.npy ... done (1.90s, 186.07MB)
  Running img_6268.npy ... done (1.94s, 193.82MB)
  Running img_6269.npy ... done (1.89s, 198.66MB)
  Running img_627.npy ... done (1.99s, 196.25MB)
  Running img_6270.npy ... done (1.82s, 189.54MB)
  Running img_6271.npy ... done (1.82s, 198.73MB)
  Running img_6272.npy ... done (1.97s, 135.08MB)
  Running img_6273.npy ... done (1.82s, 138.23MB)
  Running img_6274.npy ... done (2.02s, 140.55MB)
  Running img_6275.npy ... done (1.96s, 193.44MB)
  Running img_6276.npy ... done (1.92s, 198.29MB)
  Running img_6277.npy ... done (1.77s, 198.84MB)
  Running img_6278.npy ... done (1.87s, 134.30MB)
  Running img_6279.npy ... done (2.06s, 133.25MB)
  Running img_628.npy ... done (1.85s, 196.36MB)
  Running img_6280.npy ... done (1.81s, 199.46MB)
  Running img_6281.npy ... done (1.69s, 199.54MB)
  Running img_6282.npy ... done (2.40s, 134.93MB)
  Running img_6283.npy ... done (1.96s, 148.14MB)
  Running img_6284.npy ... done (2.00s, 144.28MB)
  Running img_6285.npy ... done (2.15s, 139.87MB)
  Running img_6286.npy ... done (1.84s, 198.56MB)
  Running img_6287.npy ... done (1.98s, 137.02MB)
  Running img_6288.npy ... done (1.95s, 135.84MB)
  Running img_6289.npy ... done (2.08s, 137.74MB)
  Running img_629.npy ... done (2.01s, 133.15MB)
  Running img_6290.npy ... done (1.91s, 199.30MB)
  Running img_6291.npy ... done (1.94s, 200.60MB)
  Running img_6292.npy ... done (1.92s, 199.49MB)
  Running img_6293.npy ... done (1.96s, 199.93MB)
  Running img_6294.npy ... done (1.90s, 197.27MB)
  Running img_6295.npy ... done (1.78s, 200.62MB)
  Running img_6296.npy ... done (1.95s, 194.68MB)
  Running img_6297.npy ... done (2.00s, 183.08MB)
  Running img_6298.npy ... done (1.97s, 196.75MB)
  Running img_6299.npy ... done (1.81s, 192.02MB)
  Running img_63.npy ... done (1.88s, 134.86MB)
  Running img_630.npy ... done (1.88s, 139.85MB)
  Running img_6300.npy ... done (1.95s, 136.09MB)
  Running img_6301.npy ... done (1.87s, 136.34MB)
  Running img_6302.npy ... done (1.88s, 132.61MB)
  Running img_6303.npy ... done (2.25s, 167.88MB)
  Running img_6304.npy ... done (1.95s, 199.00MB)
  Running img_6305.npy ... done (1.87s, 192.27MB)
  Running img_6306.npy ... done (1.84s, 193.04MB)
  Running img_6307.npy ... done (1.84s, 192.73MB)
  Running img_6308.npy ... done (1.86s, 196.78MB)
  Running img_6309.npy ... done (1.80s, 200.67MB)
  Running img_631.npy ... done (1.92s, 199.68MB)
  Running img_6310.npy ... done (1.87s, 202.02MB)
  Running img_6311.npy ... done (1.89s, 200.58MB)
  Running img_6312.npy ... done (1.94s, 194.84MB)
  Running img_6313.npy ... done (1.96s, 196.39MB)
  Running img_6314.npy ... done (1.91s, 192.70MB)
  Running img_6315.npy ... done (1.87s, 196.60MB)
  Running img_6316.npy ... done (1.89s, 199.77MB)
  Running img_6317.npy ... done (1.85s, 199.12MB)
  Running img_6318.npy ... done (1.90s, 200.06MB)
  Running img_6319.npy ... done (1.96s, 196.33MB)
  Running img_632.npy ... done (1.91s, 195.96MB)
  Running img_6320.npy ... done (1.87s, 186.87MB)
  Running img_6321.npy ... done (1.69s, 189.54MB)
  Running img_6322.npy ... done (1.95s, 163.28MB)
  Running img_6323.npy ... done (1.75s, 196.19MB)
  Running img_6324.npy ... done (1.86s, 137.62MB)
  Running img_6325.npy ... done (2.34s, 133.34MB)
  Running img_6326.npy ... done (1.88s, 131.92MB)
  Running img_6327.npy ... done (2.01s, 138.02MB)
  Running img_6328.npy ... done (1.90s, 137.53MB)
  Running img_6329.npy ... done (2.01s, 137.59MB)
  Running img_633.npy ... done (1.91s, 199.24MB)
  Running img_6330.npy ... done (1.89s, 194.75MB)
  Running img_6331.npy ... done (1.93s, 198.38MB)
  Running img_6332.npy ... done (1.97s, 193.87MB)
  Running img_6333.npy ... done (1.91s, 199.67MB)
  Running img_6334.npy ... done (1.77s, 194.38MB)
  Running img_6335.npy ... done (2.08s, 138.86MB)
  Running img_6336.npy ... done (1.67s, 196.25MB)
  Running img_6337.npy ... done (1.92s, 133.29MB)
  Running img_6338.npy ... done (1.71s, 194.55MB)
  Running img_6339.npy ... done (1.90s, 135.04MB)
  Running img_634.npy ... done (1.91s, 133.76MB)
  Running img_6340.npy ... done (2.00s, 139.29MB)
  Running img_6341.npy ... done (1.92s, 136.82MB)
  Running img_6342.npy ... done (1.92s, 135.93MB)
  Running img_6343.npy ... done (1.90s, 133.71MB)
  Running img_6344.npy ... done (1.93s, 135.12MB)
  Running img_6345.npy ... done (1.99s, 138.05MB)
  Running img_6346.npy ... done (2.03s, 134.05MB)
  Running img_6347.npy ... done (2.19s, 189.46MB)
  Running img_6348.npy ... done (1.94s, 200.98MB)
  Running img_6349.npy ... done (1.78s, 191.91MB)
  Running img_635.npy ... done (1.93s, 135.29MB)
  Running img_6350.npy ... done (1.87s, 137.61MB)
  Running img_6351.npy ... done (1.83s, 192.99MB)
  Running img_6352.npy ... done (1.74s, 195.66MB)
  Running img_6353.npy ... done (1.94s, 138.11MB)
  Running img_6354.npy ... done (1.86s, 135.66MB)
  Running img_6355.npy ... done (1.89s, 154.42MB)
  Running img_6356.npy ... done (2.06s, 136.08MB)
  Running img_6357.npy ... done (1.83s, 201.08MB)
  Running img_6358.npy ... done (1.82s, 194.47MB)
  Running img_6359.npy ... done (1.74s, 195.20MB)
  Running img_636.npy ... done (1.81s, 202.29MB)
  Running img_6360.npy ... done (1.89s, 198.19MB)
  Running img_6361.npy ... done (1.77s, 196.46MB)
  Running img_6362.npy ... done (1.87s, 192.96MB)
  Running img_6363.npy ... done (1.75s, 194.66MB)
  Running img_6364.npy ... done (1.91s, 134.96MB)
  Running img_6365.npy ... done (1.81s, 143.71MB)
  Running img_6366.npy ... done (1.87s, 135.39MB)
  Running img_6367.npy ... done (1.85s, 132.91MB)
  Running img_6368.npy ... done (1.86s, 140.32MB)
  Running img_6369.npy ... done (2.31s, 139.32MB)
  Running img_637.npy ... done (1.86s, 135.27MB)
  Running img_6370.npy ... done (1.99s, 136.46MB)
  Running img_6371.npy ... done (1.96s, 197.73MB)
  Running img_6372.npy ... done (1.95s, 198.33MB)
  Running img_6373.npy ... done (1.84s, 186.65MB)
  Running img_6374.npy ... done (1.97s, 142.74MB)
  Running img_6375.npy ... done (1.75s, 138.83MB)
  Running img_6376.npy ... done (1.89s, 134.77MB)
  Running img_6377.npy ... done (1.84s, 135.87MB)
  Running img_6378.npy ... done (1.98s, 134.39MB)
  Running img_6379.npy ... done (1.91s, 134.87MB)
  Running img_638.npy ... done (1.94s, 132.22MB)
  Running img_6380.npy ... done (1.75s, 198.35MB)
  Running img_6381.npy ... done (1.87s, 143.13MB)
  Running img_6382.npy ... done (2.02s, 133.11MB)
  Running img_6383.npy ... done (1.90s, 193.73MB)
  Running img_6384.npy ... done (1.84s, 200.47MB)
  Running img_6385.npy ... done (1.93s, 189.75MB)
  Running img_6386.npy ... done (1.80s, 198.78MB)
  Running img_6387.npy ... done (1.78s, 199.48MB)
  Running img_6388.npy ... done (1.97s, 194.13MB)
  Running img_6389.npy ... done (1.83s, 192.53MB)
  Running img_639.npy ... done (1.86s, 195.11MB)
  Running img_6390.npy ... done (2.44s, 198.96MB)
  Running img_6391.npy ... done (1.86s, 198.61MB)
  Running img_6392.npy ... done (1.78s, 200.05MB)
  Running img_6393.npy ... done (1.88s, 132.75MB)
  Running img_6394.npy ... done (1.92s, 134.36MB)
  Running img_6395.npy ... done (1.83s, 196.49MB)
  Running img_6396.npy ... done (1.88s, 195.46MB)
  Running img_6397.npy ... done (1.89s, 197.41MB)
  Running img_6398.npy ... done (1.93s, 193.57MB)
  Running img_6399.npy ... done (1.93s, 199.72MB)
  Running img_64.npy ... done (1.96s, 198.40MB)
  Running img_640.npy ... done (1.73s, 197.82MB)
  Running img_6400.npy ... done (1.70s, 191.33MB)
  Running img_6401.npy ... done (1.80s, 138.94MB)
  Running img_6402.npy ... done (1.96s, 134.28MB)
  Running img_6403.npy ... done (1.99s, 136.05MB)
  Running img_6404.npy ... done (2.08s, 139.98MB)
  Running img_6405.npy ... done (1.84s, 199.71MB)
  Running img_6406.npy ... done (1.71s, 201.56MB)
  Running img_6407.npy ... done (1.85s, 139.89MB)
  Running img_6408.npy ... done (1.79s, 133.66MB)
  Running img_6409.npy ... done (1.87s, 133.58MB)
  Running img_641.npy ... done (1.92s, 135.31MB)
  Running img_6410.npy ... done (1.82s, 133.07MB)
  Running img_6411.npy ... done (2.44s, 134.37MB)
  Running img_6412.npy ... done (1.93s, 132.58MB)
  Running img_6413.npy ... done (1.91s, 139.71MB)
  Running img_6414.npy ... done (1.98s, 136.20MB)
  Running img_6415.npy ... done (1.86s, 135.12MB)
  Running img_6416.npy ... done (2.00s, 137.98MB)
  Running img_6417.npy ... done (1.92s, 133.80MB)
  Running img_6418.npy ... done (1.91s, 134.74MB)
  Running img_6419.npy ... done (1.95s, 135.25MB)
  Running img_642.npy ... done (1.91s, 135.56MB)
  Running img_6420.npy ... done (1.85s, 147.88MB)
  Running img_6421.npy ... done (1.96s, 137.39MB)
  Running img_6422.npy ... done (2.10s, 135.77MB)
  Running img_6423.npy ... done (1.93s, 196.54MB)
  Running img_6424.npy ... done (1.87s, 200.98MB)
  Running img_6425.npy ... done (1.90s, 195.99MB)
  Running img_6426.npy ... done (1.97s, 193.10MB)
  Running img_6427.npy ... done (1.97s, 196.17MB)
  Running img_6428.npy ... done (1.81s, 193.68MB)
  Running img_6429.npy ... done (1.91s, 130.06MB)
  Running img_643.npy ... done (1.86s, 133.70MB)
  Running img_6430.npy ... done (1.94s, 199.02MB)
  Running img_6431.npy ... done (1.73s, 198.38MB)
  Running img_6432.npy ... done (2.26s, 134.51MB)
  Running img_6433.npy ... done (1.90s, 134.71MB)
  Running img_6434.npy ... done (1.97s, 135.13MB)
  Running img_6435.npy ... done (1.95s, 138.98MB)
  Running img_6436.npy ... done (1.87s, 147.04MB)
  Running img_6437.npy ... done (2.04s, 139.55MB)
  Running img_6438.npy ... done (2.03s, 135.80MB)
  Running img_6439.npy ... done (1.92s, 138.73MB)
  Running img_644.npy ... done (1.99s, 136.57MB)
  Running img_6440.npy ... done (1.97s, 141.54MB)
  Running img_6441.npy ... done (2.01s, 132.54MB)
  Running img_6442.npy ... done (1.93s, 189.93MB)
  Running img_6443.npy ... done (1.80s, 199.27MB)
  Running img_6444.npy ... done (1.94s, 199.50MB)
  Running img_6445.npy ... done (1.95s, 200.07MB)
  Running img_6446.npy ... done (1.89s, 200.17MB)
  Running img_6447.npy ... done (1.90s, 192.06MB)
  Running img_6448.npy ... done (1.94s, 184.59MB)
  Running img_6449.npy ... done (1.87s, 196.69MB)
  Running img_645.npy ... done (1.87s, 194.32MB)
  Running img_6450.npy ... done (1.86s, 195.37MB)
  Running img_6451.npy ... done (1.99s, 133.26MB)
  Running img_6452.npy ... done (1.88s, 145.65MB)
  Running img_6453.npy ... done (1.91s, 136.07MB)
  Running img_6454.npy ... done (2.00s, 140.36MB)
  Running img_6455.npy ... done (2.25s, 132.84MB)
  Running img_6456.npy ... done (1.90s, 138.91MB)
  Running img_6457.npy ... done (1.90s, 138.41MB)
  Running img_6458.npy ... done (2.20s, 137.77MB)
  Running img_6459.npy ... done (1.92s, 194.49MB)
  Running img_646.npy ... done (1.97s, 193.02MB)
  Running img_6460.npy ... done (1.80s, 193.28MB)
  Running img_6461.npy ... done (1.92s, 140.97MB)
  Running img_6462.npy ... done (1.92s, 135.45MB)
  Running img_6463.npy ... done (1.94s, 138.46MB)
  Running img_6464.npy ... done (1.85s, 141.36MB)
  Running img_6465.npy ... done (1.95s, 141.47MB)
  Running img_6466.npy ... done (1.93s, 138.30MB)
  Running img_6467.npy ... done (2.05s, 137.24MB)
  Running img_6468.npy ... done (2.12s, 200.03MB)
  Running img_6469.npy ... done (1.79s, 200.11MB)
  Running img_647.npy ... done (1.88s, 133.12MB)
  Running img_6470.npy ... done (1.82s, 136.55MB)
  Running img_6471.npy ... done (1.98s, 131.89MB)
  Running img_6472.npy ... done (1.93s, 134.48MB)
  Running img_6473.npy ... done (2.08s, 139.07MB)
  Running img_6474.npy ... done (2.02s, 198.84MB)
  Running img_6475.npy ... done (1.85s, 199.64MB)
  Running img_6476.npy ... done (1.88s, 188.43MB)
  Running img_6477.npy ... done (1.86s, 154.72MB)
  Running img_6478.npy ... done (1.85s, 139.83MB)
  Running img_6479.npy ... done (1.87s, 135.03MB)
  Running img_648.npy ... done (1.86s, 130.85MB)
  Running img_6480.npy ... done (1.88s, 132.82MB)
  Running img_6481.npy ... done (1.91s, 133.17MB)
  Running img_6482.npy ... done (1.98s, 141.63MB)
  Running img_6483.npy ... done (1.96s, 136.47MB)
  Running img_6484.npy ... done (2.07s, 136.01MB)
  Running img_6485.npy ... done (1.97s, 195.11MB)
  Running img_6486.npy ... done (1.88s, 199.43MB)
  Running img_6487.npy ... done (1.90s, 199.64MB)
  Running img_6488.npy ... done (2.01s, 190.28MB)
  Running img_6489.npy ... done (1.99s, 187.66MB)
  Running img_649.npy ... done (2.00s, 192.11MB)
  Running img_6490.npy ... done (1.91s, 199.94MB)
  Running img_6491.npy ... done (1.93s, 197.02MB)
  Running img_6492.npy ... done (1.85s, 198.19MB)
  Running img_6493.npy ... done (1.95s, 200.38MB)
  Running img_6494.npy ... done (2.00s, 197.25MB)
  Running img_6495.npy ... done (1.93s, 186.34MB)
  Running img_6496.npy ... done (1.94s, 196.62MB)
  Running img_6497.npy ... done (1.92s, 193.94MB)
  Running img_6498.npy ... done (2.26s, 200.94MB)
  Running img_6499.npy ... done (2.17s, 200.12MB)
  Running img_65.npy ... done (1.82s, 200.82MB)
  Running img_650.npy ... done (1.80s, 198.03MB)
  Running img_6500.npy ... done (1.95s, 197.65MB)
  Running img_6501.npy ... done (1.91s, 188.47MB)
  Running img_6502.npy ... done (1.91s, 188.25MB)
  Running img_6503.npy ... done (1.97s, 196.75MB)
  Running img_6504.npy ... done (1.93s, 192.68MB)
  Running img_6505.npy ... done (1.72s, 199.20MB)
  Running img_6506.npy ... done (2.01s, 145.30MB)
  Running img_6507.npy ... done (1.92s, 136.45MB)
  Running img_6508.npy ... done (2.09s, 133.68MB)
  Running img_6509.npy ... done (1.82s, 199.80MB)
  Running img_651.npy ... done (1.79s, 194.28MB)
  Running img_6510.npy ... done (1.76s, 194.84MB)
  Running img_6511.npy ... done (1.89s, 195.04MB)
  Running img_6512.npy ... done (1.97s, 197.19MB)
  Running img_6513.npy ... done (1.85s, 192.66MB)
  Running img_6514.npy ... done (1.92s, 199.21MB)
  Running img_6515.npy ... done (1.87s, 195.16MB)
  Running img_6516.npy ... done (1.67s, 199.50MB)
  Running img_6517.npy ... done (1.93s, 136.86MB)
  Running img_6518.npy ... done (2.00s, 141.29MB)
  Running img_6519.npy ... done (2.26s, 134.64MB)
  Running img_652.npy ... done (1.95s, 132.45MB)
  Running img_6520.npy ... done (1.93s, 134.55MB)
  Running img_6521.npy ... done (1.98s, 139.77MB)
  Running img_6522.npy ... done (2.04s, 138.44MB)
  Running img_6523.npy ... done (1.83s, 136.95MB)
  Running img_6524.npy ... done (1.82s, 198.02MB)
  Running img_6525.npy ... done (1.71s, 197.65MB)
  Running img_6526.npy ... done (1.99s, 134.95MB)
  Running img_6527.npy ... done (2.17s, 139.58MB)
  Running img_6528.npy ... done (1.84s, 199.50MB)
  Running img_6529.npy ... done (2.11s, 140.10MB)
  Running img_653.npy ... done (1.67s, 193.75MB)
  Running img_6530.npy ... done (1.93s, 142.53MB)
  Running img_6531.npy ... done (1.87s, 137.30MB)
  Running img_6532.npy ... done (1.92s, 135.32MB)
  Running img_6533.npy ... done (1.95s, 142.59MB)
  Running img_6534.npy ... done (2.08s, 140.26MB)
  Running img_6535.npy ... done (1.85s, 190.81MB)
  Running img_6536.npy ... done (1.97s, 136.84MB)
  Running img_6537.npy ... done (2.00s, 134.80MB)
  Running img_6538.npy ... done (1.98s, 185.09MB)
  Running img_6539.npy ... done (1.85s, 195.51MB)
  Running img_654.npy ... done (2.01s, 137.71MB)
  Running img_6540.npy ... done (2.21s, 132.39MB)
  Running img_6541.npy ... done (2.13s, 170.59MB)
  Running img_6542.npy ... done (1.91s, 199.84MB)
  Running img_6543.npy ... done (1.89s, 196.02MB)
  Running img_6544.npy ... done (1.95s, 193.09MB)
  Running img_6545.npy ... done (1.96s, 195.48MB)
  Running img_6546.npy ... done (1.84s, 193.13MB)
  Running img_6547.npy ... done (1.88s, 158.20MB)
  Running img_6548.npy ... done (1.95s, 142.39MB)
  Running img_6549.npy ... done (1.85s, 137.66MB)
  Running img_655.npy ... done (1.76s, 133.76MB)
  Running img_6550.npy ... done (2.08s, 140.25MB)
  Running img_6551.npy ... done (1.93s, 193.04MB)
  Running img_6552.npy ... done (1.83s, 192.66MB)
  Running img_6553.npy ... done (1.90s, 198.79MB)
  Running img_6554.npy ... done (1.83s, 199.86MB)
  Running img_6555.npy ... done (1.94s, 133.84MB)
  Running img_6556.npy ... done (1.92s, 134.79MB)
  Running img_6557.npy ... done (1.93s, 137.06MB)
  Running img_6558.npy ... done (2.01s, 134.89MB)
  Running img_6559.npy ... done (1.94s, 193.99MB)
  Running img_656.npy ... done (1.92s, 194.48MB)
  Running img_6560.npy ... done (1.91s, 198.83MB)
  Running img_6561.npy ... done (1.78s, 193.84MB)
  Running img_6562.npy ... done (1.93s, 136.48MB)
  Running img_6563.npy ... done (2.37s, 134.37MB)
  Running img_6564.npy ... done (1.92s, 135.01MB)
  Running img_6565.npy ... done (1.87s, 133.89MB)
  Running img_6566.npy ... done (1.90s, 139.99MB)
  Running img_6567.npy ... done (1.85s, 192.24MB)
  Running img_6568.npy ... done (1.81s, 183.35MB)
  Running img_6569.npy ... done (1.73s, 200.07MB)
  Running img_657.npy ... done (1.69s, 195.91MB)
  Running img_6570.npy ... done (1.75s, 134.83MB)
  Running img_6571.npy ... done (1.76s, 136.71MB)
  Running img_6572.npy ... done (1.79s, 148.13MB)
  Running img_6573.npy ... done (1.78s, 132.27MB)
  Running img_6574.npy ... done (1.74s, 136.99MB)
  Running img_6575.npy ... done (1.78s, 137.47MB)
  Running img_6576.npy ... done (1.76s, 136.17MB)
  Running img_6577.npy ... done (1.75s, 133.22MB)
  Running img_6578.npy ... done (1.83s, 131.29MB)
  Running img_6579.npy ... done (1.79s, 135.61MB)
  Running img_658.npy ... done (1.96s, 141.68MB)
  Running img_6580.npy ... done (2.01s, 137.71MB)
  Running img_6581.npy ... done (1.69s, 195.87MB)
  Running img_6582.npy ... done (1.83s, 195.93MB)
  Running img_6583.npy ... done (1.94s, 141.76MB)
  Running img_6584.npy ... done (1.96s, 131.00MB)
  Running img_6585.npy ... done (1.80s, 200.30MB)
  Running img_6586.npy ... done (2.28s, 199.73MB)
  Running img_6587.npy ... done (2.10s, 182.93MB)
  Running img_6588.npy ... done (1.84s, 199.40MB)
  Running img_6589.npy ... done (1.83s, 176.75MB)
  Running img_659.npy ... done (2.10s, 136.39MB)
  Running img_6590.npy ... done (1.78s, 195.82MB)
  Running img_6591.npy ... done (1.82s, 134.18MB)
  Running img_6592.npy ... done (1.93s, 134.42MB)
  Running img_6593.npy ... done (1.92s, 135.86MB)
  Running img_6594.npy ... done (2.03s, 138.26MB)
  Running img_6595.npy ... done (1.94s, 138.27MB)
  Running img_6596.npy ... done (1.93s, 138.07MB)
  Running img_6597.npy ... done (2.00s, 141.82MB)
  Running img_6598.npy ... done (1.85s, 134.47MB)
  Running img_6599.npy ... done (1.89s, 133.75MB)
  Running img_66.npy ... done (1.97s, 134.06MB)
  Running img_660.npy ... done (1.87s, 136.52MB)
  Running img_6600.npy ... done (1.87s, 136.25MB)
  Running img_6601.npy ... done (2.03s, 138.57MB)
  Running img_6602.npy ... done (1.98s, 193.14MB)
  Running img_6603.npy ... done (1.92s, 199.59MB)
  Running img_6604.npy ... done (1.61s, 199.68MB)
  Running img_6605.npy ... done (1.84s, 137.44MB)
  Running img_6606.npy ... done (1.98s, 135.84MB)
  Running img_6607.npy ... done (2.51s, 132.44MB)
  Running img_6608.npy ... done (2.00s, 197.18MB)
  Running img_6609.npy ... done (1.84s, 199.93MB)
  Running img_661.npy ... done (1.70s, 199.23MB)
  Running img_6610.npy ... done (1.91s, 132.80MB)
  Running img_6611.npy ... done (2.03s, 141.34MB)
  Running img_6612.npy ... done (2.02s, 139.07MB)
  Running img_6613.npy ... done (1.90s, 141.05MB)
  Running img_6614.npy ... done (2.05s, 137.04MB)
  Running img_6615.npy ... done (1.98s, 197.68MB)
  Running img_6616.npy ... done (1.77s, 194.29MB)
  Running img_6617.npy ... done (2.12s, 140.04MB)
  Running img_6618.npy ... done (1.99s, 194.23MB)
  Running img_6619.npy ... done (2.02s, 193.24MB)
  Running img_662.npy ... done (1.97s, 197.78MB)
  Running img_6620.npy ... done (1.95s, 196.26MB)
  Running img_6621.npy ... done (1.96s, 196.01MB)
  Running img_6622.npy ... done (1.94s, 192.30MB)
  Running img_6623.npy ... done (1.98s, 197.15MB)
  Running img_6624.npy ... done (1.92s, 194.79MB)
  Running img_6625.npy ... done (2.01s, 197.90MB)
  Running img_6626.npy ... done (1.94s, 196.60MB)
  Running img_6627.npy ... done (1.96s, 199.01MB)
  Running img_6628.npy ... done (1.99s, 202.20MB)
  Running img_6629.npy ... done (2.27s, 199.30MB)
  Running img_663.npy ... done (1.83s, 186.15MB)
  Running img_6630.npy ... done (2.03s, 143.18MB)
  Running img_6631.npy ... done (1.83s, 200.89MB)
  Running img_6632.npy ... done (1.82s, 191.02MB)
  Running img_6633.npy ... done (1.87s, 182.64MB)
  Running img_6634.npy ... done (1.82s, 190.20MB)
  Running img_6635.npy ... done (1.98s, 136.95MB)
  Running img_6636.npy ... done (1.93s, 139.64MB)
  Running img_6637.npy ... done (1.92s, 133.51MB)
  Running img_6638.npy ... done (1.85s, 136.82MB)
  Running img_6639.npy ... done (1.86s, 140.25MB)
  Running img_664.npy ... done (1.96s, 136.14MB)
  Running img_6640.npy ... done (2.01s, 141.24MB)
  Running img_6641.npy ... done (1.93s, 144.66MB)
  Running img_6642.npy ... done (1.93s, 134.71MB)
  Running img_6643.npy ... done (1.92s, 130.56MB)
  Running img_6644.npy ... done (1.97s, 133.42MB)
  Running img_6645.npy ... done (1.96s, 135.74MB)
  Running img_6646.npy ... done (1.87s, 189.07MB)
  Running img_6647.npy ... done (1.83s, 188.97MB)
  Running img_6648.npy ... done (1.89s, 196.06MB)
  Running img_6649.npy ... done (1.92s, 199.91MB)
  Running img_665.npy ... done (2.00s, 194.32MB)
  Running img_6650.npy ... done (2.10s, 196.17MB)
  Running img_6651.npy ... done (2.33s, 185.17MB)
  Running img_6652.npy ... done (1.78s, 196.62MB)
  Running img_6653.npy ... done (1.78s, 198.91MB)
  Running img_6654.npy ... done (1.91s, 202.59MB)
  Running img_6655.npy ... done (1.77s, 202.10MB)
  Running img_6656.npy ... done (1.80s, 132.64MB)
  Running img_6657.npy ... done (1.89s, 140.67MB)
  Running img_6658.npy ... done (1.94s, 135.45MB)
  Running img_6659.npy ... done (1.87s, 135.20MB)
  Running img_666.npy ... done (1.90s, 136.25MB)
  Running img_6660.npy ... done (1.83s, 134.68MB)
  Running img_6661.npy ... done (1.89s, 134.86MB)
  Running img_6662.npy ... done (2.11s, 137.41MB)
  Running img_6663.npy ... done (1.98s, 198.57MB)
  Running img_6664.npy ... done (1.99s, 196.50MB)
  Running img_6665.npy ... done (1.88s, 202.22MB)
  Running img_6666.npy ... done (1.91s, 131.96MB)
  Running img_6667.npy ... done (1.88s, 135.79MB)
  Running img_6668.npy ... done (2.00s, 133.10MB)
  Running img_6669.npy ... done (1.91s, 135.64MB)
  Running img_667.npy ... done (1.93s, 141.59MB)
  Running img_6670.npy ... done (1.82s, 134.31MB)
  Running img_6671.npy ... done (1.98s, 138.06MB)
  Running img_6672.npy ... done (2.10s, 139.52MB)
  Running img_6673.npy ... done (2.39s, 197.32MB)
  Running img_6674.npy ... done (1.93s, 195.34MB)
  Running img_6675.npy ... done (1.88s, 195.88MB)
  Running img_6676.npy ... done (1.75s, 195.43MB)
  Running img_6677.npy ... done (1.93s, 135.26MB)
  Running img_6678.npy ... done (1.95s, 134.57MB)
  Running img_6679.npy ... done (1.77s, 197.16MB)
  Running img_668.npy ... done (1.86s, 137.30MB)
  Running img_6680.npy ... done (1.96s, 135.41MB)
  Running img_6681.npy ... done (1.88s, 135.72MB)
  Running img_6682.npy ... done (1.95s, 135.11MB)
  Running img_6683.npy ... done (1.85s, 136.16MB)
  Running img_6684.npy ... done (1.81s, 137.49MB)
  Running img_6685.npy ... done (1.93s, 136.46MB)
  Running img_6686.npy ... done (1.95s, 135.57MB)
  Running img_6687.npy ... done (1.97s, 134.26MB)
  Running img_6688.npy ... done (1.91s, 136.62MB)
  Running img_6689.npy ... done (1.92s, 197.85MB)
  Running img_669.npy ... done (1.91s, 199.21MB)
  Running img_6690.npy ... done (1.92s, 198.55MB)
  Running img_6691.npy ... done (1.90s, 193.64MB)
  Running img_6692.npy ... done (1.91s, 192.66MB)
  Running img_6693.npy ... done (1.92s, 199.86MB)
  Running img_6694.npy ... done (2.26s, 197.93MB)
  Running img_6695.npy ... done (1.97s, 198.87MB)
  Running img_6696.npy ... done (1.83s, 201.48MB)
  Running img_6697.npy ... done (1.79s, 198.48MB)
  Running img_6698.npy ... done (1.99s, 140.98MB)
  Running img_6699.npy ... done (2.10s, 136.04MB)
  Running img_67.npy ... done (1.86s, 187.36MB)
  Running img_670.npy ... done (1.83s, 134.86MB)
  Running img_6700.npy ... done (1.79s, 198.90MB)
  Running img_6701.npy ... done (1.94s, 197.11MB)
  Running img_6702.npy ... done (1.87s, 198.54MB)
  Running img_6703.npy ... done (1.87s, 199.06MB)
  Running img_6704.npy ... done (1.79s, 195.77MB)
  Running img_6705.npy ... done (2.05s, 141.64MB)
  Running img_6706.npy ... done (2.04s, 141.62MB)
  Running img_6707.npy ... done (1.95s, 192.72MB)
  Running img_6708.npy ... done (1.97s, 197.76MB)
  Running img_6709.npy ... done (1.93s, 199.64MB)
  Running img_671.npy ... done (1.95s, 197.95MB)
  Running img_6710.npy ... done (1.93s, 197.15MB)
  Running img_6711.npy ... done (1.94s, 197.90MB)
  Running img_6712.npy ... done (1.79s, 198.77MB)
  Running img_6713.npy ... done (1.90s, 137.32MB)
  Running img_6714.npy ... done (1.95s, 140.73MB)
  Running img_6715.npy ... done (1.94s, 132.64MB)
  Running img_6716.npy ... done (1.73s, 132.14MB)
  Running img_6717.npy ... done (2.41s, 135.19MB)
  Running img_6718.npy ... done (1.93s, 134.89MB)
  Running img_6719.npy ... done (1.90s, 137.73MB)
  Running img_672.npy ... done (1.92s, 134.29MB)
  Running img_6720.npy ... done (1.90s, 136.94MB)
  Running img_6721.npy ... done (1.86s, 138.12MB)
  Running img_6722.npy ... done (1.82s, 138.58MB)
  Running img_6723.npy ... done (1.85s, 135.48MB)
  Running img_6724.npy ... done (1.82s, 135.61MB)
  Running img_6725.npy ... done (1.82s, 130.34MB)
  Running img_6726.npy ... done (2.06s, 138.54MB)
  Running img_6727.npy ... done (1.87s, 134.92MB)
  Running img_6728.npy ... done (1.96s, 135.56MB)
  Running img_6729.npy ... done (1.95s, 137.84MB)
  Running img_673.npy ... done (1.89s, 136.81MB)
  Running img_6730.npy ... done (1.79s, 131.43MB)
  Running img_6731.npy ... done (2.00s, 164.58MB)
  Running img_6732.npy ... done (1.91s, 131.43MB)
  Running img_6733.npy ... done (2.02s, 140.96MB)
  Running img_6734.npy ... done (1.90s, 135.48MB)
  Running img_6735.npy ... done (1.94s, 148.34MB)
  Running img_6736.npy ... done (1.91s, 138.54MB)
  Running img_6737.npy ... done (1.93s, 132.95MB)
  Running img_6738.npy ... done (1.86s, 131.49MB)
  Running img_6739.npy ... done (2.44s, 136.70MB)
  Running img_674.npy ... done (1.91s, 137.04MB)
  Running img_6740.npy ... done (1.91s, 139.56MB)
  Running img_6741.npy ... done (1.90s, 130.98MB)
  Running img_6742.npy ... done (1.96s, 133.45MB)
  Running img_6743.npy ... done (1.89s, 131.71MB)
  Running img_6744.npy ... done (1.72s, 134.47MB)
  Running img_6745.npy ... done (1.90s, 154.17MB)
  Running img_6746.npy ... done (1.95s, 135.68MB)
  Running img_6747.npy ... done (1.91s, 133.54MB)
  Running img_6748.npy ... done (1.89s, 132.85MB)
  Running img_6749.npy ... done (1.91s, 135.38MB)
  Running img_675.npy ... done (1.85s, 188.68MB)
  Running img_6750.npy ... done (1.75s, 191.28MB)
  Running img_6751.npy ... done (1.93s, 140.39MB)
  Running img_6752.npy ... done (1.85s, 134.82MB)
  Running img_6753.npy ... done (1.90s, 138.51MB)
  Running img_6754.npy ... done (1.93s, 141.41MB)
  Running img_6755.npy ... done (1.97s, 137.29MB)
  Running img_6756.npy ... done (1.90s, 134.77MB)
  Running img_6757.npy ... done (1.93s, 136.05MB)
  Running img_6758.npy ... done (1.89s, 134.05MB)
  Running img_6759.npy ... done (1.98s, 141.82MB)
  Running img_676.npy ... done (1.93s, 138.98MB)
  Running img_6760.npy ... done (1.87s, 134.31MB)
  Running img_6761.npy ... done (2.10s, 131.17MB)
  Running img_6762.npy ... done (1.86s, 138.71MB)
  Running img_6763.npy ... done (1.97s, 144.16MB)
  Running img_6764.npy ... done (1.91s, 135.26MB)
  Running img_6765.npy ... done (2.00s, 144.88MB)
  Running img_6766.npy ... done (1.95s, 138.30MB)
  Running img_6767.npy ... done (1.90s, 132.89MB)
  Running img_6768.npy ... done (1.94s, 138.47MB)
  Running img_6769.npy ... done (2.04s, 135.04MB)
  Running img_677.npy ... done (1.89s, 195.17MB)
  Running img_6770.npy ... done (1.80s, 199.21MB)
  Running img_6771.npy ... done (1.85s, 135.39MB)
  Running img_6772.npy ... done (1.86s, 196.94MB)
  Running img_6773.npy ... done (1.93s, 198.13MB)
  Running img_6774.npy ... done (1.87s, 192.01MB)
  Running img_6775.npy ... done (1.92s, 197.28MB)
  Running img_6776.npy ... done (1.82s, 200.79MB)
  Running img_6777.npy ... done (1.86s, 198.10MB)
  Running img_6778.npy ... done (1.93s, 193.66MB)
  Running img_6779.npy ... done (1.95s, 197.94MB)
  Running img_678.npy ... done (1.91s, 198.48MB)
  Running img_6780.npy ... done (1.72s, 197.64MB)
  Running img_6781.npy ... done (1.90s, 159.35MB)
  Running img_6782.npy ... done (1.94s, 135.71MB)
  Running img_6783.npy ... done (2.43s, 131.33MB)
  Running img_6784.npy ... done (1.96s, 159.19MB)
  Running img_6785.npy ... done (1.81s, 135.47MB)
  Running img_6786.npy ... done (1.96s, 130.96MB)
  Running img_6787.npy ... done (2.07s, 137.20MB)
  Running img_6788.npy ... done (1.95s, 196.00MB)
  Running img_6789.npy ... done (1.85s, 192.66MB)
  Running img_679.npy ... done (1.95s, 197.60MB)
  Running img_6790.npy ... done (1.74s, 197.70MB)
  Running img_6791.npy ... done (1.77s, 132.84MB)
  Running img_6792.npy ... done (1.88s, 137.11MB)
  Running img_6793.npy ... done (2.04s, 136.04MB)
  Running img_6794.npy ... done (1.74s, 192.68MB)
  Running img_6795.npy ... done (1.94s, 138.28MB)
  Running img_6796.npy ... done (1.85s, 133.73MB)
  Running img_6797.npy ... done (1.87s, 133.64MB)
  Running img_6798.npy ... done (1.92s, 136.29MB)
  Running img_6799.npy ... done (1.89s, 134.75MB)
  Running img_68.npy ... done (1.92s, 136.80MB)
  Running img_680.npy ... done (1.95s, 138.88MB)
  Running img_6800.npy ... done (1.92s, 143.04MB)
  Running img_6801.npy ... done (1.95s, 135.43MB)
  Running img_6802.npy ... done (1.75s, 135.47MB)
  Running img_6803.npy ... done (1.87s, 132.24MB)
  Running img_6804.npy ... done (1.91s, 133.93MB)
  Running img_6805.npy ... done (2.70s, 138.79MB)
  Running img_6806.npy ... done (1.79s, 199.99MB)
  Running img_6807.npy ... done (1.77s, 140.09MB)
  Running img_6808.npy ... done (1.69s, 133.68MB)
  Running img_6809.npy ... done (1.69s, 146.42MB)
  Running img_681.npy ... done (1.65s, 133.70MB)
  Running img_6810.npy ... done (1.73s, 132.14MB)
  Running img_6811.npy ... done (1.89s, 139.07MB)
  Running img_6812.npy ... done (1.89s, 136.98MB)
  Running img_6813.npy ... done (1.84s, 133.48MB)
  Running img_6814.npy ... done (1.90s, 135.57MB)
  Running img_6815.npy ... done (1.74s, 137.96MB)
  Running img_6816.npy ... done (1.90s, 139.36MB)
  Running img_6817.npy ... done (1.97s, 136.55MB)
  Running img_6818.npy ... done (1.84s, 133.63MB)
  Running img_6819.npy ... done (1.89s, 134.94MB)
  Running img_682.npy ... done (1.74s, 133.81MB)
  Running img_6820.npy ... done (1.84s, 134.86MB)
  Running img_6821.npy ... done (1.77s, 134.52MB)
  Running img_6822.npy ... done (1.86s, 136.49MB)
  Running img_6823.npy ... done (1.71s, 136.58MB)
  Running img_6824.npy ... done (1.89s, 134.25MB)
  Running img_6825.npy ... done (1.80s, 137.18MB)
  Running img_6826.npy ... done (1.80s, 129.81MB)
  Running img_6827.npy ... done (2.02s, 139.05MB)
  Running img_6828.npy ... done (2.38s, 199.75MB)
  Running img_6829.npy ... done (2.14s, 199.19MB)
  Running img_683.npy ... done (1.74s, 200.18MB)
  Running img_6830.npy ... done (1.79s, 197.97MB)
  Running img_6831.npy ... done (1.94s, 194.23MB)
  Running img_6832.npy ... done (1.88s, 194.19MB)
  Running img_6833.npy ... done (1.94s, 197.36MB)
  Running img_6834.npy ... done (1.80s, 201.45MB)
  Running img_6835.npy ... done (1.89s, 200.59MB)
  Running img_6836.npy ... done (1.86s, 200.43MB)
  Running img_6837.npy ... done (1.73s, 200.45MB)
  Running img_6838.npy ... done (1.73s, 136.72MB)
  Running img_6839.npy ... done (1.94s, 135.23MB)
  Running img_684.npy ... done (1.94s, 135.99MB)
  Running img_6840.npy ... done (1.89s, 136.07MB)
  Running img_6841.npy ... done (1.89s, 137.05MB)
  Running img_6842.npy ... done (1.92s, 138.74MB)
  Running img_6843.npy ... done (1.83s, 134.54MB)
  Running img_6844.npy ... done (1.84s, 136.55MB)
  Running img_6845.npy ... done (1.95s, 133.25MB)
  Running img_6846.npy ... done (1.98s, 140.88MB)
  Running img_6847.npy ... done (1.96s, 132.24MB)
  Running img_6848.npy ... done (1.95s, 138.88MB)
  Running img_6849.npy ... done (2.06s, 133.16MB)
  Running img_685.npy ... done (1.99s, 197.90MB)
  Running img_6850.npy ... done (2.46s, 200.04MB)
  Running img_6851.npy ... done (1.91s, 199.59MB)
  Running img_6852.npy ... done (1.84s, 192.56MB)
  Running img_6853.npy ... done (1.95s, 138.02MB)
  Running img_6854.npy ... done (2.11s, 139.28MB)
  Running img_6855.npy ... done (1.80s, 199.39MB)
  Running img_6856.npy ... done (1.86s, 135.43MB)
  Running img_6857.npy ... done (1.89s, 135.62MB)
  Running img_6858.npy ... done (2.01s, 137.30MB)
  Running img_6859.npy ... done (1.94s, 193.00MB)
  Running img_686.npy ... done (1.88s, 199.63MB)
  Running img_6860.npy ... done (1.77s, 195.16MB)
  Running img_6861.npy ... done (1.94s, 136.86MB)
  Running img_6862.npy ... done (1.90s, 136.79MB)
  Running img_6863.npy ... done (1.95s, 136.67MB)
  Running img_6864.npy ... done (1.88s, 134.97MB)
  Running img_6865.npy ... done (1.87s, 131.74MB)
  Running img_6866.npy ... done (1.77s, 138.39MB)
  Running img_6867.npy ... done (1.82s, 138.70MB)
  Running img_6868.npy ... done (1.90s, 133.97MB)
  Running img_6869.npy ... done (2.07s, 144.01MB)
  Running img_687.npy ... done (1.99s, 193.64MB)
  Running img_6870.npy ... done (1.78s, 198.10MB)
  Running img_6871.npy ... done (1.93s, 198.49MB)
  Running img_6872.npy ... done (1.97s, 191.12MB)
  Running img_6873.npy ... done (2.18s, 166.43MB)
  Running img_6874.npy ... done (1.90s, 136.68MB)
  Running img_6875.npy ... done (2.05s, 139.39MB)
  Running img_6876.npy ... done (2.07s, 136.93MB)
  Running img_6877.npy ... done (2.01s, 197.97MB)
  Running img_6878.npy ... done (1.86s, 199.78MB)
  Running img_6879.npy ... done (1.83s, 193.60MB)
  Running img_688.npy ... done (2.00s, 144.03MB)
  Running img_6880.npy ... done (1.81s, 134.52MB)
  Running img_6881.npy ... done (2.13s, 136.37MB)
  Running img_6882.npy ... done (1.81s, 190.76MB)
  Running img_6883.npy ... done (2.08s, 135.12MB)
  Running img_6884.npy ... done (1.76s, 194.28MB)
  Running img_6885.npy ... done (1.97s, 135.25MB)
  Running img_6886.npy ... done (1.93s, 139.12MB)
  Running img_6887.npy ... done (1.92s, 134.65MB)
  Running img_6888.npy ... done (1.95s, 137.50MB)
  Running img_6889.npy ... done (1.95s, 195.10MB)
  Running img_689.npy ... done (1.77s, 195.00MB)
  Running img_6890.npy ... done (1.74s, 134.89MB)
  Running img_6891.npy ... done (1.87s, 136.31MB)
  Running img_6892.npy ... done (1.81s, 195.29MB)
  Running img_6893.npy ... done (1.95s, 143.21MB)
  Running img_6894.npy ... done (2.16s, 138.93MB)
  Running img_6895.npy ... done (2.17s, 200.69MB)
  Running img_6896.npy ... done (1.90s, 198.49MB)
  Running img_6897.npy ... done (1.79s, 197.80MB)
  Running img_6898.npy ... done (1.89s, 136.41MB)
  Running img_6899.npy ... done (1.86s, 136.41MB)
  Running img_69.npy ... done (1.87s, 134.15MB)
  Running img_690.npy ... done (1.83s, 133.98MB)
  Running img_6900.npy ... done (1.84s, 137.83MB)
  Running img_6901.npy ... done (1.85s, 135.64MB)
  Running img_6902.npy ... done (1.84s, 133.34MB)
  Running img_6903.npy ... done (1.99s, 137.40MB)
  Running img_6904.npy ... done (1.87s, 145.14MB)
  Running img_6905.npy ... done (2.10s, 159.30MB)
  Running img_6906.npy ... done (1.75s, 197.67MB)
  Running img_6907.npy ... done (1.93s, 132.19MB)
  Running img_6908.npy ... done (2.04s, 142.86MB)
  Running img_6909.npy ... done (1.85s, 133.94MB)
  Running img_691.npy ... done (2.09s, 138.76MB)
  Running img_6910.npy ... done (1.77s, 190.60MB)
  Running img_6911.npy ... done (1.99s, 138.93MB)
  Running img_6912.npy ... done (1.72s, 139.72MB)
  Running img_6913.npy ... done (1.78s, 156.00MB)
  Running img_6914.npy ... done (2.08s, 136.25MB)
  Running img_6915.npy ... done (1.85s, 192.47MB)
  Running img_6916.npy ... done (2.07s, 137.82MB)
  Running img_6917.npy ... done (2.02s, 138.59MB)
  Running img_6918.npy ... done (1.84s, 136.70MB)
  Running img_6919.npy ... done (1.98s, 136.85MB)
  Running img_692.npy ... done (1.99s, 137.10MB)
  Running img_6920.npy ... done (1.89s, 139.60MB)
  Running img_6921.npy ... done (1.96s, 142.43MB)
  Running img_6922.npy ... done (2.08s, 138.20MB)
  Running img_6923.npy ... done (1.93s, 185.54MB)
  Running img_6924.npy ... done (2.03s, 196.20MB)
  Running img_6925.npy ... done (1.94s, 193.91MB)
  Running img_6926.npy ... done (1.99s, 196.54MB)
  Running img_6927.npy ... done (1.80s, 201.16MB)
  Running img_6928.npy ... done (1.87s, 195.76MB)
  Running img_6929.npy ... done (1.89s, 200.39MB)
  Running img_693.npy ... done (1.95s, 199.34MB)
  Running img_6930.npy ... done (1.85s, 199.26MB)
  Running img_6931.npy ... done (1.86s, 196.84MB)
  Running img_6932.npy ... done (1.78s, 194.64MB)
  Running img_6933.npy ... done (1.89s, 134.40MB)
  Running img_6934.npy ... done (2.03s, 137.09MB)
  Running img_6935.npy ... done (1.91s, 190.92MB)
  Running img_6936.npy ... done (1.72s, 193.43MB)
  Running img_6937.npy ... done (1.90s, 140.78MB)
  Running img_6938.npy ... done (1.99s, 135.66MB)
  Running img_6939.npy ... done (2.46s, 134.40MB)
  Running img_694.npy ... done (1.91s, 136.40MB)
  Running img_6940.npy ... done (1.94s, 138.64MB)
  Running img_6941.npy ... done (2.09s, 140.13MB)
  Running img_6942.npy ... done (1.72s, 194.50MB)
  Running img_6943.npy ... done (1.98s, 145.25MB)
  Running img_6944.npy ... done (1.98s, 134.16MB)
  Running img_6945.npy ... done (1.93s, 142.67MB)
  Running img_6946.npy ... done (1.86s, 133.49MB)
  Running img_6947.npy ... done (2.01s, 135.39MB)
  Running img_6948.npy ... done (1.88s, 131.68MB)
  Running img_6949.npy ... done (2.09s, 137.77MB)
  Running img_695.npy ... done (1.97s, 193.07MB)
  Running img_6950.npy ... done (1.89s, 197.95MB)
  Running img_6951.npy ... done (1.95s, 191.11MB)
  Running img_6952.npy ... done (1.88s, 198.16MB)
  Running img_6953.npy ... done (2.01s, 138.82MB)
  Running img_6954.npy ... done (1.95s, 200.81MB)
  Running img_6955.npy ... done (1.73s, 193.44MB)
  Running img_6956.npy ... done (1.82s, 134.02MB)
  Running img_6957.npy ... done (1.81s, 130.31MB)
  Running img_6958.npy ... done (2.18s, 143.84MB)
  Running img_6959.npy ... done (1.94s, 194.39MB)
  Running img_696.npy ... done (1.67s, 194.57MB)
  Running img_6960.npy ... done (2.27s, 132.53MB)
  Running img_6961.npy ... done (2.18s, 163.43MB)
  Running img_6962.npy ... done (1.88s, 199.26MB)
  Running img_6963.npy ... done (1.91s, 198.63MB)
  Running img_6964.npy ... done (1.90s, 199.25MB)
  Running img_6965.npy ... done (1.85s, 200.45MB)
  Running img_6966.npy ... done (1.93s, 195.89MB)
  Running img_6967.npy ... done (1.89s, 198.43MB)
  Running img_6968.npy ... done (1.69s, 194.08MB)
  Running img_6969.npy ... done (1.93s, 134.29MB)
  Running img_697.npy ... done (1.95s, 135.03MB)
  Running img_6970.npy ... done (1.87s, 136.90MB)
  Running img_6971.npy ... done (1.76s, 198.62MB)
  Running img_6972.npy ... done (1.89s, 202.62MB)
  Running img_6973.npy ... done (1.96s, 195.03MB)
  Running img_6974.npy ... done (1.89s, 196.12MB)
  Running img_6975.npy ... done (1.99s, 189.59MB)
  Running img_6976.npy ... done (1.98s, 193.69MB)
  Running img_6977.npy ... done (1.91s, 198.61MB)
  Running img_6978.npy ... done (1.90s, 192.99MB)
  Running img_6979.npy ... done (1.92s, 199.39MB)
  Running img_698.npy ... done (2.00s, 195.96MB)
  Running img_6980.npy ... done (1.97s, 191.68MB)
  Running img_6981.npy ... done (1.86s, 196.34MB)
  Running img_6982.npy ... done (1.84s, 194.55MB)
  Running img_6983.npy ... done (2.36s, 196.00MB)
  Running img_6984.npy ... done (1.83s, 197.69MB)
  Running img_6985.npy ... done (1.99s, 137.07MB)
  Running img_6986.npy ... done (2.00s, 134.00MB)
  Running img_6987.npy ... done (1.95s, 133.05MB)
  Running img_6988.npy ... done (1.91s, 134.86MB)
  Running img_6989.npy ... done (1.90s, 134.75MB)
  Running img_699.npy ... done (2.02s, 135.89MB)
  Running img_6990.npy ... done (2.00s, 144.50MB)
  Running img_6991.npy ... done (1.90s, 137.04MB)
  Running img_6992.npy ... done (1.97s, 136.98MB)
  Running img_6993.npy ... done (2.13s, 141.62MB)
  Running img_6994.npy ... done (2.03s, 198.84MB)
  Running img_6995.npy ... done (1.76s, 198.29MB)
  Running img_6996.npy ... done (1.94s, 141.51MB)
  Running img_6997.npy ... done (1.95s, 135.28MB)
  Running img_6998.npy ... done (1.92s, 139.88MB)
  Running img_6999.npy ... done (1.83s, 130.73MB)
  Running img_7.npy ... done (2.07s, 145.29MB)
  Running img_70.npy ... done (1.97s, 193.34MB)
  Running img_700.npy ... done (1.80s, 193.39MB)
  Running img_7000.npy ... done (1.87s, 135.79MB)
  Running img_7001.npy ... done (1.95s, 136.50MB)
  Running img_7002.npy ... done (1.91s, 132.75MB)
  Running img_7003.npy ... done (2.38s, 133.80MB)
  Running img_7004.npy ... done (1.83s, 154.98MB)
  Running img_7005.npy ... done (1.93s, 136.44MB)
  Running img_7006.npy ... done (2.13s, 145.66MB)
  Running img_7007.npy ... done (1.88s, 197.98MB)
  Running img_7008.npy ... done (2.04s, 192.72MB)
  Running img_7009.npy ... done (1.94s, 197.28MB)
  Running img_701.npy ... done (1.84s, 194.86MB)
  Running img_7010.npy ... done (1.89s, 137.26MB)
  Running img_7011.npy ... done (1.90s, 134.98MB)
  Running img_7012.npy ... done (1.91s, 135.70MB)
  Running img_7013.npy ... done (1.95s, 137.61MB)
  Running img_7014.npy ... done (1.96s, 133.75MB)
  Running img_7015.npy ... done (2.15s, 138.63MB)
  Running img_7016.npy ... done (1.91s, 198.53MB)
  Running img_7017.npy ... done (1.76s, 197.30MB)
  Running img_7018.npy ... done (2.00s, 142.26MB)
  Running img_7019.npy ... done (2.01s, 138.97MB)
  Running img_702.npy ... done (2.02s, 193.19MB)
  Running img_7020.npy ... done (1.95s, 199.30MB)
  Running img_7021.npy ... done (1.91s, 200.48MB)
  Running img_7022.npy ... done (1.94s, 198.09MB)
  Running img_7023.npy ... done (1.94s, 189.95MB)
  Running img_7024.npy ... done (1.72s, 190.58MB)
  Running img_7025.npy ... done (2.56s, 133.25MB)
  Running img_7026.npy ... done (2.10s, 142.62MB)
  Running img_7027.npy ... done (1.66s, 184.23MB)
  Running img_7028.npy ... done (1.86s, 133.31MB)
  Running img_7029.npy ... done (1.87s, 132.01MB)
  Running img_703.npy ... done (1.93s, 132.30MB)
  Running img_7030.npy ... done (1.89s, 135.02MB)
  Running img_7031.npy ... done (1.89s, 134.74MB)
  Running img_7032.npy ... done (2.03s, 136.58MB)
  Running img_7033.npy ... done (1.75s, 193.26MB)
  Running img_7034.npy ... done (2.06s, 136.30MB)
  Running img_7035.npy ... done (1.82s, 191.27MB)
  Running img_7036.npy ... done (2.00s, 137.68MB)
  Running img_7037.npy ... done (1.88s, 134.20MB)
  Running img_7038.npy ... done (1.85s, 140.11MB)
  Running img_7039.npy ... done (1.89s, 139.04MB)
  Running img_704.npy ... done (1.93s, 138.28MB)
  Running img_7040.npy ... done (2.07s, 139.94MB)
  Running img_7041.npy ... done (1.84s, 198.32MB)
  Running img_7042.npy ... done (2.29s, 135.53MB)
  Running img_7043.npy ... done (1.93s, 198.40MB)
  Running img_7044.npy ... done (1.82s, 199.28MB)
  Running img_7045.npy ... done (1.91s, 192.54MB)
  Running img_7046.npy ... done (1.88s, 195.23MB)
  Running img_7047.npy ... done (1.90s, 200.57MB)
  Running img_7048.npy ... done (1.89s, 194.41MB)
  Running img_7049.npy ... done (1.79s, 196.24MB)
  Running img_705.npy ... done (1.75s, 195.39MB)
  Running img_7050.npy ... done (1.82s, 134.24MB)
  Running img_7051.npy ... done (1.98s, 136.66MB)
  Running img_7052.npy ... done (1.97s, 133.34MB)
  Running img_7053.npy ... done (1.89s, 189.26MB)
  Running img_7054.npy ... done (1.77s, 192.60MB)
  Running img_7055.npy ... done (1.86s, 144.66MB)
  Running img_7056.npy ... done (1.85s, 137.82MB)
  Running img_7057.npy ... done (1.91s, 135.70MB)
  Running img_7058.npy ... done (2.02s, 138.05MB)
  Running img_7059.npy ... done (1.87s, 134.68MB)
  Running img_706.npy ... done (1.89s, 133.29MB)
  Running img_7060.npy ... done (2.01s, 137.02MB)
  Running img_7061.npy ... done (1.72s, 195.43MB)
  Running img_7062.npy ... done (1.92s, 137.47MB)
  Running img_7063.npy ... done (1.98s, 151.25MB)
  Running img_7064.npy ... done (1.95s, 136.93MB)
  Running img_7065.npy ... done (1.91s, 135.23MB)
  Running img_7066.npy ... done (1.91s, 133.86MB)
  Running img_7067.npy ... done (2.00s, 139.84MB)
  Running img_7068.npy ... done (1.87s, 135.70MB)
  Running img_7069.npy ... done (1.86s, 131.50MB)
  Running img_707.npy ... done (2.10s, 131.95MB)
  Running img_7070.npy ... done (2.27s, 167.34MB)
  Running img_7071.npy ... done (1.96s, 138.68MB)
  Running img_7072.npy ... done (1.81s, 137.92MB)
  Running img_7073.npy ... done (1.97s, 134.36MB)
  Running img_7074.npy ... done (1.90s, 132.43MB)
  Running img_7075.npy ... done (1.90s, 130.96MB)
  Running img_7076.npy ... done (2.00s, 138.89MB)
  Running img_7077.npy ... done (1.83s, 133.77MB)
  Running img_7078.npy ... done (1.98s, 140.05MB)
  Running img_7079.npy ... done (1.97s, 170.55MB)
  Running img_708.npy ... done (1.98s, 147.71MB)
  Running img_7080.npy ... done (1.85s, 130.90MB)
  Running img_7081.npy ... done (1.89s, 133.49MB)
  Running img_7082.npy ... done (1.87s, 133.14MB)
  Running img_7083.npy ... done (1.77s, 133.70MB)
  Running img_7084.npy ... done (1.93s, 133.23MB)
  Running img_7085.npy ... done (1.92s, 136.73MB)
  Running img_7086.npy ... done (1.85s, 132.84MB)
  Running img_7087.npy ... done (1.99s, 134.38MB)
  Running img_7088.npy ... done (1.94s, 139.87MB)
  Running img_7089.npy ... done (1.92s, 138.09MB)
  Running img_709.npy ... done (1.99s, 148.33MB)
  Running img_7090.npy ... done (2.16s, 133.58MB)
  Running img_7091.npy ... done (1.91s, 130.78MB)
  Running img_7092.npy ... done (1.91s, 132.03MB)
  Running img_7093.npy ... done (2.06s, 133.93MB)
  Running img_7094.npy ... done (1.99s, 193.00MB)
  Running img_7095.npy ... done (1.87s, 189.30MB)
  Running img_7096.npy ... done (1.87s, 193.61MB)
  Running img_7097.npy ... done (1.93s, 195.76MB)
  Running img_7098.npy ... done (1.83s, 193.59MB)
  Running img_7099.npy ... done (2.00s, 134.53MB)
  Running img_71.npy ... done (2.00s, 197.62MB)
  Running img_710.npy ... done (1.94s, 193.98MB)
  Running img_7100.npy ... done (1.95s, 191.34MB)
  Running img_7101.npy ... done (1.78s, 196.64MB)
  Running img_7102.npy ... done (2.01s, 137.23MB)
  Running img_7103.npy ... done (2.01s, 138.78MB)
  Running img_7104.npy ... done (1.81s, 136.05MB)
  Running img_7105.npy ... done (2.10s, 137.57MB)
  Running img_7106.npy ... done (1.79s, 191.63MB)
  Running img_7107.npy ... done (1.88s, 136.09MB)
  Running img_7108.npy ... done (1.92s, 134.24MB)
  Running img_7109.npy ... done (1.93s, 135.41MB)
  Running img_711.npy ... done (1.89s, 137.46MB)
  Running img_7110.npy ... done (2.05s, 148.64MB)
  Running img_7111.npy ... done (1.74s, 196.76MB)
  Running img_7112.npy ... done (1.92s, 138.63MB)
  Running img_7113.npy ... done (2.14s, 133.93MB)
  Running img_7114.npy ... done (2.37s, 169.84MB)
  Running img_7115.npy ... done (1.90s, 201.87MB)
  Running img_7116.npy ... done (1.87s, 193.54MB)
  Running img_7117.npy ... done (1.83s, 198.36MB)
  Running img_7118.npy ... done (1.80s, 134.94MB)
  Running img_7119.npy ... done (1.95s, 136.07MB)
  Running img_712.npy ... done (2.01s, 138.14MB)
  Running img_7120.npy ... done (1.92s, 131.71MB)
  Running img_7121.npy ... done (1.92s, 137.33MB)
  Running img_7122.npy ... done (1.84s, 135.91MB)
  Running img_7123.npy ... done (1.97s, 137.34MB)
  Running img_7124.npy ... done (1.92s, 134.74MB)
  Running img_7125.npy ... done (1.93s, 134.77MB)
  Running img_7126.npy ... done (1.91s, 133.82MB)
  Running img_7127.npy ... done (1.95s, 137.25MB)
  Running img_7128.npy ... done (1.92s, 136.10MB)
  Running img_7129.npy ... done (1.85s, 135.20MB)
  Running img_713.npy ... done (2.00s, 136.61MB)
  Running img_7130.npy ... done (1.92s, 200.07MB)
  Running img_7131.npy ... done (1.83s, 196.71MB)
  Running img_7132.npy ... done (1.72s, 199.41MB)
  Running img_7133.npy ... done (1.83s, 188.87MB)
  Running img_7134.npy ... done (1.86s, 199.05MB)
  Running img_7135.npy ... done (1.76s, 201.93MB)
  Running img_7136.npy ... done (2.24s, 136.76MB)
  Running img_7137.npy ... done (1.90s, 173.29MB)
  Running img_7138.npy ... done (1.95s, 134.41MB)
  Running img_7139.npy ... done (1.89s, 138.58MB)
  Running img_714.npy ... done (1.81s, 132.80MB)
  Running img_7140.npy ... done (1.95s, 135.45MB)
  Running img_7141.npy ... done (1.87s, 139.94MB)
  Running img_7142.npy ... done (1.91s, 133.17MB)
  Running img_7143.npy ... done (1.93s, 137.42MB)
  Running img_7144.npy ... done (1.87s, 130.94MB)
  Running img_7145.npy ... done (1.98s, 136.95MB)
  Running img_7146.npy ... done (1.97s, 134.56MB)
  Running img_7147.npy ... done (1.91s, 134.31MB)
  Running img_7148.npy ... done (1.92s, 139.35MB)
  Running img_7149.npy ... done (1.97s, 138.04MB)
  Running img_715.npy ... done (1.86s, 195.17MB)
  Running img_7150.npy ... done (1.74s, 133.77MB)
  Running img_7151.npy ... done (1.74s, 133.82MB)
  Running img_7152.npy ... done (1.91s, 140.70MB)
  Running img_7153.npy ... done (1.85s, 133.58MB)
  Running img_7154.npy ... done (1.84s, 133.48MB)
  Running img_7155.npy ... done (1.91s, 134.91MB)
  Running img_7156.npy ... done (1.85s, 135.57MB)
  Running img_7157.npy ... done (1.99s, 141.38MB)
  Running img_7158.npy ... done (1.87s, 137.06MB)
  Running img_7159.npy ... done (2.43s, 132.83MB)
  Running img_716.npy ... done (1.93s, 133.42MB)
  Running img_7160.npy ... done (1.91s, 136.67MB)
  Running img_7161.npy ... done (2.12s, 133.02MB)
  Running img_7162.npy ... done (1.91s, 196.07MB)
  Running img_7163.npy ... done (1.85s, 195.47MB)
  Running img_7164.npy ... done (1.71s, 184.59MB)
  Running img_7165.npy ... done (1.85s, 134.86MB)
  Running img_7166.npy ... done (1.83s, 132.80MB)
  Running img_7167.npy ... done (1.99s, 136.30MB)
  Running img_7168.npy ... done (1.89s, 142.31MB)
  Running img_7169.npy ... done (1.77s, 135.05MB)
  Running img_717.npy ... done (1.83s, 131.47MB)
  Running img_7170.npy ... done (1.93s, 134.53MB)
  Running img_7171.npy ... done (1.93s, 138.62MB)
  Running img_7172.npy ... done (1.82s, 140.75MB)
  Running img_7173.npy ... done (1.94s, 153.88MB)
  Running img_7174.npy ... done (1.90s, 199.52MB)
  Running img_7175.npy ... done (1.90s, 197.53MB)
  Running img_7176.npy ... done (1.90s, 198.32MB)
  Running img_7177.npy ... done (1.83s, 198.83MB)
  Running img_7178.npy ... done (1.97s, 201.38MB)
  Running img_7179.npy ... done (1.84s, 196.77MB)
  Running img_718.npy ... done (1.93s, 197.88MB)
  Running img_7180.npy ... done (2.01s, 197.19MB)
  Running img_7181.npy ... done (2.28s, 182.74MB)
  Running img_7182.npy ... done (1.69s, 198.00MB)
  Running img_7183.npy ... done (1.61s, 199.57MB)
  Running img_7184.npy ... done (1.92s, 133.57MB)
  Running img_7185.npy ... done (1.87s, 134.76MB)
  Running img_7186.npy ... done (1.98s, 134.31MB)
  Running img_7187.npy ... done (1.91s, 188.40MB)
  Running img_7188.npy ... done (1.86s, 193.84MB)
  Running img_7189.npy ... done (1.97s, 193.81MB)
  Running img_719.npy ... done (1.99s, 201.79MB)
  Running img_7190.npy ... done (1.90s, 198.60MB)
  Running img_7191.npy ... done (1.87s, 200.41MB)
  Running img_7192.npy ... done (1.88s, 192.28MB)
  Running img_7193.npy ... done (1.96s, 196.48MB)
  Running img_7194.npy ... done (1.87s, 199.61MB)
  Running img_7195.npy ... done (1.79s, 194.77MB)
  Running img_7196.npy ... done (1.90s, 135.93MB)
  Running img_7197.npy ... done (1.94s, 136.21MB)
  Running img_7198.npy ... done (2.00s, 134.54MB)
  Running img_7199.npy ... done (1.86s, 135.23MB)
  Running img_72.npy ... done (1.96s, 136.12MB)
  Running img_720.npy ... done (1.94s, 137.33MB)
  Running img_7200.npy ... done (1.94s, 139.25MB)
  Running img_7201.npy ... done (2.04s, 138.20MB)
  Running img_7202.npy ... done (1.87s, 196.97MB)
  Running img_7203.npy ... done (2.39s, 198.77MB)
  Running img_7204.npy ... done (1.90s, 199.06MB)
  Running img_7205.npy ... done (1.89s, 195.26MB)
  Running img_7206.npy ... done (1.89s, 195.48MB)
  Running img_7207.npy ... done (1.79s, 195.79MB)
  Running img_7208.npy ... done (1.85s, 137.46MB)
  Running img_7209.npy ... done (1.79s, 133.12MB)
  Running img_721.npy ... done (1.87s, 133.98MB)
  Running img_7210.npy ... done (1.90s, 135.77MB)
  Running img_7211.npy ... done (1.99s, 143.30MB)
  Running img_7212.npy ... done (1.97s, 135.62MB)
  Running img_7213.npy ... done (2.00s, 136.08MB)
  Running img_7214.npy ... done (1.82s, 132.52MB)
  Running img_7215.npy ... done (1.97s, 133.14MB)
  Running img_7216.npy ... done (1.98s, 133.61MB)
  Running img_7217.npy ... done (1.92s, 133.96MB)
  Running img_7218.npy ... done (1.90s, 134.50MB)
  Running img_7219.npy ... done (1.96s, 132.16MB)
  Running img_722.npy ... done (1.92s, 138.18MB)
  Running img_7220.npy ... done (1.87s, 133.89MB)
  Running img_7221.npy ... done (1.86s, 137.35MB)
  Running img_7222.npy ... done (2.01s, 137.87MB)
  Running img_7223.npy ... done (1.83s, 201.05MB)
  Running img_7224.npy ... done (1.99s, 198.82MB)
  Running img_7225.npy ... done (2.55s, 199.45MB)
  Running img_7226.npy ... done (1.89s, 199.51MB)
  Running img_7227.npy ... done (1.87s, 201.44MB)
  Running img_7228.npy ... done (1.97s, 193.00MB)
  Running img_7229.npy ... done (1.66s, 198.96MB)
  Running img_723.npy ... done (1.96s, 140.93MB)
  Running img_7230.npy ... done (1.90s, 155.91MB)
  Running img_7231.npy ... done (1.94s, 138.23MB)
  Running img_7232.npy ... done (1.92s, 135.62MB)
  Running img_7233.npy ... done (1.82s, 137.77MB)
  Running img_7234.npy ... done (1.90s, 134.32MB)
  Running img_7235.npy ... done (1.89s, 138.59MB)
  Running img_7236.npy ... done (1.76s, 134.78MB)
  Running img_7237.npy ... done (1.99s, 137.19MB)
  Running img_7238.npy ... done (2.04s, 135.20MB)
  Running img_7239.npy ... done (1.94s, 134.90MB)
  Running img_724.npy ... done (1.97s, 142.30MB)
  Running img_7240.npy ... done (1.89s, 192.25MB)
  Running img_7241.npy ... done (1.94s, 195.35MB)
  Running img_7242.npy ... done (1.83s, 192.74MB)
  Running img_7243.npy ... done (1.95s, 134.19MB)
  Running img_7244.npy ... done (1.95s, 134.40MB)
  Running img_7245.npy ... done (2.06s, 141.01MB)
  Running img_7246.npy ... done (2.00s, 196.06MB)
  Running img_7247.npy ... done (1.89s, 199.88MB)
  Running img_7248.npy ... done (2.30s, 196.23MB)
  Running img_7249.npy ... done (1.81s, 139.56MB)
  Running img_725.npy ... done (1.95s, 140.99MB)
  Running img_7250.npy ... done (2.09s, 137.99MB)
  Running img_7251.npy ... done (2.01s, 188.35MB)
  Running img_7252.npy ... done (1.94s, 198.07MB)
  Running img_7253.npy ... done (1.90s, 201.95MB)
  Running img_7254.npy ... done (1.84s, 194.53MB)
  Running img_7255.npy ... done (1.62s, 193.86MB)
  Running img_7256.npy ... done (1.85s, 136.02MB)
  Running img_7257.npy ... done (1.98s, 139.19MB)
  Running img_7258.npy ... done (1.80s, 194.21MB)
  Running img_7259.npy ... done (1.91s, 135.98MB)
  Running img_726.npy ... done (1.94s, 133.81MB)
  Running img_7260.npy ... done (1.94s, 132.07MB)
  Running img_7261.npy ... done (1.98s, 138.24MB)
  Running img_7262.npy ... done (2.10s, 139.22MB)
  Running img_7263.npy ... done (1.87s, 193.72MB)
  Running img_7264.npy ... done (1.95s, 185.93MB)
  Running img_7265.npy ... done (1.94s, 196.30MB)
  Running img_7266.npy ... done (1.97s, 197.35MB)
  Running img_7267.npy ... done (1.94s, 199.84MB)
  Running img_7268.npy ... done (1.76s, 198.31MB)
  Running img_7269.npy ... done (1.93s, 133.16MB)
  Running img_727.npy ... done (2.02s, 140.05MB)
  Running img_7270.npy ... done (1.91s, 188.99MB)
  Running img_7271.npy ... done (1.73s, 201.11MB)
  Running img_7272.npy ... done (2.55s, 137.95MB)
  Running img_7273.npy ... done (1.86s, 198.66MB)
  Running img_7274.npy ... done (1.87s, 195.84MB)
  Running img_7275.npy ... done (1.87s, 198.86MB)
  Running img_7276.npy ... done (2.01s, 196.35MB)
  Running img_7277.npy ... done (1.82s, 199.40MB)
  Running img_7278.npy ... done (1.82s, 136.09MB)
  Running img_7279.npy ... done (1.98s, 134.21MB)
  Running img_728.npy ... done (1.90s, 132.27MB)
  Running img_7280.npy ... done (1.98s, 139.19MB)
  Running img_7281.npy ... done (1.99s, 137.52MB)
  Running img_7282.npy ... done (1.88s, 134.21MB)
  Running img_7283.npy ... done (1.95s, 134.62MB)
  Running img_7284.npy ... done (1.99s, 138.74MB)
  Running img_7285.npy ... done (1.93s, 134.11MB)
  Running img_7286.npy ... done (1.76s, 134.44MB)
  Running img_7287.npy ... done (1.93s, 134.39MB)
  Running img_7288.npy ... done (2.11s, 140.83MB)
  Running img_7289.npy ... done (1.95s, 197.78MB)
  Running img_729.npy ... done (1.91s, 198.84MB)
  Running img_7290.npy ... done (1.91s, 195.55MB)
  Running img_7291.npy ... done (1.78s, 200.91MB)
  Running img_7292.npy ... done (1.91s, 198.87MB)
  Running img_7293.npy ... done (1.93s, 198.04MB)
  Running img_7294.npy ... done (1.89s, 200.11MB)
  Running img_7295.npy ... done (1.76s, 191.96MB)
  Running img_7296.npy ... done (2.25s, 135.32MB)
  Running img_7297.npy ... done (2.46s, 141.21MB)
  Running img_7298.npy ... done (2.00s, 191.84MB)
  Running img_7299.npy ... done (1.94s, 195.61MB)
  Running img_73.npy ... done (1.96s, 197.34MB)
  Running img_730.npy ... done (1.83s, 200.32MB)
  Running img_7300.npy ... done (1.82s, 197.10MB)
  Running img_7301.npy ... done (2.05s, 134.89MB)
  Running img_7302.npy ... done (1.98s, 197.77MB)
  Running img_7303.npy ... done (1.94s, 196.14MB)
  Running img_7304.npy ... done (1.83s, 192.79MB)
  Running img_7305.npy ... done (1.93s, 196.84MB)
  Running img_7306.npy ... done (1.96s, 199.82MB)
  Running img_7307.npy ... done (2.01s, 194.74MB)
  Running img_7308.npy ... done (1.83s, 196.86MB)
  Running img_7309.npy ... done (1.96s, 136.75MB)
  Running img_731.npy ... done (2.05s, 139.68MB)
  Running img_7310.npy ... done (1.93s, 135.73MB)
  Running img_7311.npy ... done (1.96s, 132.98MB)
  Running img_7312.npy ... done (2.11s, 140.30MB)
  Running img_7313.npy ... done (1.92s, 199.33MB)
  Running img_7314.npy ... done (1.98s, 195.30MB)
  Running img_7315.npy ... done (1.89s, 190.91MB)
  Running img_7316.npy ... done (1.98s, 192.42MB)
  Running img_7317.npy ... done (1.96s, 198.59MB)
  Running img_7318.npy ... done (1.68s, 201.02MB)
  Running img_7319.npy ... done (2.10s, 138.47MB)
  Running img_732.npy ... done (1.98s, 192.98MB)
  Running img_7320.npy ... done (1.91s, 133.05MB)
  Running img_7321.npy ... done (1.91s, 133.41MB)
  Running img_7322.npy ... done (1.87s, 136.52MB)
  Running img_7323.npy ... done (1.83s, 192.73MB)
  Running img_7324.npy ... done (1.89s, 199.68MB)
  Running img_7325.npy ... done (1.97s, 200.20MB)
  Running img_7326.npy ... done (1.76s, 200.85MB)
  Running img_7327.npy ... done (1.91s, 139.27MB)
  Running img_7328.npy ... done (1.96s, 135.28MB)
  Running img_7329.npy ... done (1.89s, 169.02MB)
  Running img_733.npy ... done (1.94s, 134.19MB)
  Running img_7330.npy ... done (1.96s, 133.84MB)
  Running img_7331.npy ... done (1.95s, 135.64MB)
  Running img_7332.npy ... done (1.91s, 136.11MB)
  Running img_7333.npy ... done (1.87s, 141.54MB)
  Running img_7334.npy ... done (1.99s, 143.00MB)
  Running img_7335.npy ... done (1.90s, 132.20MB)
  Running img_7336.npy ... done (1.88s, 136.60MB)
  Running img_7337.npy ... done (1.96s, 132.97MB)
  Running img_7338.npy ... done (1.96s, 134.75MB)
  Running img_7339.npy ... done (1.91s, 135.27MB)
  Running img_734.npy ... done (1.92s, 135.51MB)
  Running img_7340.npy ... done (1.86s, 136.41MB)
  Running img_7341.npy ... done (1.97s, 139.16MB)
  Running img_7342.npy ... done (2.08s, 139.81MB)
  Running img_7343.npy ... done (2.42s, 200.78MB)
  Running img_7344.npy ... done (2.04s, 179.27MB)
  Running img_7345.npy ... done (1.93s, 197.22MB)
  Running img_7346.npy ... done (1.91s, 188.18MB)
  Running img_7347.npy ... done (1.88s, 190.04MB)
  Running img_7348.npy ... done (1.88s, 196.60MB)
  Running img_7349.npy ... done (1.86s, 199.69MB)
  Running img_735.npy ... done (1.98s, 138.40MB)
  Running img_7350.npy ... done (1.94s, 141.31MB)
  Running img_7351.npy ... done (1.90s, 137.37MB)
  Running img_7352.npy ... done (1.97s, 133.22MB)
  Running img_7353.npy ... done (1.84s, 135.77MB)
  Running img_7354.npy ... done (2.00s, 137.98MB)
  Running img_7355.npy ... done (1.96s, 136.03MB)
  Running img_7356.npy ... done (2.06s, 141.77MB)
  Running img_7357.npy ... done (2.00s, 192.57MB)
  Running img_7358.npy ... done (1.72s, 194.50MB)
  Running img_7359.npy ... done (1.89s, 146.79MB)
  Running img_736.npy ... done (1.98s, 137.01MB)
  Running img_7360.npy ... done (1.93s, 137.83MB)
  Running img_7361.npy ... done (2.06s, 138.36MB)
  Running img_7362.npy ... done (1.81s, 196.50MB)
  Running img_7363.npy ... done (1.83s, 137.34MB)
  Running img_7364.npy ... done (1.88s, 140.03MB)
  Running img_7365.npy ... done (1.98s, 141.64MB)
  Running img_7366.npy ... done (1.96s, 135.35MB)
  Running img_7367.npy ... done (2.50s, 195.44MB)
  Running img_7368.npy ... done (2.04s, 193.68MB)
  Running img_7369.npy ... done (1.92s, 198.59MB)
  Running img_737.npy ... done (1.95s, 199.55MB)
  Running img_7370.npy ... done (1.93s, 197.31MB)
  Running img_7371.npy ... done (1.99s, 192.97MB)
  Running img_7372.npy ... done (1.89s, 197.44MB)
  Running img_7373.npy ... done (2.00s, 197.92MB)
  Running img_7374.npy ... done (1.69s, 200.11MB)
  Running img_7375.npy ... done (1.90s, 136.93MB)
  Running img_7376.npy ... done (1.92s, 136.20MB)
  Running img_7377.npy ... done (1.96s, 139.18MB)
  Running img_7378.npy ... done (1.98s, 138.21MB)
  Running img_7379.npy ... done (1.97s, 195.81MB)
  Running img_738.npy ... done (1.93s, 198.64MB)
  Running img_7380.npy ... done (1.92s, 195.43MB)
  Running img_7381.npy ... done (1.85s, 195.11MB)
  Running img_7382.npy ... done (1.86s, 195.43MB)
  Running img_7383.npy ... done (2.00s, 198.75MB)
  Running img_7384.npy ... done (1.93s, 195.21MB)
  Running img_7385.npy ... done (1.94s, 197.76MB)
  Running img_7386.npy ... done (1.83s, 198.77MB)
  Running img_7387.npy ... done (1.90s, 135.07MB)
  Running img_7388.npy ... done (1.80s, 137.66MB)
  Running img_7389.npy ... done (1.82s, 165.45MB)
  Running img_739.npy ... done (1.85s, 136.00MB)
  Running img_7390.npy ... done (2.13s, 133.41MB)
  Running img_7391.npy ... done (2.19s, 172.58MB)
  Running img_7392.npy ... done (1.90s, 136.97MB)
  Running img_7393.npy ... done (1.82s, 138.46MB)
  Running img_7394.npy ... done (1.86s, 136.34MB)
  Running img_7395.npy ... done (2.02s, 136.41MB)
  Running img_7396.npy ... done (1.87s, 135.41MB)
  Running img_7397.npy ... done (1.87s, 134.20MB)
  Running img_7398.npy ... done (2.04s, 144.21MB)
  Running img_7399.npy ... done (1.87s, 179.81MB)
  Running img_74.npy ... done (1.88s, 135.09MB)
  Running img_740.npy ... done (1.92s, 134.12MB)
  Running img_7400.npy ... done (1.88s, 134.40MB)
  Running img_7401.npy ... done (1.97s, 137.18MB)
  Running img_7402.npy ... done (1.85s, 186.49MB)
  Running img_7403.npy ... done (2.07s, 140.84MB)
  Running img_7404.npy ... done (2.04s, 141.35MB)
  Running img_7405.npy ... done (1.93s, 192.58MB)
  Running img_7406.npy ... done (1.88s, 191.45MB)
  Running img_7407.npy ... done (1.94s, 136.16MB)
  Running img_7408.npy ... done (2.05s, 138.07MB)
  Running img_7409.npy ... done (2.01s, 141.68MB)
  Running img_741.npy ... done (1.93s, 138.88MB)
  Running img_7410.npy ... done (1.90s, 131.66MB)
  Running img_7411.npy ... done (1.99s, 139.31MB)
  Running img_7412.npy ... done (2.02s, 136.18MB)
  Running img_7413.npy ... done (2.26s, 159.50MB)
  Running img_7414.npy ... done (2.00s, 133.48MB)
  Running img_7415.npy ... done (1.94s, 133.54MB)
  Running img_7416.npy ... done (1.95s, 140.64MB)
  Running img_7417.npy ... done (1.93s, 139.52MB)
  Running img_7418.npy ... done (2.02s, 135.98MB)
  Running img_7419.npy ... done (2.16s, 139.89MB)
  Running img_742.npy ... done (1.88s, 199.33MB)
  Running img_7420.npy ... done (1.79s, 196.84MB)
  Running img_7421.npy ... done (2.00s, 190.46MB)
  Running img_7422.npy ... done (1.83s, 194.55MB)
  Running img_7423.npy ... done (1.94s, 132.27MB)
  Running img_7424.npy ... done (1.88s, 135.56MB)
  Running img_7425.npy ... done (1.90s, 134.57MB)
  Running img_7426.npy ... done (1.91s, 136.22MB)
  Running img_7427.npy ... done (2.00s, 140.97MB)
  Running img_7428.npy ... done (2.01s, 161.10MB)
  Running img_7429.npy ... done (1.94s, 134.12MB)
  Running img_743.npy ... done (2.14s, 136.41MB)
  Running img_7430.npy ... done (1.94s, 193.63MB)
  Running img_7431.npy ... done (1.71s, 195.52MB)
  Running img_7432.npy ... done (1.94s, 140.51MB)
  Running img_7433.npy ... done (1.83s, 134.54MB)
  Running img_7434.npy ... done (1.86s, 134.43MB)
  Running img_7435.npy ... done (1.97s, 137.54MB)
  Running img_7436.npy ... done (2.00s, 136.30MB)
  Running img_7437.npy ... done (2.36s, 131.59MB)
  Running img_7438.npy ... done (2.04s, 149.46MB)
  Running img_7439.npy ... done (1.90s, 195.56MB)
  Running img_744.npy ... done (1.93s, 193.04MB)
  Running img_7440.npy ... done (1.97s, 134.85MB)
  Running img_7441.npy ... done (1.92s, 135.45MB)
  Running img_7442.npy ... done (1.89s, 141.88MB)
  Running img_7443.npy ... done (1.91s, 194.66MB)
  Running img_7444.npy ... done (1.90s, 197.06MB)
  Running img_7445.npy ... done (1.78s, 197.92MB)
  Running img_7446.npy ... done (1.86s, 141.07MB)
  Running img_7447.npy ... done (1.97s, 135.74MB)
  Running img_7448.npy ... done (1.97s, 194.07MB)
  Running img_7449.npy ... done (1.92s, 193.77MB)
  Running img_745.npy ... done (1.85s, 196.08MB)
  Running img_7450.npy ... done (1.75s, 199.25MB)
  Running img_7451.npy ... done (1.78s, 197.32MB)
  Running img_7452.npy ... done (1.93s, 137.01MB)
  Running img_7453.npy ... done (1.90s, 191.21MB)
  Running img_7454.npy ... done (2.04s, 188.04MB)
  Running img_7455.npy ... done (1.93s, 197.86MB)
  Running img_7456.npy ... done (1.98s, 192.64MB)
  Running img_7457.npy ... done (1.89s, 192.72MB)
  Running img_7458.npy ... done (1.82s, 136.14MB)
  Running img_7459.npy ... done (1.94s, 136.85MB)
  Running img_746.npy ... done (2.31s, 137.88MB)
  Running img_7460.npy ... done (2.22s, 200.39MB)
  Running img_7461.npy ... done (1.89s, 200.58MB)
  Running img_7462.npy ... done (1.75s, 199.65MB)
  Running img_7463.npy ... done (1.88s, 193.77MB)
  Running img_7464.npy ... done (1.88s, 189.42MB)
  Running img_7465.npy ... done (1.93s, 144.25MB)
  Running img_7466.npy ... done (1.94s, 135.23MB)
  Running img_7467.npy ... done (1.93s, 133.75MB)
  Running img_7468.npy ... done (1.95s, 137.72MB)
  Running img_7469.npy ... done (1.93s, 135.33MB)
  Running img_747.npy ... done (1.98s, 134.83MB)
  Running img_7470.npy ... done (2.02s, 142.10MB)
  Running img_7471.npy ... done (1.96s, 188.54MB)
  Running img_7472.npy ... done (1.82s, 196.71MB)
  Running img_7473.npy ... done (1.82s, 192.89MB)
  Running img_7474.npy ... done (2.01s, 197.35MB)
  Running img_7475.npy ... done (1.89s, 199.02MB)
  Running img_7476.npy ... done (1.81s, 201.16MB)
  Running img_7477.npy ... done (1.81s, 198.99MB)
  Running img_7478.npy ... done (1.65s, 198.48MB)
  Running img_7479.npy ... done (1.76s, 135.05MB)
  Running img_748.npy ... done (1.96s, 133.90MB)
  Running img_7480.npy ... done (1.67s, 200.52MB)
  Running img_7481.npy ... done (1.95s, 196.26MB)
  Running img_7482.npy ... done (1.76s, 166.02MB)
  Running img_7483.npy ... done (1.77s, 135.45MB)
  Running img_7484.npy ... done (1.79s, 133.62MB)
  Running img_7485.npy ... done (1.80s, 136.03MB)
  Running img_7486.npy ... done (1.77s, 131.90MB)
  Running img_7487.npy ... done (1.77s, 142.77MB)
  Running img_7488.npy ... done (1.79s, 135.74MB)
  Running img_7489.npy ... done (1.87s, 136.58MB)
  Running img_749.npy ... done (1.84s, 146.21MB)
  Running img_7490.npy ... done (1.84s, 131.51MB)
  Running img_7491.npy ... done (1.86s, 138.91MB)
  Running img_7492.npy ... done (1.79s, 136.40MB)
  Running img_7493.npy ... done (1.85s, 135.71MB)
  Running img_7494.npy ... done (1.84s, 135.24MB)
  Running img_7495.npy ... done (1.81s, 132.01MB)
  Running img_7496.npy ... done (1.86s, 132.21MB)
  Running img_7497.npy ... done (1.90s, 133.15MB)
  Running img_7498.npy ... done (1.87s, 139.70MB)
  Running img_7499.npy ... done (1.94s, 133.56MB)
  Running img_75.npy ... done (1.93s, 134.82MB)
  Running img_750.npy ... done (1.98s, 136.00MB)
  Running img_751.npy ... done (1.94s, 132.44MB)
  Running img_752.npy ... done (1.92s, 132.96MB)
  Running img_753.npy ... done (2.02s, 141.27MB)
  Running img_754.npy ... done (2.12s, 138.82MB)
  Running img_755.npy ... done (1.94s, 200.55MB)
  Running img_756.npy ... done (1.72s, 200.26MB)
  Running img_757.npy ... done (1.85s, 132.72MB)
  Running img_758.npy ... done (2.55s, 136.50MB)
  Running img_759.npy ... done (2.00s, 142.75MB)
  Running img_76.npy ... done (1.99s, 116.93MB)
  Running img_760.npy ... done (1.89s, 144.22MB)
  Running img_761.npy ... done (2.02s, 143.16MB)
  Running img_762.npy ... done (1.90s, 158.10MB)
  Running img_763.npy ... done (1.95s, 158.96MB)
  Running img_764.npy ... done (1.94s, 152.78MB)
  Running img_765.npy ... done (1.85s, 152.38MB)
  Running img_766.npy ... done (1.90s, 152.19MB)
  Running img_767.npy ... done (1.98s, 144.48MB)
  Running img_768.npy ... done (2.01s, 136.55MB)
  Running img_769.npy ... done (2.08s, 122.70MB)
  Running img_77.npy ... done (2.02s, 129.66MB)
  Running img_770.npy ... done (2.09s, 130.54MB)
  Running img_771.npy ... done (1.96s, 137.75MB)
  Running img_772.npy ... done (1.85s, 136.64MB)
  Running img_773.npy ... done (1.94s, 136.38MB)
  Running img_774.npy ... done (1.89s, 130.63MB)
  Running img_775.npy ... done (1.87s, 136.10MB)
  Running img_776.npy ... done (1.95s, 132.48MB)
  Running img_777.npy ... done (1.97s, 136.98MB)
  Running img_778.npy ... done (1.91s, 137.62MB)
  Running img_779.npy ... done (1.95s, 136.93MB)
  Running img_78.npy ... done (1.89s, 139.70MB)
  Running img_780.npy ... done (1.96s, 135.73MB)
  Running img_781.npy ... done (2.35s, 135.21MB)
  Running img_782.npy ... done (1.87s, 133.96MB)
  Running img_783.npy ... done (1.95s, 136.77MB)
  Running img_784.npy ... done (1.94s, 131.91MB)
  Running img_785.npy ... done (2.03s, 135.20MB)
  Running img_786.npy ... done (1.82s, 134.06MB)
  Running img_787.npy ... done (1.97s, 136.49MB)
  Running img_788.npy ... done (1.95s, 138.62MB)
  Running img_789.npy ... done (1.91s, 193.09MB)
  Running img_79.npy ... done (1.97s, 192.23MB)
  Running img_790.npy ... done (1.96s, 197.59MB)
  Running img_791.npy ... done (1.87s, 199.61MB)
  Running img_792.npy ... done (2.05s, 135.80MB)
  Running img_793.npy ... done (1.98s, 195.85MB)
  Running img_794.npy ... done (1.98s, 193.00MB)
  Running img_795.npy ... done (1.88s, 195.26MB)
  Running img_796.npy ... done (1.81s, 193.57MB)
  Running img_797.npy ... done (1.96s, 134.10MB)
  Running img_798.npy ... done (1.98s, 149.82MB)
  Running img_799.npy ... done (2.05s, 140.61MB)
  Running img_8.npy ... done (1.90s, 193.89MB)
  Running img_80.npy ... done (1.88s, 193.41MB)
  Running img_800.npy ... done (1.92s, 197.80MB)
  Running img_801.npy ... done (1.89s, 190.12MB)
  Running img_802.npy ... done (1.87s, 192.30MB)
  Running img_803.npy ... done (2.46s, 133.34MB)
  Running img_804.npy ... done (1.91s, 133.72MB)
  Running img_805.npy ... done (1.87s, 132.79MB)
  Running img_806.npy ... done (2.11s, 144.04MB)
  Running img_807.npy ... done (1.95s, 187.07MB)
  Running img_808.npy ... done (1.93s, 201.36MB)
  Running img_809.npy ... done (1.89s, 192.59MB)
  Running img_81.npy ... done (1.96s, 196.04MB)
  Running img_810.npy ... done (1.94s, 195.41MB)
  Running img_811.npy ... done (1.94s, 198.20MB)
  Running img_812.npy ... done (1.71s, 193.47MB)
  Running img_813.npy ... done (1.98s, 138.41MB)
  Running img_814.npy ... done (1.98s, 137.74MB)
  Running img_815.npy ... done (1.64s, 135.37MB)
  Running img_816.npy ... done (1.96s, 135.22MB)
  Running img_817.npy ... done (1.89s, 133.65MB)
  Running img_818.npy ... done (1.97s, 135.48MB)
  Running img_819.npy ... done (1.98s, 134.72MB)
  Running img_82.npy ... done (2.00s, 137.43MB)
  Running img_820.npy ... done (2.00s, 139.55MB)
  Running img_821.npy ... done (1.87s, 134.96MB)
  Running img_822.npy ... done (1.96s, 132.69MB)
  Running img_823.npy ... done (1.91s, 134.99MB)
  Running img_824.npy ... done (1.96s, 134.61MB)
  Running img_825.npy ... done (1.97s, 136.78MB)
  Running img_826.npy ... done (2.53s, 132.22MB)
  Running img_827.npy ... done (2.00s, 135.45MB)
  Running img_828.npy ... done (1.96s, 182.31MB)
  Running img_829.npy ... done (1.86s, 196.45MB)
  Running img_83.npy ... done (1.80s, 200.18MB)
  Running img_830.npy ... done (2.04s, 155.11MB)
  Running img_831.npy ... done (1.98s, 188.84MB)
  Running img_832.npy ... done (1.82s, 189.91MB)
  Running img_833.npy ... done (1.99s, 136.98MB)
  Running img_834.npy ... done (1.97s, 136.79MB)
  Running img_835.npy ... done (2.09s, 137.52MB)
  Running img_836.npy ... done (1.72s, 194.18MB)
  Running img_837.npy ... done (1.85s, 134.11MB)
  Running img_838.npy ... done (1.88s, 133.03MB)
  Running img_839.npy ... done (2.25s, 135.20MB)
  Running img_84.npy ... done (2.03s, 195.86MB)
  Running img_840.npy ... done (1.74s, 190.77MB)
  Running img_841.npy ... done (1.83s, 159.12MB)
  Running img_842.npy ... done (1.86s, 136.48MB)
  Running img_843.npy ... done (1.89s, 141.45MB)
  Running img_844.npy ... done (1.99s, 135.16MB)
  Running img_845.npy ... done (1.91s, 135.67MB)
  Running img_846.npy ... done (1.96s, 136.74MB)
  Running img_847.npy ... done (2.01s, 139.82MB)
  Running img_848.npy ... done (2.06s, 190.71MB)
  Running img_849.npy ... done (1.92s, 198.06MB)
  Running img_85.npy ... done (1.95s, 195.26MB)
  Running img_850.npy ... done (1.74s, 199.66MB)
  Running img_851.npy ... done (1.95s, 136.97MB)
  Running img_852.npy ... done (1.96s, 134.29MB)
  Running img_853.npy ... done (1.94s, 143.34MB)
  Running img_854.npy ... done (2.06s, 163.55MB)
  Running img_855.npy ... done (1.91s, 191.75MB)
  Running img_856.npy ... done (1.89s, 196.95MB)
  Running img_857.npy ... done (1.96s, 199.62MB)
  Running img_858.npy ... done (1.76s, 195.36MB)
  Running img_859.npy ... done (2.12s, 140.88MB)
  Running img_86.npy ... done (2.00s, 198.70MB)
  Running img_860.npy ... done (1.84s, 195.52MB)
  Running img_861.npy ... done (1.94s, 197.72MB)
  Running img_862.npy ... done (1.98s, 198.73MB)
  Running img_863.npy ... done (1.88s, 197.25MB)
  Running img_864.npy ... done (1.94s, 192.44MB)
  Running img_865.npy ... done (1.83s, 191.83MB)
  Running img_866.npy ... done (1.90s, 136.26MB)
  Running img_867.npy ... done (1.97s, 131.92MB)
  Running img_868.npy ... done (1.91s, 135.23MB)
  Running img_869.npy ... done (1.88s, 137.00MB)
  Running img_87.npy ... done (1.87s, 134.98MB)
  Running img_870.npy ... done (2.10s, 158.48MB)
  Running img_871.npy ... done (2.14s, 192.92MB)
  Running img_872.npy ... done (2.16s, 176.36MB)
  Running img_873.npy ... done (1.78s, 135.74MB)
  Running img_874.npy ... done (1.73s, 133.95MB)
  Running img_875.npy ... done (1.96s, 131.51MB)
  Running img_876.npy ... done (1.90s, 135.50MB)
  Running img_877.npy ... done (1.83s, 134.75MB)
  Running img_878.npy ... done (1.96s, 136.48MB)
  Running img_879.npy ... done (1.98s, 132.18MB)
  Running img_88.npy ... done (2.00s, 134.32MB)
  Running img_880.npy ... done (1.92s, 198.71MB)
  Running img_881.npy ... done (2.00s, 199.40MB)
  Running img_882.npy ... done (1.79s, 197.48MB)
  Running img_883.npy ... done (1.97s, 138.25MB)
  Running img_884.npy ... done (1.92s, 134.66MB)
  Running img_885.npy ... done (2.01s, 133.91MB)
  Running img_886.npy ... done (1.96s, 135.73MB)
  Running img_887.npy ... done (1.93s, 136.86MB)
  Running img_888.npy ... done (1.97s, 135.27MB)
  Running img_889.npy ... done (1.93s, 136.82MB)
  Running img_89.npy ... done (2.00s, 172.17MB)
  Running img_890.npy ... done (1.81s, 197.62MB)
  Running img_891.npy ... done (1.87s, 198.14MB)
  Running img_892.npy ... done (1.93s, 194.36MB)
  Running img_893.npy ... done (2.00s, 195.07MB)
  Running img_894.npy ... done (1.80s, 199.05MB)
  Running img_895.npy ... done (2.45s, 132.88MB)
  Running img_896.npy ... done (1.82s, 166.50MB)
  Running img_897.npy ... done (1.96s, 136.99MB)
  Running img_898.npy ... done (1.99s, 133.17MB)
  Running img_899.npy ... done (1.91s, 135.20MB)
  Running img_9.npy ... done (1.91s, 133.72MB)
  Running img_90.npy ... done (1.80s, 132.36MB)
  Running img_900.npy ... done (1.89s, 138.59MB)
  Running img_901.npy ... done (1.99s, 133.78MB)
  Running img_902.npy ... done (1.92s, 136.30MB)
  Running img_903.npy ... done (2.05s, 134.77MB)
  Running img_904.npy ... done (1.86s, 199.15MB)
  Running img_905.npy ... done (1.87s, 198.56MB)
  Running img_906.npy ... done (1.92s, 136.00MB)
  Running img_907.npy ... done (1.98s, 143.23MB)
  Running img_908.npy ... done (1.97s, 133.64MB)
  Running img_909.npy ... done (1.91s, 133.25MB)
  Running img_91.npy ... done (1.91s, 135.39MB)
  Running img_910.npy ... done (1.97s, 139.44MB)
  Running img_911.npy ... done (1.94s, 139.43MB)
  Running img_912.npy ... done (1.87s, 138.14MB)
  Running img_913.npy ... done (2.09s, 137.88MB)
  Running img_914.npy ... done (1.99s, 196.37MB)
  Running img_915.npy ... done (1.90s, 201.20MB)
  Running img_916.npy ... done (1.79s, 193.34MB)
  Running img_917.npy ... done (2.52s, 133.13MB)
  Running img_918.npy ... done (1.81s, 194.86MB)
  Running img_919.npy ... done (1.82s, 198.07MB)
  Running img_92.npy ... done (1.90s, 197.63MB)
  Running img_920.npy ... done (1.78s, 199.35MB)
  Running img_921.npy ... done (1.77s, 197.95MB)
  Running img_922.npy ... done (1.87s, 193.43MB)
  Running img_923.npy ... done (1.97s, 192.05MB)
  Running img_924.npy ... done (1.66s, 192.61MB)
  Running img_925.npy ... done (1.90s, 132.61MB)
  Running img_926.npy ... done (1.89s, 136.84MB)
  Running img_927.npy ... done (1.93s, 133.32MB)
  Running img_928.npy ... done (1.87s, 136.45MB)
  Running img_929.npy ... done (1.95s, 137.70MB)
  Running img_93.npy ... done (1.89s, 142.11MB)
  Running img_930.npy ... done (1.88s, 132.55MB)
  Running img_931.npy ... done (1.86s, 133.25MB)
  Running img_932.npy ... done (1.98s, 133.27MB)
  Running img_933.npy ... done (1.88s, 135.41MB)
  Running img_934.npy ... done (2.09s, 134.46MB)
  Running img_935.npy ... done (1.96s, 191.42MB)
  Running img_936.npy ... done (1.72s, 191.98MB)
  Running img_937.npy ... done (1.90s, 134.77MB)
  Running img_938.npy ... done (1.91s, 133.37MB)
  Running img_939.npy ... done (1.87s, 132.67MB)
  Running img_94.npy ... done (1.77s, 135.00MB)
  Running img_940.npy ... done (2.35s, 142.68MB)
  Running img_941.npy ... done (1.93s, 138.76MB)
  Running img_942.npy ... done (1.90s, 135.34MB)
  Running img_943.npy ... done (1.95s, 132.36MB)
  Running img_944.npy ... done (2.12s, 143.94MB)
  Running img_945.npy ... done (1.91s, 190.97MB)
  Running img_946.npy ... done (1.69s, 189.27MB)
  Running img_947.npy ... done (1.70s, 197.86MB)
  Running img_948.npy ... done (1.72s, 199.02MB)
  Running img_949.npy ... done (1.69s, 193.26MB)
  Running img_95.npy ... done (1.74s, 196.34MB)
  Running img_950.npy ... done (1.75s, 200.12MB)
  Running img_951.npy ... done (1.85s, 200.93MB)
  Running img_952.npy ... done (1.67s, 197.97MB)
  Running img_953.npy ... done (1.72s, 134.88MB)
  Running img_954.npy ... done (1.71s, 136.16MB)
  Running img_955.npy ... done (1.74s, 134.09MB)
  Running img_956.npy ... done (1.74s, 135.28MB)
  Running img_957.npy ... done (1.73s, 138.98MB)
  Running img_958.npy ... done (1.78s, 135.24MB)
  Running img_959.npy ... done (1.93s, 132.91MB)
  Running img_96.npy ... done (1.83s, 135.18MB)
  Running img_960.npy ... done (1.96s, 141.15MB)
  Running img_961.npy ... done (1.73s, 189.02MB)
  Running img_962.npy ... done (1.74s, 192.51MB)
  Running img_963.npy ... done (1.80s, 197.78MB)
  Running img_964.npy ... done (1.74s, 200.00MB)
  Running img_965.npy ... done (2.27s, 195.42MB)
  Running img_966.npy ... done (1.94s, 133.78MB)
  Running img_967.npy ... done (2.00s, 135.75MB)
  Running img_968.npy ... done (1.97s, 140.89MB)
  Running img_969.npy ... done (1.84s, 135.74MB)
  Running img_97.npy ... done (2.06s, 136.75MB)
  Running img_970.npy ... done (1.84s, 197.23MB)
  Running img_971.npy ... done (2.01s, 193.02MB)
  Running img_972.npy ... done (1.93s, 196.20MB)
  Running img_973.npy ... done (1.75s, 197.18MB)
  Running img_974.npy ... done (2.03s, 191.05MB)
  Running img_975.npy ... done (1.86s, 200.60MB)
  Running img_976.npy ... done (1.78s, 196.76MB)
  Running img_977.npy ... done (2.00s, 135.86MB)
  Running img_978.npy ... done (1.91s, 132.42MB)
  Running img_979.npy ... done (1.96s, 137.82MB)
  Running img_98.npy ... done (1.98s, 132.69MB)
  Running img_980.npy ... done (1.92s, 135.34MB)
  Running img_981.npy ... done (1.98s, 135.71MB)
  Running img_982.npy ... done (1.94s, 136.26MB)
  Running img_983.npy ... done (1.94s, 133.95MB)
  Running img_984.npy ... done (1.85s, 134.57MB)
  Running img_985.npy ... done (2.09s, 137.32MB)
  Running img_986.npy ... done (2.00s, 189.59MB)
  Running img_987.npy ... done (1.90s, 134.20MB)
  Running img_988.npy ... done (2.06s, 135.25MB)
  Running img_989.npy ... done (1.92s, 132.69MB)
  Running img_99.npy ... done (1.85s, 133.29MB)
  Running img_990.npy ... done (1.94s, 131.10MB)
  Running img_991.npy ... done (1.98s, 133.99MB)
  Running img_992.npy ... done (1.93s, 136.42MB)
  Running img_993.npy ... done (1.96s, 132.34MB)
  Running img_994.npy ... done (1.85s, 134.63MB)
  Running img_995.npy ... done (1.85s, 135.36MB)
  Running img_996.npy ... done (1.86s, 135.21MB)
  Running img_997.npy ... done (1.88s, 134.31MB)
  Running img_998.npy ... done (1.93s, 133.91MB)
  Running img_999.npy ... done (1.90s, 131.29MB)

Results saved into results/ttk/imagenet/dim0.csv
